ISO-10303-21;
HEADER;
/* Generated by software containing ST-Developer
 * from STEP Tools, Inc. (www.steptools.com) 
 */

FILE_DESCRIPTION(
/* description */ (''),
/* implementation_level */ '2;1');

FILE_NAME(
/* name */ 'Belt_offset_helpers.step',
/* time_stamp */ '2026-09-21T23:09:07+02:00',
/* author */ (''),
/* organization */ (''),
/* preprocessor_version */ 'ST-DEVELOPER v20.2',
/* originating_system */ 'Autodesk Translation Framework v15.15.0.0',
/* authorisation */ '');

FILE_SCHEMA (('AUTOMOTIVE_DESIGN { 1 0 10303 214 3 1 1 }'));
ENDSEC;

DATA;
#10=MECHANICAL_DESIGN_GEOMETRIC_PRESENTATION_REPRESENTATION('',(#35,#36,
#37,#38),#15499);
#11=ITEM_DEFINED_TRANSFORMATION($,$,#9213,#10121);
#12=ITEM_DEFINED_TRANSFORMATION($,$,#9440,#10122);
#13=ITEM_DEFINED_TRANSFORMATION($,$,#9667,#10123);
#14=ITEM_DEFINED_TRANSFORMATION($,$,#9894,#10124);
#15=(
REPRESENTATION_RELATIONSHIP($,$,#15519,#15518)
REPRESENTATION_RELATIONSHIP_WITH_TRANSFORMATION(#11)
SHAPE_REPRESENTATION_RELATIONSHIP()
);
#16=(
REPRESENTATION_RELATIONSHIP($,$,#15520,#15518)
REPRESENTATION_RELATIONSHIP_WITH_TRANSFORMATION(#12)
SHAPE_REPRESENTATION_RELATIONSHIP()
);
#17=(
REPRESENTATION_RELATIONSHIP($,$,#15521,#15518)
REPRESENTATION_RELATIONSHIP_WITH_TRANSFORMATION(#13)
SHAPE_REPRESENTATION_RELATIONSHIP()
);
#18=(
REPRESENTATION_RELATIONSHIP($,$,#15522,#15518)
REPRESENTATION_RELATIONSHIP_WITH_TRANSFORMATION(#14)
SHAPE_REPRESENTATION_RELATIONSHIP()
);
#19=CONTEXT_DEPENDENT_SHAPE_REPRESENTATION(#15,#15514);
#20=CONTEXT_DEPENDENT_SHAPE_REPRESENTATION(#16,#15515);
#21=CONTEXT_DEPENDENT_SHAPE_REPRESENTATION(#17,#15516);
#22=CONTEXT_DEPENDENT_SHAPE_REPRESENTATION(#18,#15517);
#23=NEXT_ASSEMBLY_USAGE_OCCURRENCE('6mm_belt_offset_helper:1',
'6mm_belt_offset_helper:1','6mm_belt_offset_helper:1',#15524,#15525,
'6mm_belt_offset_helper:1');
#24=NEXT_ASSEMBLY_USAGE_OCCURRENCE('9mm_belt_offset_helper:1',
'9mm_belt_offset_helper:1','9mm_belt_offset_helper:1',#15524,#15526,
'9mm_belt_offset_helper:1');
#25=NEXT_ASSEMBLY_USAGE_OCCURRENCE('10mm_belt_offset_helper:1',
'10mm_belt_offset_helper:1','10mm_belt_offset_helper:1',#15524,#15527,
'10mm_belt_offset_helper:1');
#26=NEXT_ASSEMBLY_USAGE_OCCURRENCE('12mm_belt_offset_helper:1',
'12mm_belt_offset_helper:1','12mm_belt_offset_helper:1',#15524,#15528,
'12mm_belt_offset_helper:1');
#27=SHAPE_REPRESENTATION_RELATIONSHIP('SRR','None',#15519,#31);
#28=SHAPE_REPRESENTATION_RELATIONSHIP('SRR','None',#15520,#32);
#29=SHAPE_REPRESENTATION_RELATIONSHIP('SRR','None',#15521,#33);
#30=SHAPE_REPRESENTATION_RELATIONSHIP('SRR','None',#15522,#34);
#31=ADVANCED_BREP_SHAPE_REPRESENTATION('',(#39),#15495);
#32=ADVANCED_BREP_SHAPE_REPRESENTATION('',(#40),#15496);
#33=ADVANCED_BREP_SHAPE_REPRESENTATION('',(#41),#15497);
#34=ADVANCED_BREP_SHAPE_REPRESENTATION('',(#42),#15498);
#35=STYLED_ITEM('',(#15548),#39);
#36=STYLED_ITEM('',(#15548),#40);
#37=STYLED_ITEM('',(#15548),#41);
#38=STYLED_ITEM('',(#15548),#42);
#39=MANIFOLD_SOLID_BREP('Body1',#9163);
#40=MANIFOLD_SOLID_BREP('Body1',#9164);
#41=MANIFOLD_SOLID_BREP('Body1',#9165);
#42=MANIFOLD_SOLID_BREP('Body1',#9166);
#43=CYLINDRICAL_SURFACE('',#9258,0.4);
#44=CYLINDRICAL_SURFACE('',#9261,0.4);
#45=CYLINDRICAL_SURFACE('',#9264,0.4);
#46=CYLINDRICAL_SURFACE('',#9267,1.5);
#47=CYLINDRICAL_SURFACE('',#9270,1.5);
#48=CYLINDRICAL_SURFACE('',#9273,1.5);
#49=CYLINDRICAL_SURFACE('',#9276,0.4);
#50=CYLINDRICAL_SURFACE('',#9279,0.4);
#51=CYLINDRICAL_SURFACE('',#9282,0.4);
#52=CYLINDRICAL_SURFACE('',#9285,0.4);
#53=CYLINDRICAL_SURFACE('',#9320,0.4);
#54=CYLINDRICAL_SURFACE('',#9322,0.4);
#55=CYLINDRICAL_SURFACE('',#9369,0.4);
#56=CYLINDRICAL_SURFACE('',#9372,0.4);
#57=CYLINDRICAL_SURFACE('',#9375,0.4);
#58=CYLINDRICAL_SURFACE('',#9378,1.5);
#59=CYLINDRICAL_SURFACE('',#9381,1.5);
#60=CYLINDRICAL_SURFACE('',#9384,1.5);
#61=CYLINDRICAL_SURFACE('',#9387,0.4);
#62=CYLINDRICAL_SURFACE('',#9390,0.4);
#63=CYLINDRICAL_SURFACE('',#9393,0.4);
#64=CYLINDRICAL_SURFACE('',#9396,0.4);
#65=CYLINDRICAL_SURFACE('',#9434,0.4);
#66=CYLINDRICAL_SURFACE('',#9436,0.4);
#67=CYLINDRICAL_SURFACE('',#9485,0.4);
#68=CYLINDRICAL_SURFACE('',#9488,0.4);
#69=CYLINDRICAL_SURFACE('',#9491,0.4);
#70=CYLINDRICAL_SURFACE('',#9494,1.5);
#71=CYLINDRICAL_SURFACE('',#9497,1.5);
#72=CYLINDRICAL_SURFACE('',#9500,1.5);
#73=CYLINDRICAL_SURFACE('',#9503,0.4);
#74=CYLINDRICAL_SURFACE('',#9506,0.4);
#75=CYLINDRICAL_SURFACE('',#9509,0.4);
#76=CYLINDRICAL_SURFACE('',#9512,0.4);
#77=CYLINDRICAL_SURFACE('',#9547,0.4);
#78=CYLINDRICAL_SURFACE('',#9549,0.4);
#79=CYLINDRICAL_SURFACE('',#9596,0.4);
#80=CYLINDRICAL_SURFACE('',#9599,0.4);
#81=CYLINDRICAL_SURFACE('',#9602,0.4);
#82=CYLINDRICAL_SURFACE('',#9605,1.5);
#83=CYLINDRICAL_SURFACE('',#9608,1.5);
#84=CYLINDRICAL_SURFACE('',#9611,1.5);
#85=CYLINDRICAL_SURFACE('',#9614,0.4);
#86=CYLINDRICAL_SURFACE('',#9617,0.4);
#87=CYLINDRICAL_SURFACE('',#9620,0.4);
#88=CYLINDRICAL_SURFACE('',#9623,0.4);
#89=CYLINDRICAL_SURFACE('',#9661,0.4);
#90=CYLINDRICAL_SURFACE('',#9663,0.4);
#91=CYLINDRICAL_SURFACE('',#9712,0.4);
#92=CYLINDRICAL_SURFACE('',#9715,0.4);
#93=CYLINDRICAL_SURFACE('',#9718,0.4);
#94=CYLINDRICAL_SURFACE('',#9721,1.5);
#95=CYLINDRICAL_SURFACE('',#9724,1.5);
#96=CYLINDRICAL_SURFACE('',#9727,1.5);
#97=CYLINDRICAL_SURFACE('',#9730,0.4);
#98=CYLINDRICAL_SURFACE('',#9733,0.4);
#99=CYLINDRICAL_SURFACE('',#9736,0.4);
#100=CYLINDRICAL_SURFACE('',#9739,0.4);
#101=CYLINDRICAL_SURFACE('',#9774,0.4);
#102=CYLINDRICAL_SURFACE('',#9776,0.4);
#103=CYLINDRICAL_SURFACE('',#9823,0.4);
#104=CYLINDRICAL_SURFACE('',#9826,0.4);
#105=CYLINDRICAL_SURFACE('',#9829,0.4);
#106=CYLINDRICAL_SURFACE('',#9832,1.5);
#107=CYLINDRICAL_SURFACE('',#9835,1.5);
#108=CYLINDRICAL_SURFACE('',#9838,1.5);
#109=CYLINDRICAL_SURFACE('',#9841,0.4);
#110=CYLINDRICAL_SURFACE('',#9844,0.4);
#111=CYLINDRICAL_SURFACE('',#9847,0.4);
#112=CYLINDRICAL_SURFACE('',#9850,0.4);
#113=CYLINDRICAL_SURFACE('',#9888,0.4);
#114=CYLINDRICAL_SURFACE('',#9890,0.4);
#115=CYLINDRICAL_SURFACE('',#9939,0.4);
#116=CYLINDRICAL_SURFACE('',#9942,0.4);
#117=CYLINDRICAL_SURFACE('',#9945,0.4);
#118=CYLINDRICAL_SURFACE('',#9948,1.5);
#119=CYLINDRICAL_SURFACE('',#9951,1.5);
#120=CYLINDRICAL_SURFACE('',#9954,1.5);
#121=CYLINDRICAL_SURFACE('',#9957,0.4);
#122=CYLINDRICAL_SURFACE('',#9960,0.4);
#123=CYLINDRICAL_SURFACE('',#9963,0.4);
#124=CYLINDRICAL_SURFACE('',#9966,0.4);
#125=CYLINDRICAL_SURFACE('',#10001,0.4);
#126=CYLINDRICAL_SURFACE('',#10003,0.4);
#127=CYLINDRICAL_SURFACE('',#10050,0.4);
#128=CYLINDRICAL_SURFACE('',#10053,0.4);
#129=CYLINDRICAL_SURFACE('',#10056,0.4);
#130=CYLINDRICAL_SURFACE('',#10059,1.5);
#131=CYLINDRICAL_SURFACE('',#10062,1.5);
#132=CYLINDRICAL_SURFACE('',#10065,1.5);
#133=CYLINDRICAL_SURFACE('',#10068,0.4);
#134=CYLINDRICAL_SURFACE('',#10071,0.4);
#135=CYLINDRICAL_SURFACE('',#10074,0.4);
#136=CYLINDRICAL_SURFACE('',#10077,0.4);
#137=CYLINDRICAL_SURFACE('',#10115,0.4);
#138=CYLINDRICAL_SURFACE('',#10117,0.4);
#139=CIRCLE('',#9216,0.8);
#140=CIRCLE('',#9217,0.4);
#141=CIRCLE('',#9220,0.799999999999999);
#142=CIRCLE('',#9221,0.4);
#143=CIRCLE('',#9224,0.799999999999999);
#144=CIRCLE('',#9225,0.4);
#145=CIRCLE('',#9229,1.1);
#146=CIRCLE('',#9230,1.5);
#147=CIRCLE('',#9233,1.1);
#148=CIRCLE('',#9234,1.5);
#149=CIRCLE('',#9237,1.1);
#150=CIRCLE('',#9238,1.5);
#151=CIRCLE('',#9242,0.800000000000001);
#152=CIRCLE('',#9243,0.4);
#153=CIRCLE('',#9246,0.799999999999999);
#154=CIRCLE('',#9247,0.4);
#155=CIRCLE('',#9250,0.400000000000001);
#156=CIRCLE('',#9252,0.4);
#157=CIRCLE('',#9254,0.400000000000001);
#158=CIRCLE('',#9256,0.4);
#159=CIRCLE('',#9259,0.4);
#160=CIRCLE('',#9262,0.4);
#161=CIRCLE('',#9265,0.400000000000001);
#162=CIRCLE('',#9268,1.5);
#163=CIRCLE('',#9271,1.5);
#164=CIRCLE('',#9274,1.5);
#165=CIRCLE('',#9277,0.4);
#166=CIRCLE('',#9280,0.4);
#167=CIRCLE('',#9283,0.4);
#168=CIRCLE('',#9286,0.400000000000001);
#169=CIRCLE('',#9289,0.799999999999999);
#170=CIRCLE('',#9292,0.800000000000001);
#171=CIRCLE('',#9296,1.1);
#172=CIRCLE('',#9299,1.1);
#173=CIRCLE('',#9302,1.1);
#174=CIRCLE('',#9306,0.799999999999999);
#175=CIRCLE('',#9309,0.799999999999999);
#176=CIRCLE('',#9312,0.8);
#177=CIRCLE('',#9313,0.4);
#178=CIRCLE('',#9316,0.4);
#179=CIRCLE('',#9325,0.4);
#180=CIRCLE('',#9326,0.8);
#181=CIRCLE('',#9330,0.4);
#182=CIRCLE('',#9331,0.799999999999999);
#183=CIRCLE('',#9334,0.4);
#184=CIRCLE('',#9335,0.799999999999999);
#185=CIRCLE('',#9339,1.5);
#186=CIRCLE('',#9340,1.1);
#187=CIRCLE('',#9343,1.5);
#188=CIRCLE('',#9344,1.1);
#189=CIRCLE('',#9347,1.5);
#190=CIRCLE('',#9348,1.1);
#191=CIRCLE('',#9352,0.4);
#192=CIRCLE('',#9353,0.800000000000001);
#193=CIRCLE('',#9356,0.4);
#194=CIRCLE('',#9357,0.799999999999999);
#195=CIRCLE('',#9361,0.400000000000001);
#196=CIRCLE('',#9363,0.4);
#197=CIRCLE('',#9365,0.400000000000001);
#198=CIRCLE('',#9367,0.4);
#199=CIRCLE('',#9370,0.4);
#200=CIRCLE('',#9373,0.4);
#201=CIRCLE('',#9376,0.400000000000001);
#202=CIRCLE('',#9379,1.5);
#203=CIRCLE('',#9382,1.5);
#204=CIRCLE('',#9385,1.5);
#205=CIRCLE('',#9388,0.4);
#206=CIRCLE('',#9391,0.4);
#207=CIRCLE('',#9394,0.4);
#208=CIRCLE('',#9397,0.400000000000001);
#209=CIRCLE('',#9402,0.799999999999999);
#210=CIRCLE('',#9405,0.800000000000001);
#211=CIRCLE('',#9409,1.1);
#212=CIRCLE('',#9412,1.1);
#213=CIRCLE('',#9415,1.1);
#214=CIRCLE('',#9419,0.799999999999999);
#215=CIRCLE('',#9422,0.799999999999999);
#216=CIRCLE('',#9426,0.4);
#217=CIRCLE('',#9427,0.8);
#218=CIRCLE('',#9430,0.4);
#219=CIRCLE('',#9443,0.8);
#220=CIRCLE('',#9444,0.4);
#221=CIRCLE('',#9447,0.799999999999999);
#222=CIRCLE('',#9448,0.4);
#223=CIRCLE('',#9451,0.799999999999999);
#224=CIRCLE('',#9452,0.4);
#225=CIRCLE('',#9456,1.1);
#226=CIRCLE('',#9457,1.5);
#227=CIRCLE('',#9460,1.1);
#228=CIRCLE('',#9461,1.5);
#229=CIRCLE('',#9464,1.1);
#230=CIRCLE('',#9465,1.5);
#231=CIRCLE('',#9469,0.800000000000001);
#232=CIRCLE('',#9470,0.4);
#233=CIRCLE('',#9473,0.799999999999999);
#234=CIRCLE('',#9474,0.4);
#235=CIRCLE('',#9477,0.400000000000001);
#236=CIRCLE('',#9479,0.399999999999999);
#237=CIRCLE('',#9481,0.400000000000001);
#238=CIRCLE('',#9483,0.4);
#239=CIRCLE('',#9486,0.4);
#240=CIRCLE('',#9489,0.4);
#241=CIRCLE('',#9492,0.400000000000001);
#242=CIRCLE('',#9495,1.5);
#243=CIRCLE('',#9498,1.5);
#244=CIRCLE('',#9501,1.5);
#245=CIRCLE('',#9504,0.399999999999999);
#246=CIRCLE('',#9507,0.4);
#247=CIRCLE('',#9510,0.4);
#248=CIRCLE('',#9513,0.400000000000001);
#249=CIRCLE('',#9516,0.799999999999999);
#250=CIRCLE('',#9519,0.800000000000001);
#251=CIRCLE('',#9523,1.1);
#252=CIRCLE('',#9526,1.1);
#253=CIRCLE('',#9529,1.1);
#254=CIRCLE('',#9533,0.799999999999999);
#255=CIRCLE('',#9536,0.799999999999999);
#256=CIRCLE('',#9539,0.8);
#257=CIRCLE('',#9540,0.4);
#258=CIRCLE('',#9543,0.4);
#259=CIRCLE('',#9552,0.4);
#260=CIRCLE('',#9553,0.8);
#261=CIRCLE('',#9557,0.4);
#262=CIRCLE('',#9558,0.799999999999999);
#263=CIRCLE('',#9561,0.4);
#264=CIRCLE('',#9562,0.799999999999999);
#265=CIRCLE('',#9566,1.5);
#266=CIRCLE('',#9567,1.1);
#267=CIRCLE('',#9570,1.5);
#268=CIRCLE('',#9571,1.1);
#269=CIRCLE('',#9574,1.5);
#270=CIRCLE('',#9575,1.1);
#271=CIRCLE('',#9579,0.4);
#272=CIRCLE('',#9580,0.800000000000001);
#273=CIRCLE('',#9583,0.4);
#274=CIRCLE('',#9584,0.799999999999999);
#275=CIRCLE('',#9588,0.400000000000001);
#276=CIRCLE('',#9590,0.399999999999999);
#277=CIRCLE('',#9592,0.400000000000001);
#278=CIRCLE('',#9594,0.4);
#279=CIRCLE('',#9597,0.4);
#280=CIRCLE('',#9600,0.4);
#281=CIRCLE('',#9603,0.400000000000001);
#282=CIRCLE('',#9606,1.5);
#283=CIRCLE('',#9609,1.5);
#284=CIRCLE('',#9612,1.5);
#285=CIRCLE('',#9615,0.399999999999999);
#286=CIRCLE('',#9618,0.4);
#287=CIRCLE('',#9621,0.4);
#288=CIRCLE('',#9624,0.400000000000001);
#289=CIRCLE('',#9629,0.799999999999999);
#290=CIRCLE('',#9632,0.800000000000001);
#291=CIRCLE('',#9636,1.1);
#292=CIRCLE('',#9639,1.1);
#293=CIRCLE('',#9642,1.1);
#294=CIRCLE('',#9646,0.799999999999999);
#295=CIRCLE('',#9649,0.799999999999999);
#296=CIRCLE('',#9653,0.4);
#297=CIRCLE('',#9654,0.8);
#298=CIRCLE('',#9657,0.4);
#299=CIRCLE('',#9670,0.8);
#300=CIRCLE('',#9671,0.4);
#301=CIRCLE('',#9674,0.799999999999999);
#302=CIRCLE('',#9675,0.4);
#303=CIRCLE('',#9678,0.799999999999999);
#304=CIRCLE('',#9679,0.4);
#305=CIRCLE('',#9683,1.1);
#306=CIRCLE('',#9684,1.5);
#307=CIRCLE('',#9687,1.1);
#308=CIRCLE('',#9688,1.5);
#309=CIRCLE('',#9691,1.1);
#310=CIRCLE('',#9692,1.5);
#311=CIRCLE('',#9696,0.800000000000001);
#312=CIRCLE('',#9697,0.4);
#313=CIRCLE('',#9700,0.799999999999999);
#314=CIRCLE('',#9701,0.4);
#315=CIRCLE('',#9704,0.400000000000001);
#316=CIRCLE('',#9706,0.399999999999999);
#317=CIRCLE('',#9708,0.400000000000001);
#318=CIRCLE('',#9710,0.4);
#319=CIRCLE('',#9713,0.4);
#320=CIRCLE('',#9716,0.4);
#321=CIRCLE('',#9719,0.400000000000001);
#322=CIRCLE('',#9722,1.5);
#323=CIRCLE('',#9725,1.5);
#324=CIRCLE('',#9728,1.5);
#325=CIRCLE('',#9731,0.399999999999999);
#326=CIRCLE('',#9734,0.4);
#327=CIRCLE('',#9737,0.4);
#328=CIRCLE('',#9740,0.400000000000001);
#329=CIRCLE('',#9743,0.799999999999999);
#330=CIRCLE('',#9746,0.800000000000001);
#331=CIRCLE('',#9750,1.1);
#332=CIRCLE('',#9753,1.1);
#333=CIRCLE('',#9756,1.1);
#334=CIRCLE('',#9760,0.799999999999999);
#335=CIRCLE('',#9763,0.799999999999999);
#336=CIRCLE('',#9766,0.8);
#337=CIRCLE('',#9767,0.4);
#338=CIRCLE('',#9770,0.4);
#339=CIRCLE('',#9779,0.4);
#340=CIRCLE('',#9780,0.8);
#341=CIRCLE('',#9784,0.4);
#342=CIRCLE('',#9785,0.799999999999999);
#343=CIRCLE('',#9788,0.4);
#344=CIRCLE('',#9789,0.799999999999999);
#345=CIRCLE('',#9793,1.5);
#346=CIRCLE('',#9794,1.1);
#347=CIRCLE('',#9797,1.5);
#348=CIRCLE('',#9798,1.1);
#349=CIRCLE('',#9801,1.5);
#350=CIRCLE('',#9802,1.1);
#351=CIRCLE('',#9806,0.4);
#352=CIRCLE('',#9807,0.800000000000001);
#353=CIRCLE('',#9810,0.4);
#354=CIRCLE('',#9811,0.799999999999999);
#355=CIRCLE('',#9815,0.400000000000001);
#356=CIRCLE('',#9817,0.399999999999999);
#357=CIRCLE('',#9819,0.400000000000001);
#358=CIRCLE('',#9821,0.4);
#359=CIRCLE('',#9824,0.4);
#360=CIRCLE('',#9827,0.4);
#361=CIRCLE('',#9830,0.400000000000001);
#362=CIRCLE('',#9833,1.5);
#363=CIRCLE('',#9836,1.5);
#364=CIRCLE('',#9839,1.5);
#365=CIRCLE('',#9842,0.399999999999999);
#366=CIRCLE('',#9845,0.4);
#367=CIRCLE('',#9848,0.4);
#368=CIRCLE('',#9851,0.400000000000001);
#369=CIRCLE('',#9856,0.799999999999999);
#370=CIRCLE('',#9859,0.800000000000001);
#371=CIRCLE('',#9863,1.1);
#372=CIRCLE('',#9866,1.1);
#373=CIRCLE('',#9869,1.1);
#374=CIRCLE('',#9873,0.799999999999999);
#375=CIRCLE('',#9876,0.799999999999999);
#376=CIRCLE('',#9880,0.4);
#377=CIRCLE('',#9881,0.8);
#378=CIRCLE('',#9884,0.4);
#379=CIRCLE('',#9897,0.8);
#380=CIRCLE('',#9898,0.4);
#381=CIRCLE('',#9901,0.799999999999999);
#382=CIRCLE('',#9902,0.4);
#383=CIRCLE('',#9905,0.799999999999999);
#384=CIRCLE('',#9906,0.4);
#385=CIRCLE('',#9910,1.1);
#386=CIRCLE('',#9911,1.5);
#387=CIRCLE('',#9914,1.1);
#388=CIRCLE('',#9915,1.5);
#389=CIRCLE('',#9918,1.1);
#390=CIRCLE('',#9919,1.5);
#391=CIRCLE('',#9923,0.800000000000001);
#392=CIRCLE('',#9924,0.4);
#393=CIRCLE('',#9927,0.799999999999999);
#394=CIRCLE('',#9928,0.4);
#395=CIRCLE('',#9931,0.400000000000001);
#396=CIRCLE('',#9933,0.4);
#397=CIRCLE('',#9935,0.400000000000001);
#398=CIRCLE('',#9937,0.4);
#399=CIRCLE('',#9940,0.4);
#400=CIRCLE('',#9943,0.4);
#401=CIRCLE('',#9946,0.400000000000001);
#402=CIRCLE('',#9949,1.5);
#403=CIRCLE('',#9952,1.5);
#404=CIRCLE('',#9955,1.5);
#405=CIRCLE('',#9958,0.4);
#406=CIRCLE('',#9961,0.4);
#407=CIRCLE('',#9964,0.4);
#408=CIRCLE('',#9967,0.400000000000001);
#409=CIRCLE('',#9970,0.799999999999999);
#410=CIRCLE('',#9973,0.800000000000001);
#411=CIRCLE('',#9977,1.1);
#412=CIRCLE('',#9980,1.1);
#413=CIRCLE('',#9983,1.1);
#414=CIRCLE('',#9987,0.799999999999999);
#415=CIRCLE('',#9990,0.799999999999999);
#416=CIRCLE('',#9993,0.8);
#417=CIRCLE('',#9994,0.4);
#418=CIRCLE('',#9997,0.4);
#419=CIRCLE('',#10006,0.4);
#420=CIRCLE('',#10007,0.8);
#421=CIRCLE('',#10011,0.4);
#422=CIRCLE('',#10012,0.799999999999999);
#423=CIRCLE('',#10015,0.4);
#424=CIRCLE('',#10016,0.799999999999999);
#425=CIRCLE('',#10020,1.5);
#426=CIRCLE('',#10021,1.1);
#427=CIRCLE('',#10024,1.5);
#428=CIRCLE('',#10025,1.1);
#429=CIRCLE('',#10028,1.5);
#430=CIRCLE('',#10029,1.1);
#431=CIRCLE('',#10033,0.4);
#432=CIRCLE('',#10034,0.800000000000001);
#433=CIRCLE('',#10037,0.4);
#434=CIRCLE('',#10038,0.799999999999999);
#435=CIRCLE('',#10042,0.400000000000001);
#436=CIRCLE('',#10044,0.4);
#437=CIRCLE('',#10046,0.400000000000001);
#438=CIRCLE('',#10048,0.4);
#439=CIRCLE('',#10051,0.4);
#440=CIRCLE('',#10054,0.4);
#441=CIRCLE('',#10057,0.400000000000001);
#442=CIRCLE('',#10060,1.5);
#443=CIRCLE('',#10063,1.5);
#444=CIRCLE('',#10066,1.5);
#445=CIRCLE('',#10069,0.4);
#446=CIRCLE('',#10072,0.4);
#447=CIRCLE('',#10075,0.4);
#448=CIRCLE('',#10078,0.400000000000001);
#449=CIRCLE('',#10083,0.799999999999999);
#450=CIRCLE('',#10086,0.800000000000001);
#451=CIRCLE('',#10090,1.1);
#452=CIRCLE('',#10093,1.1);
#453=CIRCLE('',#10096,1.1);
#454=CIRCLE('',#10100,0.799999999999999);
#455=CIRCLE('',#10103,0.799999999999999);
#456=CIRCLE('',#10107,0.4);
#457=CIRCLE('',#10108,0.8);
#458=CIRCLE('',#10111,0.4);
#459=CONICAL_SURFACE('',#9215,0.6,0.785398163397448);
#460=CONICAL_SURFACE('',#9219,0.6,0.785398163397447);
#461=CONICAL_SURFACE('',#9223,0.6,0.785398163397448);
#462=CONICAL_SURFACE('',#9228,1.3,0.785398163397448);
#463=CONICAL_SURFACE('',#9232,1.3,0.78539816339745);
#464=CONICAL_SURFACE('',#9236,1.3,0.785398163397447);
#465=CONICAL_SURFACE('',#9241,0.600000000000001,0.78539816339745);
#466=CONICAL_SURFACE('',#9245,0.6,0.785398163397448);
#467=CONICAL_SURFACE('',#9249,0.400000000000001,0.785398163397449);
#468=CONICAL_SURFACE('',#9251,0.4,0.785398163397449);
#469=CONICAL_SURFACE('',#9253,0.400000000000001,0.785398163397449);
#470=CONICAL_SURFACE('',#9255,0.4,0.785398163397449);
#471=CONICAL_SURFACE('',#9288,0.6,0.785398163397447);
#472=CONICAL_SURFACE('',#9291,0.600000000000001,0.785398163397449);
#473=CONICAL_SURFACE('',#9295,1.3,0.785398163397447);
#474=CONICAL_SURFACE('',#9298,1.3,0.785398163397449);
#475=CONICAL_SURFACE('',#9301,1.3,0.785398163397448);
#476=CONICAL_SURFACE('',#9305,0.6,0.785398163397447);
#477=CONICAL_SURFACE('',#9308,0.6,0.785398163397447);
#478=CONICAL_SURFACE('',#9311,0.6,0.785398163397448);
#479=CONICAL_SURFACE('',#9315,0.4,0.785398163397448);
#480=CONICAL_SURFACE('',#9317,0.400000000000001,0.785398163397449);
#481=CONICAL_SURFACE('',#9318,0.4,0.785398163397448);
#482=CONICAL_SURFACE('',#9319,0.400000000000001,0.785398163397449);
#483=CONICAL_SURFACE('',#9324,0.6,0.785398163397448);
#484=CONICAL_SURFACE('',#9329,0.6,0.785398163397447);
#485=CONICAL_SURFACE('',#9333,0.6,0.785398163397448);
#486=CONICAL_SURFACE('',#9338,1.3,0.785398163397448);
#487=CONICAL_SURFACE('',#9342,1.3,0.78539816339745);
#488=CONICAL_SURFACE('',#9346,1.3,0.785398163397447);
#489=CONICAL_SURFACE('',#9351,0.600000000000001,0.78539816339745);
#490=CONICAL_SURFACE('',#9355,0.6,0.785398163397448);
#491=CONICAL_SURFACE('',#9360,0.400000000000001,0.785398163397449);
#492=CONICAL_SURFACE('',#9362,0.4,0.785398163397449);
#493=CONICAL_SURFACE('',#9364,0.400000000000001,0.785398163397449);
#494=CONICAL_SURFACE('',#9366,0.4,0.785398163397449);
#495=CONICAL_SURFACE('',#9401,0.6,0.785398163397447);
#496=CONICAL_SURFACE('',#9404,0.600000000000001,0.785398163397449);
#497=CONICAL_SURFACE('',#9408,1.3,0.785398163397447);
#498=CONICAL_SURFACE('',#9411,1.3,0.785398163397449);
#499=CONICAL_SURFACE('',#9414,1.3,0.785398163397448);
#500=CONICAL_SURFACE('',#9418,0.6,0.785398163397447);
#501=CONICAL_SURFACE('',#9421,0.6,0.785398163397447);
#502=CONICAL_SURFACE('',#9425,0.6,0.785398163397448);
#503=CONICAL_SURFACE('',#9429,0.4,0.785398163397448);
#504=CONICAL_SURFACE('',#9431,0.400000000000001,0.785398163397449);
#505=CONICAL_SURFACE('',#9432,0.4,0.785398163397448);
#506=CONICAL_SURFACE('',#9433,0.400000000000001,0.785398163397449);
#507=CONICAL_SURFACE('',#9442,0.6,0.785398163397448);
#508=CONICAL_SURFACE('',#9446,0.6,0.785398163397447);
#509=CONICAL_SURFACE('',#9450,0.6,0.785398163397448);
#510=CONICAL_SURFACE('',#9455,1.3,0.785398163397448);
#511=CONICAL_SURFACE('',#9459,1.3,0.78539816339745);
#512=CONICAL_SURFACE('',#9463,1.3,0.785398163397447);
#513=CONICAL_SURFACE('',#9468,0.600000000000001,0.78539816339745);
#514=CONICAL_SURFACE('',#9472,0.599999999999999,0.785398163397446);
#515=CONICAL_SURFACE('',#9476,0.400000000000001,0.785398163397449);
#516=CONICAL_SURFACE('',#9478,0.399999999999999,0.785398163397447);
#517=CONICAL_SURFACE('',#9480,0.400000000000001,0.785398163397449);
#518=CONICAL_SURFACE('',#9482,0.4,0.785398163397449);
#519=CONICAL_SURFACE('',#9515,0.599999999999999,0.785398163397446);
#520=CONICAL_SURFACE('',#9518,0.600000000000001,0.785398163397449);
#521=CONICAL_SURFACE('',#9522,1.3,0.785398163397447);
#522=CONICAL_SURFACE('',#9525,1.3,0.785398163397449);
#523=CONICAL_SURFACE('',#9528,1.3,0.785398163397448);
#524=CONICAL_SURFACE('',#9532,0.6,0.785398163397447);
#525=CONICAL_SURFACE('',#9535,0.6,0.785398163397447);
#526=CONICAL_SURFACE('',#9538,0.6,0.785398163397448);
#527=CONICAL_SURFACE('',#9542,0.4,0.785398163397448);
#528=CONICAL_SURFACE('',#9544,0.400000000000001,0.785398163397449);
#529=CONICAL_SURFACE('',#9545,0.399999999999999,0.785398163397446);
#530=CONICAL_SURFACE('',#9546,0.400000000000001,0.785398163397449);
#531=CONICAL_SURFACE('',#9551,0.6,0.785398163397448);
#532=CONICAL_SURFACE('',#9556,0.6,0.785398163397447);
#533=CONICAL_SURFACE('',#9560,0.6,0.785398163397448);
#534=CONICAL_SURFACE('',#9565,1.3,0.785398163397448);
#535=CONICAL_SURFACE('',#9569,1.3,0.78539816339745);
#536=CONICAL_SURFACE('',#9573,1.3,0.785398163397447);
#537=CONICAL_SURFACE('',#9578,0.600000000000001,0.78539816339745);
#538=CONICAL_SURFACE('',#9582,0.599999999999999,0.785398163397446);
#539=CONICAL_SURFACE('',#9587,0.400000000000001,0.785398163397449);
#540=CONICAL_SURFACE('',#9589,0.399999999999999,0.785398163397447);
#541=CONICAL_SURFACE('',#9591,0.400000000000001,0.785398163397449);
#542=CONICAL_SURFACE('',#9593,0.4,0.785398163397449);
#543=CONICAL_SURFACE('',#9628,0.599999999999999,0.785398163397446);
#544=CONICAL_SURFACE('',#9631,0.600000000000001,0.785398163397449);
#545=CONICAL_SURFACE('',#9635,1.3,0.785398163397447);
#546=CONICAL_SURFACE('',#9638,1.3,0.785398163397449);
#547=CONICAL_SURFACE('',#9641,1.3,0.785398163397448);
#548=CONICAL_SURFACE('',#9645,0.6,0.785398163397447);
#549=CONICAL_SURFACE('',#9648,0.6,0.785398163397447);
#550=CONICAL_SURFACE('',#9652,0.6,0.785398163397448);
#551=CONICAL_SURFACE('',#9656,0.4,0.785398163397448);
#552=CONICAL_SURFACE('',#9658,0.400000000000001,0.785398163397449);
#553=CONICAL_SURFACE('',#9659,0.399999999999999,0.785398163397446);
#554=CONICAL_SURFACE('',#9660,0.400000000000001,0.785398163397449);
#555=CONICAL_SURFACE('',#9669,0.6,0.785398163397448);
#556=CONICAL_SURFACE('',#9673,0.6,0.785398163397447);
#557=CONICAL_SURFACE('',#9677,0.6,0.785398163397448);
#558=CONICAL_SURFACE('',#9682,1.3,0.785398163397448);
#559=CONICAL_SURFACE('',#9686,1.3,0.78539816339745);
#560=CONICAL_SURFACE('',#9690,1.3,0.785398163397447);
#561=CONICAL_SURFACE('',#9695,0.600000000000001,0.78539816339745);
#562=CONICAL_SURFACE('',#9699,0.599999999999999,0.785398163397446);
#563=CONICAL_SURFACE('',#9703,0.400000000000001,0.785398163397449);
#564=CONICAL_SURFACE('',#9705,0.399999999999999,0.785398163397447);
#565=CONICAL_SURFACE('',#9707,0.400000000000001,0.785398163397449);
#566=CONICAL_SURFACE('',#9709,0.4,0.785398163397449);
#567=CONICAL_SURFACE('',#9742,0.599999999999999,0.785398163397446);
#568=CONICAL_SURFACE('',#9745,0.600000000000001,0.785398163397449);
#569=CONICAL_SURFACE('',#9749,1.3,0.785398163397447);
#570=CONICAL_SURFACE('',#9752,1.3,0.785398163397449);
#571=CONICAL_SURFACE('',#9755,1.3,0.785398163397448);
#572=CONICAL_SURFACE('',#9759,0.6,0.785398163397447);
#573=CONICAL_SURFACE('',#9762,0.6,0.785398163397447);
#574=CONICAL_SURFACE('',#9765,0.6,0.785398163397448);
#575=CONICAL_SURFACE('',#9769,0.4,0.785398163397448);
#576=CONICAL_SURFACE('',#9771,0.400000000000001,0.785398163397449);
#577=CONICAL_SURFACE('',#9772,0.399999999999999,0.785398163397446);
#578=CONICAL_SURFACE('',#9773,0.400000000000001,0.785398163397449);
#579=CONICAL_SURFACE('',#9778,0.6,0.785398163397448);
#580=CONICAL_SURFACE('',#9783,0.6,0.785398163397447);
#581=CONICAL_SURFACE('',#9787,0.6,0.785398163397448);
#582=CONICAL_SURFACE('',#9792,1.3,0.785398163397448);
#583=CONICAL_SURFACE('',#9796,1.3,0.78539816339745);
#584=CONICAL_SURFACE('',#9800,1.3,0.785398163397447);
#585=CONICAL_SURFACE('',#9805,0.600000000000001,0.78539816339745);
#586=CONICAL_SURFACE('',#9809,0.599999999999999,0.785398163397446);
#587=CONICAL_SURFACE('',#9814,0.400000000000001,0.785398163397449);
#588=CONICAL_SURFACE('',#9816,0.399999999999999,0.785398163397447);
#589=CONICAL_SURFACE('',#9818,0.400000000000001,0.785398163397449);
#590=CONICAL_SURFACE('',#9820,0.4,0.785398163397449);
#591=CONICAL_SURFACE('',#9855,0.599999999999999,0.785398163397446);
#592=CONICAL_SURFACE('',#9858,0.600000000000001,0.785398163397449);
#593=CONICAL_SURFACE('',#9862,1.3,0.785398163397447);
#594=CONICAL_SURFACE('',#9865,1.3,0.785398163397449);
#595=CONICAL_SURFACE('',#9868,1.3,0.785398163397448);
#596=CONICAL_SURFACE('',#9872,0.6,0.785398163397447);
#597=CONICAL_SURFACE('',#9875,0.6,0.785398163397447);
#598=CONICAL_SURFACE('',#9879,0.6,0.785398163397448);
#599=CONICAL_SURFACE('',#9883,0.4,0.785398163397448);
#600=CONICAL_SURFACE('',#9885,0.400000000000001,0.785398163397449);
#601=CONICAL_SURFACE('',#9886,0.399999999999999,0.785398163397446);
#602=CONICAL_SURFACE('',#9887,0.400000000000001,0.785398163397449);
#603=CONICAL_SURFACE('',#9896,0.6,0.785398163397448);
#604=CONICAL_SURFACE('',#9900,0.6,0.785398163397447);
#605=CONICAL_SURFACE('',#9904,0.6,0.785398163397448);
#606=CONICAL_SURFACE('',#9909,1.3,0.785398163397448);
#607=CONICAL_SURFACE('',#9913,1.3,0.78539816339745);
#608=CONICAL_SURFACE('',#9917,1.3,0.785398163397447);
#609=CONICAL_SURFACE('',#9922,0.600000000000001,0.78539816339745);
#610=CONICAL_SURFACE('',#9926,0.599999999999999,0.785398163397446);
#611=CONICAL_SURFACE('',#9930,0.400000000000001,0.785398163397449);
#612=CONICAL_SURFACE('',#9932,0.4,0.785398163397449);
#613=CONICAL_SURFACE('',#9934,0.400000000000001,0.785398163397449);
#614=CONICAL_SURFACE('',#9936,0.4,0.785398163397449);
#615=CONICAL_SURFACE('',#9969,0.599999999999999,0.785398163397446);
#616=CONICAL_SURFACE('',#9972,0.600000000000001,0.785398163397449);
#617=CONICAL_SURFACE('',#9976,1.3,0.785398163397447);
#618=CONICAL_SURFACE('',#9979,1.3,0.785398163397449);
#619=CONICAL_SURFACE('',#9982,1.3,0.785398163397448);
#620=CONICAL_SURFACE('',#9986,0.6,0.785398163397447);
#621=CONICAL_SURFACE('',#9989,0.6,0.785398163397447);
#622=CONICAL_SURFACE('',#9992,0.6,0.785398163397448);
#623=CONICAL_SURFACE('',#9996,0.4,0.785398163397448);
#624=CONICAL_SURFACE('',#9998,0.400000000000001,0.785398163397449);
#625=CONICAL_SURFACE('',#9999,0.4,0.785398163397448);
#626=CONICAL_SURFACE('',#10000,0.400000000000001,0.785398163397449);
#627=CONICAL_SURFACE('',#10005,0.6,0.785398163397448);
#628=CONICAL_SURFACE('',#10010,0.6,0.785398163397447);
#629=CONICAL_SURFACE('',#10014,0.6,0.785398163397448);
#630=CONICAL_SURFACE('',#10019,1.3,0.785398163397448);
#631=CONICAL_SURFACE('',#10023,1.3,0.78539816339745);
#632=CONICAL_SURFACE('',#10027,1.3,0.785398163397447);
#633=CONICAL_SURFACE('',#10032,0.600000000000001,0.78539816339745);
#634=CONICAL_SURFACE('',#10036,0.599999999999999,0.785398163397446);
#635=CONICAL_SURFACE('',#10041,0.400000000000001,0.785398163397449);
#636=CONICAL_SURFACE('',#10043,0.4,0.785398163397449);
#637=CONICAL_SURFACE('',#10045,0.400000000000001,0.785398163397449);
#638=CONICAL_SURFACE('',#10047,0.4,0.785398163397449);
#639=CONICAL_SURFACE('',#10082,0.599999999999999,0.785398163397446);
#640=CONICAL_SURFACE('',#10085,0.600000000000001,0.785398163397449);
#641=CONICAL_SURFACE('',#10089,1.3,0.785398163397447);
#642=CONICAL_SURFACE('',#10092,1.3,0.785398163397449);
#643=CONICAL_SURFACE('',#10095,1.3,0.785398163397448);
#644=CONICAL_SURFACE('',#10099,0.6,0.785398163397447);
#645=CONICAL_SURFACE('',#10102,0.6,0.785398163397447);
#646=CONICAL_SURFACE('',#10106,0.6,0.785398163397448);
#647=CONICAL_SURFACE('',#10110,0.4,0.785398163397448);
#648=CONICAL_SURFACE('',#10112,0.400000000000001,0.785398163397449);
#649=CONICAL_SURFACE('',#10113,0.4,0.785398163397448);
#650=CONICAL_SURFACE('',#10114,0.400000000000001,0.785398163397449);
#651=FACE_OUTER_BOUND('',#1235,.T.);
#652=FACE_OUTER_BOUND('',#1236,.T.);
#653=FACE_OUTER_BOUND('',#1237,.T.);
#654=FACE_OUTER_BOUND('',#1238,.T.);
#655=FACE_OUTER_BOUND('',#1239,.T.);
#656=FACE_OUTER_BOUND('',#1240,.T.);
#657=FACE_OUTER_BOUND('',#1241,.T.);
#658=FACE_OUTER_BOUND('',#1242,.T.);
#659=FACE_OUTER_BOUND('',#1243,.T.);
#660=FACE_OUTER_BOUND('',#1244,.T.);
#661=FACE_OUTER_BOUND('',#1245,.T.);
#662=FACE_OUTER_BOUND('',#1246,.T.);
#663=FACE_OUTER_BOUND('',#1247,.T.);
#664=FACE_OUTER_BOUND('',#1248,.T.);
#665=FACE_OUTER_BOUND('',#1249,.T.);
#666=FACE_OUTER_BOUND('',#1250,.T.);
#667=FACE_OUTER_BOUND('',#1251,.T.);
#668=FACE_OUTER_BOUND('',#1252,.T.);
#669=FACE_OUTER_BOUND('',#1253,.T.);
#670=FACE_OUTER_BOUND('',#1254,.T.);
#671=FACE_OUTER_BOUND('',#1255,.T.);
#672=FACE_OUTER_BOUND('',#1256,.T.);
#673=FACE_OUTER_BOUND('',#1257,.T.);
#674=FACE_OUTER_BOUND('',#1258,.T.);
#675=FACE_OUTER_BOUND('',#1259,.T.);
#676=FACE_OUTER_BOUND('',#1260,.T.);
#677=FACE_OUTER_BOUND('',#1261,.T.);
#678=FACE_OUTER_BOUND('',#1262,.T.);
#679=FACE_OUTER_BOUND('',#1263,.T.);
#680=FACE_OUTER_BOUND('',#1264,.T.);
#681=FACE_OUTER_BOUND('',#1265,.T.);
#682=FACE_OUTER_BOUND('',#1266,.T.);
#683=FACE_OUTER_BOUND('',#1267,.T.);
#684=FACE_OUTER_BOUND('',#1268,.T.);
#685=FACE_OUTER_BOUND('',#1269,.T.);
#686=FACE_OUTER_BOUND('',#1270,.T.);
#687=FACE_OUTER_BOUND('',#1271,.T.);
#688=FACE_OUTER_BOUND('',#1272,.T.);
#689=FACE_OUTER_BOUND('',#1273,.T.);
#690=FACE_OUTER_BOUND('',#1274,.T.);
#691=FACE_OUTER_BOUND('',#1275,.T.);
#692=FACE_OUTER_BOUND('',#1276,.T.);
#693=FACE_OUTER_BOUND('',#1277,.T.);
#694=FACE_OUTER_BOUND('',#1278,.T.);
#695=FACE_OUTER_BOUND('',#1279,.T.);
#696=FACE_OUTER_BOUND('',#1280,.T.);
#697=FACE_OUTER_BOUND('',#1281,.T.);
#698=FACE_OUTER_BOUND('',#1282,.T.);
#699=FACE_OUTER_BOUND('',#1283,.T.);
#700=FACE_OUTER_BOUND('',#1284,.T.);
#701=FACE_OUTER_BOUND('',#1285,.T.);
#702=FACE_OUTER_BOUND('',#1286,.T.);
#703=FACE_OUTER_BOUND('',#1287,.T.);
#704=FACE_OUTER_BOUND('',#1288,.T.);
#705=FACE_OUTER_BOUND('',#1289,.T.);
#706=FACE_OUTER_BOUND('',#1290,.T.);
#707=FACE_OUTER_BOUND('',#1291,.T.);
#708=FACE_OUTER_BOUND('',#1292,.T.);
#709=FACE_OUTER_BOUND('',#1293,.T.);
#710=FACE_OUTER_BOUND('',#1294,.T.);
#711=FACE_OUTER_BOUND('',#1295,.T.);
#712=FACE_OUTER_BOUND('',#1296,.T.);
#713=FACE_OUTER_BOUND('',#1297,.T.);
#714=FACE_OUTER_BOUND('',#1298,.T.);
#715=FACE_OUTER_BOUND('',#1299,.T.);
#716=FACE_OUTER_BOUND('',#1300,.T.);
#717=FACE_OUTER_BOUND('',#1301,.T.);
#718=FACE_OUTER_BOUND('',#1302,.T.);
#719=FACE_OUTER_BOUND('',#1303,.T.);
#720=FACE_OUTER_BOUND('',#1304,.T.);
#721=FACE_OUTER_BOUND('',#1305,.T.);
#722=FACE_OUTER_BOUND('',#1306,.T.);
#723=FACE_OUTER_BOUND('',#1307,.T.);
#724=FACE_OUTER_BOUND('',#1308,.T.);
#725=FACE_OUTER_BOUND('',#1309,.T.);
#726=FACE_OUTER_BOUND('',#1310,.T.);
#727=FACE_OUTER_BOUND('',#1311,.T.);
#728=FACE_OUTER_BOUND('',#1312,.T.);
#729=FACE_OUTER_BOUND('',#1313,.T.);
#730=FACE_OUTER_BOUND('',#1314,.T.);
#731=FACE_OUTER_BOUND('',#1315,.T.);
#732=FACE_OUTER_BOUND('',#1316,.T.);
#733=FACE_OUTER_BOUND('',#1317,.T.);
#734=FACE_OUTER_BOUND('',#1318,.T.);
#735=FACE_OUTER_BOUND('',#1319,.T.);
#736=FACE_OUTER_BOUND('',#1320,.T.);
#737=FACE_OUTER_BOUND('',#1321,.T.);
#738=FACE_OUTER_BOUND('',#1322,.T.);
#739=FACE_OUTER_BOUND('',#1323,.T.);
#740=FACE_OUTER_BOUND('',#1324,.T.);
#741=FACE_OUTER_BOUND('',#1325,.T.);
#742=FACE_OUTER_BOUND('',#1326,.T.);
#743=FACE_OUTER_BOUND('',#1327,.T.);
#744=FACE_OUTER_BOUND('',#1328,.T.);
#745=FACE_OUTER_BOUND('',#1329,.T.);
#746=FACE_OUTER_BOUND('',#1330,.T.);
#747=FACE_OUTER_BOUND('',#1331,.T.);
#748=FACE_OUTER_BOUND('',#1332,.T.);
#749=FACE_OUTER_BOUND('',#1333,.T.);
#750=FACE_OUTER_BOUND('',#1334,.T.);
#751=FACE_OUTER_BOUND('',#1335,.T.);
#752=FACE_OUTER_BOUND('',#1336,.T.);
#753=FACE_OUTER_BOUND('',#1337,.T.);
#754=FACE_OUTER_BOUND('',#1338,.T.);
#755=FACE_OUTER_BOUND('',#1339,.T.);
#756=FACE_OUTER_BOUND('',#1340,.T.);
#757=FACE_OUTER_BOUND('',#1341,.T.);
#758=FACE_OUTER_BOUND('',#1342,.T.);
#759=FACE_OUTER_BOUND('',#1343,.T.);
#760=FACE_OUTER_BOUND('',#1344,.T.);
#761=FACE_OUTER_BOUND('',#1345,.T.);
#762=FACE_OUTER_BOUND('',#1346,.T.);
#763=FACE_OUTER_BOUND('',#1347,.T.);
#764=FACE_OUTER_BOUND('',#1348,.T.);
#765=FACE_OUTER_BOUND('',#1349,.T.);
#766=FACE_OUTER_BOUND('',#1350,.T.);
#767=FACE_OUTER_BOUND('',#1351,.T.);
#768=FACE_OUTER_BOUND('',#1352,.T.);
#769=FACE_OUTER_BOUND('',#1353,.T.);
#770=FACE_OUTER_BOUND('',#1354,.T.);
#771=FACE_OUTER_BOUND('',#1355,.T.);
#772=FACE_OUTER_BOUND('',#1356,.T.);
#773=FACE_OUTER_BOUND('',#1357,.T.);
#774=FACE_OUTER_BOUND('',#1358,.T.);
#775=FACE_OUTER_BOUND('',#1359,.T.);
#776=FACE_OUTER_BOUND('',#1360,.T.);
#777=FACE_OUTER_BOUND('',#1361,.T.);
#778=FACE_OUTER_BOUND('',#1362,.T.);
#779=FACE_OUTER_BOUND('',#1363,.T.);
#780=FACE_OUTER_BOUND('',#1364,.T.);
#781=FACE_OUTER_BOUND('',#1365,.T.);
#782=FACE_OUTER_BOUND('',#1366,.T.);
#783=FACE_OUTER_BOUND('',#1367,.T.);
#784=FACE_OUTER_BOUND('',#1368,.T.);
#785=FACE_OUTER_BOUND('',#1369,.T.);
#786=FACE_OUTER_BOUND('',#1370,.T.);
#787=FACE_OUTER_BOUND('',#1371,.T.);
#788=FACE_OUTER_BOUND('',#1372,.T.);
#789=FACE_OUTER_BOUND('',#1373,.T.);
#790=FACE_OUTER_BOUND('',#1374,.T.);
#791=FACE_OUTER_BOUND('',#1375,.T.);
#792=FACE_OUTER_BOUND('',#1376,.T.);
#793=FACE_OUTER_BOUND('',#1377,.T.);
#794=FACE_OUTER_BOUND('',#1378,.T.);
#795=FACE_OUTER_BOUND('',#1379,.T.);
#796=FACE_OUTER_BOUND('',#1380,.T.);
#797=FACE_OUTER_BOUND('',#1381,.T.);
#798=FACE_OUTER_BOUND('',#1382,.T.);
#799=FACE_OUTER_BOUND('',#1383,.T.);
#800=FACE_OUTER_BOUND('',#1384,.T.);
#801=FACE_OUTER_BOUND('',#1385,.T.);
#802=FACE_OUTER_BOUND('',#1386,.T.);
#803=FACE_OUTER_BOUND('',#1387,.T.);
#804=FACE_OUTER_BOUND('',#1388,.T.);
#805=FACE_OUTER_BOUND('',#1389,.T.);
#806=FACE_OUTER_BOUND('',#1390,.T.);
#807=FACE_OUTER_BOUND('',#1391,.T.);
#808=FACE_OUTER_BOUND('',#1392,.T.);
#809=FACE_OUTER_BOUND('',#1393,.T.);
#810=FACE_OUTER_BOUND('',#1394,.T.);
#811=FACE_OUTER_BOUND('',#1395,.T.);
#812=FACE_OUTER_BOUND('',#1396,.T.);
#813=FACE_OUTER_BOUND('',#1397,.T.);
#814=FACE_OUTER_BOUND('',#1398,.T.);
#815=FACE_OUTER_BOUND('',#1399,.T.);
#816=FACE_OUTER_BOUND('',#1400,.T.);
#817=FACE_OUTER_BOUND('',#1401,.T.);
#818=FACE_OUTER_BOUND('',#1402,.T.);
#819=FACE_OUTER_BOUND('',#1403,.T.);
#820=FACE_OUTER_BOUND('',#1404,.T.);
#821=FACE_OUTER_BOUND('',#1405,.T.);
#822=FACE_OUTER_BOUND('',#1406,.T.);
#823=FACE_OUTER_BOUND('',#1407,.T.);
#824=FACE_OUTER_BOUND('',#1408,.T.);
#825=FACE_OUTER_BOUND('',#1409,.T.);
#826=FACE_OUTER_BOUND('',#1410,.T.);
#827=FACE_OUTER_BOUND('',#1411,.T.);
#828=FACE_OUTER_BOUND('',#1412,.T.);
#829=FACE_OUTER_BOUND('',#1413,.T.);
#830=FACE_OUTER_BOUND('',#1414,.T.);
#831=FACE_OUTER_BOUND('',#1415,.T.);
#832=FACE_OUTER_BOUND('',#1416,.T.);
#833=FACE_OUTER_BOUND('',#1417,.T.);
#834=FACE_OUTER_BOUND('',#1418,.T.);
#835=FACE_OUTER_BOUND('',#1419,.T.);
#836=FACE_OUTER_BOUND('',#1420,.T.);
#837=FACE_OUTER_BOUND('',#1421,.T.);
#838=FACE_OUTER_BOUND('',#1422,.T.);
#839=FACE_OUTER_BOUND('',#1423,.T.);
#840=FACE_OUTER_BOUND('',#1424,.T.);
#841=FACE_OUTER_BOUND('',#1425,.T.);
#842=FACE_OUTER_BOUND('',#1426,.T.);
#843=FACE_OUTER_BOUND('',#1427,.T.);
#844=FACE_OUTER_BOUND('',#1428,.T.);
#845=FACE_OUTER_BOUND('',#1429,.T.);
#846=FACE_OUTER_BOUND('',#1430,.T.);
#847=FACE_OUTER_BOUND('',#1431,.T.);
#848=FACE_OUTER_BOUND('',#1432,.T.);
#849=FACE_OUTER_BOUND('',#1433,.T.);
#850=FACE_OUTER_BOUND('',#1434,.T.);
#851=FACE_OUTER_BOUND('',#1435,.T.);
#852=FACE_OUTER_BOUND('',#1436,.T.);
#853=FACE_OUTER_BOUND('',#1437,.T.);
#854=FACE_OUTER_BOUND('',#1438,.T.);
#855=FACE_OUTER_BOUND('',#1439,.T.);
#856=FACE_OUTER_BOUND('',#1440,.T.);
#857=FACE_OUTER_BOUND('',#1441,.T.);
#858=FACE_OUTER_BOUND('',#1442,.T.);
#859=FACE_OUTER_BOUND('',#1443,.T.);
#860=FACE_OUTER_BOUND('',#1444,.T.);
#861=FACE_OUTER_BOUND('',#1445,.T.);
#862=FACE_OUTER_BOUND('',#1446,.T.);
#863=FACE_OUTER_BOUND('',#1447,.T.);
#864=FACE_OUTER_BOUND('',#1448,.T.);
#865=FACE_OUTER_BOUND('',#1449,.T.);
#866=FACE_OUTER_BOUND('',#1450,.T.);
#867=FACE_OUTER_BOUND('',#1451,.T.);
#868=FACE_OUTER_BOUND('',#1452,.T.);
#869=FACE_OUTER_BOUND('',#1453,.T.);
#870=FACE_OUTER_BOUND('',#1454,.T.);
#871=FACE_OUTER_BOUND('',#1455,.T.);
#872=FACE_OUTER_BOUND('',#1456,.T.);
#873=FACE_OUTER_BOUND('',#1457,.T.);
#874=FACE_OUTER_BOUND('',#1458,.T.);
#875=FACE_OUTER_BOUND('',#1459,.T.);
#876=FACE_OUTER_BOUND('',#1460,.T.);
#877=FACE_OUTER_BOUND('',#1461,.T.);
#878=FACE_OUTER_BOUND('',#1462,.T.);
#879=FACE_OUTER_BOUND('',#1463,.T.);
#880=FACE_OUTER_BOUND('',#1464,.T.);
#881=FACE_OUTER_BOUND('',#1465,.T.);
#882=FACE_OUTER_BOUND('',#1466,.T.);
#883=FACE_OUTER_BOUND('',#1467,.T.);
#884=FACE_OUTER_BOUND('',#1468,.T.);
#885=FACE_OUTER_BOUND('',#1469,.T.);
#886=FACE_OUTER_BOUND('',#1470,.T.);
#887=FACE_OUTER_BOUND('',#1471,.T.);
#888=FACE_OUTER_BOUND('',#1472,.T.);
#889=FACE_OUTER_BOUND('',#1473,.T.);
#890=FACE_OUTER_BOUND('',#1474,.T.);
#891=FACE_OUTER_BOUND('',#1475,.T.);
#892=FACE_OUTER_BOUND('',#1476,.T.);
#893=FACE_OUTER_BOUND('',#1477,.T.);
#894=FACE_OUTER_BOUND('',#1478,.T.);
#895=FACE_OUTER_BOUND('',#1479,.T.);
#896=FACE_OUTER_BOUND('',#1480,.T.);
#897=FACE_OUTER_BOUND('',#1481,.T.);
#898=FACE_OUTER_BOUND('',#1482,.T.);
#899=FACE_OUTER_BOUND('',#1483,.T.);
#900=FACE_OUTER_BOUND('',#1484,.T.);
#901=FACE_OUTER_BOUND('',#1485,.T.);
#902=FACE_OUTER_BOUND('',#1486,.T.);
#903=FACE_OUTER_BOUND('',#1487,.T.);
#904=FACE_OUTER_BOUND('',#1488,.T.);
#905=FACE_OUTER_BOUND('',#1489,.T.);
#906=FACE_OUTER_BOUND('',#1490,.T.);
#907=FACE_OUTER_BOUND('',#1491,.T.);
#908=FACE_OUTER_BOUND('',#1492,.T.);
#909=FACE_OUTER_BOUND('',#1493,.T.);
#910=FACE_OUTER_BOUND('',#1494,.T.);
#911=FACE_OUTER_BOUND('',#1495,.T.);
#912=FACE_OUTER_BOUND('',#1496,.T.);
#913=FACE_OUTER_BOUND('',#1497,.T.);
#914=FACE_OUTER_BOUND('',#1498,.T.);
#915=FACE_OUTER_BOUND('',#1499,.T.);
#916=FACE_OUTER_BOUND('',#1500,.T.);
#917=FACE_OUTER_BOUND('',#1501,.T.);
#918=FACE_OUTER_BOUND('',#1502,.T.);
#919=FACE_OUTER_BOUND('',#1503,.T.);
#920=FACE_OUTER_BOUND('',#1504,.T.);
#921=FACE_OUTER_BOUND('',#1505,.T.);
#922=FACE_OUTER_BOUND('',#1506,.T.);
#923=FACE_OUTER_BOUND('',#1507,.T.);
#924=FACE_OUTER_BOUND('',#1508,.T.);
#925=FACE_OUTER_BOUND('',#1509,.T.);
#926=FACE_OUTER_BOUND('',#1510,.T.);
#927=FACE_OUTER_BOUND('',#1511,.T.);
#928=FACE_OUTER_BOUND('',#1512,.T.);
#929=FACE_OUTER_BOUND('',#1513,.T.);
#930=FACE_OUTER_BOUND('',#1514,.T.);
#931=FACE_OUTER_BOUND('',#1515,.T.);
#932=FACE_OUTER_BOUND('',#1516,.T.);
#933=FACE_OUTER_BOUND('',#1517,.T.);
#934=FACE_OUTER_BOUND('',#1518,.T.);
#935=FACE_OUTER_BOUND('',#1519,.T.);
#936=FACE_OUTER_BOUND('',#1520,.T.);
#937=FACE_OUTER_BOUND('',#1521,.T.);
#938=FACE_OUTER_BOUND('',#1522,.T.);
#939=FACE_OUTER_BOUND('',#1523,.T.);
#940=FACE_OUTER_BOUND('',#1524,.T.);
#941=FACE_OUTER_BOUND('',#1525,.T.);
#942=FACE_OUTER_BOUND('',#1526,.T.);
#943=FACE_OUTER_BOUND('',#1527,.T.);
#944=FACE_OUTER_BOUND('',#1528,.T.);
#945=FACE_OUTER_BOUND('',#1529,.T.);
#946=FACE_OUTER_BOUND('',#1530,.T.);
#947=FACE_OUTER_BOUND('',#1531,.T.);
#948=FACE_OUTER_BOUND('',#1532,.T.);
#949=FACE_OUTER_BOUND('',#1533,.T.);
#950=FACE_OUTER_BOUND('',#1534,.T.);
#951=FACE_OUTER_BOUND('',#1535,.T.);
#952=FACE_OUTER_BOUND('',#1536,.T.);
#953=FACE_OUTER_BOUND('',#1537,.T.);
#954=FACE_OUTER_BOUND('',#1538,.T.);
#955=FACE_OUTER_BOUND('',#1539,.T.);
#956=FACE_OUTER_BOUND('',#1540,.T.);
#957=FACE_OUTER_BOUND('',#1541,.T.);
#958=FACE_OUTER_BOUND('',#1542,.T.);
#959=FACE_OUTER_BOUND('',#1543,.T.);
#960=FACE_OUTER_BOUND('',#1544,.T.);
#961=FACE_OUTER_BOUND('',#1545,.T.);
#962=FACE_OUTER_BOUND('',#1546,.T.);
#963=FACE_OUTER_BOUND('',#1547,.T.);
#964=FACE_OUTER_BOUND('',#1548,.T.);
#965=FACE_OUTER_BOUND('',#1549,.T.);
#966=FACE_OUTER_BOUND('',#1550,.T.);
#967=FACE_OUTER_BOUND('',#1551,.T.);
#968=FACE_OUTER_BOUND('',#1552,.T.);
#969=FACE_OUTER_BOUND('',#1553,.T.);
#970=FACE_OUTER_BOUND('',#1554,.T.);
#971=FACE_OUTER_BOUND('',#1555,.T.);
#972=FACE_OUTER_BOUND('',#1556,.T.);
#973=FACE_OUTER_BOUND('',#1557,.T.);
#974=FACE_OUTER_BOUND('',#1558,.T.);
#975=FACE_OUTER_BOUND('',#1559,.T.);
#976=FACE_OUTER_BOUND('',#1560,.T.);
#977=FACE_OUTER_BOUND('',#1561,.T.);
#978=FACE_OUTER_BOUND('',#1562,.T.);
#979=FACE_OUTER_BOUND('',#1563,.T.);
#980=FACE_OUTER_BOUND('',#1564,.T.);
#981=FACE_OUTER_BOUND('',#1565,.T.);
#982=FACE_OUTER_BOUND('',#1566,.T.);
#983=FACE_OUTER_BOUND('',#1567,.T.);
#984=FACE_OUTER_BOUND('',#1568,.T.);
#985=FACE_OUTER_BOUND('',#1569,.T.);
#986=FACE_OUTER_BOUND('',#1570,.T.);
#987=FACE_OUTER_BOUND('',#1571,.T.);
#988=FACE_OUTER_BOUND('',#1572,.T.);
#989=FACE_OUTER_BOUND('',#1573,.T.);
#990=FACE_OUTER_BOUND('',#1574,.T.);
#991=FACE_OUTER_BOUND('',#1575,.T.);
#992=FACE_OUTER_BOUND('',#1576,.T.);
#993=FACE_OUTER_BOUND('',#1577,.T.);
#994=FACE_OUTER_BOUND('',#1578,.T.);
#995=FACE_OUTER_BOUND('',#1579,.T.);
#996=FACE_OUTER_BOUND('',#1580,.T.);
#997=FACE_OUTER_BOUND('',#1581,.T.);
#998=FACE_OUTER_BOUND('',#1582,.T.);
#999=FACE_OUTER_BOUND('',#1583,.T.);
#1000=FACE_OUTER_BOUND('',#1584,.T.);
#1001=FACE_OUTER_BOUND('',#1585,.T.);
#1002=FACE_OUTER_BOUND('',#1586,.T.);
#1003=FACE_OUTER_BOUND('',#1587,.T.);
#1004=FACE_OUTER_BOUND('',#1588,.T.);
#1005=FACE_OUTER_BOUND('',#1589,.T.);
#1006=FACE_OUTER_BOUND('',#1590,.T.);
#1007=FACE_OUTER_BOUND('',#1591,.T.);
#1008=FACE_OUTER_BOUND('',#1592,.T.);
#1009=FACE_OUTER_BOUND('',#1593,.T.);
#1010=FACE_OUTER_BOUND('',#1594,.T.);
#1011=FACE_OUTER_BOUND('',#1595,.T.);
#1012=FACE_OUTER_BOUND('',#1596,.T.);
#1013=FACE_OUTER_BOUND('',#1597,.T.);
#1014=FACE_OUTER_BOUND('',#1598,.T.);
#1015=FACE_OUTER_BOUND('',#1599,.T.);
#1016=FACE_OUTER_BOUND('',#1600,.T.);
#1017=FACE_OUTER_BOUND('',#1601,.T.);
#1018=FACE_OUTER_BOUND('',#1602,.T.);
#1019=FACE_OUTER_BOUND('',#1603,.T.);
#1020=FACE_OUTER_BOUND('',#1604,.T.);
#1021=FACE_OUTER_BOUND('',#1605,.T.);
#1022=FACE_OUTER_BOUND('',#1606,.T.);
#1023=FACE_OUTER_BOUND('',#1607,.T.);
#1024=FACE_OUTER_BOUND('',#1608,.T.);
#1025=FACE_OUTER_BOUND('',#1609,.T.);
#1026=FACE_OUTER_BOUND('',#1610,.T.);
#1027=FACE_OUTER_BOUND('',#1611,.T.);
#1028=FACE_OUTER_BOUND('',#1612,.T.);
#1029=FACE_OUTER_BOUND('',#1613,.T.);
#1030=FACE_OUTER_BOUND('',#1614,.T.);
#1031=FACE_OUTER_BOUND('',#1615,.T.);
#1032=FACE_OUTER_BOUND('',#1616,.T.);
#1033=FACE_OUTER_BOUND('',#1617,.T.);
#1034=FACE_OUTER_BOUND('',#1618,.T.);
#1035=FACE_OUTER_BOUND('',#1619,.T.);
#1036=FACE_OUTER_BOUND('',#1620,.T.);
#1037=FACE_OUTER_BOUND('',#1621,.T.);
#1038=FACE_OUTER_BOUND('',#1622,.T.);
#1039=FACE_OUTER_BOUND('',#1623,.T.);
#1040=FACE_OUTER_BOUND('',#1624,.T.);
#1041=FACE_OUTER_BOUND('',#1625,.T.);
#1042=FACE_OUTER_BOUND('',#1626,.T.);
#1043=FACE_OUTER_BOUND('',#1627,.T.);
#1044=FACE_OUTER_BOUND('',#1628,.T.);
#1045=FACE_OUTER_BOUND('',#1629,.T.);
#1046=FACE_OUTER_BOUND('',#1630,.T.);
#1047=FACE_OUTER_BOUND('',#1631,.T.);
#1048=FACE_OUTER_BOUND('',#1632,.T.);
#1049=FACE_OUTER_BOUND('',#1633,.T.);
#1050=FACE_OUTER_BOUND('',#1634,.T.);
#1051=FACE_OUTER_BOUND('',#1635,.T.);
#1052=FACE_OUTER_BOUND('',#1636,.T.);
#1053=FACE_OUTER_BOUND('',#1637,.T.);
#1054=FACE_OUTER_BOUND('',#1638,.T.);
#1055=FACE_OUTER_BOUND('',#1639,.T.);
#1056=FACE_OUTER_BOUND('',#1640,.T.);
#1057=FACE_OUTER_BOUND('',#1641,.T.);
#1058=FACE_OUTER_BOUND('',#1642,.T.);
#1059=FACE_OUTER_BOUND('',#1643,.T.);
#1060=FACE_OUTER_BOUND('',#1644,.T.);
#1061=FACE_OUTER_BOUND('',#1645,.T.);
#1062=FACE_OUTER_BOUND('',#1646,.T.);
#1063=FACE_OUTER_BOUND('',#1647,.T.);
#1064=FACE_OUTER_BOUND('',#1648,.T.);
#1065=FACE_OUTER_BOUND('',#1649,.T.);
#1066=FACE_OUTER_BOUND('',#1650,.T.);
#1067=FACE_OUTER_BOUND('',#1651,.T.);
#1068=FACE_OUTER_BOUND('',#1652,.T.);
#1069=FACE_OUTER_BOUND('',#1653,.T.);
#1070=FACE_OUTER_BOUND('',#1654,.T.);
#1071=FACE_OUTER_BOUND('',#1655,.T.);
#1072=FACE_OUTER_BOUND('',#1656,.T.);
#1073=FACE_OUTER_BOUND('',#1657,.T.);
#1074=FACE_OUTER_BOUND('',#1658,.T.);
#1075=FACE_OUTER_BOUND('',#1659,.T.);
#1076=FACE_OUTER_BOUND('',#1660,.T.);
#1077=FACE_OUTER_BOUND('',#1661,.T.);
#1078=FACE_OUTER_BOUND('',#1662,.T.);
#1079=FACE_OUTER_BOUND('',#1663,.T.);
#1080=FACE_OUTER_BOUND('',#1664,.T.);
#1081=FACE_OUTER_BOUND('',#1665,.T.);
#1082=FACE_OUTER_BOUND('',#1666,.T.);
#1083=FACE_OUTER_BOUND('',#1667,.T.);
#1084=FACE_OUTER_BOUND('',#1668,.T.);
#1085=FACE_OUTER_BOUND('',#1669,.T.);
#1086=FACE_OUTER_BOUND('',#1670,.T.);
#1087=FACE_OUTER_BOUND('',#1671,.T.);
#1088=FACE_OUTER_BOUND('',#1672,.T.);
#1089=FACE_OUTER_BOUND('',#1673,.T.);
#1090=FACE_OUTER_BOUND('',#1674,.T.);
#1091=FACE_OUTER_BOUND('',#1675,.T.);
#1092=FACE_OUTER_BOUND('',#1676,.T.);
#1093=FACE_OUTER_BOUND('',#1677,.T.);
#1094=FACE_OUTER_BOUND('',#1678,.T.);
#1095=FACE_OUTER_BOUND('',#1679,.T.);
#1096=FACE_OUTER_BOUND('',#1680,.T.);
#1097=FACE_OUTER_BOUND('',#1681,.T.);
#1098=FACE_OUTER_BOUND('',#1682,.T.);
#1099=FACE_OUTER_BOUND('',#1683,.T.);
#1100=FACE_OUTER_BOUND('',#1684,.T.);
#1101=FACE_OUTER_BOUND('',#1685,.T.);
#1102=FACE_OUTER_BOUND('',#1686,.T.);
#1103=FACE_OUTER_BOUND('',#1687,.T.);
#1104=FACE_OUTER_BOUND('',#1688,.T.);
#1105=FACE_OUTER_BOUND('',#1689,.T.);
#1106=FACE_OUTER_BOUND('',#1690,.T.);
#1107=FACE_OUTER_BOUND('',#1691,.T.);
#1108=FACE_OUTER_BOUND('',#1692,.T.);
#1109=FACE_OUTER_BOUND('',#1693,.T.);
#1110=FACE_OUTER_BOUND('',#1694,.T.);
#1111=FACE_OUTER_BOUND('',#1695,.T.);
#1112=FACE_OUTER_BOUND('',#1696,.T.);
#1113=FACE_OUTER_BOUND('',#1697,.T.);
#1114=FACE_OUTER_BOUND('',#1698,.T.);
#1115=FACE_OUTER_BOUND('',#1699,.T.);
#1116=FACE_OUTER_BOUND('',#1700,.T.);
#1117=FACE_OUTER_BOUND('',#1701,.T.);
#1118=FACE_OUTER_BOUND('',#1702,.T.);
#1119=FACE_OUTER_BOUND('',#1703,.T.);
#1120=FACE_OUTER_BOUND('',#1704,.T.);
#1121=FACE_OUTER_BOUND('',#1705,.T.);
#1122=FACE_OUTER_BOUND('',#1706,.T.);
#1123=FACE_OUTER_BOUND('',#1707,.T.);
#1124=FACE_OUTER_BOUND('',#1708,.T.);
#1125=FACE_OUTER_BOUND('',#1709,.T.);
#1126=FACE_OUTER_BOUND('',#1710,.T.);
#1127=FACE_OUTER_BOUND('',#1711,.T.);
#1128=FACE_OUTER_BOUND('',#1712,.T.);
#1129=FACE_OUTER_BOUND('',#1713,.T.);
#1130=FACE_OUTER_BOUND('',#1714,.T.);
#1131=FACE_OUTER_BOUND('',#1715,.T.);
#1132=FACE_OUTER_BOUND('',#1716,.T.);
#1133=FACE_OUTER_BOUND('',#1717,.T.);
#1134=FACE_OUTER_BOUND('',#1718,.T.);
#1135=FACE_OUTER_BOUND('',#1719,.T.);
#1136=FACE_OUTER_BOUND('',#1720,.T.);
#1137=FACE_OUTER_BOUND('',#1721,.T.);
#1138=FACE_OUTER_BOUND('',#1722,.T.);
#1139=FACE_OUTER_BOUND('',#1723,.T.);
#1140=FACE_OUTER_BOUND('',#1724,.T.);
#1141=FACE_OUTER_BOUND('',#1725,.T.);
#1142=FACE_OUTER_BOUND('',#1726,.T.);
#1143=FACE_OUTER_BOUND('',#1727,.T.);
#1144=FACE_OUTER_BOUND('',#1728,.T.);
#1145=FACE_OUTER_BOUND('',#1729,.T.);
#1146=FACE_OUTER_BOUND('',#1730,.T.);
#1147=FACE_OUTER_BOUND('',#1731,.T.);
#1148=FACE_OUTER_BOUND('',#1732,.T.);
#1149=FACE_OUTER_BOUND('',#1733,.T.);
#1150=FACE_OUTER_BOUND('',#1734,.T.);
#1151=FACE_OUTER_BOUND('',#1735,.T.);
#1152=FACE_OUTER_BOUND('',#1736,.T.);
#1153=FACE_OUTER_BOUND('',#1737,.T.);
#1154=FACE_OUTER_BOUND('',#1738,.T.);
#1155=FACE_OUTER_BOUND('',#1739,.T.);
#1156=FACE_OUTER_BOUND('',#1740,.T.);
#1157=FACE_OUTER_BOUND('',#1741,.T.);
#1158=FACE_OUTER_BOUND('',#1742,.T.);
#1159=FACE_OUTER_BOUND('',#1743,.T.);
#1160=FACE_OUTER_BOUND('',#1744,.T.);
#1161=FACE_OUTER_BOUND('',#1745,.T.);
#1162=FACE_OUTER_BOUND('',#1746,.T.);
#1163=FACE_OUTER_BOUND('',#1747,.T.);
#1164=FACE_OUTER_BOUND('',#1748,.T.);
#1165=FACE_OUTER_BOUND('',#1749,.T.);
#1166=FACE_OUTER_BOUND('',#1750,.T.);
#1167=FACE_OUTER_BOUND('',#1751,.T.);
#1168=FACE_OUTER_BOUND('',#1752,.T.);
#1169=FACE_OUTER_BOUND('',#1753,.T.);
#1170=FACE_OUTER_BOUND('',#1754,.T.);
#1171=FACE_OUTER_BOUND('',#1755,.T.);
#1172=FACE_OUTER_BOUND('',#1756,.T.);
#1173=FACE_OUTER_BOUND('',#1757,.T.);
#1174=FACE_OUTER_BOUND('',#1758,.T.);
#1175=FACE_OUTER_BOUND('',#1759,.T.);
#1176=FACE_OUTER_BOUND('',#1760,.T.);
#1177=FACE_OUTER_BOUND('',#1761,.T.);
#1178=FACE_OUTER_BOUND('',#1762,.T.);
#1179=FACE_OUTER_BOUND('',#1763,.T.);
#1180=FACE_OUTER_BOUND('',#1764,.T.);
#1181=FACE_OUTER_BOUND('',#1765,.T.);
#1182=FACE_OUTER_BOUND('',#1766,.T.);
#1183=FACE_OUTER_BOUND('',#1767,.T.);
#1184=FACE_OUTER_BOUND('',#1768,.T.);
#1185=FACE_OUTER_BOUND('',#1769,.T.);
#1186=FACE_OUTER_BOUND('',#1770,.T.);
#1187=FACE_OUTER_BOUND('',#1771,.T.);
#1188=FACE_OUTER_BOUND('',#1772,.T.);
#1189=FACE_OUTER_BOUND('',#1773,.T.);
#1190=FACE_OUTER_BOUND('',#1774,.T.);
#1191=FACE_OUTER_BOUND('',#1775,.T.);
#1192=FACE_OUTER_BOUND('',#1776,.T.);
#1193=FACE_OUTER_BOUND('',#1777,.T.);
#1194=FACE_OUTER_BOUND('',#1778,.T.);
#1195=FACE_OUTER_BOUND('',#1779,.T.);
#1196=FACE_OUTER_BOUND('',#1780,.T.);
#1197=FACE_OUTER_BOUND('',#1781,.T.);
#1198=FACE_OUTER_BOUND('',#1782,.T.);
#1199=FACE_OUTER_BOUND('',#1783,.T.);
#1200=FACE_OUTER_BOUND('',#1784,.T.);
#1201=FACE_OUTER_BOUND('',#1785,.T.);
#1202=FACE_OUTER_BOUND('',#1786,.T.);
#1203=FACE_OUTER_BOUND('',#1787,.T.);
#1204=FACE_OUTER_BOUND('',#1788,.T.);
#1205=FACE_OUTER_BOUND('',#1789,.T.);
#1206=FACE_OUTER_BOUND('',#1790,.T.);
#1207=FACE_OUTER_BOUND('',#1791,.T.);
#1208=FACE_OUTER_BOUND('',#1792,.T.);
#1209=FACE_OUTER_BOUND('',#1793,.T.);
#1210=FACE_OUTER_BOUND('',#1794,.T.);
#1211=FACE_OUTER_BOUND('',#1795,.T.);
#1212=FACE_OUTER_BOUND('',#1796,.T.);
#1213=FACE_OUTER_BOUND('',#1797,.T.);
#1214=FACE_OUTER_BOUND('',#1798,.T.);
#1215=FACE_OUTER_BOUND('',#1799,.T.);
#1216=FACE_OUTER_BOUND('',#1800,.T.);
#1217=FACE_OUTER_BOUND('',#1801,.T.);
#1218=FACE_OUTER_BOUND('',#1802,.T.);
#1219=FACE_OUTER_BOUND('',#1803,.T.);
#1220=FACE_OUTER_BOUND('',#1804,.T.);
#1221=FACE_OUTER_BOUND('',#1805,.T.);
#1222=FACE_OUTER_BOUND('',#1806,.T.);
#1223=FACE_OUTER_BOUND('',#1807,.T.);
#1224=FACE_OUTER_BOUND('',#1808,.T.);
#1225=FACE_OUTER_BOUND('',#1809,.T.);
#1226=FACE_OUTER_BOUND('',#1810,.T.);
#1227=FACE_OUTER_BOUND('',#1811,.T.);
#1228=FACE_OUTER_BOUND('',#1812,.T.);
#1229=FACE_OUTER_BOUND('',#1813,.T.);
#1230=FACE_OUTER_BOUND('',#1814,.T.);
#1231=FACE_OUTER_BOUND('',#1815,.T.);
#1232=FACE_OUTER_BOUND('',#1816,.T.);
#1233=FACE_OUTER_BOUND('',#1817,.T.);
#1234=FACE_OUTER_BOUND('',#1818,.T.);
#1235=EDGE_LOOP('',(#5723,#5724,#5725,#5726));
#1236=EDGE_LOOP('',(#5727,#5728,#5729,#5730));
#1237=EDGE_LOOP('',(#5731,#5732,#5733,#5734));
#1238=EDGE_LOOP('',(#5735,#5736,#5737,#5738));
#1239=EDGE_LOOP('',(#5739,#5740,#5741,#5742));
#1240=EDGE_LOOP('',(#5743,#5744,#5745,#5746));
#1241=EDGE_LOOP('',(#5747,#5748,#5749,#5750));
#1242=EDGE_LOOP('',(#5751,#5752,#5753,#5754));
#1243=EDGE_LOOP('',(#5755,#5756,#5757,#5758));
#1244=EDGE_LOOP('',(#5759,#5760,#5761,#5762));
#1245=EDGE_LOOP('',(#5763,#5764,#5765,#5766));
#1246=EDGE_LOOP('',(#5767,#5768,#5769,#5770));
#1247=EDGE_LOOP('',(#5771,#5772,#5773,#5774));
#1248=EDGE_LOOP('',(#5775,#5776,#5777,#5778));
#1249=EDGE_LOOP('',(#5779,#5780,#5781,#5782));
#1250=EDGE_LOOP('',(#5783,#5784,#5785,#5786));
#1251=EDGE_LOOP('',(#5787,#5788,#5789,#5790));
#1252=EDGE_LOOP('',(#5791,#5792,#5793,#5794));
#1253=EDGE_LOOP('',(#5795,#5796,#5797,#5798));
#1254=EDGE_LOOP('',(#5799,#5800,#5801));
#1255=EDGE_LOOP('',(#5802,#5803,#5804));
#1256=EDGE_LOOP('',(#5805,#5806,#5807));
#1257=EDGE_LOOP('',(#5808,#5809,#5810));
#1258=EDGE_LOOP('',(#5811,#5812,#5813,#5814));
#1259=EDGE_LOOP('',(#5815,#5816,#5817,#5818));
#1260=EDGE_LOOP('',(#5819,#5820,#5821,#5822));
#1261=EDGE_LOOP('',(#5823,#5824,#5825,#5826));
#1262=EDGE_LOOP('',(#5827,#5828,#5829,#5830));
#1263=EDGE_LOOP('',(#5831,#5832,#5833,#5834));
#1264=EDGE_LOOP('',(#5835,#5836,#5837,#5838));
#1265=EDGE_LOOP('',(#5839,#5840,#5841,#5842));
#1266=EDGE_LOOP('',(#5843,#5844,#5845,#5846));
#1267=EDGE_LOOP('',(#5847,#5848,#5849,#5850));
#1268=EDGE_LOOP('',(#5851,#5852,#5853,#5854));
#1269=EDGE_LOOP('',(#5855,#5856,#5857,#5858));
#1270=EDGE_LOOP('',(#5859,#5860,#5861,#5862));
#1271=EDGE_LOOP('',(#5863,#5864,#5865,#5866));
#1272=EDGE_LOOP('',(#5867,#5868,#5869,#5870));
#1273=EDGE_LOOP('',(#5871,#5872,#5873,#5874));
#1274=EDGE_LOOP('',(#5875,#5876,#5877,#5878));
#1275=EDGE_LOOP('',(#5879,#5880,#5881,#5882));
#1276=EDGE_LOOP('',(#5883,#5884,#5885,#5886));
#1277=EDGE_LOOP('',(#5887,#5888,#5889,#5890));
#1278=EDGE_LOOP('',(#5891,#5892,#5893,#5894));
#1279=EDGE_LOOP('',(#5895,#5896,#5897,#5898));
#1280=EDGE_LOOP('',(#5899,#5900,#5901,#5902));
#1281=EDGE_LOOP('',(#5903,#5904,#5905,#5906));
#1282=EDGE_LOOP('',(#5907,#5908,#5909,#5910));
#1283=EDGE_LOOP('',(#5911,#5912,#5913,#5914));
#1284=EDGE_LOOP('',(#5915,#5916,#5917,#5918));
#1285=EDGE_LOOP('',(#5919,#5920,#5921,#5922));
#1286=EDGE_LOOP('',(#5923,#5924,#5925,#5926));
#1287=EDGE_LOOP('',(#5927,#5928,#5929,#5930));
#1288=EDGE_LOOP('',(#5931,#5932,#5933,#5934));
#1289=EDGE_LOOP('',(#5935,#5936,#5937,#5938));
#1290=EDGE_LOOP('',(#5939,#5940,#5941,#5942));
#1291=EDGE_LOOP('',(#5943,#5944,#5945,#5946));
#1292=EDGE_LOOP('',(#5947,#5948,#5949,#5950));
#1293=EDGE_LOOP('',(#5951,#5952,#5953,#5954));
#1294=EDGE_LOOP('',(#5955,#5956,#5957,#5958));
#1295=EDGE_LOOP('',(#5959,#5960,#5961,#5962));
#1296=EDGE_LOOP('',(#5963,#5964,#5965,#5966));
#1297=EDGE_LOOP('',(#5967,#5968,#5969));
#1298=EDGE_LOOP('',(#5970,#5971,#5972));
#1299=EDGE_LOOP('',(#5973,#5974,#5975));
#1300=EDGE_LOOP('',(#5976,#5977,#5978));
#1301=EDGE_LOOP('',(#5979,#5980,#5981,#5982));
#1302=EDGE_LOOP('',(#5983,#5984,#5985,#5986));
#1303=EDGE_LOOP('',(#5987,#5988,#5989,#5990));
#1304=EDGE_LOOP('',(#5991,#5992,#5993,#5994));
#1305=EDGE_LOOP('',(#5995,#5996,#5997,#5998));
#1306=EDGE_LOOP('',(#5999,#6000,#6001,#6002));
#1307=EDGE_LOOP('',(#6003,#6004,#6005,#6006));
#1308=EDGE_LOOP('',(#6007,#6008,#6009,#6010));
#1309=EDGE_LOOP('',(#6011,#6012,#6013,#6014));
#1310=EDGE_LOOP('',(#6015,#6016,#6017,#6018));
#1311=EDGE_LOOP('',(#6019,#6020,#6021,#6022));
#1312=EDGE_LOOP('',(#6023,#6024,#6025,#6026));
#1313=EDGE_LOOP('',(#6027,#6028,#6029,#6030));
#1314=EDGE_LOOP('',(#6031,#6032,#6033,#6034));
#1315=EDGE_LOOP('',(#6035,#6036,#6037,#6038));
#1316=EDGE_LOOP('',(#6039,#6040,#6041,#6042));
#1317=EDGE_LOOP('',(#6043,#6044,#6045,#6046));
#1318=EDGE_LOOP('',(#6047,#6048,#6049,#6050));
#1319=EDGE_LOOP('',(#6051,#6052,#6053,#6054));
#1320=EDGE_LOOP('',(#6055,#6056,#6057,#6058));
#1321=EDGE_LOOP('',(#6059,#6060,#6061,#6062));
#1322=EDGE_LOOP('',(#6063,#6064,#6065,#6066));
#1323=EDGE_LOOP('',(#6067,#6068,#6069,#6070));
#1324=EDGE_LOOP('',(#6071,#6072,#6073,#6074));
#1325=EDGE_LOOP('',(#6075,#6076,#6077));
#1326=EDGE_LOOP('',(#6078,#6079,#6080));
#1327=EDGE_LOOP('',(#6081,#6082,#6083));
#1328=EDGE_LOOP('',(#6084,#6085,#6086));
#1329=EDGE_LOOP('',(#6087,#6088,#6089,#6090));
#1330=EDGE_LOOP('',(#6091,#6092,#6093,#6094));
#1331=EDGE_LOOP('',(#6095,#6096,#6097,#6098));
#1332=EDGE_LOOP('',(#6099,#6100,#6101,#6102));
#1333=EDGE_LOOP('',(#6103,#6104,#6105,#6106));
#1334=EDGE_LOOP('',(#6107,#6108,#6109,#6110));
#1335=EDGE_LOOP('',(#6111,#6112,#6113,#6114));
#1336=EDGE_LOOP('',(#6115,#6116,#6117,#6118));
#1337=EDGE_LOOP('',(#6119,#6120,#6121,#6122));
#1338=EDGE_LOOP('',(#6123,#6124,#6125,#6126));
#1339=EDGE_LOOP('',(#6127,#6128,#6129,#6130));
#1340=EDGE_LOOP('',(#6131,#6132,#6133,#6134));
#1341=EDGE_LOOP('',(#6135,#6136,#6137,#6138));
#1342=EDGE_LOOP('',(#6139,#6140,#6141,#6142));
#1343=EDGE_LOOP('',(#6143,#6144,#6145,#6146));
#1344=EDGE_LOOP('',(#6147,#6148,#6149,#6150));
#1345=EDGE_LOOP('',(#6151,#6152,#6153,#6154));
#1346=EDGE_LOOP('',(#6155,#6156,#6157,#6158));
#1347=EDGE_LOOP('',(#6159,#6160,#6161,#6162));
#1348=EDGE_LOOP('',(#6163,#6164,#6165,#6166));
#1349=EDGE_LOOP('',(#6167,#6168,#6169,#6170));
#1350=EDGE_LOOP('',(#6171,#6172,#6173,#6174));
#1351=EDGE_LOOP('',(#6175,#6176,#6177,#6178));
#1352=EDGE_LOOP('',(#6179,#6180,#6181,#6182));
#1353=EDGE_LOOP('',(#6183,#6184,#6185,#6186));
#1354=EDGE_LOOP('',(#6187,#6188,#6189,#6190));
#1355=EDGE_LOOP('',(#6191,#6192,#6193,#6194));
#1356=EDGE_LOOP('',(#6195,#6196,#6197,#6198));
#1357=EDGE_LOOP('',(#6199,#6200,#6201,#6202));
#1358=EDGE_LOOP('',(#6203,#6204,#6205,#6206));
#1359=EDGE_LOOP('',(#6207,#6208,#6209,#6210));
#1360=EDGE_LOOP('',(#6211,#6212,#6213,#6214));
#1361=EDGE_LOOP('',(#6215,#6216,#6217,#6218));
#1362=EDGE_LOOP('',(#6219,#6220,#6221,#6222));
#1363=EDGE_LOOP('',(#6223,#6224,#6225,#6226));
#1364=EDGE_LOOP('',(#6227,#6228,#6229,#6230));
#1365=EDGE_LOOP('',(#6231,#6232,#6233,#6234));
#1366=EDGE_LOOP('',(#6235,#6236,#6237,#6238));
#1367=EDGE_LOOP('',(#6239,#6240,#6241,#6242));
#1368=EDGE_LOOP('',(#6243,#6244,#6245,#6246));
#1369=EDGE_LOOP('',(#6247,#6248,#6249,#6250));
#1370=EDGE_LOOP('',(#6251,#6252,#6253,#6254));
#1371=EDGE_LOOP('',(#6255,#6256,#6257));
#1372=EDGE_LOOP('',(#6258,#6259,#6260));
#1373=EDGE_LOOP('',(#6261,#6262,#6263));
#1374=EDGE_LOOP('',(#6264,#6265,#6266));
#1375=EDGE_LOOP('',(#6267,#6268,#6269,#6270));
#1376=EDGE_LOOP('',(#6271,#6272,#6273,#6274));
#1377=EDGE_LOOP('',(#6275,#6276,#6277,#6278));
#1378=EDGE_LOOP('',(#6279,#6280,#6281,#6282));
#1379=EDGE_LOOP('',(#6283,#6284,#6285,#6286,#6287,#6288,#6289,#6290,#6291,
#6292,#6293,#6294,#6295,#6296,#6297,#6298,#6299,#6300,#6301,#6302,#6303,
#6304,#6305,#6306,#6307,#6308,#6309,#6310,#6311,#6312,#6313,#6314,#6315,
#6316,#6317,#6318,#6319,#6320,#6321,#6322));
#1380=EDGE_LOOP('',(#6323,#6324,#6325,#6326,#6327,#6328,#6329,#6330,#6331,
#6332,#6333,#6334,#6335,#6336,#6337,#6338,#6339,#6340,#6341,#6342,#6343,
#6344,#6345,#6346,#6347,#6348,#6349,#6350,#6351,#6352,#6353,#6354,#6355,
#6356,#6357,#6358,#6359,#6360,#6361,#6362));
#1381=EDGE_LOOP('',(#6363,#6364,#6365,#6366));
#1382=EDGE_LOOP('',(#6367,#6368,#6369,#6370));
#1383=EDGE_LOOP('',(#6371,#6372,#6373,#6374));
#1384=EDGE_LOOP('',(#6375,#6376,#6377,#6378));
#1385=EDGE_LOOP('',(#6379,#6380,#6381,#6382));
#1386=EDGE_LOOP('',(#6383,#6384,#6385,#6386));
#1387=EDGE_LOOP('',(#6387,#6388,#6389,#6390));
#1388=EDGE_LOOP('',(#6391,#6392,#6393,#6394));
#1389=EDGE_LOOP('',(#6395,#6396,#6397,#6398));
#1390=EDGE_LOOP('',(#6399,#6400,#6401,#6402));
#1391=EDGE_LOOP('',(#6403,#6404,#6405,#6406));
#1392=EDGE_LOOP('',(#6407,#6408,#6409,#6410));
#1393=EDGE_LOOP('',(#6411,#6412,#6413,#6414));
#1394=EDGE_LOOP('',(#6415,#6416,#6417,#6418));
#1395=EDGE_LOOP('',(#6419,#6420,#6421,#6422));
#1396=EDGE_LOOP('',(#6423,#6424,#6425,#6426));
#1397=EDGE_LOOP('',(#6427,#6428,#6429,#6430));
#1398=EDGE_LOOP('',(#6431,#6432,#6433,#6434));
#1399=EDGE_LOOP('',(#6435,#6436,#6437,#6438));
#1400=EDGE_LOOP('',(#6439,#6440,#6441));
#1401=EDGE_LOOP('',(#6442,#6443,#6444));
#1402=EDGE_LOOP('',(#6445,#6446,#6447));
#1403=EDGE_LOOP('',(#6448,#6449,#6450));
#1404=EDGE_LOOP('',(#6451,#6452,#6453,#6454));
#1405=EDGE_LOOP('',(#6455,#6456,#6457,#6458));
#1406=EDGE_LOOP('',(#6459,#6460,#6461,#6462));
#1407=EDGE_LOOP('',(#6463,#6464,#6465,#6466));
#1408=EDGE_LOOP('',(#6467,#6468,#6469,#6470));
#1409=EDGE_LOOP('',(#6471,#6472,#6473,#6474));
#1410=EDGE_LOOP('',(#6475,#6476,#6477,#6478));
#1411=EDGE_LOOP('',(#6479,#6480,#6481,#6482));
#1412=EDGE_LOOP('',(#6483,#6484,#6485,#6486));
#1413=EDGE_LOOP('',(#6487,#6488,#6489,#6490));
#1414=EDGE_LOOP('',(#6491,#6492,#6493,#6494));
#1415=EDGE_LOOP('',(#6495,#6496,#6497,#6498));
#1416=EDGE_LOOP('',(#6499,#6500,#6501,#6502));
#1417=EDGE_LOOP('',(#6503,#6504,#6505,#6506));
#1418=EDGE_LOOP('',(#6507,#6508,#6509,#6510));
#1419=EDGE_LOOP('',(#6511,#6512,#6513,#6514));
#1420=EDGE_LOOP('',(#6515,#6516,#6517,#6518));
#1421=EDGE_LOOP('',(#6519,#6520,#6521,#6522));
#1422=EDGE_LOOP('',(#6523,#6524,#6525,#6526));
#1423=EDGE_LOOP('',(#6527,#6528,#6529,#6530));
#1424=EDGE_LOOP('',(#6531,#6532,#6533,#6534));
#1425=EDGE_LOOP('',(#6535,#6536,#6537,#6538));
#1426=EDGE_LOOP('',(#6539,#6540,#6541,#6542));
#1427=EDGE_LOOP('',(#6543,#6544,#6545,#6546));
#1428=EDGE_LOOP('',(#6547,#6548,#6549,#6550));
#1429=EDGE_LOOP('',(#6551,#6552,#6553,#6554));
#1430=EDGE_LOOP('',(#6555,#6556,#6557,#6558));
#1431=EDGE_LOOP('',(#6559,#6560,#6561,#6562));
#1432=EDGE_LOOP('',(#6563,#6564,#6565,#6566));
#1433=EDGE_LOOP('',(#6567,#6568,#6569,#6570));
#1434=EDGE_LOOP('',(#6571,#6572,#6573,#6574));
#1435=EDGE_LOOP('',(#6575,#6576,#6577,#6578));
#1436=EDGE_LOOP('',(#6579,#6580,#6581,#6582));
#1437=EDGE_LOOP('',(#6583,#6584,#6585,#6586));
#1438=EDGE_LOOP('',(#6587,#6588,#6589,#6590));
#1439=EDGE_LOOP('',(#6591,#6592,#6593,#6594));
#1440=EDGE_LOOP('',(#6595,#6596,#6597,#6598));
#1441=EDGE_LOOP('',(#6599,#6600,#6601,#6602));
#1442=EDGE_LOOP('',(#6603,#6604,#6605,#6606));
#1443=EDGE_LOOP('',(#6607,#6608,#6609));
#1444=EDGE_LOOP('',(#6610,#6611,#6612));
#1445=EDGE_LOOP('',(#6613,#6614,#6615));
#1446=EDGE_LOOP('',(#6616,#6617,#6618));
#1447=EDGE_LOOP('',(#6619,#6620,#6621,#6622));
#1448=EDGE_LOOP('',(#6623,#6624,#6625,#6626));
#1449=EDGE_LOOP('',(#6627,#6628,#6629,#6630));
#1450=EDGE_LOOP('',(#6631,#6632,#6633,#6634));
#1451=EDGE_LOOP('',(#6635,#6636,#6637,#6638));
#1452=EDGE_LOOP('',(#6639,#6640,#6641,#6642));
#1453=EDGE_LOOP('',(#6643,#6644,#6645,#6646));
#1454=EDGE_LOOP('',(#6647,#6648,#6649,#6650));
#1455=EDGE_LOOP('',(#6651,#6652,#6653,#6654));
#1456=EDGE_LOOP('',(#6655,#6656,#6657,#6658));
#1457=EDGE_LOOP('',(#6659,#6660,#6661,#6662));
#1458=EDGE_LOOP('',(#6663,#6664,#6665,#6666));
#1459=EDGE_LOOP('',(#6667,#6668,#6669,#6670));
#1460=EDGE_LOOP('',(#6671,#6672,#6673,#6674));
#1461=EDGE_LOOP('',(#6675,#6676,#6677,#6678));
#1462=EDGE_LOOP('',(#6679,#6680,#6681,#6682));
#1463=EDGE_LOOP('',(#6683,#6684,#6685,#6686));
#1464=EDGE_LOOP('',(#6687,#6688,#6689,#6690));
#1465=EDGE_LOOP('',(#6691,#6692,#6693,#6694));
#1466=EDGE_LOOP('',(#6695,#6696,#6697,#6698));
#1467=EDGE_LOOP('',(#6699,#6700,#6701,#6702));
#1468=EDGE_LOOP('',(#6703,#6704,#6705,#6706));
#1469=EDGE_LOOP('',(#6707,#6708,#6709,#6710));
#1470=EDGE_LOOP('',(#6711,#6712,#6713,#6714));
#1471=EDGE_LOOP('',(#6715,#6716,#6717));
#1472=EDGE_LOOP('',(#6718,#6719,#6720));
#1473=EDGE_LOOP('',(#6721,#6722,#6723));
#1474=EDGE_LOOP('',(#6724,#6725,#6726));
#1475=EDGE_LOOP('',(#6727,#6728,#6729,#6730));
#1476=EDGE_LOOP('',(#6731,#6732,#6733,#6734));
#1477=EDGE_LOOP('',(#6735,#6736,#6737,#6738));
#1478=EDGE_LOOP('',(#6739,#6740,#6741,#6742));
#1479=EDGE_LOOP('',(#6743,#6744,#6745,#6746));
#1480=EDGE_LOOP('',(#6747,#6748,#6749,#6750));
#1481=EDGE_LOOP('',(#6751,#6752,#6753,#6754));
#1482=EDGE_LOOP('',(#6755,#6756,#6757,#6758));
#1483=EDGE_LOOP('',(#6759,#6760,#6761,#6762));
#1484=EDGE_LOOP('',(#6763,#6764,#6765,#6766));
#1485=EDGE_LOOP('',(#6767,#6768,#6769,#6770));
#1486=EDGE_LOOP('',(#6771,#6772,#6773,#6774));
#1487=EDGE_LOOP('',(#6775,#6776,#6777,#6778));
#1488=EDGE_LOOP('',(#6779,#6780,#6781,#6782));
#1489=EDGE_LOOP('',(#6783,#6784,#6785,#6786));
#1490=EDGE_LOOP('',(#6787,#6788,#6789,#6790));
#1491=EDGE_LOOP('',(#6791,#6792,#6793,#6794));
#1492=EDGE_LOOP('',(#6795,#6796,#6797,#6798));
#1493=EDGE_LOOP('',(#6799,#6800,#6801,#6802));
#1494=EDGE_LOOP('',(#6803,#6804,#6805,#6806));
#1495=EDGE_LOOP('',(#6807,#6808,#6809,#6810));
#1496=EDGE_LOOP('',(#6811,#6812,#6813,#6814));
#1497=EDGE_LOOP('',(#6815,#6816,#6817,#6818));
#1498=EDGE_LOOP('',(#6819,#6820,#6821,#6822));
#1499=EDGE_LOOP('',(#6823,#6824,#6825,#6826));
#1500=EDGE_LOOP('',(#6827,#6828,#6829,#6830));
#1501=EDGE_LOOP('',(#6831,#6832,#6833,#6834));
#1502=EDGE_LOOP('',(#6835,#6836,#6837,#6838));
#1503=EDGE_LOOP('',(#6839,#6840,#6841,#6842));
#1504=EDGE_LOOP('',(#6843,#6844,#6845,#6846));
#1505=EDGE_LOOP('',(#6847,#6848,#6849,#6850));
#1506=EDGE_LOOP('',(#6851,#6852,#6853,#6854));
#1507=EDGE_LOOP('',(#6855,#6856,#6857,#6858));
#1508=EDGE_LOOP('',(#6859,#6860,#6861,#6862));
#1509=EDGE_LOOP('',(#6863,#6864,#6865,#6866));
#1510=EDGE_LOOP('',(#6867,#6868,#6869,#6870));
#1511=EDGE_LOOP('',(#6871,#6872,#6873,#6874));
#1512=EDGE_LOOP('',(#6875,#6876,#6877,#6878));
#1513=EDGE_LOOP('',(#6879,#6880,#6881,#6882));
#1514=EDGE_LOOP('',(#6883,#6884,#6885,#6886));
#1515=EDGE_LOOP('',(#6887,#6888,#6889,#6890));
#1516=EDGE_LOOP('',(#6891,#6892,#6893,#6894));
#1517=EDGE_LOOP('',(#6895,#6896,#6897));
#1518=EDGE_LOOP('',(#6898,#6899,#6900));
#1519=EDGE_LOOP('',(#6901,#6902,#6903));
#1520=EDGE_LOOP('',(#6904,#6905,#6906));
#1521=EDGE_LOOP('',(#6907,#6908,#6909,#6910));
#1522=EDGE_LOOP('',(#6911,#6912,#6913,#6914));
#1523=EDGE_LOOP('',(#6915,#6916,#6917,#6918));
#1524=EDGE_LOOP('',(#6919,#6920,#6921,#6922));
#1525=EDGE_LOOP('',(#6923,#6924,#6925,#6926,#6927,#6928,#6929,#6930,#6931,
#6932,#6933,#6934,#6935,#6936,#6937,#6938,#6939,#6940,#6941,#6942,#6943,
#6944,#6945,#6946,#6947,#6948,#6949,#6950,#6951,#6952,#6953,#6954,#6955,
#6956,#6957,#6958,#6959,#6960,#6961,#6962));
#1526=EDGE_LOOP('',(#6963,#6964,#6965,#6966,#6967,#6968,#6969,#6970,#6971,
#6972,#6973,#6974,#6975,#6976,#6977,#6978,#6979,#6980,#6981,#6982,#6983,
#6984,#6985,#6986,#6987,#6988,#6989,#6990,#6991,#6992,#6993,#6994,#6995,
#6996,#6997,#6998,#6999,#7000,#7001,#7002));
#1527=EDGE_LOOP('',(#7003,#7004,#7005,#7006));
#1528=EDGE_LOOP('',(#7007,#7008,#7009,#7010));
#1529=EDGE_LOOP('',(#7011,#7012,#7013,#7014));
#1530=EDGE_LOOP('',(#7015,#7016,#7017,#7018));
#1531=EDGE_LOOP('',(#7019,#7020,#7021,#7022));
#1532=EDGE_LOOP('',(#7023,#7024,#7025,#7026));
#1533=EDGE_LOOP('',(#7027,#7028,#7029,#7030));
#1534=EDGE_LOOP('',(#7031,#7032,#7033,#7034));
#1535=EDGE_LOOP('',(#7035,#7036,#7037,#7038));
#1536=EDGE_LOOP('',(#7039,#7040,#7041,#7042));
#1537=EDGE_LOOP('',(#7043,#7044,#7045,#7046));
#1538=EDGE_LOOP('',(#7047,#7048,#7049,#7050));
#1539=EDGE_LOOP('',(#7051,#7052,#7053,#7054));
#1540=EDGE_LOOP('',(#7055,#7056,#7057,#7058));
#1541=EDGE_LOOP('',(#7059,#7060,#7061,#7062));
#1542=EDGE_LOOP('',(#7063,#7064,#7065,#7066));
#1543=EDGE_LOOP('',(#7067,#7068,#7069,#7070));
#1544=EDGE_LOOP('',(#7071,#7072,#7073,#7074));
#1545=EDGE_LOOP('',(#7075,#7076,#7077,#7078));
#1546=EDGE_LOOP('',(#7079,#7080,#7081));
#1547=EDGE_LOOP('',(#7082,#7083,#7084));
#1548=EDGE_LOOP('',(#7085,#7086,#7087));
#1549=EDGE_LOOP('',(#7088,#7089,#7090));
#1550=EDGE_LOOP('',(#7091,#7092,#7093,#7094));
#1551=EDGE_LOOP('',(#7095,#7096,#7097,#7098));
#1552=EDGE_LOOP('',(#7099,#7100,#7101,#7102));
#1553=EDGE_LOOP('',(#7103,#7104,#7105,#7106));
#1554=EDGE_LOOP('',(#7107,#7108,#7109,#7110));
#1555=EDGE_LOOP('',(#7111,#7112,#7113,#7114));
#1556=EDGE_LOOP('',(#7115,#7116,#7117,#7118));
#1557=EDGE_LOOP('',(#7119,#7120,#7121,#7122));
#1558=EDGE_LOOP('',(#7123,#7124,#7125,#7126));
#1559=EDGE_LOOP('',(#7127,#7128,#7129,#7130));
#1560=EDGE_LOOP('',(#7131,#7132,#7133,#7134));
#1561=EDGE_LOOP('',(#7135,#7136,#7137,#7138));
#1562=EDGE_LOOP('',(#7139,#7140,#7141,#7142));
#1563=EDGE_LOOP('',(#7143,#7144,#7145,#7146));
#1564=EDGE_LOOP('',(#7147,#7148,#7149,#7150));
#1565=EDGE_LOOP('',(#7151,#7152,#7153,#7154));
#1566=EDGE_LOOP('',(#7155,#7156,#7157,#7158));
#1567=EDGE_LOOP('',(#7159,#7160,#7161,#7162));
#1568=EDGE_LOOP('',(#7163,#7164,#7165,#7166));
#1569=EDGE_LOOP('',(#7167,#7168,#7169,#7170));
#1570=EDGE_LOOP('',(#7171,#7172,#7173,#7174));
#1571=EDGE_LOOP('',(#7175,#7176,#7177,#7178));
#1572=EDGE_LOOP('',(#7179,#7180,#7181,#7182));
#1573=EDGE_LOOP('',(#7183,#7184,#7185,#7186));
#1574=EDGE_LOOP('',(#7187,#7188,#7189,#7190));
#1575=EDGE_LOOP('',(#7191,#7192,#7193,#7194));
#1576=EDGE_LOOP('',(#7195,#7196,#7197,#7198));
#1577=EDGE_LOOP('',(#7199,#7200,#7201,#7202));
#1578=EDGE_LOOP('',(#7203,#7204,#7205,#7206));
#1579=EDGE_LOOP('',(#7207,#7208,#7209,#7210));
#1580=EDGE_LOOP('',(#7211,#7212,#7213,#7214));
#1581=EDGE_LOOP('',(#7215,#7216,#7217,#7218));
#1582=EDGE_LOOP('',(#7219,#7220,#7221,#7222));
#1583=EDGE_LOOP('',(#7223,#7224,#7225,#7226));
#1584=EDGE_LOOP('',(#7227,#7228,#7229,#7230));
#1585=EDGE_LOOP('',(#7231,#7232,#7233,#7234));
#1586=EDGE_LOOP('',(#7235,#7236,#7237,#7238));
#1587=EDGE_LOOP('',(#7239,#7240,#7241,#7242));
#1588=EDGE_LOOP('',(#7243,#7244,#7245,#7246));
#1589=EDGE_LOOP('',(#7247,#7248,#7249));
#1590=EDGE_LOOP('',(#7250,#7251,#7252));
#1591=EDGE_LOOP('',(#7253,#7254,#7255));
#1592=EDGE_LOOP('',(#7256,#7257,#7258));
#1593=EDGE_LOOP('',(#7259,#7260,#7261,#7262));
#1594=EDGE_LOOP('',(#7263,#7264,#7265,#7266));
#1595=EDGE_LOOP('',(#7267,#7268,#7269,#7270));
#1596=EDGE_LOOP('',(#7271,#7272,#7273,#7274));
#1597=EDGE_LOOP('',(#7275,#7276,#7277,#7278));
#1598=EDGE_LOOP('',(#7279,#7280,#7281,#7282));
#1599=EDGE_LOOP('',(#7283,#7284,#7285,#7286));
#1600=EDGE_LOOP('',(#7287,#7288,#7289,#7290));
#1601=EDGE_LOOP('',(#7291,#7292,#7293,#7294));
#1602=EDGE_LOOP('',(#7295,#7296,#7297,#7298));
#1603=EDGE_LOOP('',(#7299,#7300,#7301,#7302));
#1604=EDGE_LOOP('',(#7303,#7304,#7305,#7306));
#1605=EDGE_LOOP('',(#7307,#7308,#7309,#7310));
#1606=EDGE_LOOP('',(#7311,#7312,#7313,#7314));
#1607=EDGE_LOOP('',(#7315,#7316,#7317,#7318));
#1608=EDGE_LOOP('',(#7319,#7320,#7321,#7322));
#1609=EDGE_LOOP('',(#7323,#7324,#7325,#7326));
#1610=EDGE_LOOP('',(#7327,#7328,#7329,#7330));
#1611=EDGE_LOOP('',(#7331,#7332,#7333,#7334));
#1612=EDGE_LOOP('',(#7335,#7336,#7337,#7338));
#1613=EDGE_LOOP('',(#7339,#7340,#7341,#7342));
#1614=EDGE_LOOP('',(#7343,#7344,#7345,#7346));
#1615=EDGE_LOOP('',(#7347,#7348,#7349,#7350));
#1616=EDGE_LOOP('',(#7351,#7352,#7353,#7354));
#1617=EDGE_LOOP('',(#7355,#7356,#7357));
#1618=EDGE_LOOP('',(#7358,#7359,#7360));
#1619=EDGE_LOOP('',(#7361,#7362,#7363));
#1620=EDGE_LOOP('',(#7364,#7365,#7366));
#1621=EDGE_LOOP('',(#7367,#7368,#7369,#7370));
#1622=EDGE_LOOP('',(#7371,#7372,#7373,#7374));
#1623=EDGE_LOOP('',(#7375,#7376,#7377,#7378));
#1624=EDGE_LOOP('',(#7379,#7380,#7381,#7382));
#1625=EDGE_LOOP('',(#7383,#7384,#7385,#7386));
#1626=EDGE_LOOP('',(#7387,#7388,#7389,#7390));
#1627=EDGE_LOOP('',(#7391,#7392,#7393,#7394));
#1628=EDGE_LOOP('',(#7395,#7396,#7397,#7398));
#1629=EDGE_LOOP('',(#7399,#7400,#7401,#7402));
#1630=EDGE_LOOP('',(#7403,#7404,#7405,#7406));
#1631=EDGE_LOOP('',(#7407,#7408,#7409,#7410));
#1632=EDGE_LOOP('',(#7411,#7412,#7413,#7414));
#1633=EDGE_LOOP('',(#7415,#7416,#7417,#7418));
#1634=EDGE_LOOP('',(#7419,#7420,#7421,#7422));
#1635=EDGE_LOOP('',(#7423,#7424,#7425,#7426));
#1636=EDGE_LOOP('',(#7427,#7428,#7429,#7430));
#1637=EDGE_LOOP('',(#7431,#7432,#7433,#7434));
#1638=EDGE_LOOP('',(#7435,#7436,#7437,#7438));
#1639=EDGE_LOOP('',(#7439,#7440,#7441,#7442));
#1640=EDGE_LOOP('',(#7443,#7444,#7445,#7446));
#1641=EDGE_LOOP('',(#7447,#7448,#7449,#7450));
#1642=EDGE_LOOP('',(#7451,#7452,#7453,#7454));
#1643=EDGE_LOOP('',(#7455,#7456,#7457,#7458));
#1644=EDGE_LOOP('',(#7459,#7460,#7461,#7462));
#1645=EDGE_LOOP('',(#7463,#7464,#7465,#7466));
#1646=EDGE_LOOP('',(#7467,#7468,#7469,#7470));
#1647=EDGE_LOOP('',(#7471,#7472,#7473,#7474));
#1648=EDGE_LOOP('',(#7475,#7476,#7477,#7478));
#1649=EDGE_LOOP('',(#7479,#7480,#7481,#7482));
#1650=EDGE_LOOP('',(#7483,#7484,#7485,#7486));
#1651=EDGE_LOOP('',(#7487,#7488,#7489,#7490));
#1652=EDGE_LOOP('',(#7491,#7492,#7493,#7494));
#1653=EDGE_LOOP('',(#7495,#7496,#7497,#7498));
#1654=EDGE_LOOP('',(#7499,#7500,#7501,#7502));
#1655=EDGE_LOOP('',(#7503,#7504,#7505,#7506));
#1656=EDGE_LOOP('',(#7507,#7508,#7509,#7510));
#1657=EDGE_LOOP('',(#7511,#7512,#7513,#7514));
#1658=EDGE_LOOP('',(#7515,#7516,#7517,#7518));
#1659=EDGE_LOOP('',(#7519,#7520,#7521,#7522));
#1660=EDGE_LOOP('',(#7523,#7524,#7525,#7526));
#1661=EDGE_LOOP('',(#7527,#7528,#7529,#7530));
#1662=EDGE_LOOP('',(#7531,#7532,#7533,#7534));
#1663=EDGE_LOOP('',(#7535,#7536,#7537));
#1664=EDGE_LOOP('',(#7538,#7539,#7540));
#1665=EDGE_LOOP('',(#7541,#7542,#7543));
#1666=EDGE_LOOP('',(#7544,#7545,#7546));
#1667=EDGE_LOOP('',(#7547,#7548,#7549,#7550));
#1668=EDGE_LOOP('',(#7551,#7552,#7553,#7554));
#1669=EDGE_LOOP('',(#7555,#7556,#7557,#7558));
#1670=EDGE_LOOP('',(#7559,#7560,#7561,#7562));
#1671=EDGE_LOOP('',(#7563,#7564,#7565,#7566,#7567,#7568,#7569,#7570,#7571,
#7572,#7573,#7574,#7575,#7576,#7577,#7578,#7579,#7580,#7581,#7582,#7583,
#7584,#7585,#7586,#7587,#7588,#7589,#7590,#7591,#7592,#7593,#7594,#7595,
#7596,#7597,#7598,#7599,#7600,#7601,#7602));
#1672=EDGE_LOOP('',(#7603,#7604,#7605,#7606,#7607,#7608,#7609,#7610,#7611,
#7612,#7613,#7614,#7615,#7616,#7617,#7618,#7619,#7620,#7621,#7622,#7623,
#7624,#7625,#7626,#7627,#7628,#7629,#7630,#7631,#7632,#7633,#7634,#7635,
#7636,#7637,#7638,#7639,#7640,#7641,#7642));
#1673=EDGE_LOOP('',(#7643,#7644,#7645,#7646));
#1674=EDGE_LOOP('',(#7647,#7648,#7649,#7650));
#1675=EDGE_LOOP('',(#7651,#7652,#7653,#7654));
#1676=EDGE_LOOP('',(#7655,#7656,#7657,#7658));
#1677=EDGE_LOOP('',(#7659,#7660,#7661,#7662));
#1678=EDGE_LOOP('',(#7663,#7664,#7665,#7666));
#1679=EDGE_LOOP('',(#7667,#7668,#7669,#7670));
#1680=EDGE_LOOP('',(#7671,#7672,#7673,#7674));
#1681=EDGE_LOOP('',(#7675,#7676,#7677,#7678));
#1682=EDGE_LOOP('',(#7679,#7680,#7681,#7682));
#1683=EDGE_LOOP('',(#7683,#7684,#7685,#7686));
#1684=EDGE_LOOP('',(#7687,#7688,#7689,#7690));
#1685=EDGE_LOOP('',(#7691,#7692,#7693,#7694));
#1686=EDGE_LOOP('',(#7695,#7696,#7697,#7698));
#1687=EDGE_LOOP('',(#7699,#7700,#7701,#7702));
#1688=EDGE_LOOP('',(#7703,#7704,#7705,#7706));
#1689=EDGE_LOOP('',(#7707,#7708,#7709,#7710));
#1690=EDGE_LOOP('',(#7711,#7712,#7713,#7714));
#1691=EDGE_LOOP('',(#7715,#7716,#7717,#7718));
#1692=EDGE_LOOP('',(#7719,#7720,#7721));
#1693=EDGE_LOOP('',(#7722,#7723,#7724));
#1694=EDGE_LOOP('',(#7725,#7726,#7727));
#1695=EDGE_LOOP('',(#7728,#7729,#7730));
#1696=EDGE_LOOP('',(#7731,#7732,#7733,#7734));
#1697=EDGE_LOOP('',(#7735,#7736,#7737,#7738));
#1698=EDGE_LOOP('',(#7739,#7740,#7741,#7742));
#1699=EDGE_LOOP('',(#7743,#7744,#7745,#7746));
#1700=EDGE_LOOP('',(#7747,#7748,#7749,#7750));
#1701=EDGE_LOOP('',(#7751,#7752,#7753,#7754));
#1702=EDGE_LOOP('',(#7755,#7756,#7757,#7758));
#1703=EDGE_LOOP('',(#7759,#7760,#7761,#7762));
#1704=EDGE_LOOP('',(#7763,#7764,#7765,#7766));
#1705=EDGE_LOOP('',(#7767,#7768,#7769,#7770));
#1706=EDGE_LOOP('',(#7771,#7772,#7773,#7774));
#1707=EDGE_LOOP('',(#7775,#7776,#7777,#7778));
#1708=EDGE_LOOP('',(#7779,#7780,#7781,#7782));
#1709=EDGE_LOOP('',(#7783,#7784,#7785,#7786));
#1710=EDGE_LOOP('',(#7787,#7788,#7789,#7790));
#1711=EDGE_LOOP('',(#7791,#7792,#7793,#7794));
#1712=EDGE_LOOP('',(#7795,#7796,#7797,#7798));
#1713=EDGE_LOOP('',(#7799,#7800,#7801,#7802));
#1714=EDGE_LOOP('',(#7803,#7804,#7805,#7806));
#1715=EDGE_LOOP('',(#7807,#7808,#7809,#7810));
#1716=EDGE_LOOP('',(#7811,#7812,#7813,#7814));
#1717=EDGE_LOOP('',(#7815,#7816,#7817,#7818));
#1718=EDGE_LOOP('',(#7819,#7820,#7821,#7822));
#1719=EDGE_LOOP('',(#7823,#7824,#7825,#7826));
#1720=EDGE_LOOP('',(#7827,#7828,#7829,#7830));
#1721=EDGE_LOOP('',(#7831,#7832,#7833,#7834));
#1722=EDGE_LOOP('',(#7835,#7836,#7837,#7838));
#1723=EDGE_LOOP('',(#7839,#7840,#7841,#7842));
#1724=EDGE_LOOP('',(#7843,#7844,#7845,#7846));
#1725=EDGE_LOOP('',(#7847,#7848,#7849,#7850));
#1726=EDGE_LOOP('',(#7851,#7852,#7853,#7854));
#1727=EDGE_LOOP('',(#7855,#7856,#7857,#7858));
#1728=EDGE_LOOP('',(#7859,#7860,#7861,#7862));
#1729=EDGE_LOOP('',(#7863,#7864,#7865,#7866));
#1730=EDGE_LOOP('',(#7867,#7868,#7869,#7870));
#1731=EDGE_LOOP('',(#7871,#7872,#7873,#7874));
#1732=EDGE_LOOP('',(#7875,#7876,#7877,#7878));
#1733=EDGE_LOOP('',(#7879,#7880,#7881,#7882));
#1734=EDGE_LOOP('',(#7883,#7884,#7885,#7886));
#1735=EDGE_LOOP('',(#7887,#7888,#7889));
#1736=EDGE_LOOP('',(#7890,#7891,#7892));
#1737=EDGE_LOOP('',(#7893,#7894,#7895));
#1738=EDGE_LOOP('',(#7896,#7897,#7898));
#1739=EDGE_LOOP('',(#7899,#7900,#7901,#7902));
#1740=EDGE_LOOP('',(#7903,#7904,#7905,#7906));
#1741=EDGE_LOOP('',(#7907,#7908,#7909,#7910));
#1742=EDGE_LOOP('',(#7911,#7912,#7913,#7914));
#1743=EDGE_LOOP('',(#7915,#7916,#7917,#7918));
#1744=EDGE_LOOP('',(#7919,#7920,#7921,#7922));
#1745=EDGE_LOOP('',(#7923,#7924,#7925,#7926));
#1746=EDGE_LOOP('',(#7927,#7928,#7929,#7930));
#1747=EDGE_LOOP('',(#7931,#7932,#7933,#7934));
#1748=EDGE_LOOP('',(#7935,#7936,#7937,#7938));
#1749=EDGE_LOOP('',(#7939,#7940,#7941,#7942));
#1750=EDGE_LOOP('',(#7943,#7944,#7945,#7946));
#1751=EDGE_LOOP('',(#7947,#7948,#7949,#7950));
#1752=EDGE_LOOP('',(#7951,#7952,#7953,#7954));
#1753=EDGE_LOOP('',(#7955,#7956,#7957,#7958));
#1754=EDGE_LOOP('',(#7959,#7960,#7961,#7962));
#1755=EDGE_LOOP('',(#7963,#7964,#7965,#7966));
#1756=EDGE_LOOP('',(#7967,#7968,#7969,#7970));
#1757=EDGE_LOOP('',(#7971,#7972,#7973,#7974));
#1758=EDGE_LOOP('',(#7975,#7976,#7977,#7978));
#1759=EDGE_LOOP('',(#7979,#7980,#7981,#7982));
#1760=EDGE_LOOP('',(#7983,#7984,#7985,#7986));
#1761=EDGE_LOOP('',(#7987,#7988,#7989,#7990));
#1762=EDGE_LOOP('',(#7991,#7992,#7993,#7994));
#1763=EDGE_LOOP('',(#7995,#7996,#7997));
#1764=EDGE_LOOP('',(#7998,#7999,#8000));
#1765=EDGE_LOOP('',(#8001,#8002,#8003));
#1766=EDGE_LOOP('',(#8004,#8005,#8006));
#1767=EDGE_LOOP('',(#8007,#8008,#8009,#8010));
#1768=EDGE_LOOP('',(#8011,#8012,#8013,#8014));
#1769=EDGE_LOOP('',(#8015,#8016,#8017,#8018));
#1770=EDGE_LOOP('',(#8019,#8020,#8021,#8022));
#1771=EDGE_LOOP('',(#8023,#8024,#8025,#8026));
#1772=EDGE_LOOP('',(#8027,#8028,#8029,#8030));
#1773=EDGE_LOOP('',(#8031,#8032,#8033,#8034));
#1774=EDGE_LOOP('',(#8035,#8036,#8037,#8038));
#1775=EDGE_LOOP('',(#8039,#8040,#8041,#8042));
#1776=EDGE_LOOP('',(#8043,#8044,#8045,#8046));
#1777=EDGE_LOOP('',(#8047,#8048,#8049,#8050));
#1778=EDGE_LOOP('',(#8051,#8052,#8053,#8054));
#1779=EDGE_LOOP('',(#8055,#8056,#8057,#8058));
#1780=EDGE_LOOP('',(#8059,#8060,#8061,#8062));
#1781=EDGE_LOOP('',(#8063,#8064,#8065,#8066));
#1782=EDGE_LOOP('',(#8067,#8068,#8069,#8070));
#1783=EDGE_LOOP('',(#8071,#8072,#8073,#8074));
#1784=EDGE_LOOP('',(#8075,#8076,#8077,#8078));
#1785=EDGE_LOOP('',(#8079,#8080,#8081,#8082));
#1786=EDGE_LOOP('',(#8083,#8084,#8085,#8086));
#1787=EDGE_LOOP('',(#8087,#8088,#8089,#8090));
#1788=EDGE_LOOP('',(#8091,#8092,#8093,#8094));
#1789=EDGE_LOOP('',(#8095,#8096,#8097,#8098));
#1790=EDGE_LOOP('',(#8099,#8100,#8101,#8102));
#1791=EDGE_LOOP('',(#8103,#8104,#8105,#8106));
#1792=EDGE_LOOP('',(#8107,#8108,#8109,#8110));
#1793=EDGE_LOOP('',(#8111,#8112,#8113,#8114));
#1794=EDGE_LOOP('',(#8115,#8116,#8117,#8118));
#1795=EDGE_LOOP('',(#8119,#8120,#8121,#8122));
#1796=EDGE_LOOP('',(#8123,#8124,#8125,#8126));
#1797=EDGE_LOOP('',(#8127,#8128,#8129,#8130));
#1798=EDGE_LOOP('',(#8131,#8132,#8133,#8134));
#1799=EDGE_LOOP('',(#8135,#8136,#8137,#8138));
#1800=EDGE_LOOP('',(#8139,#8140,#8141,#8142));
#1801=EDGE_LOOP('',(#8143,#8144,#8145,#8146));
#1802=EDGE_LOOP('',(#8147,#8148,#8149,#8150));
#1803=EDGE_LOOP('',(#8151,#8152,#8153,#8154));
#1804=EDGE_LOOP('',(#8155,#8156,#8157,#8158));
#1805=EDGE_LOOP('',(#8159,#8160,#8161,#8162));
#1806=EDGE_LOOP('',(#8163,#8164,#8165,#8166));
#1807=EDGE_LOOP('',(#8167,#8168,#8169,#8170));
#1808=EDGE_LOOP('',(#8171,#8172,#8173,#8174));
#1809=EDGE_LOOP('',(#8175,#8176,#8177));
#1810=EDGE_LOOP('',(#8178,#8179,#8180));
#1811=EDGE_LOOP('',(#8181,#8182,#8183));
#1812=EDGE_LOOP('',(#8184,#8185,#8186));
#1813=EDGE_LOOP('',(#8187,#8188,#8189,#8190));
#1814=EDGE_LOOP('',(#8191,#8192,#8193,#8194));
#1815=EDGE_LOOP('',(#8195,#8196,#8197,#8198));
#1816=EDGE_LOOP('',(#8199,#8200,#8201,#8202));
#1817=EDGE_LOOP('',(#8203,#8204,#8205,#8206,#8207,#8208,#8209,#8210,#8211,
#8212,#8213,#8214,#8215,#8216,#8217,#8218,#8219,#8220,#8221,#8222,#8223,
#8224,#8225,#8226,#8227,#8228,#8229,#8230,#8231,#8232,#8233,#8234,#8235,
#8236,#8237,#8238,#8239,#8240,#8241,#8242));
#1818=EDGE_LOOP('',(#8243,#8244,#8245,#8246,#8247,#8248,#8249,#8250,#8251,
#8252,#8253,#8254,#8255,#8256,#8257,#8258,#8259,#8260,#8261,#8262,#8263,
#8264,#8265,#8266,#8267,#8268,#8269,#8270,#8271,#8272,#8273,#8274,#8275,
#8276,#8277,#8278,#8279,#8280,#8281,#8282));
#1819=LINE('',#12916,#2779);
#1820=LINE('',#12918,#2780);
#1821=LINE('',#12920,#2781);
#1822=LINE('',#12921,#2782);
#1823=LINE('',#12926,#2783);
#1824=LINE('',#12931,#2784);
#1825=LINE('',#12933,#2785);
#1826=LINE('',#12935,#2786);
#1827=LINE('',#12936,#2787);
#1828=LINE('',#12941,#2788);
#1829=LINE('',#12946,#2789);
#1830=LINE('',#12947,#2790);
#1831=LINE('',#12948,#2791);
#1832=LINE('',#12953,#2792);
#1833=LINE('',#12957,#2793);
#1834=LINE('',#12958,#2794);
#1835=LINE('',#12959,#2795);
#1836=LINE('',#12963,#2796);
#1837=LINE('',#12965,#2797);
#1838=LINE('',#12967,#2798);
#1839=LINE('',#12968,#2799);
#1840=LINE('',#12973,#2800);
#1841=LINE('',#12978,#2801);
#1842=LINE('',#12979,#2802);
#1843=LINE('',#12980,#2803);
#1844=LINE('',#12985,#2804);
#1845=LINE('',#12990,#2805);
#1846=LINE('',#12991,#2806);
#1847=LINE('',#12992,#2807);
#1848=LINE('',#12997,#2808);
#1849=LINE('',#13001,#2809);
#1850=LINE('',#13002,#2810);
#1851=LINE('',#13003,#2811);
#1852=LINE('',#13007,#2812);
#1853=LINE('',#13009,#2813);
#1854=LINE('',#13011,#2814);
#1855=LINE('',#13012,#2815);
#1856=LINE('',#13017,#2816);
#1857=LINE('',#13022,#2817);
#1858=LINE('',#13023,#2818);
#1859=LINE('',#13024,#2819);
#1860=LINE('',#13029,#2820);
#1861=LINE('',#13033,#2821);
#1862=LINE('',#13034,#2822);
#1863=LINE('',#13035,#2823);
#1864=LINE('',#13038,#2824);
#1865=LINE('',#13048,#2825);
#1866=LINE('',#13050,#2826);
#1867=LINE('',#13051,#2827);
#1868=LINE('',#13055,#2828);
#1869=LINE('',#13058,#2829);
#1870=LINE('',#13059,#2830);
#1871=LINE('',#13063,#2831);
#1872=LINE('',#13066,#2832);
#1873=LINE('',#13067,#2833);
#1874=LINE('',#13071,#2834);
#1875=LINE('',#13074,#2835);
#1876=LINE('',#13075,#2836);
#1877=LINE('',#13079,#2837);
#1878=LINE('',#13082,#2838);
#1879=LINE('',#13083,#2839);
#1880=LINE('',#13087,#2840);
#1881=LINE('',#13090,#2841);
#1882=LINE('',#13091,#2842);
#1883=LINE('',#13095,#2843);
#1884=LINE('',#13098,#2844);
#1885=LINE('',#13099,#2845);
#1886=LINE('',#13103,#2846);
#1887=LINE('',#13106,#2847);
#1888=LINE('',#13107,#2848);
#1889=LINE('',#13111,#2849);
#1890=LINE('',#13114,#2850);
#1891=LINE('',#13115,#2851);
#1892=LINE('',#13119,#2852);
#1893=LINE('',#13122,#2853);
#1894=LINE('',#13123,#2854);
#1895=LINE('',#13127,#2855);
#1896=LINE('',#13130,#2856);
#1897=LINE('',#13132,#2857);
#1898=LINE('',#13133,#2858);
#1899=LINE('',#13137,#2859);
#1900=LINE('',#13140,#2860);
#1901=LINE('',#13141,#2861);
#1902=LINE('',#13145,#2862);
#1903=LINE('',#13148,#2863);
#1904=LINE('',#13149,#2864);
#1905=LINE('',#13152,#2865);
#1906=LINE('',#13154,#2866);
#1907=LINE('',#13155,#2867);
#1908=LINE('',#13159,#2868);
#1909=LINE('',#13162,#2869);
#1910=LINE('',#13163,#2870);
#1911=LINE('',#13167,#2871);
#1912=LINE('',#13170,#2872);
#1913=LINE('',#13171,#2873);
#1914=LINE('',#13175,#2874);
#1915=LINE('',#13177,#2875);
#1916=LINE('',#13178,#2876);
#1917=LINE('',#13181,#2877);
#1918=LINE('',#13183,#2878);
#1919=LINE('',#13184,#2879);
#1920=LINE('',#13188,#2880);
#1921=LINE('',#13191,#2881);
#1922=LINE('',#13192,#2882);
#1923=LINE('',#13196,#2883);
#1924=LINE('',#13198,#2884);
#1925=LINE('',#13199,#2885);
#1926=LINE('',#13203,#2886);
#1927=LINE('',#13207,#2887);
#1928=LINE('',#13211,#2888);
#1929=LINE('',#13212,#2889);
#1930=LINE('',#13213,#2890);
#1931=LINE('',#13219,#2891);
#1932=LINE('',#13221,#2892);
#1933=LINE('',#13223,#2893);
#1934=LINE('',#13225,#2894);
#1935=LINE('',#13229,#2895);
#1936=LINE('',#13231,#2896);
#1937=LINE('',#13233,#2897);
#1938=LINE('',#13234,#2898);
#1939=LINE('',#13239,#2899);
#1940=LINE('',#13242,#2900);
#1941=LINE('',#13243,#2901);
#1942=LINE('',#13247,#2902);
#1943=LINE('',#13249,#2903);
#1944=LINE('',#13251,#2904);
#1945=LINE('',#13252,#2905);
#1946=LINE('',#13257,#2906);
#1947=LINE('',#13262,#2907);
#1948=LINE('',#13263,#2908);
#1949=LINE('',#13264,#2909);
#1950=LINE('',#13269,#2910);
#1951=LINE('',#13273,#2911);
#1952=LINE('',#13274,#2912);
#1953=LINE('',#13275,#2913);
#1954=LINE('',#13279,#2914);
#1955=LINE('',#13281,#2915);
#1956=LINE('',#13283,#2916);
#1957=LINE('',#13284,#2917);
#1958=LINE('',#13289,#2918);
#1959=LINE('',#13294,#2919);
#1960=LINE('',#13295,#2920);
#1961=LINE('',#13296,#2921);
#1962=LINE('',#13301,#2922);
#1963=LINE('',#13306,#2923);
#1964=LINE('',#13307,#2924);
#1965=LINE('',#13308,#2925);
#1966=LINE('',#13313,#2926);
#1967=LINE('',#13317,#2927);
#1968=LINE('',#13318,#2928);
#1969=LINE('',#13319,#2929);
#1970=LINE('',#13323,#2930);
#1971=LINE('',#13325,#2931);
#1972=LINE('',#13327,#2932);
#1973=LINE('',#13328,#2933);
#1974=LINE('',#13333,#2934);
#1975=LINE('',#13338,#2935);
#1976=LINE('',#13339,#2936);
#1977=LINE('',#13340,#2937);
#1978=LINE('',#13345,#2938);
#1979=LINE('',#13349,#2939);
#1980=LINE('',#13350,#2940);
#1981=LINE('',#13351,#2941);
#1982=LINE('',#13354,#2942);
#1983=LINE('',#13355,#2943);
#1984=LINE('',#13356,#2944);
#1985=LINE('',#13367,#2945);
#1986=LINE('',#13369,#2946);
#1987=LINE('',#13370,#2947);
#1988=LINE('',#13373,#2948);
#1989=LINE('',#13377,#2949);
#1990=LINE('',#13378,#2950);
#1991=LINE('',#13381,#2951);
#1992=LINE('',#13385,#2952);
#1993=LINE('',#13386,#2953);
#1994=LINE('',#13389,#2954);
#1995=LINE('',#13393,#2955);
#1996=LINE('',#13394,#2956);
#1997=LINE('',#13397,#2957);
#1998=LINE('',#13401,#2958);
#1999=LINE('',#13402,#2959);
#2000=LINE('',#13405,#2960);
#2001=LINE('',#13409,#2961);
#2002=LINE('',#13410,#2962);
#2003=LINE('',#13413,#2963);
#2004=LINE('',#13417,#2964);
#2005=LINE('',#13418,#2965);
#2006=LINE('',#13421,#2966);
#2007=LINE('',#13425,#2967);
#2008=LINE('',#13426,#2968);
#2009=LINE('',#13429,#2969);
#2010=LINE('',#13433,#2970);
#2011=LINE('',#13434,#2971);
#2012=LINE('',#13437,#2972);
#2013=LINE('',#13441,#2973);
#2014=LINE('',#13442,#2974);
#2015=LINE('',#13445,#2975);
#2016=LINE('',#13448,#2976);
#2017=LINE('',#13451,#2977);
#2018=LINE('',#13452,#2978);
#2019=LINE('',#13455,#2979);
#2020=LINE('',#13457,#2980);
#2021=LINE('',#13458,#2981);
#2022=LINE('',#13461,#2982);
#2023=LINE('',#13465,#2983);
#2024=LINE('',#13466,#2984);
#2025=LINE('',#13469,#2985);
#2026=LINE('',#13472,#2986);
#2027=LINE('',#13473,#2987);
#2028=LINE('',#13476,#2988);
#2029=LINE('',#13478,#2989);
#2030=LINE('',#13479,#2990);
#2031=LINE('',#13482,#2991);
#2032=LINE('',#13486,#2992);
#2033=LINE('',#13487,#2993);
#2034=LINE('',#13490,#2994);
#2035=LINE('',#13494,#2995);
#2036=LINE('',#13495,#2996);
#2037=LINE('',#13498,#2997);
#2038=LINE('',#13501,#2998);
#2039=LINE('',#13502,#2999);
#2040=LINE('',#13505,#3000);
#2041=LINE('',#13507,#3001);
#2042=LINE('',#13508,#3002);
#2043=LINE('',#13511,#3003);
#2044=LINE('',#13515,#3004);
#2045=LINE('',#13516,#3005);
#2046=LINE('',#13519,#3006);
#2047=LINE('',#13522,#3007);
#2048=LINE('',#13523,#3008);
#2049=LINE('',#13526,#3009);
#2050=LINE('',#13528,#3010);
#2051=LINE('',#13529,#3011);
#2052=LINE('',#13534,#3012);
#2053=LINE('',#13538,#3013);
#2054=LINE('',#13539,#3014);
#2055=LINE('',#13540,#3015);
#2056=LINE('',#13547,#3016);
#2057=LINE('',#13549,#3017);
#2058=LINE('',#13551,#3018);
#2059=LINE('',#13559,#3019);
#2060=LINE('',#13561,#3020);
#2061=LINE('',#13563,#3021);
#2062=LINE('',#13564,#3022);
#2063=LINE('',#13569,#3023);
#2064=LINE('',#13574,#3024);
#2065=LINE('',#13576,#3025);
#2066=LINE('',#13578,#3026);
#2067=LINE('',#13579,#3027);
#2068=LINE('',#13584,#3028);
#2069=LINE('',#13589,#3029);
#2070=LINE('',#13590,#3030);
#2071=LINE('',#13591,#3031);
#2072=LINE('',#13596,#3032);
#2073=LINE('',#13600,#3033);
#2074=LINE('',#13601,#3034);
#2075=LINE('',#13602,#3035);
#2076=LINE('',#13606,#3036);
#2077=LINE('',#13608,#3037);
#2078=LINE('',#13610,#3038);
#2079=LINE('',#13611,#3039);
#2080=LINE('',#13616,#3040);
#2081=LINE('',#13621,#3041);
#2082=LINE('',#13622,#3042);
#2083=LINE('',#13623,#3043);
#2084=LINE('',#13628,#3044);
#2085=LINE('',#13633,#3045);
#2086=LINE('',#13634,#3046);
#2087=LINE('',#13635,#3047);
#2088=LINE('',#13640,#3048);
#2089=LINE('',#13644,#3049);
#2090=LINE('',#13645,#3050);
#2091=LINE('',#13646,#3051);
#2092=LINE('',#13650,#3052);
#2093=LINE('',#13652,#3053);
#2094=LINE('',#13654,#3054);
#2095=LINE('',#13655,#3055);
#2096=LINE('',#13660,#3056);
#2097=LINE('',#13665,#3057);
#2098=LINE('',#13666,#3058);
#2099=LINE('',#13667,#3059);
#2100=LINE('',#13672,#3060);
#2101=LINE('',#13676,#3061);
#2102=LINE('',#13677,#3062);
#2103=LINE('',#13678,#3063);
#2104=LINE('',#13681,#3064);
#2105=LINE('',#13691,#3065);
#2106=LINE('',#13693,#3066);
#2107=LINE('',#13694,#3067);
#2108=LINE('',#13698,#3068);
#2109=LINE('',#13701,#3069);
#2110=LINE('',#13702,#3070);
#2111=LINE('',#13706,#3071);
#2112=LINE('',#13709,#3072);
#2113=LINE('',#13710,#3073);
#2114=LINE('',#13714,#3074);
#2115=LINE('',#13717,#3075);
#2116=LINE('',#13718,#3076);
#2117=LINE('',#13722,#3077);
#2118=LINE('',#13725,#3078);
#2119=LINE('',#13726,#3079);
#2120=LINE('',#13730,#3080);
#2121=LINE('',#13733,#3081);
#2122=LINE('',#13734,#3082);
#2123=LINE('',#13738,#3083);
#2124=LINE('',#13741,#3084);
#2125=LINE('',#13742,#3085);
#2126=LINE('',#13746,#3086);
#2127=LINE('',#13749,#3087);
#2128=LINE('',#13750,#3088);
#2129=LINE('',#13754,#3089);
#2130=LINE('',#13757,#3090);
#2131=LINE('',#13758,#3091);
#2132=LINE('',#13762,#3092);
#2133=LINE('',#13765,#3093);
#2134=LINE('',#13766,#3094);
#2135=LINE('',#13770,#3095);
#2136=LINE('',#13773,#3096);
#2137=LINE('',#13775,#3097);
#2138=LINE('',#13776,#3098);
#2139=LINE('',#13780,#3099);
#2140=LINE('',#13783,#3100);
#2141=LINE('',#13784,#3101);
#2142=LINE('',#13788,#3102);
#2143=LINE('',#13791,#3103);
#2144=LINE('',#13792,#3104);
#2145=LINE('',#13795,#3105);
#2146=LINE('',#13797,#3106);
#2147=LINE('',#13798,#3107);
#2148=LINE('',#13802,#3108);
#2149=LINE('',#13805,#3109);
#2150=LINE('',#13806,#3110);
#2151=LINE('',#13810,#3111);
#2152=LINE('',#13813,#3112);
#2153=LINE('',#13814,#3113);
#2154=LINE('',#13818,#3114);
#2155=LINE('',#13820,#3115);
#2156=LINE('',#13821,#3116);
#2157=LINE('',#13824,#3117);
#2158=LINE('',#13826,#3118);
#2159=LINE('',#13827,#3119);
#2160=LINE('',#13831,#3120);
#2161=LINE('',#13834,#3121);
#2162=LINE('',#13835,#3122);
#2163=LINE('',#13839,#3123);
#2164=LINE('',#13841,#3124);
#2165=LINE('',#13842,#3125);
#2166=LINE('',#13846,#3126);
#2167=LINE('',#13850,#3127);
#2168=LINE('',#13854,#3128);
#2169=LINE('',#13855,#3129);
#2170=LINE('',#13856,#3130);
#2171=LINE('',#13862,#3131);
#2172=LINE('',#13864,#3132);
#2173=LINE('',#13866,#3133);
#2174=LINE('',#13868,#3134);
#2175=LINE('',#13872,#3135);
#2176=LINE('',#13874,#3136);
#2177=LINE('',#13876,#3137);
#2178=LINE('',#13877,#3138);
#2179=LINE('',#13882,#3139);
#2180=LINE('',#13885,#3140);
#2181=LINE('',#13886,#3141);
#2182=LINE('',#13890,#3142);
#2183=LINE('',#13892,#3143);
#2184=LINE('',#13894,#3144);
#2185=LINE('',#13895,#3145);
#2186=LINE('',#13900,#3146);
#2187=LINE('',#13905,#3147);
#2188=LINE('',#13906,#3148);
#2189=LINE('',#13907,#3149);
#2190=LINE('',#13912,#3150);
#2191=LINE('',#13916,#3151);
#2192=LINE('',#13917,#3152);
#2193=LINE('',#13918,#3153);
#2194=LINE('',#13922,#3154);
#2195=LINE('',#13924,#3155);
#2196=LINE('',#13926,#3156);
#2197=LINE('',#13927,#3157);
#2198=LINE('',#13932,#3158);
#2199=LINE('',#13937,#3159);
#2200=LINE('',#13938,#3160);
#2201=LINE('',#13939,#3161);
#2202=LINE('',#13944,#3162);
#2203=LINE('',#13949,#3163);
#2204=LINE('',#13950,#3164);
#2205=LINE('',#13951,#3165);
#2206=LINE('',#13956,#3166);
#2207=LINE('',#13960,#3167);
#2208=LINE('',#13961,#3168);
#2209=LINE('',#13962,#3169);
#2210=LINE('',#13966,#3170);
#2211=LINE('',#13968,#3171);
#2212=LINE('',#13970,#3172);
#2213=LINE('',#13971,#3173);
#2214=LINE('',#13976,#3174);
#2215=LINE('',#13981,#3175);
#2216=LINE('',#13982,#3176);
#2217=LINE('',#13983,#3177);
#2218=LINE('',#13988,#3178);
#2219=LINE('',#13992,#3179);
#2220=LINE('',#13993,#3180);
#2221=LINE('',#13994,#3181);
#2222=LINE('',#13997,#3182);
#2223=LINE('',#13998,#3183);
#2224=LINE('',#13999,#3184);
#2225=LINE('',#14010,#3185);
#2226=LINE('',#14012,#3186);
#2227=LINE('',#14013,#3187);
#2228=LINE('',#14016,#3188);
#2229=LINE('',#14020,#3189);
#2230=LINE('',#14021,#3190);
#2231=LINE('',#14024,#3191);
#2232=LINE('',#14028,#3192);
#2233=LINE('',#14029,#3193);
#2234=LINE('',#14032,#3194);
#2235=LINE('',#14036,#3195);
#2236=LINE('',#14037,#3196);
#2237=LINE('',#14040,#3197);
#2238=LINE('',#14044,#3198);
#2239=LINE('',#14045,#3199);
#2240=LINE('',#14048,#3200);
#2241=LINE('',#14052,#3201);
#2242=LINE('',#14053,#3202);
#2243=LINE('',#14056,#3203);
#2244=LINE('',#14060,#3204);
#2245=LINE('',#14061,#3205);
#2246=LINE('',#14064,#3206);
#2247=LINE('',#14068,#3207);
#2248=LINE('',#14069,#3208);
#2249=LINE('',#14072,#3209);
#2250=LINE('',#14076,#3210);
#2251=LINE('',#14077,#3211);
#2252=LINE('',#14080,#3212);
#2253=LINE('',#14084,#3213);
#2254=LINE('',#14085,#3214);
#2255=LINE('',#14088,#3215);
#2256=LINE('',#14091,#3216);
#2257=LINE('',#14094,#3217);
#2258=LINE('',#14095,#3218);
#2259=LINE('',#14098,#3219);
#2260=LINE('',#14100,#3220);
#2261=LINE('',#14101,#3221);
#2262=LINE('',#14104,#3222);
#2263=LINE('',#14108,#3223);
#2264=LINE('',#14109,#3224);
#2265=LINE('',#14112,#3225);
#2266=LINE('',#14115,#3226);
#2267=LINE('',#14116,#3227);
#2268=LINE('',#14119,#3228);
#2269=LINE('',#14121,#3229);
#2270=LINE('',#14122,#3230);
#2271=LINE('',#14125,#3231);
#2272=LINE('',#14129,#3232);
#2273=LINE('',#14130,#3233);
#2274=LINE('',#14133,#3234);
#2275=LINE('',#14137,#3235);
#2276=LINE('',#14138,#3236);
#2277=LINE('',#14141,#3237);
#2278=LINE('',#14144,#3238);
#2279=LINE('',#14145,#3239);
#2280=LINE('',#14148,#3240);
#2281=LINE('',#14150,#3241);
#2282=LINE('',#14151,#3242);
#2283=LINE('',#14154,#3243);
#2284=LINE('',#14158,#3244);
#2285=LINE('',#14159,#3245);
#2286=LINE('',#14162,#3246);
#2287=LINE('',#14165,#3247);
#2288=LINE('',#14166,#3248);
#2289=LINE('',#14169,#3249);
#2290=LINE('',#14171,#3250);
#2291=LINE('',#14172,#3251);
#2292=LINE('',#14177,#3252);
#2293=LINE('',#14181,#3253);
#2294=LINE('',#14182,#3254);
#2295=LINE('',#14183,#3255);
#2296=LINE('',#14190,#3256);
#2297=LINE('',#14192,#3257);
#2298=LINE('',#14194,#3258);
#2299=LINE('',#14202,#3259);
#2300=LINE('',#14204,#3260);
#2301=LINE('',#14206,#3261);
#2302=LINE('',#14207,#3262);
#2303=LINE('',#14212,#3263);
#2304=LINE('',#14217,#3264);
#2305=LINE('',#14219,#3265);
#2306=LINE('',#14221,#3266);
#2307=LINE('',#14222,#3267);
#2308=LINE('',#14227,#3268);
#2309=LINE('',#14232,#3269);
#2310=LINE('',#14233,#3270);
#2311=LINE('',#14234,#3271);
#2312=LINE('',#14239,#3272);
#2313=LINE('',#14243,#3273);
#2314=LINE('',#14244,#3274);
#2315=LINE('',#14245,#3275);
#2316=LINE('',#14249,#3276);
#2317=LINE('',#14251,#3277);
#2318=LINE('',#14253,#3278);
#2319=LINE('',#14254,#3279);
#2320=LINE('',#14259,#3280);
#2321=LINE('',#14264,#3281);
#2322=LINE('',#14265,#3282);
#2323=LINE('',#14266,#3283);
#2324=LINE('',#14271,#3284);
#2325=LINE('',#14276,#3285);
#2326=LINE('',#14277,#3286);
#2327=LINE('',#14278,#3287);
#2328=LINE('',#14283,#3288);
#2329=LINE('',#14287,#3289);
#2330=LINE('',#14288,#3290);
#2331=LINE('',#14289,#3291);
#2332=LINE('',#14293,#3292);
#2333=LINE('',#14295,#3293);
#2334=LINE('',#14297,#3294);
#2335=LINE('',#14298,#3295);
#2336=LINE('',#14303,#3296);
#2337=LINE('',#14308,#3297);
#2338=LINE('',#14309,#3298);
#2339=LINE('',#14310,#3299);
#2340=LINE('',#14315,#3300);
#2341=LINE('',#14319,#3301);
#2342=LINE('',#14320,#3302);
#2343=LINE('',#14321,#3303);
#2344=LINE('',#14324,#3304);
#2345=LINE('',#14334,#3305);
#2346=LINE('',#14336,#3306);
#2347=LINE('',#14337,#3307);
#2348=LINE('',#14341,#3308);
#2349=LINE('',#14344,#3309);
#2350=LINE('',#14345,#3310);
#2351=LINE('',#14349,#3311);
#2352=LINE('',#14352,#3312);
#2353=LINE('',#14353,#3313);
#2354=LINE('',#14357,#3314);
#2355=LINE('',#14360,#3315);
#2356=LINE('',#14361,#3316);
#2357=LINE('',#14365,#3317);
#2358=LINE('',#14368,#3318);
#2359=LINE('',#14369,#3319);
#2360=LINE('',#14373,#3320);
#2361=LINE('',#14376,#3321);
#2362=LINE('',#14377,#3322);
#2363=LINE('',#14381,#3323);
#2364=LINE('',#14384,#3324);
#2365=LINE('',#14385,#3325);
#2366=LINE('',#14389,#3326);
#2367=LINE('',#14392,#3327);
#2368=LINE('',#14393,#3328);
#2369=LINE('',#14397,#3329);
#2370=LINE('',#14400,#3330);
#2371=LINE('',#14401,#3331);
#2372=LINE('',#14405,#3332);
#2373=LINE('',#14408,#3333);
#2374=LINE('',#14409,#3334);
#2375=LINE('',#14413,#3335);
#2376=LINE('',#14416,#3336);
#2377=LINE('',#14418,#3337);
#2378=LINE('',#14419,#3338);
#2379=LINE('',#14423,#3339);
#2380=LINE('',#14426,#3340);
#2381=LINE('',#14427,#3341);
#2382=LINE('',#14431,#3342);
#2383=LINE('',#14434,#3343);
#2384=LINE('',#14435,#3344);
#2385=LINE('',#14438,#3345);
#2386=LINE('',#14440,#3346);
#2387=LINE('',#14441,#3347);
#2388=LINE('',#14445,#3348);
#2389=LINE('',#14448,#3349);
#2390=LINE('',#14449,#3350);
#2391=LINE('',#14453,#3351);
#2392=LINE('',#14456,#3352);
#2393=LINE('',#14457,#3353);
#2394=LINE('',#14461,#3354);
#2395=LINE('',#14463,#3355);
#2396=LINE('',#14464,#3356);
#2397=LINE('',#14467,#3357);
#2398=LINE('',#14469,#3358);
#2399=LINE('',#14470,#3359);
#2400=LINE('',#14474,#3360);
#2401=LINE('',#14477,#3361);
#2402=LINE('',#14478,#3362);
#2403=LINE('',#14482,#3363);
#2404=LINE('',#14484,#3364);
#2405=LINE('',#14485,#3365);
#2406=LINE('',#14489,#3366);
#2407=LINE('',#14493,#3367);
#2408=LINE('',#14497,#3368);
#2409=LINE('',#14498,#3369);
#2410=LINE('',#14499,#3370);
#2411=LINE('',#14505,#3371);
#2412=LINE('',#14507,#3372);
#2413=LINE('',#14509,#3373);
#2414=LINE('',#14511,#3374);
#2415=LINE('',#14515,#3375);
#2416=LINE('',#14517,#3376);
#2417=LINE('',#14519,#3377);
#2418=LINE('',#14520,#3378);
#2419=LINE('',#14525,#3379);
#2420=LINE('',#14528,#3380);
#2421=LINE('',#14529,#3381);
#2422=LINE('',#14533,#3382);
#2423=LINE('',#14535,#3383);
#2424=LINE('',#14537,#3384);
#2425=LINE('',#14538,#3385);
#2426=LINE('',#14543,#3386);
#2427=LINE('',#14548,#3387);
#2428=LINE('',#14549,#3388);
#2429=LINE('',#14550,#3389);
#2430=LINE('',#14555,#3390);
#2431=LINE('',#14559,#3391);
#2432=LINE('',#14560,#3392);
#2433=LINE('',#14561,#3393);
#2434=LINE('',#14565,#3394);
#2435=LINE('',#14567,#3395);
#2436=LINE('',#14569,#3396);
#2437=LINE('',#14570,#3397);
#2438=LINE('',#14575,#3398);
#2439=LINE('',#14580,#3399);
#2440=LINE('',#14581,#3400);
#2441=LINE('',#14582,#3401);
#2442=LINE('',#14587,#3402);
#2443=LINE('',#14592,#3403);
#2444=LINE('',#14593,#3404);
#2445=LINE('',#14594,#3405);
#2446=LINE('',#14599,#3406);
#2447=LINE('',#14603,#3407);
#2448=LINE('',#14604,#3408);
#2449=LINE('',#14605,#3409);
#2450=LINE('',#14609,#3410);
#2451=LINE('',#14611,#3411);
#2452=LINE('',#14613,#3412);
#2453=LINE('',#14614,#3413);
#2454=LINE('',#14619,#3414);
#2455=LINE('',#14624,#3415);
#2456=LINE('',#14625,#3416);
#2457=LINE('',#14626,#3417);
#2458=LINE('',#14631,#3418);
#2459=LINE('',#14635,#3419);
#2460=LINE('',#14636,#3420);
#2461=LINE('',#14637,#3421);
#2462=LINE('',#14640,#3422);
#2463=LINE('',#14641,#3423);
#2464=LINE('',#14642,#3424);
#2465=LINE('',#14653,#3425);
#2466=LINE('',#14655,#3426);
#2467=LINE('',#14656,#3427);
#2468=LINE('',#14659,#3428);
#2469=LINE('',#14663,#3429);
#2470=LINE('',#14664,#3430);
#2471=LINE('',#14667,#3431);
#2472=LINE('',#14671,#3432);
#2473=LINE('',#14672,#3433);
#2474=LINE('',#14675,#3434);
#2475=LINE('',#14679,#3435);
#2476=LINE('',#14680,#3436);
#2477=LINE('',#14683,#3437);
#2478=LINE('',#14687,#3438);
#2479=LINE('',#14688,#3439);
#2480=LINE('',#14691,#3440);
#2481=LINE('',#14695,#3441);
#2482=LINE('',#14696,#3442);
#2483=LINE('',#14699,#3443);
#2484=LINE('',#14703,#3444);
#2485=LINE('',#14704,#3445);
#2486=LINE('',#14707,#3446);
#2487=LINE('',#14711,#3447);
#2488=LINE('',#14712,#3448);
#2489=LINE('',#14715,#3449);
#2490=LINE('',#14719,#3450);
#2491=LINE('',#14720,#3451);
#2492=LINE('',#14723,#3452);
#2493=LINE('',#14727,#3453);
#2494=LINE('',#14728,#3454);
#2495=LINE('',#14731,#3455);
#2496=LINE('',#14734,#3456);
#2497=LINE('',#14737,#3457);
#2498=LINE('',#14738,#3458);
#2499=LINE('',#14741,#3459);
#2500=LINE('',#14743,#3460);
#2501=LINE('',#14744,#3461);
#2502=LINE('',#14747,#3462);
#2503=LINE('',#14751,#3463);
#2504=LINE('',#14752,#3464);
#2505=LINE('',#14755,#3465);
#2506=LINE('',#14758,#3466);
#2507=LINE('',#14759,#3467);
#2508=LINE('',#14762,#3468);
#2509=LINE('',#14764,#3469);
#2510=LINE('',#14765,#3470);
#2511=LINE('',#14768,#3471);
#2512=LINE('',#14772,#3472);
#2513=LINE('',#14773,#3473);
#2514=LINE('',#14776,#3474);
#2515=LINE('',#14780,#3475);
#2516=LINE('',#14781,#3476);
#2517=LINE('',#14784,#3477);
#2518=LINE('',#14787,#3478);
#2519=LINE('',#14788,#3479);
#2520=LINE('',#14791,#3480);
#2521=LINE('',#14793,#3481);
#2522=LINE('',#14794,#3482);
#2523=LINE('',#14797,#3483);
#2524=LINE('',#14801,#3484);
#2525=LINE('',#14802,#3485);
#2526=LINE('',#14805,#3486);
#2527=LINE('',#14808,#3487);
#2528=LINE('',#14809,#3488);
#2529=LINE('',#14812,#3489);
#2530=LINE('',#14814,#3490);
#2531=LINE('',#14815,#3491);
#2532=LINE('',#14820,#3492);
#2533=LINE('',#14824,#3493);
#2534=LINE('',#14825,#3494);
#2535=LINE('',#14826,#3495);
#2536=LINE('',#14833,#3496);
#2537=LINE('',#14835,#3497);
#2538=LINE('',#14837,#3498);
#2539=LINE('',#14845,#3499);
#2540=LINE('',#14847,#3500);
#2541=LINE('',#14849,#3501);
#2542=LINE('',#14850,#3502);
#2543=LINE('',#14855,#3503);
#2544=LINE('',#14860,#3504);
#2545=LINE('',#14862,#3505);
#2546=LINE('',#14864,#3506);
#2547=LINE('',#14865,#3507);
#2548=LINE('',#14870,#3508);
#2549=LINE('',#14875,#3509);
#2550=LINE('',#14876,#3510);
#2551=LINE('',#14877,#3511);
#2552=LINE('',#14882,#3512);
#2553=LINE('',#14886,#3513);
#2554=LINE('',#14887,#3514);
#2555=LINE('',#14888,#3515);
#2556=LINE('',#14892,#3516);
#2557=LINE('',#14894,#3517);
#2558=LINE('',#14896,#3518);
#2559=LINE('',#14897,#3519);
#2560=LINE('',#14902,#3520);
#2561=LINE('',#14907,#3521);
#2562=LINE('',#14908,#3522);
#2563=LINE('',#14909,#3523);
#2564=LINE('',#14914,#3524);
#2565=LINE('',#14919,#3525);
#2566=LINE('',#14920,#3526);
#2567=LINE('',#14921,#3527);
#2568=LINE('',#14926,#3528);
#2569=LINE('',#14930,#3529);
#2570=LINE('',#14931,#3530);
#2571=LINE('',#14932,#3531);
#2572=LINE('',#14936,#3532);
#2573=LINE('',#14938,#3533);
#2574=LINE('',#14940,#3534);
#2575=LINE('',#14941,#3535);
#2576=LINE('',#14946,#3536);
#2577=LINE('',#14951,#3537);
#2578=LINE('',#14952,#3538);
#2579=LINE('',#14953,#3539);
#2580=LINE('',#14958,#3540);
#2581=LINE('',#14962,#3541);
#2582=LINE('',#14963,#3542);
#2583=LINE('',#14964,#3543);
#2584=LINE('',#14967,#3544);
#2585=LINE('',#14977,#3545);
#2586=LINE('',#14979,#3546);
#2587=LINE('',#14980,#3547);
#2588=LINE('',#14984,#3548);
#2589=LINE('',#14987,#3549);
#2590=LINE('',#14988,#3550);
#2591=LINE('',#14992,#3551);
#2592=LINE('',#14995,#3552);
#2593=LINE('',#14996,#3553);
#2594=LINE('',#15000,#3554);
#2595=LINE('',#15003,#3555);
#2596=LINE('',#15004,#3556);
#2597=LINE('',#15008,#3557);
#2598=LINE('',#15011,#3558);
#2599=LINE('',#15012,#3559);
#2600=LINE('',#15016,#3560);
#2601=LINE('',#15019,#3561);
#2602=LINE('',#15020,#3562);
#2603=LINE('',#15024,#3563);
#2604=LINE('',#15027,#3564);
#2605=LINE('',#15028,#3565);
#2606=LINE('',#15032,#3566);
#2607=LINE('',#15035,#3567);
#2608=LINE('',#15036,#3568);
#2609=LINE('',#15040,#3569);
#2610=LINE('',#15043,#3570);
#2611=LINE('',#15044,#3571);
#2612=LINE('',#15048,#3572);
#2613=LINE('',#15051,#3573);
#2614=LINE('',#15052,#3574);
#2615=LINE('',#15056,#3575);
#2616=LINE('',#15059,#3576);
#2617=LINE('',#15061,#3577);
#2618=LINE('',#15062,#3578);
#2619=LINE('',#15066,#3579);
#2620=LINE('',#15069,#3580);
#2621=LINE('',#15070,#3581);
#2622=LINE('',#15074,#3582);
#2623=LINE('',#15077,#3583);
#2624=LINE('',#15078,#3584);
#2625=LINE('',#15081,#3585);
#2626=LINE('',#15083,#3586);
#2627=LINE('',#15084,#3587);
#2628=LINE('',#15088,#3588);
#2629=LINE('',#15091,#3589);
#2630=LINE('',#15092,#3590);
#2631=LINE('',#15096,#3591);
#2632=LINE('',#15099,#3592);
#2633=LINE('',#15100,#3593);
#2634=LINE('',#15104,#3594);
#2635=LINE('',#15106,#3595);
#2636=LINE('',#15107,#3596);
#2637=LINE('',#15110,#3597);
#2638=LINE('',#15112,#3598);
#2639=LINE('',#15113,#3599);
#2640=LINE('',#15117,#3600);
#2641=LINE('',#15120,#3601);
#2642=LINE('',#15121,#3602);
#2643=LINE('',#15125,#3603);
#2644=LINE('',#15127,#3604);
#2645=LINE('',#15128,#3605);
#2646=LINE('',#15132,#3606);
#2647=LINE('',#15136,#3607);
#2648=LINE('',#15140,#3608);
#2649=LINE('',#15141,#3609);
#2650=LINE('',#15142,#3610);
#2651=LINE('',#15148,#3611);
#2652=LINE('',#15150,#3612);
#2653=LINE('',#15152,#3613);
#2654=LINE('',#15154,#3614);
#2655=LINE('',#15158,#3615);
#2656=LINE('',#15160,#3616);
#2657=LINE('',#15162,#3617);
#2658=LINE('',#15163,#3618);
#2659=LINE('',#15168,#3619);
#2660=LINE('',#15171,#3620);
#2661=LINE('',#15172,#3621);
#2662=LINE('',#15176,#3622);
#2663=LINE('',#15178,#3623);
#2664=LINE('',#15180,#3624);
#2665=LINE('',#15181,#3625);
#2666=LINE('',#15186,#3626);
#2667=LINE('',#15191,#3627);
#2668=LINE('',#15192,#3628);
#2669=LINE('',#15193,#3629);
#2670=LINE('',#15198,#3630);
#2671=LINE('',#15202,#3631);
#2672=LINE('',#15203,#3632);
#2673=LINE('',#15204,#3633);
#2674=LINE('',#15208,#3634);
#2675=LINE('',#15210,#3635);
#2676=LINE('',#15212,#3636);
#2677=LINE('',#15213,#3637);
#2678=LINE('',#15218,#3638);
#2679=LINE('',#15223,#3639);
#2680=LINE('',#15224,#3640);
#2681=LINE('',#15225,#3641);
#2682=LINE('',#15230,#3642);
#2683=LINE('',#15235,#3643);
#2684=LINE('',#15236,#3644);
#2685=LINE('',#15237,#3645);
#2686=LINE('',#15242,#3646);
#2687=LINE('',#15246,#3647);
#2688=LINE('',#15247,#3648);
#2689=LINE('',#15248,#3649);
#2690=LINE('',#15252,#3650);
#2691=LINE('',#15254,#3651);
#2692=LINE('',#15256,#3652);
#2693=LINE('',#15257,#3653);
#2694=LINE('',#15262,#3654);
#2695=LINE('',#15267,#3655);
#2696=LINE('',#15268,#3656);
#2697=LINE('',#15269,#3657);
#2698=LINE('',#15274,#3658);
#2699=LINE('',#15278,#3659);
#2700=LINE('',#15279,#3660);
#2701=LINE('',#15280,#3661);
#2702=LINE('',#15283,#3662);
#2703=LINE('',#15284,#3663);
#2704=LINE('',#15285,#3664);
#2705=LINE('',#15296,#3665);
#2706=LINE('',#15298,#3666);
#2707=LINE('',#15299,#3667);
#2708=LINE('',#15302,#3668);
#2709=LINE('',#15306,#3669);
#2710=LINE('',#15307,#3670);
#2711=LINE('',#15310,#3671);
#2712=LINE('',#15314,#3672);
#2713=LINE('',#15315,#3673);
#2714=LINE('',#15318,#3674);
#2715=LINE('',#15322,#3675);
#2716=LINE('',#15323,#3676);
#2717=LINE('',#15326,#3677);
#2718=LINE('',#15330,#3678);
#2719=LINE('',#15331,#3679);
#2720=LINE('',#15334,#3680);
#2721=LINE('',#15338,#3681);
#2722=LINE('',#15339,#3682);
#2723=LINE('',#15342,#3683);
#2724=LINE('',#15346,#3684);
#2725=LINE('',#15347,#3685);
#2726=LINE('',#15350,#3686);
#2727=LINE('',#15354,#3687);
#2728=LINE('',#15355,#3688);
#2729=LINE('',#15358,#3689);
#2730=LINE('',#15362,#3690);
#2731=LINE('',#15363,#3691);
#2732=LINE('',#15366,#3692);
#2733=LINE('',#15370,#3693);
#2734=LINE('',#15371,#3694);
#2735=LINE('',#15374,#3695);
#2736=LINE('',#15377,#3696);
#2737=LINE('',#15380,#3697);
#2738=LINE('',#15381,#3698);
#2739=LINE('',#15384,#3699);
#2740=LINE('',#15386,#3700);
#2741=LINE('',#15387,#3701);
#2742=LINE('',#15390,#3702);
#2743=LINE('',#15394,#3703);
#2744=LINE('',#15395,#3704);
#2745=LINE('',#15398,#3705);
#2746=LINE('',#15401,#3706);
#2747=LINE('',#15402,#3707);
#2748=LINE('',#15405,#3708);
#2749=LINE('',#15407,#3709);
#2750=LINE('',#15408,#3710);
#2751=LINE('',#15411,#3711);
#2752=LINE('',#15415,#3712);
#2753=LINE('',#15416,#3713);
#2754=LINE('',#15419,#3714);
#2755=LINE('',#15423,#3715);
#2756=LINE('',#15424,#3716);
#2757=LINE('',#15427,#3717);
#2758=LINE('',#15430,#3718);
#2759=LINE('',#15431,#3719);
#2760=LINE('',#15434,#3720);
#2761=LINE('',#15436,#3721);
#2762=LINE('',#15437,#3722);
#2763=LINE('',#15440,#3723);
#2764=LINE('',#15444,#3724);
#2765=LINE('',#15445,#3725);
#2766=LINE('',#15448,#3726);
#2767=LINE('',#15451,#3727);
#2768=LINE('',#15452,#3728);
#2769=LINE('',#15455,#3729);
#2770=LINE('',#15457,#3730);
#2771=LINE('',#15458,#3731);
#2772=LINE('',#15463,#3732);
#2773=LINE('',#15467,#3733);
#2774=LINE('',#15468,#3734);
#2775=LINE('',#15469,#3735);
#2776=LINE('',#15476,#3736);
#2777=LINE('',#15478,#3737);
#2778=LINE('',#15480,#3738);
#2779=VECTOR('',#10131,10.);
#2780=VECTOR('',#10132,10.);
#2781=VECTOR('',#10133,10.);
#2782=VECTOR('',#10134,10.);
#2783=VECTOR('',#10139,10.);
#2784=VECTOR('',#10144,10.);
#2785=VECTOR('',#10145,10.);
#2786=VECTOR('',#10146,10.);
#2787=VECTOR('',#10147,10.);
#2788=VECTOR('',#10152,10.);
#2789=VECTOR('',#10157,10.);
#2790=VECTOR('',#10158,10.);
#2791=VECTOR('',#10159,10.);
#2792=VECTOR('',#10164,10.);
#2793=VECTOR('',#10169,10.);
#2794=VECTOR('',#10170,10.);
#2795=VECTOR('',#10171,10.);
#2796=VECTOR('',#10174,10.);
#2797=VECTOR('',#10175,10.);
#2798=VECTOR('',#10176,10.);
#2799=VECTOR('',#10177,10.);
#2800=VECTOR('',#10182,10.);
#2801=VECTOR('',#10187,10.);
#2802=VECTOR('',#10188,10.);
#2803=VECTOR('',#10189,10.);
#2804=VECTOR('',#10194,10.);
#2805=VECTOR('',#10199,10.);
#2806=VECTOR('',#10200,10.);
#2807=VECTOR('',#10201,10.);
#2808=VECTOR('',#10206,10.);
#2809=VECTOR('',#10211,10.);
#2810=VECTOR('',#10212,10.);
#2811=VECTOR('',#10213,10.);
#2812=VECTOR('',#10216,10.);
#2813=VECTOR('',#10217,10.);
#2814=VECTOR('',#10218,10.);
#2815=VECTOR('',#10219,10.);
#2816=VECTOR('',#10224,10.);
#2817=VECTOR('',#10229,10.);
#2818=VECTOR('',#10230,10.);
#2819=VECTOR('',#10231,10.);
#2820=VECTOR('',#10236,10.);
#2821=VECTOR('',#10241,10.);
#2822=VECTOR('',#10242,10.);
#2823=VECTOR('',#10243,10.);
#2824=VECTOR('',#10246,10.);
#2825=VECTOR('',#10263,10.);
#2826=VECTOR('',#10264,10.);
#2827=VECTOR('',#10265,10.);
#2828=VECTOR('',#10270,10.);
#2829=VECTOR('',#10273,10.);
#2830=VECTOR('',#10274,10.);
#2831=VECTOR('',#10279,10.);
#2832=VECTOR('',#10282,10.);
#2833=VECTOR('',#10283,10.);
#2834=VECTOR('',#10288,10.);
#2835=VECTOR('',#10291,10.);
#2836=VECTOR('',#10292,10.);
#2837=VECTOR('',#10297,10.);
#2838=VECTOR('',#10300,10.);
#2839=VECTOR('',#10301,10.);
#2840=VECTOR('',#10306,10.);
#2841=VECTOR('',#10309,10.);
#2842=VECTOR('',#10310,10.);
#2843=VECTOR('',#10315,10.);
#2844=VECTOR('',#10318,10.);
#2845=VECTOR('',#10319,10.);
#2846=VECTOR('',#10324,10.);
#2847=VECTOR('',#10327,10.);
#2848=VECTOR('',#10328,10.);
#2849=VECTOR('',#10333,10.);
#2850=VECTOR('',#10336,10.);
#2851=VECTOR('',#10337,10.);
#2852=VECTOR('',#10342,10.);
#2853=VECTOR('',#10345,10.);
#2854=VECTOR('',#10346,10.);
#2855=VECTOR('',#10351,10.);
#2856=VECTOR('',#10354,10.);
#2857=VECTOR('',#10355,10.);
#2858=VECTOR('',#10356,10.);
#2859=VECTOR('',#10361,10.);
#2860=VECTOR('',#10364,10.);
#2861=VECTOR('',#10365,10.);
#2862=VECTOR('',#10370,10.);
#2863=VECTOR('',#10373,10.);
#2864=VECTOR('',#10374,10.);
#2865=VECTOR('',#10377,10.);
#2866=VECTOR('',#10378,10.);
#2867=VECTOR('',#10379,10.);
#2868=VECTOR('',#10384,10.);
#2869=VECTOR('',#10387,10.);
#2870=VECTOR('',#10388,10.);
#2871=VECTOR('',#10393,10.);
#2872=VECTOR('',#10396,10.);
#2873=VECTOR('',#10397,10.);
#2874=VECTOR('',#10402,10.);
#2875=VECTOR('',#10405,10.);
#2876=VECTOR('',#10406,10.);
#2877=VECTOR('',#10409,10.);
#2878=VECTOR('',#10410,10.);
#2879=VECTOR('',#10411,10.);
#2880=VECTOR('',#10416,10.);
#2881=VECTOR('',#10419,10.);
#2882=VECTOR('',#10420,10.);
#2883=VECTOR('',#10425,10.);
#2884=VECTOR('',#10428,10.);
#2885=VECTOR('',#10429,10.);
#2886=VECTOR('',#10432,10.);
#2887=VECTOR('',#10435,10.);
#2888=VECTOR('',#10440,10.);
#2889=VECTOR('',#10441,10.);
#2890=VECTOR('',#10442,10.);
#2891=VECTOR('',#10453,10.);
#2892=VECTOR('',#10456,10.);
#2893=VECTOR('',#10459,10.);
#2894=VECTOR('',#10462,10.);
#2895=VECTOR('',#10465,10.);
#2896=VECTOR('',#10466,10.);
#2897=VECTOR('',#10467,10.);
#2898=VECTOR('',#10468,10.);
#2899=VECTOR('',#10473,10.);
#2900=VECTOR('',#10478,10.);
#2901=VECTOR('',#10479,10.);
#2902=VECTOR('',#10482,10.);
#2903=VECTOR('',#10483,10.);
#2904=VECTOR('',#10484,10.);
#2905=VECTOR('',#10485,10.);
#2906=VECTOR('',#10490,10.);
#2907=VECTOR('',#10495,10.);
#2908=VECTOR('',#10496,10.);
#2909=VECTOR('',#10497,10.);
#2910=VECTOR('',#10502,10.);
#2911=VECTOR('',#10507,10.);
#2912=VECTOR('',#10508,10.);
#2913=VECTOR('',#10509,10.);
#2914=VECTOR('',#10512,10.);
#2915=VECTOR('',#10513,10.);
#2916=VECTOR('',#10514,10.);
#2917=VECTOR('',#10515,10.);
#2918=VECTOR('',#10520,10.);
#2919=VECTOR('',#10525,10.);
#2920=VECTOR('',#10526,10.);
#2921=VECTOR('',#10527,10.);
#2922=VECTOR('',#10532,10.);
#2923=VECTOR('',#10537,10.);
#2924=VECTOR('',#10538,10.);
#2925=VECTOR('',#10539,10.);
#2926=VECTOR('',#10544,10.);
#2927=VECTOR('',#10549,10.);
#2928=VECTOR('',#10550,10.);
#2929=VECTOR('',#10551,10.);
#2930=VECTOR('',#10554,10.);
#2931=VECTOR('',#10555,10.);
#2932=VECTOR('',#10556,10.);
#2933=VECTOR('',#10557,10.);
#2934=VECTOR('',#10562,10.);
#2935=VECTOR('',#10567,10.);
#2936=VECTOR('',#10568,10.);
#2937=VECTOR('',#10569,10.);
#2938=VECTOR('',#10574,10.);
#2939=VECTOR('',#10579,10.);
#2940=VECTOR('',#10580,10.);
#2941=VECTOR('',#10581,10.);
#2942=VECTOR('',#10584,10.);
#2943=VECTOR('',#10585,10.);
#2944=VECTOR('',#10586,10.);
#2945=VECTOR('',#10605,10.);
#2946=VECTOR('',#10606,10.);
#2947=VECTOR('',#10607,10.);
#2948=VECTOR('',#10610,10.);
#2949=VECTOR('',#10615,10.);
#2950=VECTOR('',#10616,10.);
#2951=VECTOR('',#10619,10.);
#2952=VECTOR('',#10624,10.);
#2953=VECTOR('',#10625,10.);
#2954=VECTOR('',#10628,10.);
#2955=VECTOR('',#10633,10.);
#2956=VECTOR('',#10634,10.);
#2957=VECTOR('',#10637,10.);
#2958=VECTOR('',#10642,10.);
#2959=VECTOR('',#10643,10.);
#2960=VECTOR('',#10646,10.);
#2961=VECTOR('',#10651,10.);
#2962=VECTOR('',#10652,10.);
#2963=VECTOR('',#10655,10.);
#2964=VECTOR('',#10660,10.);
#2965=VECTOR('',#10661,10.);
#2966=VECTOR('',#10664,10.);
#2967=VECTOR('',#10669,10.);
#2968=VECTOR('',#10670,10.);
#2969=VECTOR('',#10673,10.);
#2970=VECTOR('',#10678,10.);
#2971=VECTOR('',#10679,10.);
#2972=VECTOR('',#10682,10.);
#2973=VECTOR('',#10687,10.);
#2974=VECTOR('',#10688,10.);
#2975=VECTOR('',#10691,10.);
#2976=VECTOR('',#10696,10.);
#2977=VECTOR('',#10699,10.);
#2978=VECTOR('',#10700,10.);
#2979=VECTOR('',#10703,10.);
#2980=VECTOR('',#10704,10.);
#2981=VECTOR('',#10705,10.);
#2982=VECTOR('',#10708,10.);
#2983=VECTOR('',#10713,10.);
#2984=VECTOR('',#10714,10.);
#2985=VECTOR('',#10717,10.);
#2986=VECTOR('',#10722,10.);
#2987=VECTOR('',#10723,10.);
#2988=VECTOR('',#10726,10.);
#2989=VECTOR('',#10727,10.);
#2990=VECTOR('',#10728,10.);
#2991=VECTOR('',#10731,10.);
#2992=VECTOR('',#10736,10.);
#2993=VECTOR('',#10737,10.);
#2994=VECTOR('',#10740,10.);
#2995=VECTOR('',#10745,10.);
#2996=VECTOR('',#10746,10.);
#2997=VECTOR('',#10749,10.);
#2998=VECTOR('',#10754,10.);
#2999=VECTOR('',#10755,10.);
#3000=VECTOR('',#10758,10.);
#3001=VECTOR('',#10759,10.);
#3002=VECTOR('',#10760,10.);
#3003=VECTOR('',#10763,10.);
#3004=VECTOR('',#10768,10.);
#3005=VECTOR('',#10769,10.);
#3006=VECTOR('',#10772,10.);
#3007=VECTOR('',#10777,10.);
#3008=VECTOR('',#10778,10.);
#3009=VECTOR('',#10781,10.);
#3010=VECTOR('',#10782,10.);
#3011=VECTOR('',#10783,10.);
#3012=VECTOR('',#10788,10.);
#3013=VECTOR('',#10793,10.);
#3014=VECTOR('',#10794,10.);
#3015=VECTOR('',#10795,10.);
#3016=VECTOR('',#10808,10.);
#3017=VECTOR('',#10811,10.);
#3018=VECTOR('',#10814,10.);
#3019=VECTOR('',#10825,10.);
#3020=VECTOR('',#10826,10.);
#3021=VECTOR('',#10827,10.);
#3022=VECTOR('',#10828,10.);
#3023=VECTOR('',#10833,10.);
#3024=VECTOR('',#10838,10.);
#3025=VECTOR('',#10839,10.);
#3026=VECTOR('',#10840,10.);
#3027=VECTOR('',#10841,10.);
#3028=VECTOR('',#10846,10.);
#3029=VECTOR('',#10851,10.);
#3030=VECTOR('',#10852,10.);
#3031=VECTOR('',#10853,10.);
#3032=VECTOR('',#10858,10.);
#3033=VECTOR('',#10863,10.);
#3034=VECTOR('',#10864,10.);
#3035=VECTOR('',#10865,10.);
#3036=VECTOR('',#10868,10.);
#3037=VECTOR('',#10869,10.);
#3038=VECTOR('',#10870,10.);
#3039=VECTOR('',#10871,10.);
#3040=VECTOR('',#10876,10.);
#3041=VECTOR('',#10881,10.);
#3042=VECTOR('',#10882,10.);
#3043=VECTOR('',#10883,10.);
#3044=VECTOR('',#10888,10.);
#3045=VECTOR('',#10893,10.);
#3046=VECTOR('',#10894,10.);
#3047=VECTOR('',#10895,10.);
#3048=VECTOR('',#10900,10.);
#3049=VECTOR('',#10905,10.);
#3050=VECTOR('',#10906,10.);
#3051=VECTOR('',#10907,10.);
#3052=VECTOR('',#10910,10.);
#3053=VECTOR('',#10911,10.);
#3054=VECTOR('',#10912,10.);
#3055=VECTOR('',#10913,10.);
#3056=VECTOR('',#10918,10.);
#3057=VECTOR('',#10923,10.);
#3058=VECTOR('',#10924,10.);
#3059=VECTOR('',#10925,10.);
#3060=VECTOR('',#10930,10.);
#3061=VECTOR('',#10935,10.);
#3062=VECTOR('',#10936,10.);
#3063=VECTOR('',#10937,10.);
#3064=VECTOR('',#10940,10.);
#3065=VECTOR('',#10957,10.);
#3066=VECTOR('',#10958,10.);
#3067=VECTOR('',#10959,10.);
#3068=VECTOR('',#10964,10.);
#3069=VECTOR('',#10967,10.);
#3070=VECTOR('',#10968,10.);
#3071=VECTOR('',#10973,10.);
#3072=VECTOR('',#10976,10.);
#3073=VECTOR('',#10977,10.);
#3074=VECTOR('',#10982,10.);
#3075=VECTOR('',#10985,10.);
#3076=VECTOR('',#10986,10.);
#3077=VECTOR('',#10991,10.);
#3078=VECTOR('',#10994,10.);
#3079=VECTOR('',#10995,10.);
#3080=VECTOR('',#11000,10.);
#3081=VECTOR('',#11003,10.);
#3082=VECTOR('',#11004,10.);
#3083=VECTOR('',#11009,10.);
#3084=VECTOR('',#11012,10.);
#3085=VECTOR('',#11013,10.);
#3086=VECTOR('',#11018,10.);
#3087=VECTOR('',#11021,10.);
#3088=VECTOR('',#11022,10.);
#3089=VECTOR('',#11027,10.);
#3090=VECTOR('',#11030,10.);
#3091=VECTOR('',#11031,10.);
#3092=VECTOR('',#11036,10.);
#3093=VECTOR('',#11039,10.);
#3094=VECTOR('',#11040,10.);
#3095=VECTOR('',#11045,10.);
#3096=VECTOR('',#11048,10.);
#3097=VECTOR('',#11049,10.);
#3098=VECTOR('',#11050,10.);
#3099=VECTOR('',#11055,10.);
#3100=VECTOR('',#11058,10.);
#3101=VECTOR('',#11059,10.);
#3102=VECTOR('',#11064,10.);
#3103=VECTOR('',#11067,10.);
#3104=VECTOR('',#11068,10.);
#3105=VECTOR('',#11071,10.);
#3106=VECTOR('',#11072,10.);
#3107=VECTOR('',#11073,10.);
#3108=VECTOR('',#11078,10.);
#3109=VECTOR('',#11081,10.);
#3110=VECTOR('',#11082,10.);
#3111=VECTOR('',#11087,10.);
#3112=VECTOR('',#11090,10.);
#3113=VECTOR('',#11091,10.);
#3114=VECTOR('',#11096,10.);
#3115=VECTOR('',#11099,10.);
#3116=VECTOR('',#11100,10.);
#3117=VECTOR('',#11103,10.);
#3118=VECTOR('',#11104,10.);
#3119=VECTOR('',#11105,10.);
#3120=VECTOR('',#11110,10.);
#3121=VECTOR('',#11113,10.);
#3122=VECTOR('',#11114,10.);
#3123=VECTOR('',#11119,10.);
#3124=VECTOR('',#11122,10.);
#3125=VECTOR('',#11123,10.);
#3126=VECTOR('',#11126,10.);
#3127=VECTOR('',#11129,10.);
#3128=VECTOR('',#11134,10.);
#3129=VECTOR('',#11135,10.);
#3130=VECTOR('',#11136,10.);
#3131=VECTOR('',#11147,10.);
#3132=VECTOR('',#11150,10.);
#3133=VECTOR('',#11153,10.);
#3134=VECTOR('',#11156,10.);
#3135=VECTOR('',#11159,10.);
#3136=VECTOR('',#11160,10.);
#3137=VECTOR('',#11161,10.);
#3138=VECTOR('',#11162,10.);
#3139=VECTOR('',#11167,10.);
#3140=VECTOR('',#11172,10.);
#3141=VECTOR('',#11173,10.);
#3142=VECTOR('',#11176,10.);
#3143=VECTOR('',#11177,10.);
#3144=VECTOR('',#11178,10.);
#3145=VECTOR('',#11179,10.);
#3146=VECTOR('',#11184,10.);
#3147=VECTOR('',#11189,10.);
#3148=VECTOR('',#11190,10.);
#3149=VECTOR('',#11191,10.);
#3150=VECTOR('',#11196,10.);
#3151=VECTOR('',#11201,10.);
#3152=VECTOR('',#11202,10.);
#3153=VECTOR('',#11203,10.);
#3154=VECTOR('',#11206,10.);
#3155=VECTOR('',#11207,10.);
#3156=VECTOR('',#11208,10.);
#3157=VECTOR('',#11209,10.);
#3158=VECTOR('',#11214,10.);
#3159=VECTOR('',#11219,10.);
#3160=VECTOR('',#11220,10.);
#3161=VECTOR('',#11221,10.);
#3162=VECTOR('',#11226,10.);
#3163=VECTOR('',#11231,10.);
#3164=VECTOR('',#11232,10.);
#3165=VECTOR('',#11233,10.);
#3166=VECTOR('',#11238,10.);
#3167=VECTOR('',#11243,10.);
#3168=VECTOR('',#11244,10.);
#3169=VECTOR('',#11245,10.);
#3170=VECTOR('',#11248,10.);
#3171=VECTOR('',#11249,10.);
#3172=VECTOR('',#11250,10.);
#3173=VECTOR('',#11251,10.);
#3174=VECTOR('',#11256,10.);
#3175=VECTOR('',#11261,10.);
#3176=VECTOR('',#11262,10.);
#3177=VECTOR('',#11263,10.);
#3178=VECTOR('',#11268,10.);
#3179=VECTOR('',#11273,10.);
#3180=VECTOR('',#11274,10.);
#3181=VECTOR('',#11275,10.);
#3182=VECTOR('',#11278,10.);
#3183=VECTOR('',#11279,10.);
#3184=VECTOR('',#11280,10.);
#3185=VECTOR('',#11299,10.);
#3186=VECTOR('',#11300,10.);
#3187=VECTOR('',#11301,10.);
#3188=VECTOR('',#11304,10.);
#3189=VECTOR('',#11309,10.);
#3190=VECTOR('',#11310,10.);
#3191=VECTOR('',#11313,10.);
#3192=VECTOR('',#11318,10.);
#3193=VECTOR('',#11319,10.);
#3194=VECTOR('',#11322,10.);
#3195=VECTOR('',#11327,10.);
#3196=VECTOR('',#11328,10.);
#3197=VECTOR('',#11331,10.);
#3198=VECTOR('',#11336,10.);
#3199=VECTOR('',#11337,10.);
#3200=VECTOR('',#11340,10.);
#3201=VECTOR('',#11345,10.);
#3202=VECTOR('',#11346,10.);
#3203=VECTOR('',#11349,10.);
#3204=VECTOR('',#11354,10.);
#3205=VECTOR('',#11355,10.);
#3206=VECTOR('',#11358,10.);
#3207=VECTOR('',#11363,10.);
#3208=VECTOR('',#11364,10.);
#3209=VECTOR('',#11367,10.);
#3210=VECTOR('',#11372,10.);
#3211=VECTOR('',#11373,10.);
#3212=VECTOR('',#11376,10.);
#3213=VECTOR('',#11381,10.);
#3214=VECTOR('',#11382,10.);
#3215=VECTOR('',#11385,10.);
#3216=VECTOR('',#11390,10.);
#3217=VECTOR('',#11393,10.);
#3218=VECTOR('',#11394,10.);
#3219=VECTOR('',#11397,10.);
#3220=VECTOR('',#11398,10.);
#3221=VECTOR('',#11399,10.);
#3222=VECTOR('',#11402,10.);
#3223=VECTOR('',#11407,10.);
#3224=VECTOR('',#11408,10.);
#3225=VECTOR('',#11411,10.);
#3226=VECTOR('',#11416,10.);
#3227=VECTOR('',#11417,10.);
#3228=VECTOR('',#11420,10.);
#3229=VECTOR('',#11421,10.);
#3230=VECTOR('',#11422,10.);
#3231=VECTOR('',#11425,10.);
#3232=VECTOR('',#11430,10.);
#3233=VECTOR('',#11431,10.);
#3234=VECTOR('',#11434,10.);
#3235=VECTOR('',#11439,10.);
#3236=VECTOR('',#11440,10.);
#3237=VECTOR('',#11443,10.);
#3238=VECTOR('',#11448,10.);
#3239=VECTOR('',#11449,10.);
#3240=VECTOR('',#11452,10.);
#3241=VECTOR('',#11453,10.);
#3242=VECTOR('',#11454,10.);
#3243=VECTOR('',#11457,10.);
#3244=VECTOR('',#11462,10.);
#3245=VECTOR('',#11463,10.);
#3246=VECTOR('',#11466,10.);
#3247=VECTOR('',#11471,10.);
#3248=VECTOR('',#11472,10.);
#3249=VECTOR('',#11475,10.);
#3250=VECTOR('',#11476,10.);
#3251=VECTOR('',#11477,10.);
#3252=VECTOR('',#11482,10.);
#3253=VECTOR('',#11487,10.);
#3254=VECTOR('',#11488,10.);
#3255=VECTOR('',#11489,10.);
#3256=VECTOR('',#11502,10.);
#3257=VECTOR('',#11505,10.);
#3258=VECTOR('',#11508,10.);
#3259=VECTOR('',#11519,10.);
#3260=VECTOR('',#11520,10.);
#3261=VECTOR('',#11521,10.);
#3262=VECTOR('',#11522,10.);
#3263=VECTOR('',#11527,10.);
#3264=VECTOR('',#11532,10.);
#3265=VECTOR('',#11533,10.);
#3266=VECTOR('',#11534,10.);
#3267=VECTOR('',#11535,10.);
#3268=VECTOR('',#11540,10.);
#3269=VECTOR('',#11545,10.);
#3270=VECTOR('',#11546,10.);
#3271=VECTOR('',#11547,10.);
#3272=VECTOR('',#11552,10.);
#3273=VECTOR('',#11557,10.);
#3274=VECTOR('',#11558,10.);
#3275=VECTOR('',#11559,10.);
#3276=VECTOR('',#11562,10.);
#3277=VECTOR('',#11563,10.);
#3278=VECTOR('',#11564,10.);
#3279=VECTOR('',#11565,10.);
#3280=VECTOR('',#11570,10.);
#3281=VECTOR('',#11575,10.);
#3282=VECTOR('',#11576,10.);
#3283=VECTOR('',#11577,10.);
#3284=VECTOR('',#11582,10.);
#3285=VECTOR('',#11587,10.);
#3286=VECTOR('',#11588,10.);
#3287=VECTOR('',#11589,10.);
#3288=VECTOR('',#11594,10.);
#3289=VECTOR('',#11599,10.);
#3290=VECTOR('',#11600,10.);
#3291=VECTOR('',#11601,10.);
#3292=VECTOR('',#11604,10.);
#3293=VECTOR('',#11605,10.);
#3294=VECTOR('',#11606,10.);
#3295=VECTOR('',#11607,10.);
#3296=VECTOR('',#11612,10.);
#3297=VECTOR('',#11617,10.);
#3298=VECTOR('',#11618,10.);
#3299=VECTOR('',#11619,10.);
#3300=VECTOR('',#11624,10.);
#3301=VECTOR('',#11629,10.);
#3302=VECTOR('',#11630,10.);
#3303=VECTOR('',#11631,10.);
#3304=VECTOR('',#11634,10.);
#3305=VECTOR('',#11651,10.);
#3306=VECTOR('',#11652,10.);
#3307=VECTOR('',#11653,10.);
#3308=VECTOR('',#11658,10.);
#3309=VECTOR('',#11661,10.);
#3310=VECTOR('',#11662,10.);
#3311=VECTOR('',#11667,10.);
#3312=VECTOR('',#11670,10.);
#3313=VECTOR('',#11671,10.);
#3314=VECTOR('',#11676,10.);
#3315=VECTOR('',#11679,10.);
#3316=VECTOR('',#11680,10.);
#3317=VECTOR('',#11685,10.);
#3318=VECTOR('',#11688,10.);
#3319=VECTOR('',#11689,10.);
#3320=VECTOR('',#11694,10.);
#3321=VECTOR('',#11697,10.);
#3322=VECTOR('',#11698,10.);
#3323=VECTOR('',#11703,10.);
#3324=VECTOR('',#11706,10.);
#3325=VECTOR('',#11707,10.);
#3326=VECTOR('',#11712,10.);
#3327=VECTOR('',#11715,10.);
#3328=VECTOR('',#11716,10.);
#3329=VECTOR('',#11721,10.);
#3330=VECTOR('',#11724,10.);
#3331=VECTOR('',#11725,10.);
#3332=VECTOR('',#11730,10.);
#3333=VECTOR('',#11733,10.);
#3334=VECTOR('',#11734,10.);
#3335=VECTOR('',#11739,10.);
#3336=VECTOR('',#11742,10.);
#3337=VECTOR('',#11743,10.);
#3338=VECTOR('',#11744,10.);
#3339=VECTOR('',#11749,10.);
#3340=VECTOR('',#11752,10.);
#3341=VECTOR('',#11753,10.);
#3342=VECTOR('',#11758,10.);
#3343=VECTOR('',#11761,10.);
#3344=VECTOR('',#11762,10.);
#3345=VECTOR('',#11765,10.);
#3346=VECTOR('',#11766,10.);
#3347=VECTOR('',#11767,10.);
#3348=VECTOR('',#11772,10.);
#3349=VECTOR('',#11775,10.);
#3350=VECTOR('',#11776,10.);
#3351=VECTOR('',#11781,10.);
#3352=VECTOR('',#11784,10.);
#3353=VECTOR('',#11785,10.);
#3354=VECTOR('',#11790,10.);
#3355=VECTOR('',#11793,10.);
#3356=VECTOR('',#11794,10.);
#3357=VECTOR('',#11797,10.);
#3358=VECTOR('',#11798,10.);
#3359=VECTOR('',#11799,10.);
#3360=VECTOR('',#11804,10.);
#3361=VECTOR('',#11807,10.);
#3362=VECTOR('',#11808,10.);
#3363=VECTOR('',#11813,10.);
#3364=VECTOR('',#11816,10.);
#3365=VECTOR('',#11817,10.);
#3366=VECTOR('',#11820,10.);
#3367=VECTOR('',#11823,10.);
#3368=VECTOR('',#11828,10.);
#3369=VECTOR('',#11829,10.);
#3370=VECTOR('',#11830,10.);
#3371=VECTOR('',#11841,10.);
#3372=VECTOR('',#11844,10.);
#3373=VECTOR('',#11847,10.);
#3374=VECTOR('',#11850,10.);
#3375=VECTOR('',#11853,10.);
#3376=VECTOR('',#11854,10.);
#3377=VECTOR('',#11855,10.);
#3378=VECTOR('',#11856,10.);
#3379=VECTOR('',#11861,10.);
#3380=VECTOR('',#11866,10.);
#3381=VECTOR('',#11867,10.);
#3382=VECTOR('',#11870,10.);
#3383=VECTOR('',#11871,10.);
#3384=VECTOR('',#11872,10.);
#3385=VECTOR('',#11873,10.);
#3386=VECTOR('',#11878,10.);
#3387=VECTOR('',#11883,10.);
#3388=VECTOR('',#11884,10.);
#3389=VECTOR('',#11885,10.);
#3390=VECTOR('',#11890,10.);
#3391=VECTOR('',#11895,10.);
#3392=VECTOR('',#11896,10.);
#3393=VECTOR('',#11897,10.);
#3394=VECTOR('',#11900,10.);
#3395=VECTOR('',#11901,10.);
#3396=VECTOR('',#11902,10.);
#3397=VECTOR('',#11903,10.);
#3398=VECTOR('',#11908,10.);
#3399=VECTOR('',#11913,10.);
#3400=VECTOR('',#11914,10.);
#3401=VECTOR('',#11915,10.);
#3402=VECTOR('',#11920,10.);
#3403=VECTOR('',#11925,10.);
#3404=VECTOR('',#11926,10.);
#3405=VECTOR('',#11927,10.);
#3406=VECTOR('',#11932,10.);
#3407=VECTOR('',#11937,10.);
#3408=VECTOR('',#11938,10.);
#3409=VECTOR('',#11939,10.);
#3410=VECTOR('',#11942,10.);
#3411=VECTOR('',#11943,10.);
#3412=VECTOR('',#11944,10.);
#3413=VECTOR('',#11945,10.);
#3414=VECTOR('',#11950,10.);
#3415=VECTOR('',#11955,10.);
#3416=VECTOR('',#11956,10.);
#3417=VECTOR('',#11957,10.);
#3418=VECTOR('',#11962,10.);
#3419=VECTOR('',#11967,10.);
#3420=VECTOR('',#11968,10.);
#3421=VECTOR('',#11969,10.);
#3422=VECTOR('',#11972,10.);
#3423=VECTOR('',#11973,10.);
#3424=VECTOR('',#11974,10.);
#3425=VECTOR('',#11993,10.);
#3426=VECTOR('',#11994,10.);
#3427=VECTOR('',#11995,10.);
#3428=VECTOR('',#11998,10.);
#3429=VECTOR('',#12003,10.);
#3430=VECTOR('',#12004,10.);
#3431=VECTOR('',#12007,10.);
#3432=VECTOR('',#12012,10.);
#3433=VECTOR('',#12013,10.);
#3434=VECTOR('',#12016,10.);
#3435=VECTOR('',#12021,10.);
#3436=VECTOR('',#12022,10.);
#3437=VECTOR('',#12025,10.);
#3438=VECTOR('',#12030,10.);
#3439=VECTOR('',#12031,10.);
#3440=VECTOR('',#12034,10.);
#3441=VECTOR('',#12039,10.);
#3442=VECTOR('',#12040,10.);
#3443=VECTOR('',#12043,10.);
#3444=VECTOR('',#12048,10.);
#3445=VECTOR('',#12049,10.);
#3446=VECTOR('',#12052,10.);
#3447=VECTOR('',#12057,10.);
#3448=VECTOR('',#12058,10.);
#3449=VECTOR('',#12061,10.);
#3450=VECTOR('',#12066,10.);
#3451=VECTOR('',#12067,10.);
#3452=VECTOR('',#12070,10.);
#3453=VECTOR('',#12075,10.);
#3454=VECTOR('',#12076,10.);
#3455=VECTOR('',#12079,10.);
#3456=VECTOR('',#12084,10.);
#3457=VECTOR('',#12087,10.);
#3458=VECTOR('',#12088,10.);
#3459=VECTOR('',#12091,10.);
#3460=VECTOR('',#12092,10.);
#3461=VECTOR('',#12093,10.);
#3462=VECTOR('',#12096,10.);
#3463=VECTOR('',#12101,10.);
#3464=VECTOR('',#12102,10.);
#3465=VECTOR('',#12105,10.);
#3466=VECTOR('',#12110,10.);
#3467=VECTOR('',#12111,10.);
#3468=VECTOR('',#12114,10.);
#3469=VECTOR('',#12115,10.);
#3470=VECTOR('',#12116,10.);
#3471=VECTOR('',#12119,10.);
#3472=VECTOR('',#12124,10.);
#3473=VECTOR('',#12125,10.);
#3474=VECTOR('',#12128,10.);
#3475=VECTOR('',#12133,10.);
#3476=VECTOR('',#12134,10.);
#3477=VECTOR('',#12137,10.);
#3478=VECTOR('',#12142,10.);
#3479=VECTOR('',#12143,10.);
#3480=VECTOR('',#12146,10.);
#3481=VECTOR('',#12147,10.);
#3482=VECTOR('',#12148,10.);
#3483=VECTOR('',#12151,10.);
#3484=VECTOR('',#12156,10.);
#3485=VECTOR('',#12157,10.);
#3486=VECTOR('',#12160,10.);
#3487=VECTOR('',#12165,10.);
#3488=VECTOR('',#12166,10.);
#3489=VECTOR('',#12169,10.);
#3490=VECTOR('',#12170,10.);
#3491=VECTOR('',#12171,10.);
#3492=VECTOR('',#12176,10.);
#3493=VECTOR('',#12181,10.);
#3494=VECTOR('',#12182,10.);
#3495=VECTOR('',#12183,10.);
#3496=VECTOR('',#12196,10.);
#3497=VECTOR('',#12199,10.);
#3498=VECTOR('',#12202,10.);
#3499=VECTOR('',#12213,10.);
#3500=VECTOR('',#12214,10.);
#3501=VECTOR('',#12215,10.);
#3502=VECTOR('',#12216,10.);
#3503=VECTOR('',#12221,10.);
#3504=VECTOR('',#12226,10.);
#3505=VECTOR('',#12227,10.);
#3506=VECTOR('',#12228,10.);
#3507=VECTOR('',#12229,10.);
#3508=VECTOR('',#12234,10.);
#3509=VECTOR('',#12239,10.);
#3510=VECTOR('',#12240,10.);
#3511=VECTOR('',#12241,10.);
#3512=VECTOR('',#12246,10.);
#3513=VECTOR('',#12251,10.);
#3514=VECTOR('',#12252,10.);
#3515=VECTOR('',#12253,10.);
#3516=VECTOR('',#12256,10.);
#3517=VECTOR('',#12257,10.);
#3518=VECTOR('',#12258,10.);
#3519=VECTOR('',#12259,10.);
#3520=VECTOR('',#12264,10.);
#3521=VECTOR('',#12269,10.);
#3522=VECTOR('',#12270,10.);
#3523=VECTOR('',#12271,10.);
#3524=VECTOR('',#12276,10.);
#3525=VECTOR('',#12281,10.);
#3526=VECTOR('',#12282,10.);
#3527=VECTOR('',#12283,10.);
#3528=VECTOR('',#12288,10.);
#3529=VECTOR('',#12293,10.);
#3530=VECTOR('',#12294,10.);
#3531=VECTOR('',#12295,10.);
#3532=VECTOR('',#12298,10.);
#3533=VECTOR('',#12299,10.);
#3534=VECTOR('',#12300,10.);
#3535=VECTOR('',#12301,10.);
#3536=VECTOR('',#12306,10.);
#3537=VECTOR('',#12311,10.);
#3538=VECTOR('',#12312,10.);
#3539=VECTOR('',#12313,10.);
#3540=VECTOR('',#12318,10.);
#3541=VECTOR('',#12323,10.);
#3542=VECTOR('',#12324,10.);
#3543=VECTOR('',#12325,10.);
#3544=VECTOR('',#12328,10.);
#3545=VECTOR('',#12345,10.);
#3546=VECTOR('',#12346,10.);
#3547=VECTOR('',#12347,10.);
#3548=VECTOR('',#12352,10.);
#3549=VECTOR('',#12355,10.);
#3550=VECTOR('',#12356,10.);
#3551=VECTOR('',#12361,10.);
#3552=VECTOR('',#12364,10.);
#3553=VECTOR('',#12365,10.);
#3554=VECTOR('',#12370,10.);
#3555=VECTOR('',#12373,10.);
#3556=VECTOR('',#12374,10.);
#3557=VECTOR('',#12379,10.);
#3558=VECTOR('',#12382,10.);
#3559=VECTOR('',#12383,10.);
#3560=VECTOR('',#12388,10.);
#3561=VECTOR('',#12391,10.);
#3562=VECTOR('',#12392,10.);
#3563=VECTOR('',#12397,10.);
#3564=VECTOR('',#12400,10.);
#3565=VECTOR('',#12401,10.);
#3566=VECTOR('',#12406,10.);
#3567=VECTOR('',#12409,10.);
#3568=VECTOR('',#12410,10.);
#3569=VECTOR('',#12415,10.);
#3570=VECTOR('',#12418,10.);
#3571=VECTOR('',#12419,10.);
#3572=VECTOR('',#12424,10.);
#3573=VECTOR('',#12427,10.);
#3574=VECTOR('',#12428,10.);
#3575=VECTOR('',#12433,10.);
#3576=VECTOR('',#12436,10.);
#3577=VECTOR('',#12437,10.);
#3578=VECTOR('',#12438,10.);
#3579=VECTOR('',#12443,10.);
#3580=VECTOR('',#12446,10.);
#3581=VECTOR('',#12447,10.);
#3582=VECTOR('',#12452,10.);
#3583=VECTOR('',#12455,10.);
#3584=VECTOR('',#12456,10.);
#3585=VECTOR('',#12459,10.);
#3586=VECTOR('',#12460,10.);
#3587=VECTOR('',#12461,10.);
#3588=VECTOR('',#12466,10.);
#3589=VECTOR('',#12469,10.);
#3590=VECTOR('',#12470,10.);
#3591=VECTOR('',#12475,10.);
#3592=VECTOR('',#12478,10.);
#3593=VECTOR('',#12479,10.);
#3594=VECTOR('',#12484,10.);
#3595=VECTOR('',#12487,10.);
#3596=VECTOR('',#12488,10.);
#3597=VECTOR('',#12491,10.);
#3598=VECTOR('',#12492,10.);
#3599=VECTOR('',#12493,10.);
#3600=VECTOR('',#12498,10.);
#3601=VECTOR('',#12501,10.);
#3602=VECTOR('',#12502,10.);
#3603=VECTOR('',#12507,10.);
#3604=VECTOR('',#12510,10.);
#3605=VECTOR('',#12511,10.);
#3606=VECTOR('',#12514,10.);
#3607=VECTOR('',#12517,10.);
#3608=VECTOR('',#12522,10.);
#3609=VECTOR('',#12523,10.);
#3610=VECTOR('',#12524,10.);
#3611=VECTOR('',#12535,10.);
#3612=VECTOR('',#12538,10.);
#3613=VECTOR('',#12541,10.);
#3614=VECTOR('',#12544,10.);
#3615=VECTOR('',#12547,10.);
#3616=VECTOR('',#12548,10.);
#3617=VECTOR('',#12549,10.);
#3618=VECTOR('',#12550,10.);
#3619=VECTOR('',#12555,10.);
#3620=VECTOR('',#12560,10.);
#3621=VECTOR('',#12561,10.);
#3622=VECTOR('',#12564,10.);
#3623=VECTOR('',#12565,10.);
#3624=VECTOR('',#12566,10.);
#3625=VECTOR('',#12567,10.);
#3626=VECTOR('',#12572,10.);
#3627=VECTOR('',#12577,10.);
#3628=VECTOR('',#12578,10.);
#3629=VECTOR('',#12579,10.);
#3630=VECTOR('',#12584,10.);
#3631=VECTOR('',#12589,10.);
#3632=VECTOR('',#12590,10.);
#3633=VECTOR('',#12591,10.);
#3634=VECTOR('',#12594,10.);
#3635=VECTOR('',#12595,10.);
#3636=VECTOR('',#12596,10.);
#3637=VECTOR('',#12597,10.);
#3638=VECTOR('',#12602,10.);
#3639=VECTOR('',#12607,10.);
#3640=VECTOR('',#12608,10.);
#3641=VECTOR('',#12609,10.);
#3642=VECTOR('',#12614,10.);
#3643=VECTOR('',#12619,10.);
#3644=VECTOR('',#12620,10.);
#3645=VECTOR('',#12621,10.);
#3646=VECTOR('',#12626,10.);
#3647=VECTOR('',#12631,10.);
#3648=VECTOR('',#12632,10.);
#3649=VECTOR('',#12633,10.);
#3650=VECTOR('',#12636,10.);
#3651=VECTOR('',#12637,10.);
#3652=VECTOR('',#12638,10.);
#3653=VECTOR('',#12639,10.);
#3654=VECTOR('',#12644,10.);
#3655=VECTOR('',#12649,10.);
#3656=VECTOR('',#12650,10.);
#3657=VECTOR('',#12651,10.);
#3658=VECTOR('',#12656,10.);
#3659=VECTOR('',#12661,10.);
#3660=VECTOR('',#12662,10.);
#3661=VECTOR('',#12663,10.);
#3662=VECTOR('',#12666,10.);
#3663=VECTOR('',#12667,10.);
#3664=VECTOR('',#12668,10.);
#3665=VECTOR('',#12687,10.);
#3666=VECTOR('',#12688,10.);
#3667=VECTOR('',#12689,10.);
#3668=VECTOR('',#12692,10.);
#3669=VECTOR('',#12697,10.);
#3670=VECTOR('',#12698,10.);
#3671=VECTOR('',#12701,10.);
#3672=VECTOR('',#12706,10.);
#3673=VECTOR('',#12707,10.);
#3674=VECTOR('',#12710,10.);
#3675=VECTOR('',#12715,10.);
#3676=VECTOR('',#12716,10.);
#3677=VECTOR('',#12719,10.);
#3678=VECTOR('',#12724,10.);
#3679=VECTOR('',#12725,10.);
#3680=VECTOR('',#12728,10.);
#3681=VECTOR('',#12733,10.);
#3682=VECTOR('',#12734,10.);
#3683=VECTOR('',#12737,10.);
#3684=VECTOR('',#12742,10.);
#3685=VECTOR('',#12743,10.);
#3686=VECTOR('',#12746,10.);
#3687=VECTOR('',#12751,10.);
#3688=VECTOR('',#12752,10.);
#3689=VECTOR('',#12755,10.);
#3690=VECTOR('',#12760,10.);
#3691=VECTOR('',#12761,10.);
#3692=VECTOR('',#12764,10.);
#3693=VECTOR('',#12769,10.);
#3694=VECTOR('',#12770,10.);
#3695=VECTOR('',#12773,10.);
#3696=VECTOR('',#12778,10.);
#3697=VECTOR('',#12781,10.);
#3698=VECTOR('',#12782,10.);
#3699=VECTOR('',#12785,10.);
#3700=VECTOR('',#12786,10.);
#3701=VECTOR('',#12787,10.);
#3702=VECTOR('',#12790,10.);
#3703=VECTOR('',#12795,10.);
#3704=VECTOR('',#12796,10.);
#3705=VECTOR('',#12799,10.);
#3706=VECTOR('',#12804,10.);
#3707=VECTOR('',#12805,10.);
#3708=VECTOR('',#12808,10.);
#3709=VECTOR('',#12809,10.);
#3710=VECTOR('',#12810,10.);
#3711=VECTOR('',#12813,10.);
#3712=VECTOR('',#12818,10.);
#3713=VECTOR('',#12819,10.);
#3714=VECTOR('',#12822,10.);
#3715=VECTOR('',#12827,10.);
#3716=VECTOR('',#12828,10.);
#3717=VECTOR('',#12831,10.);
#3718=VECTOR('',#12836,10.);
#3719=VECTOR('',#12837,10.);
#3720=VECTOR('',#12840,10.);
#3721=VECTOR('',#12841,10.);
#3722=VECTOR('',#12842,10.);
#3723=VECTOR('',#12845,10.);
#3724=VECTOR('',#12850,10.);
#3725=VECTOR('',#12851,10.);
#3726=VECTOR('',#12854,10.);
#3727=VECTOR('',#12859,10.);
#3728=VECTOR('',#12860,10.);
#3729=VECTOR('',#12863,10.);
#3730=VECTOR('',#12864,10.);
#3731=VECTOR('',#12865,10.);
#3732=VECTOR('',#12870,10.);
#3733=VECTOR('',#12875,10.);
#3734=VECTOR('',#12876,10.);
#3735=VECTOR('',#12877,10.);
#3736=VECTOR('',#12890,10.);
#3737=VECTOR('',#12893,10.);
#3738=VECTOR('',#12896,10.);
#3739=VERTEX_POINT('',#12914);
#3740=VERTEX_POINT('',#12915);
#3741=VERTEX_POINT('',#12917);
#3742=VERTEX_POINT('',#12919);
#3743=VERTEX_POINT('',#12923);
#3744=VERTEX_POINT('',#12925);
#3745=VERTEX_POINT('',#12929);
#3746=VERTEX_POINT('',#12930);
#3747=VERTEX_POINT('',#12932);
#3748=VERTEX_POINT('',#12934);
#3749=VERTEX_POINT('',#12938);
#3750=VERTEX_POINT('',#12940);
#3751=VERTEX_POINT('',#12944);
#3752=VERTEX_POINT('',#12945);
#3753=VERTEX_POINT('',#12950);
#3754=VERTEX_POINT('',#12952);
#3755=VERTEX_POINT('',#12956);
#3756=VERTEX_POINT('',#12961);
#3757=VERTEX_POINT('',#12962);
#3758=VERTEX_POINT('',#12964);
#3759=VERTEX_POINT('',#12966);
#3760=VERTEX_POINT('',#12970);
#3761=VERTEX_POINT('',#12972);
#3762=VERTEX_POINT('',#12976);
#3763=VERTEX_POINT('',#12977);
#3764=VERTEX_POINT('',#12982);
#3765=VERTEX_POINT('',#12984);
#3766=VERTEX_POINT('',#12988);
#3767=VERTEX_POINT('',#12989);
#3768=VERTEX_POINT('',#12994);
#3769=VERTEX_POINT('',#12996);
#3770=VERTEX_POINT('',#13000);
#3771=VERTEX_POINT('',#13005);
#3772=VERTEX_POINT('',#13006);
#3773=VERTEX_POINT('',#13008);
#3774=VERTEX_POINT('',#13010);
#3775=VERTEX_POINT('',#13014);
#3776=VERTEX_POINT('',#13016);
#3777=VERTEX_POINT('',#13020);
#3778=VERTEX_POINT('',#13021);
#3779=VERTEX_POINT('',#13026);
#3780=VERTEX_POINT('',#13028);
#3781=VERTEX_POINT('',#13032);
#3782=VERTEX_POINT('',#13037);
#3783=VERTEX_POINT('',#13047);
#3784=VERTEX_POINT('',#13049);
#3785=VERTEX_POINT('',#13053);
#3786=VERTEX_POINT('',#13057);
#3787=VERTEX_POINT('',#13061);
#3788=VERTEX_POINT('',#13065);
#3789=VERTEX_POINT('',#13069);
#3790=VERTEX_POINT('',#13073);
#3791=VERTEX_POINT('',#13077);
#3792=VERTEX_POINT('',#13081);
#3793=VERTEX_POINT('',#13085);
#3794=VERTEX_POINT('',#13089);
#3795=VERTEX_POINT('',#13093);
#3796=VERTEX_POINT('',#13097);
#3797=VERTEX_POINT('',#13101);
#3798=VERTEX_POINT('',#13105);
#3799=VERTEX_POINT('',#13109);
#3800=VERTEX_POINT('',#13113);
#3801=VERTEX_POINT('',#13117);
#3802=VERTEX_POINT('',#13121);
#3803=VERTEX_POINT('',#13125);
#3804=VERTEX_POINT('',#13129);
#3805=VERTEX_POINT('',#13131);
#3806=VERTEX_POINT('',#13135);
#3807=VERTEX_POINT('',#13139);
#3808=VERTEX_POINT('',#13143);
#3809=VERTEX_POINT('',#13147);
#3810=VERTEX_POINT('',#13151);
#3811=VERTEX_POINT('',#13153);
#3812=VERTEX_POINT('',#13157);
#3813=VERTEX_POINT('',#13161);
#3814=VERTEX_POINT('',#13165);
#3815=VERTEX_POINT('',#13169);
#3816=VERTEX_POINT('',#13173);
#3817=VERTEX_POINT('',#13180);
#3818=VERTEX_POINT('',#13182);
#3819=VERTEX_POINT('',#13186);
#3820=VERTEX_POINT('',#13190);
#3821=VERTEX_POINT('',#13194);
#3822=VERTEX_POINT('',#13201);
#3823=VERTEX_POINT('',#13202);
#3824=VERTEX_POINT('',#13204);
#3825=VERTEX_POINT('',#13206);
#3826=VERTEX_POINT('',#13210);
#3827=VERTEX_POINT('',#13227);
#3828=VERTEX_POINT('',#13228);
#3829=VERTEX_POINT('',#13230);
#3830=VERTEX_POINT('',#13232);
#3831=VERTEX_POINT('',#13236);
#3832=VERTEX_POINT('',#13238);
#3833=VERTEX_POINT('',#13245);
#3834=VERTEX_POINT('',#13246);
#3835=VERTEX_POINT('',#13248);
#3836=VERTEX_POINT('',#13250);
#3837=VERTEX_POINT('',#13254);
#3838=VERTEX_POINT('',#13256);
#3839=VERTEX_POINT('',#13260);
#3840=VERTEX_POINT('',#13261);
#3841=VERTEX_POINT('',#13266);
#3842=VERTEX_POINT('',#13268);
#3843=VERTEX_POINT('',#13272);
#3844=VERTEX_POINT('',#13277);
#3845=VERTEX_POINT('',#13278);
#3846=VERTEX_POINT('',#13280);
#3847=VERTEX_POINT('',#13282);
#3848=VERTEX_POINT('',#13286);
#3849=VERTEX_POINT('',#13288);
#3850=VERTEX_POINT('',#13292);
#3851=VERTEX_POINT('',#13293);
#3852=VERTEX_POINT('',#13298);
#3853=VERTEX_POINT('',#13300);
#3854=VERTEX_POINT('',#13304);
#3855=VERTEX_POINT('',#13305);
#3856=VERTEX_POINT('',#13310);
#3857=VERTEX_POINT('',#13312);
#3858=VERTEX_POINT('',#13316);
#3859=VERTEX_POINT('',#13321);
#3860=VERTEX_POINT('',#13322);
#3861=VERTEX_POINT('',#13324);
#3862=VERTEX_POINT('',#13326);
#3863=VERTEX_POINT('',#13330);
#3864=VERTEX_POINT('',#13332);
#3865=VERTEX_POINT('',#13336);
#3866=VERTEX_POINT('',#13337);
#3867=VERTEX_POINT('',#13342);
#3868=VERTEX_POINT('',#13344);
#3869=VERTEX_POINT('',#13348);
#3870=VERTEX_POINT('',#13353);
#3871=VERTEX_POINT('',#13366);
#3872=VERTEX_POINT('',#13368);
#3873=VERTEX_POINT('',#13372);
#3874=VERTEX_POINT('',#13376);
#3875=VERTEX_POINT('',#13380);
#3876=VERTEX_POINT('',#13384);
#3877=VERTEX_POINT('',#13388);
#3878=VERTEX_POINT('',#13392);
#3879=VERTEX_POINT('',#13396);
#3880=VERTEX_POINT('',#13400);
#3881=VERTEX_POINT('',#13404);
#3882=VERTEX_POINT('',#13408);
#3883=VERTEX_POINT('',#13412);
#3884=VERTEX_POINT('',#13416);
#3885=VERTEX_POINT('',#13420);
#3886=VERTEX_POINT('',#13424);
#3887=VERTEX_POINT('',#13428);
#3888=VERTEX_POINT('',#13432);
#3889=VERTEX_POINT('',#13436);
#3890=VERTEX_POINT('',#13440);
#3891=VERTEX_POINT('',#13444);
#3892=VERTEX_POINT('',#13450);
#3893=VERTEX_POINT('',#13454);
#3894=VERTEX_POINT('',#13456);
#3895=VERTEX_POINT('',#13460);
#3896=VERTEX_POINT('',#13464);
#3897=VERTEX_POINT('',#13468);
#3898=VERTEX_POINT('',#13475);
#3899=VERTEX_POINT('',#13477);
#3900=VERTEX_POINT('',#13481);
#3901=VERTEX_POINT('',#13485);
#3902=VERTEX_POINT('',#13489);
#3903=VERTEX_POINT('',#13493);
#3904=VERTEX_POINT('',#13497);
#3905=VERTEX_POINT('',#13504);
#3906=VERTEX_POINT('',#13506);
#3907=VERTEX_POINT('',#13510);
#3908=VERTEX_POINT('',#13514);
#3909=VERTEX_POINT('',#13518);
#3910=VERTEX_POINT('',#13525);
#3911=VERTEX_POINT('',#13527);
#3912=VERTEX_POINT('',#13531);
#3913=VERTEX_POINT('',#13533);
#3914=VERTEX_POINT('',#13537);
#3915=VERTEX_POINT('',#13557);
#3916=VERTEX_POINT('',#13558);
#3917=VERTEX_POINT('',#13560);
#3918=VERTEX_POINT('',#13562);
#3919=VERTEX_POINT('',#13566);
#3920=VERTEX_POINT('',#13568);
#3921=VERTEX_POINT('',#13572);
#3922=VERTEX_POINT('',#13573);
#3923=VERTEX_POINT('',#13575);
#3924=VERTEX_POINT('',#13577);
#3925=VERTEX_POINT('',#13581);
#3926=VERTEX_POINT('',#13583);
#3927=VERTEX_POINT('',#13587);
#3928=VERTEX_POINT('',#13588);
#3929=VERTEX_POINT('',#13593);
#3930=VERTEX_POINT('',#13595);
#3931=VERTEX_POINT('',#13599);
#3932=VERTEX_POINT('',#13604);
#3933=VERTEX_POINT('',#13605);
#3934=VERTEX_POINT('',#13607);
#3935=VERTEX_POINT('',#13609);
#3936=VERTEX_POINT('',#13613);
#3937=VERTEX_POINT('',#13615);
#3938=VERTEX_POINT('',#13619);
#3939=VERTEX_POINT('',#13620);
#3940=VERTEX_POINT('',#13625);
#3941=VERTEX_POINT('',#13627);
#3942=VERTEX_POINT('',#13631);
#3943=VERTEX_POINT('',#13632);
#3944=VERTEX_POINT('',#13637);
#3945=VERTEX_POINT('',#13639);
#3946=VERTEX_POINT('',#13643);
#3947=VERTEX_POINT('',#13648);
#3948=VERTEX_POINT('',#13649);
#3949=VERTEX_POINT('',#13651);
#3950=VERTEX_POINT('',#13653);
#3951=VERTEX_POINT('',#13657);
#3952=VERTEX_POINT('',#13659);
#3953=VERTEX_POINT('',#13663);
#3954=VERTEX_POINT('',#13664);
#3955=VERTEX_POINT('',#13669);
#3956=VERTEX_POINT('',#13671);
#3957=VERTEX_POINT('',#13675);
#3958=VERTEX_POINT('',#13680);
#3959=VERTEX_POINT('',#13690);
#3960=VERTEX_POINT('',#13692);
#3961=VERTEX_POINT('',#13696);
#3962=VERTEX_POINT('',#13700);
#3963=VERTEX_POINT('',#13704);
#3964=VERTEX_POINT('',#13708);
#3965=VERTEX_POINT('',#13712);
#3966=VERTEX_POINT('',#13716);
#3967=VERTEX_POINT('',#13720);
#3968=VERTEX_POINT('',#13724);
#3969=VERTEX_POINT('',#13728);
#3970=VERTEX_POINT('',#13732);
#3971=VERTEX_POINT('',#13736);
#3972=VERTEX_POINT('',#13740);
#3973=VERTEX_POINT('',#13744);
#3974=VERTEX_POINT('',#13748);
#3975=VERTEX_POINT('',#13752);
#3976=VERTEX_POINT('',#13756);
#3977=VERTEX_POINT('',#13760);
#3978=VERTEX_POINT('',#13764);
#3979=VERTEX_POINT('',#13768);
#3980=VERTEX_POINT('',#13772);
#3981=VERTEX_POINT('',#13774);
#3982=VERTEX_POINT('',#13778);
#3983=VERTEX_POINT('',#13782);
#3984=VERTEX_POINT('',#13786);
#3985=VERTEX_POINT('',#13790);
#3986=VERTEX_POINT('',#13794);
#3987=VERTEX_POINT('',#13796);
#3988=VERTEX_POINT('',#13800);
#3989=VERTEX_POINT('',#13804);
#3990=VERTEX_POINT('',#13808);
#3991=VERTEX_POINT('',#13812);
#3992=VERTEX_POINT('',#13816);
#3993=VERTEX_POINT('',#13823);
#3994=VERTEX_POINT('',#13825);
#3995=VERTEX_POINT('',#13829);
#3996=VERTEX_POINT('',#13833);
#3997=VERTEX_POINT('',#13837);
#3998=VERTEX_POINT('',#13844);
#3999=VERTEX_POINT('',#13845);
#4000=VERTEX_POINT('',#13847);
#4001=VERTEX_POINT('',#13849);
#4002=VERTEX_POINT('',#13853);
#4003=VERTEX_POINT('',#13870);
#4004=VERTEX_POINT('',#13871);
#4005=VERTEX_POINT('',#13873);
#4006=VERTEX_POINT('',#13875);
#4007=VERTEX_POINT('',#13879);
#4008=VERTEX_POINT('',#13881);
#4009=VERTEX_POINT('',#13888);
#4010=VERTEX_POINT('',#13889);
#4011=VERTEX_POINT('',#13891);
#4012=VERTEX_POINT('',#13893);
#4013=VERTEX_POINT('',#13897);
#4014=VERTEX_POINT('',#13899);
#4015=VERTEX_POINT('',#13903);
#4016=VERTEX_POINT('',#13904);
#4017=VERTEX_POINT('',#13909);
#4018=VERTEX_POINT('',#13911);
#4019=VERTEX_POINT('',#13915);
#4020=VERTEX_POINT('',#13920);
#4021=VERTEX_POINT('',#13921);
#4022=VERTEX_POINT('',#13923);
#4023=VERTEX_POINT('',#13925);
#4024=VERTEX_POINT('',#13929);
#4025=VERTEX_POINT('',#13931);
#4026=VERTEX_POINT('',#13935);
#4027=VERTEX_POINT('',#13936);
#4028=VERTEX_POINT('',#13941);
#4029=VERTEX_POINT('',#13943);
#4030=VERTEX_POINT('',#13947);
#4031=VERTEX_POINT('',#13948);
#4032=VERTEX_POINT('',#13953);
#4033=VERTEX_POINT('',#13955);
#4034=VERTEX_POINT('',#13959);
#4035=VERTEX_POINT('',#13964);
#4036=VERTEX_POINT('',#13965);
#4037=VERTEX_POINT('',#13967);
#4038=VERTEX_POINT('',#13969);
#4039=VERTEX_POINT('',#13973);
#4040=VERTEX_POINT('',#13975);
#4041=VERTEX_POINT('',#13979);
#4042=VERTEX_POINT('',#13980);
#4043=VERTEX_POINT('',#13985);
#4044=VERTEX_POINT('',#13987);
#4045=VERTEX_POINT('',#13991);
#4046=VERTEX_POINT('',#13996);
#4047=VERTEX_POINT('',#14009);
#4048=VERTEX_POINT('',#14011);
#4049=VERTEX_POINT('',#14015);
#4050=VERTEX_POINT('',#14019);
#4051=VERTEX_POINT('',#14023);
#4052=VERTEX_POINT('',#14027);
#4053=VERTEX_POINT('',#14031);
#4054=VERTEX_POINT('',#14035);
#4055=VERTEX_POINT('',#14039);
#4056=VERTEX_POINT('',#14043);
#4057=VERTEX_POINT('',#14047);
#4058=VERTEX_POINT('',#14051);
#4059=VERTEX_POINT('',#14055);
#4060=VERTEX_POINT('',#14059);
#4061=VERTEX_POINT('',#14063);
#4062=VERTEX_POINT('',#14067);
#4063=VERTEX_POINT('',#14071);
#4064=VERTEX_POINT('',#14075);
#4065=VERTEX_POINT('',#14079);
#4066=VERTEX_POINT('',#14083);
#4067=VERTEX_POINT('',#14087);
#4068=VERTEX_POINT('',#14093);
#4069=VERTEX_POINT('',#14097);
#4070=VERTEX_POINT('',#14099);
#4071=VERTEX_POINT('',#14103);
#4072=VERTEX_POINT('',#14107);
#4073=VERTEX_POINT('',#14111);
#4074=VERTEX_POINT('',#14118);
#4075=VERTEX_POINT('',#14120);
#4076=VERTEX_POINT('',#14124);
#4077=VERTEX_POINT('',#14128);
#4078=VERTEX_POINT('',#14132);
#4079=VERTEX_POINT('',#14136);
#4080=VERTEX_POINT('',#14140);
#4081=VERTEX_POINT('',#14147);
#4082=VERTEX_POINT('',#14149);
#4083=VERTEX_POINT('',#14153);
#4084=VERTEX_POINT('',#14157);
#4085=VERTEX_POINT('',#14161);
#4086=VERTEX_POINT('',#14168);
#4087=VERTEX_POINT('',#14170);
#4088=VERTEX_POINT('',#14174);
#4089=VERTEX_POINT('',#14176);
#4090=VERTEX_POINT('',#14180);
#4091=VERTEX_POINT('',#14200);
#4092=VERTEX_POINT('',#14201);
#4093=VERTEX_POINT('',#14203);
#4094=VERTEX_POINT('',#14205);
#4095=VERTEX_POINT('',#14209);
#4096=VERTEX_POINT('',#14211);
#4097=VERTEX_POINT('',#14215);
#4098=VERTEX_POINT('',#14216);
#4099=VERTEX_POINT('',#14218);
#4100=VERTEX_POINT('',#14220);
#4101=VERTEX_POINT('',#14224);
#4102=VERTEX_POINT('',#14226);
#4103=VERTEX_POINT('',#14230);
#4104=VERTEX_POINT('',#14231);
#4105=VERTEX_POINT('',#14236);
#4106=VERTEX_POINT('',#14238);
#4107=VERTEX_POINT('',#14242);
#4108=VERTEX_POINT('',#14247);
#4109=VERTEX_POINT('',#14248);
#4110=VERTEX_POINT('',#14250);
#4111=VERTEX_POINT('',#14252);
#4112=VERTEX_POINT('',#14256);
#4113=VERTEX_POINT('',#14258);
#4114=VERTEX_POINT('',#14262);
#4115=VERTEX_POINT('',#14263);
#4116=VERTEX_POINT('',#14268);
#4117=VERTEX_POINT('',#14270);
#4118=VERTEX_POINT('',#14274);
#4119=VERTEX_POINT('',#14275);
#4120=VERTEX_POINT('',#14280);
#4121=VERTEX_POINT('',#14282);
#4122=VERTEX_POINT('',#14286);
#4123=VERTEX_POINT('',#14291);
#4124=VERTEX_POINT('',#14292);
#4125=VERTEX_POINT('',#14294);
#4126=VERTEX_POINT('',#14296);
#4127=VERTEX_POINT('',#14300);
#4128=VERTEX_POINT('',#14302);
#4129=VERTEX_POINT('',#14306);
#4130=VERTEX_POINT('',#14307);
#4131=VERTEX_POINT('',#14312);
#4132=VERTEX_POINT('',#14314);
#4133=VERTEX_POINT('',#14318);
#4134=VERTEX_POINT('',#14323);
#4135=VERTEX_POINT('',#14333);
#4136=VERTEX_POINT('',#14335);
#4137=VERTEX_POINT('',#14339);
#4138=VERTEX_POINT('',#14343);
#4139=VERTEX_POINT('',#14347);
#4140=VERTEX_POINT('',#14351);
#4141=VERTEX_POINT('',#14355);
#4142=VERTEX_POINT('',#14359);
#4143=VERTEX_POINT('',#14363);
#4144=VERTEX_POINT('',#14367);
#4145=VERTEX_POINT('',#14371);
#4146=VERTEX_POINT('',#14375);
#4147=VERTEX_POINT('',#14379);
#4148=VERTEX_POINT('',#14383);
#4149=VERTEX_POINT('',#14387);
#4150=VERTEX_POINT('',#14391);
#4151=VERTEX_POINT('',#14395);
#4152=VERTEX_POINT('',#14399);
#4153=VERTEX_POINT('',#14403);
#4154=VERTEX_POINT('',#14407);
#4155=VERTEX_POINT('',#14411);
#4156=VERTEX_POINT('',#14415);
#4157=VERTEX_POINT('',#14417);
#4158=VERTEX_POINT('',#14421);
#4159=VERTEX_POINT('',#14425);
#4160=VERTEX_POINT('',#14429);
#4161=VERTEX_POINT('',#14433);
#4162=VERTEX_POINT('',#14437);
#4163=VERTEX_POINT('',#14439);
#4164=VERTEX_POINT('',#14443);
#4165=VERTEX_POINT('',#14447);
#4166=VERTEX_POINT('',#14451);
#4167=VERTEX_POINT('',#14455);
#4168=VERTEX_POINT('',#14459);
#4169=VERTEX_POINT('',#14466);
#4170=VERTEX_POINT('',#14468);
#4171=VERTEX_POINT('',#14472);
#4172=VERTEX_POINT('',#14476);
#4173=VERTEX_POINT('',#14480);
#4174=VERTEX_POINT('',#14487);
#4175=VERTEX_POINT('',#14488);
#4176=VERTEX_POINT('',#14490);
#4177=VERTEX_POINT('',#14492);
#4178=VERTEX_POINT('',#14496);
#4179=VERTEX_POINT('',#14513);
#4180=VERTEX_POINT('',#14514);
#4181=VERTEX_POINT('',#14516);
#4182=VERTEX_POINT('',#14518);
#4183=VERTEX_POINT('',#14522);
#4184=VERTEX_POINT('',#14524);
#4185=VERTEX_POINT('',#14531);
#4186=VERTEX_POINT('',#14532);
#4187=VERTEX_POINT('',#14534);
#4188=VERTEX_POINT('',#14536);
#4189=VERTEX_POINT('',#14540);
#4190=VERTEX_POINT('',#14542);
#4191=VERTEX_POINT('',#14546);
#4192=VERTEX_POINT('',#14547);
#4193=VERTEX_POINT('',#14552);
#4194=VERTEX_POINT('',#14554);
#4195=VERTEX_POINT('',#14558);
#4196=VERTEX_POINT('',#14563);
#4197=VERTEX_POINT('',#14564);
#4198=VERTEX_POINT('',#14566);
#4199=VERTEX_POINT('',#14568);
#4200=VERTEX_POINT('',#14572);
#4201=VERTEX_POINT('',#14574);
#4202=VERTEX_POINT('',#14578);
#4203=VERTEX_POINT('',#14579);
#4204=VERTEX_POINT('',#14584);
#4205=VERTEX_POINT('',#14586);
#4206=VERTEX_POINT('',#14590);
#4207=VERTEX_POINT('',#14591);
#4208=VERTEX_POINT('',#14596);
#4209=VERTEX_POINT('',#14598);
#4210=VERTEX_POINT('',#14602);
#4211=VERTEX_POINT('',#14607);
#4212=VERTEX_POINT('',#14608);
#4213=VERTEX_POINT('',#14610);
#4214=VERTEX_POINT('',#14612);
#4215=VERTEX_POINT('',#14616);
#4216=VERTEX_POINT('',#14618);
#4217=VERTEX_POINT('',#14622);
#4218=VERTEX_POINT('',#14623);
#4219=VERTEX_POINT('',#14628);
#4220=VERTEX_POINT('',#14630);
#4221=VERTEX_POINT('',#14634);
#4222=VERTEX_POINT('',#14639);
#4223=VERTEX_POINT('',#14652);
#4224=VERTEX_POINT('',#14654);
#4225=VERTEX_POINT('',#14658);
#4226=VERTEX_POINT('',#14662);
#4227=VERTEX_POINT('',#14666);
#4228=VERTEX_POINT('',#14670);
#4229=VERTEX_POINT('',#14674);
#4230=VERTEX_POINT('',#14678);
#4231=VERTEX_POINT('',#14682);
#4232=VERTEX_POINT('',#14686);
#4233=VERTEX_POINT('',#14690);
#4234=VERTEX_POINT('',#14694);
#4235=VERTEX_POINT('',#14698);
#4236=VERTEX_POINT('',#14702);
#4237=VERTEX_POINT('',#14706);
#4238=VERTEX_POINT('',#14710);
#4239=VERTEX_POINT('',#14714);
#4240=VERTEX_POINT('',#14718);
#4241=VERTEX_POINT('',#14722);
#4242=VERTEX_POINT('',#14726);
#4243=VERTEX_POINT('',#14730);
#4244=VERTEX_POINT('',#14736);
#4245=VERTEX_POINT('',#14740);
#4246=VERTEX_POINT('',#14742);
#4247=VERTEX_POINT('',#14746);
#4248=VERTEX_POINT('',#14750);
#4249=VERTEX_POINT('',#14754);
#4250=VERTEX_POINT('',#14761);
#4251=VERTEX_POINT('',#14763);
#4252=VERTEX_POINT('',#14767);
#4253=VERTEX_POINT('',#14771);
#4254=VERTEX_POINT('',#14775);
#4255=VERTEX_POINT('',#14779);
#4256=VERTEX_POINT('',#14783);
#4257=VERTEX_POINT('',#14790);
#4258=VERTEX_POINT('',#14792);
#4259=VERTEX_POINT('',#14796);
#4260=VERTEX_POINT('',#14800);
#4261=VERTEX_POINT('',#14804);
#4262=VERTEX_POINT('',#14811);
#4263=VERTEX_POINT('',#14813);
#4264=VERTEX_POINT('',#14817);
#4265=VERTEX_POINT('',#14819);
#4266=VERTEX_POINT('',#14823);
#4267=VERTEX_POINT('',#14843);
#4268=VERTEX_POINT('',#14844);
#4269=VERTEX_POINT('',#14846);
#4270=VERTEX_POINT('',#14848);
#4271=VERTEX_POINT('',#14852);
#4272=VERTEX_POINT('',#14854);
#4273=VERTEX_POINT('',#14858);
#4274=VERTEX_POINT('',#14859);
#4275=VERTEX_POINT('',#14861);
#4276=VERTEX_POINT('',#14863);
#4277=VERTEX_POINT('',#14867);
#4278=VERTEX_POINT('',#14869);
#4279=VERTEX_POINT('',#14873);
#4280=VERTEX_POINT('',#14874);
#4281=VERTEX_POINT('',#14879);
#4282=VERTEX_POINT('',#14881);
#4283=VERTEX_POINT('',#14885);
#4284=VERTEX_POINT('',#14890);
#4285=VERTEX_POINT('',#14891);
#4286=VERTEX_POINT('',#14893);
#4287=VERTEX_POINT('',#14895);
#4288=VERTEX_POINT('',#14899);
#4289=VERTEX_POINT('',#14901);
#4290=VERTEX_POINT('',#14905);
#4291=VERTEX_POINT('',#14906);
#4292=VERTEX_POINT('',#14911);
#4293=VERTEX_POINT('',#14913);
#4294=VERTEX_POINT('',#14917);
#4295=VERTEX_POINT('',#14918);
#4296=VERTEX_POINT('',#14923);
#4297=VERTEX_POINT('',#14925);
#4298=VERTEX_POINT('',#14929);
#4299=VERTEX_POINT('',#14934);
#4300=VERTEX_POINT('',#14935);
#4301=VERTEX_POINT('',#14937);
#4302=VERTEX_POINT('',#14939);
#4303=VERTEX_POINT('',#14943);
#4304=VERTEX_POINT('',#14945);
#4305=VERTEX_POINT('',#14949);
#4306=VERTEX_POINT('',#14950);
#4307=VERTEX_POINT('',#14955);
#4308=VERTEX_POINT('',#14957);
#4309=VERTEX_POINT('',#14961);
#4310=VERTEX_POINT('',#14966);
#4311=VERTEX_POINT('',#14976);
#4312=VERTEX_POINT('',#14978);
#4313=VERTEX_POINT('',#14982);
#4314=VERTEX_POINT('',#14986);
#4315=VERTEX_POINT('',#14990);
#4316=VERTEX_POINT('',#14994);
#4317=VERTEX_POINT('',#14998);
#4318=VERTEX_POINT('',#15002);
#4319=VERTEX_POINT('',#15006);
#4320=VERTEX_POINT('',#15010);
#4321=VERTEX_POINT('',#15014);
#4322=VERTEX_POINT('',#15018);
#4323=VERTEX_POINT('',#15022);
#4324=VERTEX_POINT('',#15026);
#4325=VERTEX_POINT('',#15030);
#4326=VERTEX_POINT('',#15034);
#4327=VERTEX_POINT('',#15038);
#4328=VERTEX_POINT('',#15042);
#4329=VERTEX_POINT('',#15046);
#4330=VERTEX_POINT('',#15050);
#4331=VERTEX_POINT('',#15054);
#4332=VERTEX_POINT('',#15058);
#4333=VERTEX_POINT('',#15060);
#4334=VERTEX_POINT('',#15064);
#4335=VERTEX_POINT('',#15068);
#4336=VERTEX_POINT('',#15072);
#4337=VERTEX_POINT('',#15076);
#4338=VERTEX_POINT('',#15080);
#4339=VERTEX_POINT('',#15082);
#4340=VERTEX_POINT('',#15086);
#4341=VERTEX_POINT('',#15090);
#4342=VERTEX_POINT('',#15094);
#4343=VERTEX_POINT('',#15098);
#4344=VERTEX_POINT('',#15102);
#4345=VERTEX_POINT('',#15109);
#4346=VERTEX_POINT('',#15111);
#4347=VERTEX_POINT('',#15115);
#4348=VERTEX_POINT('',#15119);
#4349=VERTEX_POINT('',#15123);
#4350=VERTEX_POINT('',#15130);
#4351=VERTEX_POINT('',#15131);
#4352=VERTEX_POINT('',#15133);
#4353=VERTEX_POINT('',#15135);
#4354=VERTEX_POINT('',#15139);
#4355=VERTEX_POINT('',#15156);
#4356=VERTEX_POINT('',#15157);
#4357=VERTEX_POINT('',#15159);
#4358=VERTEX_POINT('',#15161);
#4359=VERTEX_POINT('',#15165);
#4360=VERTEX_POINT('',#15167);
#4361=VERTEX_POINT('',#15174);
#4362=VERTEX_POINT('',#15175);
#4363=VERTEX_POINT('',#15177);
#4364=VERTEX_POINT('',#15179);
#4365=VERTEX_POINT('',#15183);
#4366=VERTEX_POINT('',#15185);
#4367=VERTEX_POINT('',#15189);
#4368=VERTEX_POINT('',#15190);
#4369=VERTEX_POINT('',#15195);
#4370=VERTEX_POINT('',#15197);
#4371=VERTEX_POINT('',#15201);
#4372=VERTEX_POINT('',#15206);
#4373=VERTEX_POINT('',#15207);
#4374=VERTEX_POINT('',#15209);
#4375=VERTEX_POINT('',#15211);
#4376=VERTEX_POINT('',#15215);
#4377=VERTEX_POINT('',#15217);
#4378=VERTEX_POINT('',#15221);
#4379=VERTEX_POINT('',#15222);
#4380=VERTEX_POINT('',#15227);
#4381=VERTEX_POINT('',#15229);
#4382=VERTEX_POINT('',#15233);
#4383=VERTEX_POINT('',#15234);
#4384=VERTEX_POINT('',#15239);
#4385=VERTEX_POINT('',#15241);
#4386=VERTEX_POINT('',#15245);
#4387=VERTEX_POINT('',#15250);
#4388=VERTEX_POINT('',#15251);
#4389=VERTEX_POINT('',#15253);
#4390=VERTEX_POINT('',#15255);
#4391=VERTEX_POINT('',#15259);
#4392=VERTEX_POINT('',#15261);
#4393=VERTEX_POINT('',#15265);
#4394=VERTEX_POINT('',#15266);
#4395=VERTEX_POINT('',#15271);
#4396=VERTEX_POINT('',#15273);
#4397=VERTEX_POINT('',#15277);
#4398=VERTEX_POINT('',#15282);
#4399=VERTEX_POINT('',#15295);
#4400=VERTEX_POINT('',#15297);
#4401=VERTEX_POINT('',#15301);
#4402=VERTEX_POINT('',#15305);
#4403=VERTEX_POINT('',#15309);
#4404=VERTEX_POINT('',#15313);
#4405=VERTEX_POINT('',#15317);
#4406=VERTEX_POINT('',#15321);
#4407=VERTEX_POINT('',#15325);
#4408=VERTEX_POINT('',#15329);
#4409=VERTEX_POINT('',#15333);
#4410=VERTEX_POINT('',#15337);
#4411=VERTEX_POINT('',#15341);
#4412=VERTEX_POINT('',#15345);
#4413=VERTEX_POINT('',#15349);
#4414=VERTEX_POINT('',#15353);
#4415=VERTEX_POINT('',#15357);
#4416=VERTEX_POINT('',#15361);
#4417=VERTEX_POINT('',#15365);
#4418=VERTEX_POINT('',#15369);
#4419=VERTEX_POINT('',#15373);
#4420=VERTEX_POINT('',#15379);
#4421=VERTEX_POINT('',#15383);
#4422=VERTEX_POINT('',#15385);
#4423=VERTEX_POINT('',#15389);
#4424=VERTEX_POINT('',#15393);
#4425=VERTEX_POINT('',#15397);
#4426=VERTEX_POINT('',#15404);
#4427=VERTEX_POINT('',#15406);
#4428=VERTEX_POINT('',#15410);
#4429=VERTEX_POINT('',#15414);
#4430=VERTEX_POINT('',#15418);
#4431=VERTEX_POINT('',#15422);
#4432=VERTEX_POINT('',#15426);
#4433=VERTEX_POINT('',#15433);
#4434=VERTEX_POINT('',#15435);
#4435=VERTEX_POINT('',#15439);
#4436=VERTEX_POINT('',#15443);
#4437=VERTEX_POINT('',#15447);
#4438=VERTEX_POINT('',#15454);
#4439=VERTEX_POINT('',#15456);
#4440=VERTEX_POINT('',#15460);
#4441=VERTEX_POINT('',#15462);
#4442=VERTEX_POINT('',#15466);
#4443=EDGE_CURVE('',#3739,#3740,#1819,.T.);
#4444=EDGE_CURVE('',#3741,#3739,#1820,.T.);
#4445=EDGE_CURVE('',#3742,#3741,#1821,.T.);
#4446=EDGE_CURVE('',#3740,#3742,#1822,.T.);
#4447=EDGE_CURVE('',#3743,#3740,#139,.T.);
#4448=EDGE_CURVE('',#3744,#3743,#1823,.T.);
#4449=EDGE_CURVE('',#3739,#3744,#140,.T.);
#4450=EDGE_CURVE('',#3745,#3746,#1824,.T.);
#4451=EDGE_CURVE('',#3747,#3745,#1825,.T.);
#4452=EDGE_CURVE('',#3748,#3747,#1826,.T.);
#4453=EDGE_CURVE('',#3746,#3748,#1827,.T.);
#4454=EDGE_CURVE('',#3749,#3746,#141,.T.);
#4455=EDGE_CURVE('',#3750,#3749,#1828,.T.);
#4456=EDGE_CURVE('',#3745,#3750,#142,.T.);
#4457=EDGE_CURVE('',#3751,#3752,#1829,.T.);
#4458=EDGE_CURVE('',#3750,#3751,#1830,.T.);
#4459=EDGE_CURVE('',#3752,#3749,#1831,.T.);
#4460=EDGE_CURVE('',#3753,#3752,#143,.T.);
#4461=EDGE_CURVE('',#3754,#3753,#1832,.T.);
#4462=EDGE_CURVE('',#3751,#3754,#144,.T.);
#4463=EDGE_CURVE('',#3755,#3742,#1833,.T.);
#4464=EDGE_CURVE('',#3754,#3755,#1834,.T.);
#4465=EDGE_CURVE('',#3742,#3753,#1835,.T.);
#4466=EDGE_CURVE('',#3756,#3757,#1836,.T.);
#4467=EDGE_CURVE('',#3758,#3756,#1837,.T.);
#4468=EDGE_CURVE('',#3759,#3758,#1838,.T.);
#4469=EDGE_CURVE('',#3757,#3759,#1839,.T.);
#4470=EDGE_CURVE('',#3760,#3757,#145,.T.);
#4471=EDGE_CURVE('',#3761,#3760,#1840,.T.);
#4472=EDGE_CURVE('',#3756,#3761,#146,.T.);
#4473=EDGE_CURVE('',#3762,#3763,#1841,.T.);
#4474=EDGE_CURVE('',#3761,#3762,#1842,.T.);
#4475=EDGE_CURVE('',#3763,#3760,#1843,.T.);
#4476=EDGE_CURVE('',#3764,#3763,#147,.T.);
#4477=EDGE_CURVE('',#3765,#3764,#1844,.T.);
#4478=EDGE_CURVE('',#3762,#3765,#148,.T.);
#4479=EDGE_CURVE('',#3766,#3767,#1845,.T.);
#4480=EDGE_CURVE('',#3765,#3766,#1846,.T.);
#4481=EDGE_CURVE('',#3767,#3764,#1847,.T.);
#4482=EDGE_CURVE('',#3768,#3767,#149,.T.);
#4483=EDGE_CURVE('',#3769,#3768,#1848,.T.);
#4484=EDGE_CURVE('',#3766,#3769,#150,.T.);
#4485=EDGE_CURVE('',#3770,#3748,#1849,.T.);
#4486=EDGE_CURVE('',#3769,#3770,#1850,.T.);
#4487=EDGE_CURVE('',#3748,#3768,#1851,.T.);
#4488=EDGE_CURVE('',#3771,#3772,#1852,.T.);
#4489=EDGE_CURVE('',#3773,#3771,#1853,.T.);
#4490=EDGE_CURVE('',#3774,#3773,#1854,.T.);
#4491=EDGE_CURVE('',#3772,#3774,#1855,.T.);
#4492=EDGE_CURVE('',#3775,#3772,#151,.T.);
#4493=EDGE_CURVE('',#3776,#3775,#1856,.T.);
#4494=EDGE_CURVE('',#3771,#3776,#152,.T.);
#4495=EDGE_CURVE('',#3777,#3778,#1857,.T.);
#4496=EDGE_CURVE('',#3776,#3777,#1858,.T.);
#4497=EDGE_CURVE('',#3778,#3775,#1859,.T.);
#4498=EDGE_CURVE('',#3779,#3778,#153,.T.);
#4499=EDGE_CURVE('',#3780,#3779,#1860,.T.);
#4500=EDGE_CURVE('',#3777,#3780,#154,.T.);
#4501=EDGE_CURVE('',#3781,#3759,#1861,.T.);
#4502=EDGE_CURVE('',#3780,#3781,#1862,.T.);
#4503=EDGE_CURVE('',#3759,#3779,#1863,.T.);
#4504=EDGE_CURVE('',#3782,#3774,#1864,.T.);
#4505=EDGE_CURVE('',#3782,#3773,#155,.T.);
#4506=EDGE_CURVE('',#3781,#3758,#156,.T.);
#4507=EDGE_CURVE('',#3770,#3747,#157,.T.);
#4508=EDGE_CURVE('',#3755,#3741,#158,.T.);
#4509=EDGE_CURVE('',#3755,#3783,#1865,.T.);
#4510=EDGE_CURVE('',#3783,#3784,#1866,.T.);
#4511=EDGE_CURVE('',#3784,#3754,#1867,.T.);
#4512=EDGE_CURVE('',#3784,#3785,#159,.T.);
#4513=EDGE_CURVE('',#3751,#3785,#1868,.T.);
#4514=EDGE_CURVE('',#3785,#3786,#1869,.T.);
#4515=EDGE_CURVE('',#3786,#3750,#1870,.T.);
#4516=EDGE_CURVE('',#3786,#3787,#160,.T.);
#4517=EDGE_CURVE('',#3745,#3787,#1871,.T.);
#4518=EDGE_CURVE('',#3787,#3788,#1872,.T.);
#4519=EDGE_CURVE('',#3788,#3747,#1873,.T.);
#4520=EDGE_CURVE('',#3788,#3789,#161,.T.);
#4521=EDGE_CURVE('',#3770,#3789,#1874,.T.);
#4522=EDGE_CURVE('',#3789,#3790,#1875,.T.);
#4523=EDGE_CURVE('',#3790,#3769,#1876,.T.);
#4524=EDGE_CURVE('',#3790,#3791,#162,.T.);
#4525=EDGE_CURVE('',#3766,#3791,#1877,.T.);
#4526=EDGE_CURVE('',#3791,#3792,#1878,.T.);
#4527=EDGE_CURVE('',#3792,#3765,#1879,.T.);
#4528=EDGE_CURVE('',#3792,#3793,#163,.T.);
#4529=EDGE_CURVE('',#3762,#3793,#1880,.T.);
#4530=EDGE_CURVE('',#3793,#3794,#1881,.T.);
#4531=EDGE_CURVE('',#3794,#3761,#1882,.T.);
#4532=EDGE_CURVE('',#3794,#3795,#164,.T.);
#4533=EDGE_CURVE('',#3756,#3795,#1883,.T.);
#4534=EDGE_CURVE('',#3795,#3796,#1884,.T.);
#4535=EDGE_CURVE('',#3796,#3758,#1885,.T.);
#4536=EDGE_CURVE('',#3796,#3797,#165,.T.);
#4537=EDGE_CURVE('',#3781,#3797,#1886,.T.);
#4538=EDGE_CURVE('',#3797,#3798,#1887,.T.);
#4539=EDGE_CURVE('',#3798,#3780,#1888,.T.);
#4540=EDGE_CURVE('',#3798,#3799,#166,.T.);
#4541=EDGE_CURVE('',#3777,#3799,#1889,.T.);
#4542=EDGE_CURVE('',#3799,#3800,#1890,.T.);
#4543=EDGE_CURVE('',#3800,#3776,#1891,.T.);
#4544=EDGE_CURVE('',#3800,#3801,#167,.T.);
#4545=EDGE_CURVE('',#3771,#3801,#1892,.T.);
#4546=EDGE_CURVE('',#3801,#3802,#1893,.T.);
#4547=EDGE_CURVE('',#3802,#3773,#1894,.T.);
#4548=EDGE_CURVE('',#3802,#3803,#168,.T.);
#4549=EDGE_CURVE('',#3782,#3803,#1895,.T.);
#4550=EDGE_CURVE('',#3798,#3804,#1896,.T.);
#4551=EDGE_CURVE('',#3805,#3797,#1897,.T.);
#4552=EDGE_CURVE('',#3804,#3805,#1898,.T.);
#4553=EDGE_CURVE('',#3806,#3804,#169,.T.);
#4554=EDGE_CURVE('',#3799,#3806,#1899,.T.);
#4555=EDGE_CURVE('',#3800,#3807,#1900,.T.);
#4556=EDGE_CURVE('',#3807,#3806,#1901,.T.);
#4557=EDGE_CURVE('',#3808,#3807,#170,.T.);
#4558=EDGE_CURVE('',#3801,#3808,#1902,.T.);
#4559=EDGE_CURVE('',#3802,#3809,#1903,.T.);
#4560=EDGE_CURVE('',#3809,#3808,#1904,.T.);
#4561=EDGE_CURVE('',#3790,#3810,#1905,.T.);
#4562=EDGE_CURVE('',#3811,#3789,#1906,.T.);
#4563=EDGE_CURVE('',#3810,#3811,#1907,.T.);
#4564=EDGE_CURVE('',#3812,#3810,#171,.T.);
#4565=EDGE_CURVE('',#3791,#3812,#1908,.T.);
#4566=EDGE_CURVE('',#3792,#3813,#1909,.T.);
#4567=EDGE_CURVE('',#3813,#3812,#1910,.T.);
#4568=EDGE_CURVE('',#3814,#3813,#172,.T.);
#4569=EDGE_CURVE('',#3793,#3814,#1911,.T.);
#4570=EDGE_CURVE('',#3794,#3815,#1912,.T.);
#4571=EDGE_CURVE('',#3815,#3814,#1913,.T.);
#4572=EDGE_CURVE('',#3816,#3815,#173,.T.);
#4573=EDGE_CURVE('',#3795,#3816,#1914,.T.);
#4574=EDGE_CURVE('',#3796,#3805,#1915,.T.);
#4575=EDGE_CURVE('',#3805,#3816,#1916,.T.);
#4576=EDGE_CURVE('',#3784,#3817,#1917,.T.);
#4577=EDGE_CURVE('',#3818,#3783,#1918,.T.);
#4578=EDGE_CURVE('',#3817,#3818,#1919,.T.);
#4579=EDGE_CURVE('',#3819,#3817,#174,.T.);
#4580=EDGE_CURVE('',#3785,#3819,#1920,.T.);
#4581=EDGE_CURVE('',#3786,#3820,#1921,.T.);
#4582=EDGE_CURVE('',#3820,#3819,#1922,.T.);
#4583=EDGE_CURVE('',#3821,#3820,#175,.T.);
#4584=EDGE_CURVE('',#3787,#3821,#1923,.T.);
#4585=EDGE_CURVE('',#3788,#3811,#1924,.T.);
#4586=EDGE_CURVE('',#3811,#3821,#1925,.T.);
#4587=EDGE_CURVE('',#3822,#3823,#1926,.T.);
#4588=EDGE_CURVE('',#3824,#3823,#176,.T.);
#4589=EDGE_CURVE('',#3825,#3824,#1927,.T.);
#4590=EDGE_CURVE('',#3822,#3825,#177,.T.);
#4591=EDGE_CURVE('',#3826,#3818,#1928,.T.);
#4592=EDGE_CURVE('',#3825,#3826,#1929,.T.);
#4593=EDGE_CURVE('',#3818,#3824,#1930,.T.);
#4594=EDGE_CURVE('',#3826,#3783,#178,.T.);
#4595=EDGE_CURVE('',#3809,#3803,#1931,.T.);
#4596=EDGE_CURVE('',#3826,#3741,#1932,.T.);
#4597=EDGE_CURVE('',#3739,#3825,#1933,.T.);
#4598=EDGE_CURVE('',#3822,#3744,#1934,.T.);
#4599=EDGE_CURVE('',#3827,#3828,#1935,.T.);
#4600=EDGE_CURVE('',#3828,#3829,#1936,.T.);
#4601=EDGE_CURVE('',#3829,#3830,#1937,.T.);
#4602=EDGE_CURVE('',#3830,#3827,#1938,.T.);
#4603=EDGE_CURVE('',#3827,#3831,#179,.T.);
#4604=EDGE_CURVE('',#3831,#3832,#1939,.T.);
#4605=EDGE_CURVE('',#3832,#3828,#180,.T.);
#4606=EDGE_CURVE('',#3832,#3743,#1940,.T.);
#4607=EDGE_CURVE('',#3831,#3744,#1941,.T.);
#4608=EDGE_CURVE('',#3833,#3834,#1942,.T.);
#4609=EDGE_CURVE('',#3834,#3835,#1943,.T.);
#4610=EDGE_CURVE('',#3835,#3836,#1944,.T.);
#4611=EDGE_CURVE('',#3836,#3833,#1945,.T.);
#4612=EDGE_CURVE('',#3833,#3837,#181,.T.);
#4613=EDGE_CURVE('',#3837,#3838,#1946,.T.);
#4614=EDGE_CURVE('',#3838,#3834,#182,.T.);
#4615=EDGE_CURVE('',#3839,#3840,#1947,.T.);
#4616=EDGE_CURVE('',#3840,#3838,#1948,.T.);
#4617=EDGE_CURVE('',#3837,#3839,#1949,.T.);
#4618=EDGE_CURVE('',#3839,#3841,#183,.T.);
#4619=EDGE_CURVE('',#3841,#3842,#1950,.T.);
#4620=EDGE_CURVE('',#3842,#3840,#184,.T.);
#4621=EDGE_CURVE('',#3843,#3829,#1951,.T.);
#4622=EDGE_CURVE('',#3829,#3842,#1952,.T.);
#4623=EDGE_CURVE('',#3841,#3843,#1953,.T.);
#4624=EDGE_CURVE('',#3844,#3845,#1954,.T.);
#4625=EDGE_CURVE('',#3845,#3846,#1955,.T.);
#4626=EDGE_CURVE('',#3846,#3847,#1956,.T.);
#4627=EDGE_CURVE('',#3847,#3844,#1957,.T.);
#4628=EDGE_CURVE('',#3844,#3848,#185,.T.);
#4629=EDGE_CURVE('',#3848,#3849,#1958,.T.);
#4630=EDGE_CURVE('',#3849,#3845,#186,.T.);
#4631=EDGE_CURVE('',#3850,#3851,#1959,.T.);
#4632=EDGE_CURVE('',#3851,#3849,#1960,.T.);
#4633=EDGE_CURVE('',#3848,#3850,#1961,.T.);
#4634=EDGE_CURVE('',#3850,#3852,#187,.T.);
#4635=EDGE_CURVE('',#3852,#3853,#1962,.T.);
#4636=EDGE_CURVE('',#3853,#3851,#188,.T.);
#4637=EDGE_CURVE('',#3854,#3855,#1963,.T.);
#4638=EDGE_CURVE('',#3855,#3853,#1964,.T.);
#4639=EDGE_CURVE('',#3852,#3854,#1965,.T.);
#4640=EDGE_CURVE('',#3854,#3856,#189,.T.);
#4641=EDGE_CURVE('',#3856,#3857,#1966,.T.);
#4642=EDGE_CURVE('',#3857,#3855,#190,.T.);
#4643=EDGE_CURVE('',#3858,#3835,#1967,.T.);
#4644=EDGE_CURVE('',#3835,#3857,#1968,.T.);
#4645=EDGE_CURVE('',#3856,#3858,#1969,.T.);
#4646=EDGE_CURVE('',#3859,#3860,#1970,.T.);
#4647=EDGE_CURVE('',#3860,#3861,#1971,.T.);
#4648=EDGE_CURVE('',#3861,#3862,#1972,.T.);
#4649=EDGE_CURVE('',#3862,#3859,#1973,.T.);
#4650=EDGE_CURVE('',#3859,#3863,#191,.T.);
#4651=EDGE_CURVE('',#3863,#3864,#1974,.T.);
#4652=EDGE_CURVE('',#3864,#3860,#192,.T.);
#4653=EDGE_CURVE('',#3865,#3866,#1975,.T.);
#4654=EDGE_CURVE('',#3866,#3864,#1976,.T.);
#4655=EDGE_CURVE('',#3863,#3865,#1977,.T.);
#4656=EDGE_CURVE('',#3865,#3867,#193,.T.);
#4657=EDGE_CURVE('',#3867,#3868,#1978,.T.);
#4658=EDGE_CURVE('',#3868,#3866,#194,.T.);
#4659=EDGE_CURVE('',#3869,#3846,#1979,.T.);
#4660=EDGE_CURVE('',#3846,#3868,#1980,.T.);
#4661=EDGE_CURVE('',#3867,#3869,#1981,.T.);
#4662=EDGE_CURVE('',#3870,#3782,#1982,.T.);
#4663=EDGE_CURVE('',#3870,#3861,#1983,.T.);
#4664=EDGE_CURVE('',#3861,#3774,#1984,.T.);
#4665=EDGE_CURVE('',#3870,#3862,#195,.T.);
#4666=EDGE_CURVE('',#3869,#3847,#196,.T.);
#4667=EDGE_CURVE('',#3858,#3836,#197,.T.);
#4668=EDGE_CURVE('',#3843,#3830,#198,.T.);
#4669=EDGE_CURVE('',#3871,#3841,#1985,.T.);
#4670=EDGE_CURVE('',#3872,#3871,#1986,.T.);
#4671=EDGE_CURVE('',#3843,#3872,#1987,.T.);
#4672=EDGE_CURVE('',#3839,#3873,#1988,.T.);
#4673=EDGE_CURVE('',#3871,#3873,#199,.T.);
#4674=EDGE_CURVE('',#3874,#3837,#1989,.T.);
#4675=EDGE_CURVE('',#3873,#3874,#1990,.T.);
#4676=EDGE_CURVE('',#3833,#3875,#1991,.T.);
#4677=EDGE_CURVE('',#3874,#3875,#200,.T.);
#4678=EDGE_CURVE('',#3876,#3836,#1992,.T.);
#4679=EDGE_CURVE('',#3875,#3876,#1993,.T.);
#4680=EDGE_CURVE('',#3858,#3877,#1994,.T.);
#4681=EDGE_CURVE('',#3876,#3877,#201,.T.);
#4682=EDGE_CURVE('',#3878,#3856,#1995,.T.);
#4683=EDGE_CURVE('',#3877,#3878,#1996,.T.);
#4684=EDGE_CURVE('',#3854,#3879,#1997,.T.);
#4685=EDGE_CURVE('',#3878,#3879,#202,.T.);
#4686=EDGE_CURVE('',#3880,#3852,#1998,.T.);
#4687=EDGE_CURVE('',#3879,#3880,#1999,.T.);
#4688=EDGE_CURVE('',#3850,#3881,#2000,.T.);
#4689=EDGE_CURVE('',#3880,#3881,#203,.T.);
#4690=EDGE_CURVE('',#3882,#3848,#2001,.T.);
#4691=EDGE_CURVE('',#3881,#3882,#2002,.T.);
#4692=EDGE_CURVE('',#3844,#3883,#2003,.T.);
#4693=EDGE_CURVE('',#3882,#3883,#204,.T.);
#4694=EDGE_CURVE('',#3884,#3847,#2004,.T.);
#4695=EDGE_CURVE('',#3883,#3884,#2005,.T.);
#4696=EDGE_CURVE('',#3869,#3885,#2006,.T.);
#4697=EDGE_CURVE('',#3884,#3885,#205,.T.);
#4698=EDGE_CURVE('',#3886,#3867,#2007,.T.);
#4699=EDGE_CURVE('',#3885,#3886,#2008,.T.);
#4700=EDGE_CURVE('',#3865,#3887,#2009,.T.);
#4701=EDGE_CURVE('',#3886,#3887,#206,.T.);
#4702=EDGE_CURVE('',#3888,#3863,#2010,.T.);
#4703=EDGE_CURVE('',#3887,#3888,#2011,.T.);
#4704=EDGE_CURVE('',#3859,#3889,#2012,.T.);
#4705=EDGE_CURVE('',#3888,#3889,#207,.T.);
#4706=EDGE_CURVE('',#3890,#3862,#2013,.T.);
#4707=EDGE_CURVE('',#3889,#3890,#2014,.T.);
#4708=EDGE_CURVE('',#3870,#3891,#2015,.T.);
#4709=EDGE_CURVE('',#3890,#3891,#208,.T.);
#4710=EDGE_CURVE('',#3803,#3891,#2016,.T.);
#4711=EDGE_CURVE('',#3892,#3809,#2017,.T.);
#4712=EDGE_CURVE('',#3892,#3891,#2018,.T.);
#4713=EDGE_CURVE('',#3886,#3893,#2019,.T.);
#4714=EDGE_CURVE('',#3893,#3894,#2020,.T.);
#4715=EDGE_CURVE('',#3894,#3885,#2021,.T.);
#4716=EDGE_CURVE('',#3887,#3895,#2022,.T.);
#4717=EDGE_CURVE('',#3895,#3893,#209,.T.);
#4718=EDGE_CURVE('',#3888,#3896,#2023,.T.);
#4719=EDGE_CURVE('',#3896,#3895,#2024,.T.);
#4720=EDGE_CURVE('',#3889,#3897,#2025,.T.);
#4721=EDGE_CURVE('',#3897,#3896,#210,.T.);
#4722=EDGE_CURVE('',#3890,#3892,#2026,.T.);
#4723=EDGE_CURVE('',#3892,#3897,#2027,.T.);
#4724=EDGE_CURVE('',#3878,#3898,#2028,.T.);
#4725=EDGE_CURVE('',#3898,#3899,#2029,.T.);
#4726=EDGE_CURVE('',#3899,#3877,#2030,.T.);
#4727=EDGE_CURVE('',#3879,#3900,#2031,.T.);
#4728=EDGE_CURVE('',#3900,#3898,#211,.T.);
#4729=EDGE_CURVE('',#3880,#3901,#2032,.T.);
#4730=EDGE_CURVE('',#3901,#3900,#2033,.T.);
#4731=EDGE_CURVE('',#3881,#3902,#2034,.T.);
#4732=EDGE_CURVE('',#3902,#3901,#212,.T.);
#4733=EDGE_CURVE('',#3882,#3903,#2035,.T.);
#4734=EDGE_CURVE('',#3903,#3902,#2036,.T.);
#4735=EDGE_CURVE('',#3883,#3904,#2037,.T.);
#4736=EDGE_CURVE('',#3904,#3903,#213,.T.);
#4737=EDGE_CURVE('',#3884,#3894,#2038,.T.);
#4738=EDGE_CURVE('',#3894,#3904,#2039,.T.);
#4739=EDGE_CURVE('',#3871,#3905,#2040,.T.);
#4740=EDGE_CURVE('',#3905,#3906,#2041,.T.);
#4741=EDGE_CURVE('',#3906,#3872,#2042,.T.);
#4742=EDGE_CURVE('',#3873,#3907,#2043,.T.);
#4743=EDGE_CURVE('',#3907,#3905,#214,.T.);
#4744=EDGE_CURVE('',#3874,#3908,#2044,.T.);
#4745=EDGE_CURVE('',#3908,#3907,#2045,.T.);
#4746=EDGE_CURVE('',#3875,#3909,#2046,.T.);
#4747=EDGE_CURVE('',#3909,#3908,#215,.T.);
#4748=EDGE_CURVE('',#3876,#3899,#2047,.T.);
#4749=EDGE_CURVE('',#3899,#3909,#2048,.T.);
#4750=EDGE_CURVE('',#3822,#3910,#2049,.T.);
#4751=EDGE_CURVE('',#3910,#3911,#2050,.T.);
#4752=EDGE_CURVE('',#3823,#3911,#2051,.T.);
#4753=EDGE_CURVE('',#3910,#3912,#216,.T.);
#4754=EDGE_CURVE('',#3912,#3913,#2052,.T.);
#4755=EDGE_CURVE('',#3913,#3911,#217,.T.);
#4756=EDGE_CURVE('',#3914,#3906,#2053,.T.);
#4757=EDGE_CURVE('',#3906,#3913,#2054,.T.);
#4758=EDGE_CURVE('',#3912,#3914,#2055,.T.);
#4759=EDGE_CURVE('',#3914,#3872,#218,.T.);
#4760=EDGE_CURVE('',#3914,#3830,#2056,.T.);
#4761=EDGE_CURVE('',#3827,#3912,#2057,.T.);
#4762=EDGE_CURVE('',#3910,#3831,#2058,.T.);
#4763=EDGE_CURVE('',#3915,#3916,#2059,.T.);
#4764=EDGE_CURVE('',#3917,#3915,#2060,.T.);
#4765=EDGE_CURVE('',#3918,#3917,#2061,.T.);
#4766=EDGE_CURVE('',#3916,#3918,#2062,.T.);
#4767=EDGE_CURVE('',#3919,#3916,#219,.T.);
#4768=EDGE_CURVE('',#3920,#3919,#2063,.T.);
#4769=EDGE_CURVE('',#3915,#3920,#220,.T.);
#4770=EDGE_CURVE('',#3921,#3922,#2064,.T.);
#4771=EDGE_CURVE('',#3923,#3921,#2065,.T.);
#4772=EDGE_CURVE('',#3924,#3923,#2066,.T.);
#4773=EDGE_CURVE('',#3922,#3924,#2067,.T.);
#4774=EDGE_CURVE('',#3925,#3922,#221,.T.);
#4775=EDGE_CURVE('',#3926,#3925,#2068,.T.);
#4776=EDGE_CURVE('',#3921,#3926,#222,.T.);
#4777=EDGE_CURVE('',#3927,#3928,#2069,.T.);
#4778=EDGE_CURVE('',#3926,#3927,#2070,.T.);
#4779=EDGE_CURVE('',#3928,#3925,#2071,.T.);
#4780=EDGE_CURVE('',#3929,#3928,#223,.T.);
#4781=EDGE_CURVE('',#3930,#3929,#2072,.T.);
#4782=EDGE_CURVE('',#3927,#3930,#224,.T.);
#4783=EDGE_CURVE('',#3931,#3918,#2073,.T.);
#4784=EDGE_CURVE('',#3930,#3931,#2074,.T.);
#4785=EDGE_CURVE('',#3918,#3929,#2075,.T.);
#4786=EDGE_CURVE('',#3932,#3933,#2076,.T.);
#4787=EDGE_CURVE('',#3934,#3932,#2077,.T.);
#4788=EDGE_CURVE('',#3935,#3934,#2078,.T.);
#4789=EDGE_CURVE('',#3933,#3935,#2079,.T.);
#4790=EDGE_CURVE('',#3936,#3933,#225,.T.);
#4791=EDGE_CURVE('',#3937,#3936,#2080,.T.);
#4792=EDGE_CURVE('',#3932,#3937,#226,.T.);
#4793=EDGE_CURVE('',#3938,#3939,#2081,.T.);
#4794=EDGE_CURVE('',#3937,#3938,#2082,.T.);
#4795=EDGE_CURVE('',#3939,#3936,#2083,.T.);
#4796=EDGE_CURVE('',#3940,#3939,#227,.T.);
#4797=EDGE_CURVE('',#3941,#3940,#2084,.T.);
#4798=EDGE_CURVE('',#3938,#3941,#228,.T.);
#4799=EDGE_CURVE('',#3942,#3943,#2085,.T.);
#4800=EDGE_CURVE('',#3941,#3942,#2086,.T.);
#4801=EDGE_CURVE('',#3943,#3940,#2087,.T.);
#4802=EDGE_CURVE('',#3944,#3943,#229,.T.);
#4803=EDGE_CURVE('',#3945,#3944,#2088,.T.);
#4804=EDGE_CURVE('',#3942,#3945,#230,.T.);
#4805=EDGE_CURVE('',#3946,#3924,#2089,.T.);
#4806=EDGE_CURVE('',#3945,#3946,#2090,.T.);
#4807=EDGE_CURVE('',#3924,#3944,#2091,.T.);
#4808=EDGE_CURVE('',#3947,#3948,#2092,.T.);
#4809=EDGE_CURVE('',#3949,#3947,#2093,.T.);
#4810=EDGE_CURVE('',#3950,#3949,#2094,.T.);
#4811=EDGE_CURVE('',#3948,#3950,#2095,.T.);
#4812=EDGE_CURVE('',#3951,#3948,#231,.T.);
#4813=EDGE_CURVE('',#3952,#3951,#2096,.T.);
#4814=EDGE_CURVE('',#3947,#3952,#232,.T.);
#4815=EDGE_CURVE('',#3953,#3954,#2097,.T.);
#4816=EDGE_CURVE('',#3952,#3953,#2098,.T.);
#4817=EDGE_CURVE('',#3954,#3951,#2099,.T.);
#4818=EDGE_CURVE('',#3955,#3954,#233,.T.);
#4819=EDGE_CURVE('',#3956,#3955,#2100,.T.);
#4820=EDGE_CURVE('',#3953,#3956,#234,.T.);
#4821=EDGE_CURVE('',#3957,#3935,#2101,.T.);
#4822=EDGE_CURVE('',#3956,#3957,#2102,.T.);
#4823=EDGE_CURVE('',#3935,#3955,#2103,.T.);
#4824=EDGE_CURVE('',#3958,#3950,#2104,.T.);
#4825=EDGE_CURVE('',#3958,#3949,#235,.T.);
#4826=EDGE_CURVE('',#3957,#3934,#236,.T.);
#4827=EDGE_CURVE('',#3946,#3923,#237,.T.);
#4828=EDGE_CURVE('',#3931,#3917,#238,.T.);
#4829=EDGE_CURVE('',#3931,#3959,#2105,.T.);
#4830=EDGE_CURVE('',#3959,#3960,#2106,.T.);
#4831=EDGE_CURVE('',#3960,#3930,#2107,.T.);
#4832=EDGE_CURVE('',#3960,#3961,#239,.T.);
#4833=EDGE_CURVE('',#3927,#3961,#2108,.T.);
#4834=EDGE_CURVE('',#3961,#3962,#2109,.T.);
#4835=EDGE_CURVE('',#3962,#3926,#2110,.T.);
#4836=EDGE_CURVE('',#3962,#3963,#240,.T.);
#4837=EDGE_CURVE('',#3921,#3963,#2111,.T.);
#4838=EDGE_CURVE('',#3963,#3964,#2112,.T.);
#4839=EDGE_CURVE('',#3964,#3923,#2113,.T.);
#4840=EDGE_CURVE('',#3964,#3965,#241,.T.);
#4841=EDGE_CURVE('',#3946,#3965,#2114,.T.);
#4842=EDGE_CURVE('',#3965,#3966,#2115,.T.);
#4843=EDGE_CURVE('',#3966,#3945,#2116,.T.);
#4844=EDGE_CURVE('',#3966,#3967,#242,.T.);
#4845=EDGE_CURVE('',#3942,#3967,#2117,.T.);
#4846=EDGE_CURVE('',#3967,#3968,#2118,.T.);
#4847=EDGE_CURVE('',#3968,#3941,#2119,.T.);
#4848=EDGE_CURVE('',#3968,#3969,#243,.T.);
#4849=EDGE_CURVE('',#3938,#3969,#2120,.T.);
#4850=EDGE_CURVE('',#3969,#3970,#2121,.T.);
#4851=EDGE_CURVE('',#3970,#3937,#2122,.T.);
#4852=EDGE_CURVE('',#3970,#3971,#244,.T.);
#4853=EDGE_CURVE('',#3932,#3971,#2123,.T.);
#4854=EDGE_CURVE('',#3971,#3972,#2124,.T.);
#4855=EDGE_CURVE('',#3972,#3934,#2125,.T.);
#4856=EDGE_CURVE('',#3972,#3973,#245,.T.);
#4857=EDGE_CURVE('',#3957,#3973,#2126,.T.);
#4858=EDGE_CURVE('',#3973,#3974,#2127,.T.);
#4859=EDGE_CURVE('',#3974,#3956,#2128,.T.);
#4860=EDGE_CURVE('',#3974,#3975,#246,.T.);
#4861=EDGE_CURVE('',#3953,#3975,#2129,.T.);
#4862=EDGE_CURVE('',#3975,#3976,#2130,.T.);
#4863=EDGE_CURVE('',#3976,#3952,#2131,.T.);
#4864=EDGE_CURVE('',#3976,#3977,#247,.T.);
#4865=EDGE_CURVE('',#3947,#3977,#2132,.T.);
#4866=EDGE_CURVE('',#3977,#3978,#2133,.T.);
#4867=EDGE_CURVE('',#3978,#3949,#2134,.T.);
#4868=EDGE_CURVE('',#3978,#3979,#248,.T.);
#4869=EDGE_CURVE('',#3958,#3979,#2135,.T.);
#4870=EDGE_CURVE('',#3974,#3980,#2136,.T.);
#4871=EDGE_CURVE('',#3981,#3973,#2137,.T.);
#4872=EDGE_CURVE('',#3980,#3981,#2138,.T.);
#4873=EDGE_CURVE('',#3982,#3980,#249,.T.);
#4874=EDGE_CURVE('',#3975,#3982,#2139,.T.);
#4875=EDGE_CURVE('',#3976,#3983,#2140,.T.);
#4876=EDGE_CURVE('',#3983,#3982,#2141,.T.);
#4877=EDGE_CURVE('',#3984,#3983,#250,.T.);
#4878=EDGE_CURVE('',#3977,#3984,#2142,.T.);
#4879=EDGE_CURVE('',#3978,#3985,#2143,.T.);
#4880=EDGE_CURVE('',#3985,#3984,#2144,.T.);
#4881=EDGE_CURVE('',#3966,#3986,#2145,.T.);
#4882=EDGE_CURVE('',#3987,#3965,#2146,.T.);
#4883=EDGE_CURVE('',#3986,#3987,#2147,.T.);
#4884=EDGE_CURVE('',#3988,#3986,#251,.T.);
#4885=EDGE_CURVE('',#3967,#3988,#2148,.T.);
#4886=EDGE_CURVE('',#3968,#3989,#2149,.T.);
#4887=EDGE_CURVE('',#3989,#3988,#2150,.T.);
#4888=EDGE_CURVE('',#3990,#3989,#252,.T.);
#4889=EDGE_CURVE('',#3969,#3990,#2151,.T.);
#4890=EDGE_CURVE('',#3970,#3991,#2152,.T.);
#4891=EDGE_CURVE('',#3991,#3990,#2153,.T.);
#4892=EDGE_CURVE('',#3992,#3991,#253,.T.);
#4893=EDGE_CURVE('',#3971,#3992,#2154,.T.);
#4894=EDGE_CURVE('',#3972,#3981,#2155,.T.);
#4895=EDGE_CURVE('',#3981,#3992,#2156,.T.);
#4896=EDGE_CURVE('',#3960,#3993,#2157,.T.);
#4897=EDGE_CURVE('',#3994,#3959,#2158,.T.);
#4898=EDGE_CURVE('',#3993,#3994,#2159,.T.);
#4899=EDGE_CURVE('',#3995,#3993,#254,.T.);
#4900=EDGE_CURVE('',#3961,#3995,#2160,.T.);
#4901=EDGE_CURVE('',#3962,#3996,#2161,.T.);
#4902=EDGE_CURVE('',#3996,#3995,#2162,.T.);
#4903=EDGE_CURVE('',#3997,#3996,#255,.T.);
#4904=EDGE_CURVE('',#3963,#3997,#2163,.T.);
#4905=EDGE_CURVE('',#3964,#3987,#2164,.T.);
#4906=EDGE_CURVE('',#3987,#3997,#2165,.T.);
#4907=EDGE_CURVE('',#3998,#3999,#2166,.T.);
#4908=EDGE_CURVE('',#4000,#3999,#256,.T.);
#4909=EDGE_CURVE('',#4001,#4000,#2167,.T.);
#4910=EDGE_CURVE('',#3998,#4001,#257,.T.);
#4911=EDGE_CURVE('',#4002,#3994,#2168,.T.);
#4912=EDGE_CURVE('',#4001,#4002,#2169,.T.);
#4913=EDGE_CURVE('',#3994,#4000,#2170,.T.);
#4914=EDGE_CURVE('',#4002,#3959,#258,.T.);
#4915=EDGE_CURVE('',#3985,#3979,#2171,.T.);
#4916=EDGE_CURVE('',#4002,#3917,#2172,.T.);
#4917=EDGE_CURVE('',#3915,#4001,#2173,.T.);
#4918=EDGE_CURVE('',#3998,#3920,#2174,.T.);
#4919=EDGE_CURVE('',#4003,#4004,#2175,.T.);
#4920=EDGE_CURVE('',#4004,#4005,#2176,.T.);
#4921=EDGE_CURVE('',#4005,#4006,#2177,.T.);
#4922=EDGE_CURVE('',#4006,#4003,#2178,.T.);
#4923=EDGE_CURVE('',#4003,#4007,#259,.T.);
#4924=EDGE_CURVE('',#4007,#4008,#2179,.T.);
#4925=EDGE_CURVE('',#4008,#4004,#260,.T.);
#4926=EDGE_CURVE('',#4008,#3919,#2180,.T.);
#4927=EDGE_CURVE('',#4007,#3920,#2181,.T.);
#4928=EDGE_CURVE('',#4009,#4010,#2182,.T.);
#4929=EDGE_CURVE('',#4010,#4011,#2183,.T.);
#4930=EDGE_CURVE('',#4011,#4012,#2184,.T.);
#4931=EDGE_CURVE('',#4012,#4009,#2185,.T.);
#4932=EDGE_CURVE('',#4009,#4013,#261,.T.);
#4933=EDGE_CURVE('',#4013,#4014,#2186,.T.);
#4934=EDGE_CURVE('',#4014,#4010,#262,.T.);
#4935=EDGE_CURVE('',#4015,#4016,#2187,.T.);
#4936=EDGE_CURVE('',#4016,#4014,#2188,.T.);
#4937=EDGE_CURVE('',#4013,#4015,#2189,.T.);
#4938=EDGE_CURVE('',#4015,#4017,#263,.T.);
#4939=EDGE_CURVE('',#4017,#4018,#2190,.T.);
#4940=EDGE_CURVE('',#4018,#4016,#264,.T.);
#4941=EDGE_CURVE('',#4019,#4005,#2191,.T.);
#4942=EDGE_CURVE('',#4005,#4018,#2192,.T.);
#4943=EDGE_CURVE('',#4017,#4019,#2193,.T.);
#4944=EDGE_CURVE('',#4020,#4021,#2194,.T.);
#4945=EDGE_CURVE('',#4021,#4022,#2195,.T.);
#4946=EDGE_CURVE('',#4022,#4023,#2196,.T.);
#4947=EDGE_CURVE('',#4023,#4020,#2197,.T.);
#4948=EDGE_CURVE('',#4020,#4024,#265,.T.);
#4949=EDGE_CURVE('',#4024,#4025,#2198,.T.);
#4950=EDGE_CURVE('',#4025,#4021,#266,.T.);
#4951=EDGE_CURVE('',#4026,#4027,#2199,.T.);
#4952=EDGE_CURVE('',#4027,#4025,#2200,.T.);
#4953=EDGE_CURVE('',#4024,#4026,#2201,.T.);
#4954=EDGE_CURVE('',#4026,#4028,#267,.T.);
#4955=EDGE_CURVE('',#4028,#4029,#2202,.T.);
#4956=EDGE_CURVE('',#4029,#4027,#268,.T.);
#4957=EDGE_CURVE('',#4030,#4031,#2203,.T.);
#4958=EDGE_CURVE('',#4031,#4029,#2204,.T.);
#4959=EDGE_CURVE('',#4028,#4030,#2205,.T.);
#4960=EDGE_CURVE('',#4030,#4032,#269,.T.);
#4961=EDGE_CURVE('',#4032,#4033,#2206,.T.);
#4962=EDGE_CURVE('',#4033,#4031,#270,.T.);
#4963=EDGE_CURVE('',#4034,#4011,#2207,.T.);
#4964=EDGE_CURVE('',#4011,#4033,#2208,.T.);
#4965=EDGE_CURVE('',#4032,#4034,#2209,.T.);
#4966=EDGE_CURVE('',#4035,#4036,#2210,.T.);
#4967=EDGE_CURVE('',#4036,#4037,#2211,.T.);
#4968=EDGE_CURVE('',#4037,#4038,#2212,.T.);
#4969=EDGE_CURVE('',#4038,#4035,#2213,.T.);
#4970=EDGE_CURVE('',#4035,#4039,#271,.T.);
#4971=EDGE_CURVE('',#4039,#4040,#2214,.T.);
#4972=EDGE_CURVE('',#4040,#4036,#272,.T.);
#4973=EDGE_CURVE('',#4041,#4042,#2215,.T.);
#4974=EDGE_CURVE('',#4042,#4040,#2216,.T.);
#4975=EDGE_CURVE('',#4039,#4041,#2217,.T.);
#4976=EDGE_CURVE('',#4041,#4043,#273,.T.);
#4977=EDGE_CURVE('',#4043,#4044,#2218,.T.);
#4978=EDGE_CURVE('',#4044,#4042,#274,.T.);
#4979=EDGE_CURVE('',#4045,#4022,#2219,.T.);
#4980=EDGE_CURVE('',#4022,#4044,#2220,.T.);
#4981=EDGE_CURVE('',#4043,#4045,#2221,.T.);
#4982=EDGE_CURVE('',#4046,#3958,#2222,.T.);
#4983=EDGE_CURVE('',#4046,#4037,#2223,.T.);
#4984=EDGE_CURVE('',#4037,#3950,#2224,.T.);
#4985=EDGE_CURVE('',#4046,#4038,#275,.T.);
#4986=EDGE_CURVE('',#4045,#4023,#276,.T.);
#4987=EDGE_CURVE('',#4034,#4012,#277,.T.);
#4988=EDGE_CURVE('',#4019,#4006,#278,.T.);
#4989=EDGE_CURVE('',#4047,#4017,#2225,.T.);
#4990=EDGE_CURVE('',#4048,#4047,#2226,.T.);
#4991=EDGE_CURVE('',#4019,#4048,#2227,.T.);
#4992=EDGE_CURVE('',#4015,#4049,#2228,.T.);
#4993=EDGE_CURVE('',#4047,#4049,#279,.T.);
#4994=EDGE_CURVE('',#4050,#4013,#2229,.T.);
#4995=EDGE_CURVE('',#4049,#4050,#2230,.T.);
#4996=EDGE_CURVE('',#4009,#4051,#2231,.T.);
#4997=EDGE_CURVE('',#4050,#4051,#280,.T.);
#4998=EDGE_CURVE('',#4052,#4012,#2232,.T.);
#4999=EDGE_CURVE('',#4051,#4052,#2233,.T.);
#5000=EDGE_CURVE('',#4034,#4053,#2234,.T.);
#5001=EDGE_CURVE('',#4052,#4053,#281,.T.);
#5002=EDGE_CURVE('',#4054,#4032,#2235,.T.);
#5003=EDGE_CURVE('',#4053,#4054,#2236,.T.);
#5004=EDGE_CURVE('',#4030,#4055,#2237,.T.);
#5005=EDGE_CURVE('',#4054,#4055,#282,.T.);
#5006=EDGE_CURVE('',#4056,#4028,#2238,.T.);
#5007=EDGE_CURVE('',#4055,#4056,#2239,.T.);
#5008=EDGE_CURVE('',#4026,#4057,#2240,.T.);
#5009=EDGE_CURVE('',#4056,#4057,#283,.T.);
#5010=EDGE_CURVE('',#4058,#4024,#2241,.T.);
#5011=EDGE_CURVE('',#4057,#4058,#2242,.T.);
#5012=EDGE_CURVE('',#4020,#4059,#2243,.T.);
#5013=EDGE_CURVE('',#4058,#4059,#284,.T.);
#5014=EDGE_CURVE('',#4060,#4023,#2244,.T.);
#5015=EDGE_CURVE('',#4059,#4060,#2245,.T.);
#5016=EDGE_CURVE('',#4045,#4061,#2246,.T.);
#5017=EDGE_CURVE('',#4060,#4061,#285,.T.);
#5018=EDGE_CURVE('',#4062,#4043,#2247,.T.);
#5019=EDGE_CURVE('',#4061,#4062,#2248,.T.);
#5020=EDGE_CURVE('',#4041,#4063,#2249,.T.);
#5021=EDGE_CURVE('',#4062,#4063,#286,.T.);
#5022=EDGE_CURVE('',#4064,#4039,#2250,.T.);
#5023=EDGE_CURVE('',#4063,#4064,#2251,.T.);
#5024=EDGE_CURVE('',#4035,#4065,#2252,.T.);
#5025=EDGE_CURVE('',#4064,#4065,#287,.T.);
#5026=EDGE_CURVE('',#4066,#4038,#2253,.T.);
#5027=EDGE_CURVE('',#4065,#4066,#2254,.T.);
#5028=EDGE_CURVE('',#4046,#4067,#2255,.T.);
#5029=EDGE_CURVE('',#4066,#4067,#288,.T.);
#5030=EDGE_CURVE('',#3979,#4067,#2256,.T.);
#5031=EDGE_CURVE('',#4068,#3985,#2257,.T.);
#5032=EDGE_CURVE('',#4068,#4067,#2258,.T.);
#5033=EDGE_CURVE('',#4062,#4069,#2259,.T.);
#5034=EDGE_CURVE('',#4069,#4070,#2260,.T.);
#5035=EDGE_CURVE('',#4070,#4061,#2261,.T.);
#5036=EDGE_CURVE('',#4063,#4071,#2262,.T.);
#5037=EDGE_CURVE('',#4071,#4069,#289,.T.);
#5038=EDGE_CURVE('',#4064,#4072,#2263,.T.);
#5039=EDGE_CURVE('',#4072,#4071,#2264,.T.);
#5040=EDGE_CURVE('',#4065,#4073,#2265,.T.);
#5041=EDGE_CURVE('',#4073,#4072,#290,.T.);
#5042=EDGE_CURVE('',#4066,#4068,#2266,.T.);
#5043=EDGE_CURVE('',#4068,#4073,#2267,.T.);
#5044=EDGE_CURVE('',#4054,#4074,#2268,.T.);
#5045=EDGE_CURVE('',#4074,#4075,#2269,.T.);
#5046=EDGE_CURVE('',#4075,#4053,#2270,.T.);
#5047=EDGE_CURVE('',#4055,#4076,#2271,.T.);
#5048=EDGE_CURVE('',#4076,#4074,#291,.T.);
#5049=EDGE_CURVE('',#4056,#4077,#2272,.T.);
#5050=EDGE_CURVE('',#4077,#4076,#2273,.T.);
#5051=EDGE_CURVE('',#4057,#4078,#2274,.T.);
#5052=EDGE_CURVE('',#4078,#4077,#292,.T.);
#5053=EDGE_CURVE('',#4058,#4079,#2275,.T.);
#5054=EDGE_CURVE('',#4079,#4078,#2276,.T.);
#5055=EDGE_CURVE('',#4059,#4080,#2277,.T.);
#5056=EDGE_CURVE('',#4080,#4079,#293,.T.);
#5057=EDGE_CURVE('',#4060,#4070,#2278,.T.);
#5058=EDGE_CURVE('',#4070,#4080,#2279,.T.);
#5059=EDGE_CURVE('',#4047,#4081,#2280,.T.);
#5060=EDGE_CURVE('',#4081,#4082,#2281,.T.);
#5061=EDGE_CURVE('',#4082,#4048,#2282,.T.);
#5062=EDGE_CURVE('',#4049,#4083,#2283,.T.);
#5063=EDGE_CURVE('',#4083,#4081,#294,.T.);
#5064=EDGE_CURVE('',#4050,#4084,#2284,.T.);
#5065=EDGE_CURVE('',#4084,#4083,#2285,.T.);
#5066=EDGE_CURVE('',#4051,#4085,#2286,.T.);
#5067=EDGE_CURVE('',#4085,#4084,#295,.T.);
#5068=EDGE_CURVE('',#4052,#4075,#2287,.T.);
#5069=EDGE_CURVE('',#4075,#4085,#2288,.T.);
#5070=EDGE_CURVE('',#3998,#4086,#2289,.T.);
#5071=EDGE_CURVE('',#4086,#4087,#2290,.T.);
#5072=EDGE_CURVE('',#3999,#4087,#2291,.T.);
#5073=EDGE_CURVE('',#4086,#4088,#296,.T.);
#5074=EDGE_CURVE('',#4088,#4089,#2292,.T.);
#5075=EDGE_CURVE('',#4089,#4087,#297,.T.);
#5076=EDGE_CURVE('',#4090,#4082,#2293,.T.);
#5077=EDGE_CURVE('',#4082,#4089,#2294,.T.);
#5078=EDGE_CURVE('',#4088,#4090,#2295,.T.);
#5079=EDGE_CURVE('',#4090,#4048,#298,.T.);
#5080=EDGE_CURVE('',#4090,#4006,#2296,.T.);
#5081=EDGE_CURVE('',#4003,#4088,#2297,.T.);
#5082=EDGE_CURVE('',#4086,#4007,#2298,.T.);
#5083=EDGE_CURVE('',#4091,#4092,#2299,.T.);
#5084=EDGE_CURVE('',#4093,#4091,#2300,.T.);
#5085=EDGE_CURVE('',#4094,#4093,#2301,.T.);
#5086=EDGE_CURVE('',#4092,#4094,#2302,.T.);
#5087=EDGE_CURVE('',#4095,#4092,#299,.T.);
#5088=EDGE_CURVE('',#4096,#4095,#2303,.T.);
#5089=EDGE_CURVE('',#4091,#4096,#300,.T.);
#5090=EDGE_CURVE('',#4097,#4098,#2304,.T.);
#5091=EDGE_CURVE('',#4099,#4097,#2305,.T.);
#5092=EDGE_CURVE('',#4100,#4099,#2306,.T.);
#5093=EDGE_CURVE('',#4098,#4100,#2307,.T.);
#5094=EDGE_CURVE('',#4101,#4098,#301,.T.);
#5095=EDGE_CURVE('',#4102,#4101,#2308,.T.);
#5096=EDGE_CURVE('',#4097,#4102,#302,.T.);
#5097=EDGE_CURVE('',#4103,#4104,#2309,.T.);
#5098=EDGE_CURVE('',#4102,#4103,#2310,.T.);
#5099=EDGE_CURVE('',#4104,#4101,#2311,.T.);
#5100=EDGE_CURVE('',#4105,#4104,#303,.T.);
#5101=EDGE_CURVE('',#4106,#4105,#2312,.T.);
#5102=EDGE_CURVE('',#4103,#4106,#304,.T.);
#5103=EDGE_CURVE('',#4107,#4094,#2313,.T.);
#5104=EDGE_CURVE('',#4106,#4107,#2314,.T.);
#5105=EDGE_CURVE('',#4094,#4105,#2315,.T.);
#5106=EDGE_CURVE('',#4108,#4109,#2316,.T.);
#5107=EDGE_CURVE('',#4110,#4108,#2317,.T.);
#5108=EDGE_CURVE('',#4111,#4110,#2318,.T.);
#5109=EDGE_CURVE('',#4109,#4111,#2319,.T.);
#5110=EDGE_CURVE('',#4112,#4109,#305,.T.);
#5111=EDGE_CURVE('',#4113,#4112,#2320,.T.);
#5112=EDGE_CURVE('',#4108,#4113,#306,.T.);
#5113=EDGE_CURVE('',#4114,#4115,#2321,.T.);
#5114=EDGE_CURVE('',#4113,#4114,#2322,.T.);
#5115=EDGE_CURVE('',#4115,#4112,#2323,.T.);
#5116=EDGE_CURVE('',#4116,#4115,#307,.T.);
#5117=EDGE_CURVE('',#4117,#4116,#2324,.T.);
#5118=EDGE_CURVE('',#4114,#4117,#308,.T.);
#5119=EDGE_CURVE('',#4118,#4119,#2325,.T.);
#5120=EDGE_CURVE('',#4117,#4118,#2326,.T.);
#5121=EDGE_CURVE('',#4119,#4116,#2327,.T.);
#5122=EDGE_CURVE('',#4120,#4119,#309,.T.);
#5123=EDGE_CURVE('',#4121,#4120,#2328,.T.);
#5124=EDGE_CURVE('',#4118,#4121,#310,.T.);
#5125=EDGE_CURVE('',#4122,#4100,#2329,.T.);
#5126=EDGE_CURVE('',#4121,#4122,#2330,.T.);
#5127=EDGE_CURVE('',#4100,#4120,#2331,.T.);
#5128=EDGE_CURVE('',#4123,#4124,#2332,.T.);
#5129=EDGE_CURVE('',#4125,#4123,#2333,.T.);
#5130=EDGE_CURVE('',#4126,#4125,#2334,.T.);
#5131=EDGE_CURVE('',#4124,#4126,#2335,.T.);
#5132=EDGE_CURVE('',#4127,#4124,#311,.T.);
#5133=EDGE_CURVE('',#4128,#4127,#2336,.T.);
#5134=EDGE_CURVE('',#4123,#4128,#312,.T.);
#5135=EDGE_CURVE('',#4129,#4130,#2337,.T.);
#5136=EDGE_CURVE('',#4128,#4129,#2338,.T.);
#5137=EDGE_CURVE('',#4130,#4127,#2339,.T.);
#5138=EDGE_CURVE('',#4131,#4130,#313,.T.);
#5139=EDGE_CURVE('',#4132,#4131,#2340,.T.);
#5140=EDGE_CURVE('',#4129,#4132,#314,.T.);
#5141=EDGE_CURVE('',#4133,#4111,#2341,.T.);
#5142=EDGE_CURVE('',#4132,#4133,#2342,.T.);
#5143=EDGE_CURVE('',#4111,#4131,#2343,.T.);
#5144=EDGE_CURVE('',#4134,#4126,#2344,.T.);
#5145=EDGE_CURVE('',#4134,#4125,#315,.T.);
#5146=EDGE_CURVE('',#4133,#4110,#316,.T.);
#5147=EDGE_CURVE('',#4122,#4099,#317,.T.);
#5148=EDGE_CURVE('',#4107,#4093,#318,.T.);
#5149=EDGE_CURVE('',#4107,#4135,#2345,.T.);
#5150=EDGE_CURVE('',#4135,#4136,#2346,.T.);
#5151=EDGE_CURVE('',#4136,#4106,#2347,.T.);
#5152=EDGE_CURVE('',#4136,#4137,#319,.T.);
#5153=EDGE_CURVE('',#4103,#4137,#2348,.T.);
#5154=EDGE_CURVE('',#4137,#4138,#2349,.T.);
#5155=EDGE_CURVE('',#4138,#4102,#2350,.T.);
#5156=EDGE_CURVE('',#4138,#4139,#320,.T.);
#5157=EDGE_CURVE('',#4097,#4139,#2351,.T.);
#5158=EDGE_CURVE('',#4139,#4140,#2352,.T.);
#5159=EDGE_CURVE('',#4140,#4099,#2353,.T.);
#5160=EDGE_CURVE('',#4140,#4141,#321,.T.);
#5161=EDGE_CURVE('',#4122,#4141,#2354,.T.);
#5162=EDGE_CURVE('',#4141,#4142,#2355,.T.);
#5163=EDGE_CURVE('',#4142,#4121,#2356,.T.);
#5164=EDGE_CURVE('',#4142,#4143,#322,.T.);
#5165=EDGE_CURVE('',#4118,#4143,#2357,.T.);
#5166=EDGE_CURVE('',#4143,#4144,#2358,.T.);
#5167=EDGE_CURVE('',#4144,#4117,#2359,.T.);
#5168=EDGE_CURVE('',#4144,#4145,#323,.T.);
#5169=EDGE_CURVE('',#4114,#4145,#2360,.T.);
#5170=EDGE_CURVE('',#4145,#4146,#2361,.T.);
#5171=EDGE_CURVE('',#4146,#4113,#2362,.T.);
#5172=EDGE_CURVE('',#4146,#4147,#324,.T.);
#5173=EDGE_CURVE('',#4108,#4147,#2363,.T.);
#5174=EDGE_CURVE('',#4147,#4148,#2364,.T.);
#5175=EDGE_CURVE('',#4148,#4110,#2365,.T.);
#5176=EDGE_CURVE('',#4148,#4149,#325,.T.);
#5177=EDGE_CURVE('',#4133,#4149,#2366,.T.);
#5178=EDGE_CURVE('',#4149,#4150,#2367,.T.);
#5179=EDGE_CURVE('',#4150,#4132,#2368,.T.);
#5180=EDGE_CURVE('',#4150,#4151,#326,.T.);
#5181=EDGE_CURVE('',#4129,#4151,#2369,.T.);
#5182=EDGE_CURVE('',#4151,#4152,#2370,.T.);
#5183=EDGE_CURVE('',#4152,#4128,#2371,.T.);
#5184=EDGE_CURVE('',#4152,#4153,#327,.T.);
#5185=EDGE_CURVE('',#4123,#4153,#2372,.T.);
#5186=EDGE_CURVE('',#4153,#4154,#2373,.T.);
#5187=EDGE_CURVE('',#4154,#4125,#2374,.T.);
#5188=EDGE_CURVE('',#4154,#4155,#328,.T.);
#5189=EDGE_CURVE('',#4134,#4155,#2375,.T.);
#5190=EDGE_CURVE('',#4150,#4156,#2376,.T.);
#5191=EDGE_CURVE('',#4157,#4149,#2377,.T.);
#5192=EDGE_CURVE('',#4156,#4157,#2378,.T.);
#5193=EDGE_CURVE('',#4158,#4156,#329,.T.);
#5194=EDGE_CURVE('',#4151,#4158,#2379,.T.);
#5195=EDGE_CURVE('',#4152,#4159,#2380,.T.);
#5196=EDGE_CURVE('',#4159,#4158,#2381,.T.);
#5197=EDGE_CURVE('',#4160,#4159,#330,.T.);
#5198=EDGE_CURVE('',#4153,#4160,#2382,.T.);
#5199=EDGE_CURVE('',#4154,#4161,#2383,.T.);
#5200=EDGE_CURVE('',#4161,#4160,#2384,.T.);
#5201=EDGE_CURVE('',#4142,#4162,#2385,.T.);
#5202=EDGE_CURVE('',#4163,#4141,#2386,.T.);
#5203=EDGE_CURVE('',#4162,#4163,#2387,.T.);
#5204=EDGE_CURVE('',#4164,#4162,#331,.T.);
#5205=EDGE_CURVE('',#4143,#4164,#2388,.T.);
#5206=EDGE_CURVE('',#4144,#4165,#2389,.T.);
#5207=EDGE_CURVE('',#4165,#4164,#2390,.T.);
#5208=EDGE_CURVE('',#4166,#4165,#332,.T.);
#5209=EDGE_CURVE('',#4145,#4166,#2391,.T.);
#5210=EDGE_CURVE('',#4146,#4167,#2392,.T.);
#5211=EDGE_CURVE('',#4167,#4166,#2393,.T.);
#5212=EDGE_CURVE('',#4168,#4167,#333,.T.);
#5213=EDGE_CURVE('',#4147,#4168,#2394,.T.);
#5214=EDGE_CURVE('',#4148,#4157,#2395,.T.);
#5215=EDGE_CURVE('',#4157,#4168,#2396,.T.);
#5216=EDGE_CURVE('',#4136,#4169,#2397,.T.);
#5217=EDGE_CURVE('',#4170,#4135,#2398,.T.);
#5218=EDGE_CURVE('',#4169,#4170,#2399,.T.);
#5219=EDGE_CURVE('',#4171,#4169,#334,.T.);
#5220=EDGE_CURVE('',#4137,#4171,#2400,.T.);
#5221=EDGE_CURVE('',#4138,#4172,#2401,.T.);
#5222=EDGE_CURVE('',#4172,#4171,#2402,.T.);
#5223=EDGE_CURVE('',#4173,#4172,#335,.T.);
#5224=EDGE_CURVE('',#4139,#4173,#2403,.T.);
#5225=EDGE_CURVE('',#4140,#4163,#2404,.T.);
#5226=EDGE_CURVE('',#4163,#4173,#2405,.T.);
#5227=EDGE_CURVE('',#4174,#4175,#2406,.T.);
#5228=EDGE_CURVE('',#4176,#4175,#336,.T.);
#5229=EDGE_CURVE('',#4177,#4176,#2407,.T.);
#5230=EDGE_CURVE('',#4174,#4177,#337,.T.);
#5231=EDGE_CURVE('',#4178,#4170,#2408,.T.);
#5232=EDGE_CURVE('',#4177,#4178,#2409,.T.);
#5233=EDGE_CURVE('',#4170,#4176,#2410,.T.);
#5234=EDGE_CURVE('',#4178,#4135,#338,.T.);
#5235=EDGE_CURVE('',#4161,#4155,#2411,.T.);
#5236=EDGE_CURVE('',#4178,#4093,#2412,.T.);
#5237=EDGE_CURVE('',#4091,#4177,#2413,.T.);
#5238=EDGE_CURVE('',#4174,#4096,#2414,.T.);
#5239=EDGE_CURVE('',#4179,#4180,#2415,.T.);
#5240=EDGE_CURVE('',#4180,#4181,#2416,.T.);
#5241=EDGE_CURVE('',#4181,#4182,#2417,.T.);
#5242=EDGE_CURVE('',#4182,#4179,#2418,.T.);
#5243=EDGE_CURVE('',#4179,#4183,#339,.T.);
#5244=EDGE_CURVE('',#4183,#4184,#2419,.T.);
#5245=EDGE_CURVE('',#4184,#4180,#340,.T.);
#5246=EDGE_CURVE('',#4184,#4095,#2420,.T.);
#5247=EDGE_CURVE('',#4183,#4096,#2421,.T.);
#5248=EDGE_CURVE('',#4185,#4186,#2422,.T.);
#5249=EDGE_CURVE('',#4186,#4187,#2423,.T.);
#5250=EDGE_CURVE('',#4187,#4188,#2424,.T.);
#5251=EDGE_CURVE('',#4188,#4185,#2425,.T.);
#5252=EDGE_CURVE('',#4185,#4189,#341,.T.);
#5253=EDGE_CURVE('',#4189,#4190,#2426,.T.);
#5254=EDGE_CURVE('',#4190,#4186,#342,.T.);
#5255=EDGE_CURVE('',#4191,#4192,#2427,.T.);
#5256=EDGE_CURVE('',#4192,#4190,#2428,.T.);
#5257=EDGE_CURVE('',#4189,#4191,#2429,.T.);
#5258=EDGE_CURVE('',#4191,#4193,#343,.T.);
#5259=EDGE_CURVE('',#4193,#4194,#2430,.T.);
#5260=EDGE_CURVE('',#4194,#4192,#344,.T.);
#5261=EDGE_CURVE('',#4195,#4181,#2431,.T.);
#5262=EDGE_CURVE('',#4181,#4194,#2432,.T.);
#5263=EDGE_CURVE('',#4193,#4195,#2433,.T.);
#5264=EDGE_CURVE('',#4196,#4197,#2434,.T.);
#5265=EDGE_CURVE('',#4197,#4198,#2435,.T.);
#5266=EDGE_CURVE('',#4198,#4199,#2436,.T.);
#5267=EDGE_CURVE('',#4199,#4196,#2437,.T.);
#5268=EDGE_CURVE('',#4196,#4200,#345,.T.);
#5269=EDGE_CURVE('',#4200,#4201,#2438,.T.);
#5270=EDGE_CURVE('',#4201,#4197,#346,.T.);
#5271=EDGE_CURVE('',#4202,#4203,#2439,.T.);
#5272=EDGE_CURVE('',#4203,#4201,#2440,.T.);
#5273=EDGE_CURVE('',#4200,#4202,#2441,.T.);
#5274=EDGE_CURVE('',#4202,#4204,#347,.T.);
#5275=EDGE_CURVE('',#4204,#4205,#2442,.T.);
#5276=EDGE_CURVE('',#4205,#4203,#348,.T.);
#5277=EDGE_CURVE('',#4206,#4207,#2443,.T.);
#5278=EDGE_CURVE('',#4207,#4205,#2444,.T.);
#5279=EDGE_CURVE('',#4204,#4206,#2445,.T.);
#5280=EDGE_CURVE('',#4206,#4208,#349,.T.);
#5281=EDGE_CURVE('',#4208,#4209,#2446,.T.);
#5282=EDGE_CURVE('',#4209,#4207,#350,.T.);
#5283=EDGE_CURVE('',#4210,#4187,#2447,.T.);
#5284=EDGE_CURVE('',#4187,#4209,#2448,.T.);
#5285=EDGE_CURVE('',#4208,#4210,#2449,.T.);
#5286=EDGE_CURVE('',#4211,#4212,#2450,.T.);
#5287=EDGE_CURVE('',#4212,#4213,#2451,.T.);
#5288=EDGE_CURVE('',#4213,#4214,#2452,.T.);
#5289=EDGE_CURVE('',#4214,#4211,#2453,.T.);
#5290=EDGE_CURVE('',#4211,#4215,#351,.T.);
#5291=EDGE_CURVE('',#4215,#4216,#2454,.T.);
#5292=EDGE_CURVE('',#4216,#4212,#352,.T.);
#5293=EDGE_CURVE('',#4217,#4218,#2455,.T.);
#5294=EDGE_CURVE('',#4218,#4216,#2456,.T.);
#5295=EDGE_CURVE('',#4215,#4217,#2457,.T.);
#5296=EDGE_CURVE('',#4217,#4219,#353,.T.);
#5297=EDGE_CURVE('',#4219,#4220,#2458,.T.);
#5298=EDGE_CURVE('',#4220,#4218,#354,.T.);
#5299=EDGE_CURVE('',#4221,#4198,#2459,.T.);
#5300=EDGE_CURVE('',#4198,#4220,#2460,.T.);
#5301=EDGE_CURVE('',#4219,#4221,#2461,.T.);
#5302=EDGE_CURVE('',#4222,#4134,#2462,.T.);
#5303=EDGE_CURVE('',#4222,#4213,#2463,.T.);
#5304=EDGE_CURVE('',#4213,#4126,#2464,.T.);
#5305=EDGE_CURVE('',#4222,#4214,#355,.T.);
#5306=EDGE_CURVE('',#4221,#4199,#356,.T.);
#5307=EDGE_CURVE('',#4210,#4188,#357,.T.);
#5308=EDGE_CURVE('',#4195,#4182,#358,.T.);
#5309=EDGE_CURVE('',#4223,#4193,#2465,.T.);
#5310=EDGE_CURVE('',#4224,#4223,#2466,.T.);
#5311=EDGE_CURVE('',#4195,#4224,#2467,.T.);
#5312=EDGE_CURVE('',#4191,#4225,#2468,.T.);
#5313=EDGE_CURVE('',#4223,#4225,#359,.T.);
#5314=EDGE_CURVE('',#4226,#4189,#2469,.T.);
#5315=EDGE_CURVE('',#4225,#4226,#2470,.T.);
#5316=EDGE_CURVE('',#4185,#4227,#2471,.T.);
#5317=EDGE_CURVE('',#4226,#4227,#360,.T.);
#5318=EDGE_CURVE('',#4228,#4188,#2472,.T.);
#5319=EDGE_CURVE('',#4227,#4228,#2473,.T.);
#5320=EDGE_CURVE('',#4210,#4229,#2474,.T.);
#5321=EDGE_CURVE('',#4228,#4229,#361,.T.);
#5322=EDGE_CURVE('',#4230,#4208,#2475,.T.);
#5323=EDGE_CURVE('',#4229,#4230,#2476,.T.);
#5324=EDGE_CURVE('',#4206,#4231,#2477,.T.);
#5325=EDGE_CURVE('',#4230,#4231,#362,.T.);
#5326=EDGE_CURVE('',#4232,#4204,#2478,.T.);
#5327=EDGE_CURVE('',#4231,#4232,#2479,.T.);
#5328=EDGE_CURVE('',#4202,#4233,#2480,.T.);
#5329=EDGE_CURVE('',#4232,#4233,#363,.T.);
#5330=EDGE_CURVE('',#4234,#4200,#2481,.T.);
#5331=EDGE_CURVE('',#4233,#4234,#2482,.T.);
#5332=EDGE_CURVE('',#4196,#4235,#2483,.T.);
#5333=EDGE_CURVE('',#4234,#4235,#364,.T.);
#5334=EDGE_CURVE('',#4236,#4199,#2484,.T.);
#5335=EDGE_CURVE('',#4235,#4236,#2485,.T.);
#5336=EDGE_CURVE('',#4221,#4237,#2486,.T.);
#5337=EDGE_CURVE('',#4236,#4237,#365,.T.);
#5338=EDGE_CURVE('',#4238,#4219,#2487,.T.);
#5339=EDGE_CURVE('',#4237,#4238,#2488,.T.);
#5340=EDGE_CURVE('',#4217,#4239,#2489,.T.);
#5341=EDGE_CURVE('',#4238,#4239,#366,.T.);
#5342=EDGE_CURVE('',#4240,#4215,#2490,.T.);
#5343=EDGE_CURVE('',#4239,#4240,#2491,.T.);
#5344=EDGE_CURVE('',#4211,#4241,#2492,.T.);
#5345=EDGE_CURVE('',#4240,#4241,#367,.T.);
#5346=EDGE_CURVE('',#4242,#4214,#2493,.T.);
#5347=EDGE_CURVE('',#4241,#4242,#2494,.T.);
#5348=EDGE_CURVE('',#4222,#4243,#2495,.T.);
#5349=EDGE_CURVE('',#4242,#4243,#368,.T.);
#5350=EDGE_CURVE('',#4155,#4243,#2496,.T.);
#5351=EDGE_CURVE('',#4244,#4161,#2497,.T.);
#5352=EDGE_CURVE('',#4244,#4243,#2498,.T.);
#5353=EDGE_CURVE('',#4238,#4245,#2499,.T.);
#5354=EDGE_CURVE('',#4245,#4246,#2500,.T.);
#5355=EDGE_CURVE('',#4246,#4237,#2501,.T.);
#5356=EDGE_CURVE('',#4239,#4247,#2502,.T.);
#5357=EDGE_CURVE('',#4247,#4245,#369,.T.);
#5358=EDGE_CURVE('',#4240,#4248,#2503,.T.);
#5359=EDGE_CURVE('',#4248,#4247,#2504,.T.);
#5360=EDGE_CURVE('',#4241,#4249,#2505,.T.);
#5361=EDGE_CURVE('',#4249,#4248,#370,.T.);
#5362=EDGE_CURVE('',#4242,#4244,#2506,.T.);
#5363=EDGE_CURVE('',#4244,#4249,#2507,.T.);
#5364=EDGE_CURVE('',#4230,#4250,#2508,.T.);
#5365=EDGE_CURVE('',#4250,#4251,#2509,.T.);
#5366=EDGE_CURVE('',#4251,#4229,#2510,.T.);
#5367=EDGE_CURVE('',#4231,#4252,#2511,.T.);
#5368=EDGE_CURVE('',#4252,#4250,#371,.T.);
#5369=EDGE_CURVE('',#4232,#4253,#2512,.T.);
#5370=EDGE_CURVE('',#4253,#4252,#2513,.T.);
#5371=EDGE_CURVE('',#4233,#4254,#2514,.T.);
#5372=EDGE_CURVE('',#4254,#4253,#372,.T.);
#5373=EDGE_CURVE('',#4234,#4255,#2515,.T.);
#5374=EDGE_CURVE('',#4255,#4254,#2516,.T.);
#5375=EDGE_CURVE('',#4235,#4256,#2517,.T.);
#5376=EDGE_CURVE('',#4256,#4255,#373,.T.);
#5377=EDGE_CURVE('',#4236,#4246,#2518,.T.);
#5378=EDGE_CURVE('',#4246,#4256,#2519,.T.);
#5379=EDGE_CURVE('',#4223,#4257,#2520,.T.);
#5380=EDGE_CURVE('',#4257,#4258,#2521,.T.);
#5381=EDGE_CURVE('',#4258,#4224,#2522,.T.);
#5382=EDGE_CURVE('',#4225,#4259,#2523,.T.);
#5383=EDGE_CURVE('',#4259,#4257,#374,.T.);
#5384=EDGE_CURVE('',#4226,#4260,#2524,.T.);
#5385=EDGE_CURVE('',#4260,#4259,#2525,.T.);
#5386=EDGE_CURVE('',#4227,#4261,#2526,.T.);
#5387=EDGE_CURVE('',#4261,#4260,#375,.T.);
#5388=EDGE_CURVE('',#4228,#4251,#2527,.T.);
#5389=EDGE_CURVE('',#4251,#4261,#2528,.T.);
#5390=EDGE_CURVE('',#4174,#4262,#2529,.T.);
#5391=EDGE_CURVE('',#4262,#4263,#2530,.T.);
#5392=EDGE_CURVE('',#4175,#4263,#2531,.T.);
#5393=EDGE_CURVE('',#4262,#4264,#376,.T.);
#5394=EDGE_CURVE('',#4264,#4265,#2532,.T.);
#5395=EDGE_CURVE('',#4265,#4263,#377,.T.);
#5396=EDGE_CURVE('',#4266,#4258,#2533,.T.);
#5397=EDGE_CURVE('',#4258,#4265,#2534,.T.);
#5398=EDGE_CURVE('',#4264,#4266,#2535,.T.);
#5399=EDGE_CURVE('',#4266,#4224,#378,.T.);
#5400=EDGE_CURVE('',#4266,#4182,#2536,.T.);
#5401=EDGE_CURVE('',#4179,#4264,#2537,.T.);
#5402=EDGE_CURVE('',#4262,#4183,#2538,.T.);
#5403=EDGE_CURVE('',#4267,#4268,#2539,.T.);
#5404=EDGE_CURVE('',#4269,#4267,#2540,.T.);
#5405=EDGE_CURVE('',#4270,#4269,#2541,.T.);
#5406=EDGE_CURVE('',#4268,#4270,#2542,.T.);
#5407=EDGE_CURVE('',#4271,#4268,#379,.T.);
#5408=EDGE_CURVE('',#4272,#4271,#2543,.T.);
#5409=EDGE_CURVE('',#4267,#4272,#380,.T.);
#5410=EDGE_CURVE('',#4273,#4274,#2544,.T.);
#5411=EDGE_CURVE('',#4275,#4273,#2545,.T.);
#5412=EDGE_CURVE('',#4276,#4275,#2546,.T.);
#5413=EDGE_CURVE('',#4274,#4276,#2547,.T.);
#5414=EDGE_CURVE('',#4277,#4274,#381,.T.);
#5415=EDGE_CURVE('',#4278,#4277,#2548,.T.);
#5416=EDGE_CURVE('',#4273,#4278,#382,.T.);
#5417=EDGE_CURVE('',#4279,#4280,#2549,.T.);
#5418=EDGE_CURVE('',#4278,#4279,#2550,.T.);
#5419=EDGE_CURVE('',#4280,#4277,#2551,.T.);
#5420=EDGE_CURVE('',#4281,#4280,#383,.T.);
#5421=EDGE_CURVE('',#4282,#4281,#2552,.T.);
#5422=EDGE_CURVE('',#4279,#4282,#384,.T.);
#5423=EDGE_CURVE('',#4283,#4270,#2553,.T.);
#5424=EDGE_CURVE('',#4282,#4283,#2554,.T.);
#5425=EDGE_CURVE('',#4270,#4281,#2555,.T.);
#5426=EDGE_CURVE('',#4284,#4285,#2556,.T.);
#5427=EDGE_CURVE('',#4286,#4284,#2557,.T.);
#5428=EDGE_CURVE('',#4287,#4286,#2558,.T.);
#5429=EDGE_CURVE('',#4285,#4287,#2559,.T.);
#5430=EDGE_CURVE('',#4288,#4285,#385,.T.);
#5431=EDGE_CURVE('',#4289,#4288,#2560,.T.);
#5432=EDGE_CURVE('',#4284,#4289,#386,.T.);
#5433=EDGE_CURVE('',#4290,#4291,#2561,.T.);
#5434=EDGE_CURVE('',#4289,#4290,#2562,.T.);
#5435=EDGE_CURVE('',#4291,#4288,#2563,.T.);
#5436=EDGE_CURVE('',#4292,#4291,#387,.T.);
#5437=EDGE_CURVE('',#4293,#4292,#2564,.T.);
#5438=EDGE_CURVE('',#4290,#4293,#388,.T.);
#5439=EDGE_CURVE('',#4294,#4295,#2565,.T.);
#5440=EDGE_CURVE('',#4293,#4294,#2566,.T.);
#5441=EDGE_CURVE('',#4295,#4292,#2567,.T.);
#5442=EDGE_CURVE('',#4296,#4295,#389,.T.);
#5443=EDGE_CURVE('',#4297,#4296,#2568,.T.);
#5444=EDGE_CURVE('',#4294,#4297,#390,.T.);
#5445=EDGE_CURVE('',#4298,#4276,#2569,.T.);
#5446=EDGE_CURVE('',#4297,#4298,#2570,.T.);
#5447=EDGE_CURVE('',#4276,#4296,#2571,.T.);
#5448=EDGE_CURVE('',#4299,#4300,#2572,.T.);
#5449=EDGE_CURVE('',#4301,#4299,#2573,.T.);
#5450=EDGE_CURVE('',#4302,#4301,#2574,.T.);
#5451=EDGE_CURVE('',#4300,#4302,#2575,.T.);
#5452=EDGE_CURVE('',#4303,#4300,#391,.T.);
#5453=EDGE_CURVE('',#4304,#4303,#2576,.T.);
#5454=EDGE_CURVE('',#4299,#4304,#392,.T.);
#5455=EDGE_CURVE('',#4305,#4306,#2577,.T.);
#5456=EDGE_CURVE('',#4304,#4305,#2578,.T.);
#5457=EDGE_CURVE('',#4306,#4303,#2579,.T.);
#5458=EDGE_CURVE('',#4307,#4306,#393,.T.);
#5459=EDGE_CURVE('',#4308,#4307,#2580,.T.);
#5460=EDGE_CURVE('',#4305,#4308,#394,.T.);
#5461=EDGE_CURVE('',#4309,#4287,#2581,.T.);
#5462=EDGE_CURVE('',#4308,#4309,#2582,.T.);
#5463=EDGE_CURVE('',#4287,#4307,#2583,.T.);
#5464=EDGE_CURVE('',#4310,#4302,#2584,.T.);
#5465=EDGE_CURVE('',#4310,#4301,#395,.T.);
#5466=EDGE_CURVE('',#4309,#4286,#396,.T.);
#5467=EDGE_CURVE('',#4298,#4275,#397,.T.);
#5468=EDGE_CURVE('',#4283,#4269,#398,.T.);
#5469=EDGE_CURVE('',#4283,#4311,#2585,.T.);
#5470=EDGE_CURVE('',#4311,#4312,#2586,.T.);
#5471=EDGE_CURVE('',#4312,#4282,#2587,.T.);
#5472=EDGE_CURVE('',#4312,#4313,#399,.T.);
#5473=EDGE_CURVE('',#4279,#4313,#2588,.T.);
#5474=EDGE_CURVE('',#4313,#4314,#2589,.T.);
#5475=EDGE_CURVE('',#4314,#4278,#2590,.T.);
#5476=EDGE_CURVE('',#4314,#4315,#400,.T.);
#5477=EDGE_CURVE('',#4273,#4315,#2591,.T.);
#5478=EDGE_CURVE('',#4315,#4316,#2592,.T.);
#5479=EDGE_CURVE('',#4316,#4275,#2593,.T.);
#5480=EDGE_CURVE('',#4316,#4317,#401,.T.);
#5481=EDGE_CURVE('',#4298,#4317,#2594,.T.);
#5482=EDGE_CURVE('',#4317,#4318,#2595,.T.);
#5483=EDGE_CURVE('',#4318,#4297,#2596,.T.);
#5484=EDGE_CURVE('',#4318,#4319,#402,.T.);
#5485=EDGE_CURVE('',#4294,#4319,#2597,.T.);
#5486=EDGE_CURVE('',#4319,#4320,#2598,.T.);
#5487=EDGE_CURVE('',#4320,#4293,#2599,.T.);
#5488=EDGE_CURVE('',#4320,#4321,#403,.T.);
#5489=EDGE_CURVE('',#4290,#4321,#2600,.T.);
#5490=EDGE_CURVE('',#4321,#4322,#2601,.T.);
#5491=EDGE_CURVE('',#4322,#4289,#2602,.T.);
#5492=EDGE_CURVE('',#4322,#4323,#404,.T.);
#5493=EDGE_CURVE('',#4284,#4323,#2603,.T.);
#5494=EDGE_CURVE('',#4323,#4324,#2604,.T.);
#5495=EDGE_CURVE('',#4324,#4286,#2605,.T.);
#5496=EDGE_CURVE('',#4324,#4325,#405,.T.);
#5497=EDGE_CURVE('',#4309,#4325,#2606,.T.);
#5498=EDGE_CURVE('',#4325,#4326,#2607,.T.);
#5499=EDGE_CURVE('',#4326,#4308,#2608,.T.);
#5500=EDGE_CURVE('',#4326,#4327,#406,.T.);
#5501=EDGE_CURVE('',#4305,#4327,#2609,.T.);
#5502=EDGE_CURVE('',#4327,#4328,#2610,.T.);
#5503=EDGE_CURVE('',#4328,#4304,#2611,.T.);
#5504=EDGE_CURVE('',#4328,#4329,#407,.T.);
#5505=EDGE_CURVE('',#4299,#4329,#2612,.T.);
#5506=EDGE_CURVE('',#4329,#4330,#2613,.T.);
#5507=EDGE_CURVE('',#4330,#4301,#2614,.T.);
#5508=EDGE_CURVE('',#4330,#4331,#408,.T.);
#5509=EDGE_CURVE('',#4310,#4331,#2615,.T.);
#5510=EDGE_CURVE('',#4326,#4332,#2616,.T.);
#5511=EDGE_CURVE('',#4333,#4325,#2617,.T.);
#5512=EDGE_CURVE('',#4332,#4333,#2618,.T.);
#5513=EDGE_CURVE('',#4334,#4332,#409,.T.);
#5514=EDGE_CURVE('',#4327,#4334,#2619,.T.);
#5515=EDGE_CURVE('',#4328,#4335,#2620,.T.);
#5516=EDGE_CURVE('',#4335,#4334,#2621,.T.);
#5517=EDGE_CURVE('',#4336,#4335,#410,.T.);
#5518=EDGE_CURVE('',#4329,#4336,#2622,.T.);
#5519=EDGE_CURVE('',#4330,#4337,#2623,.T.);
#5520=EDGE_CURVE('',#4337,#4336,#2624,.T.);
#5521=EDGE_CURVE('',#4318,#4338,#2625,.T.);
#5522=EDGE_CURVE('',#4339,#4317,#2626,.T.);
#5523=EDGE_CURVE('',#4338,#4339,#2627,.T.);
#5524=EDGE_CURVE('',#4340,#4338,#411,.T.);
#5525=EDGE_CURVE('',#4319,#4340,#2628,.T.);
#5526=EDGE_CURVE('',#4320,#4341,#2629,.T.);
#5527=EDGE_CURVE('',#4341,#4340,#2630,.T.);
#5528=EDGE_CURVE('',#4342,#4341,#412,.T.);
#5529=EDGE_CURVE('',#4321,#4342,#2631,.T.);
#5530=EDGE_CURVE('',#4322,#4343,#2632,.T.);
#5531=EDGE_CURVE('',#4343,#4342,#2633,.T.);
#5532=EDGE_CURVE('',#4344,#4343,#413,.T.);
#5533=EDGE_CURVE('',#4323,#4344,#2634,.T.);
#5534=EDGE_CURVE('',#4324,#4333,#2635,.T.);
#5535=EDGE_CURVE('',#4333,#4344,#2636,.T.);
#5536=EDGE_CURVE('',#4312,#4345,#2637,.T.);
#5537=EDGE_CURVE('',#4346,#4311,#2638,.T.);
#5538=EDGE_CURVE('',#4345,#4346,#2639,.T.);
#5539=EDGE_CURVE('',#4347,#4345,#414,.T.);
#5540=EDGE_CURVE('',#4313,#4347,#2640,.T.);
#5541=EDGE_CURVE('',#4314,#4348,#2641,.T.);
#5542=EDGE_CURVE('',#4348,#4347,#2642,.T.);
#5543=EDGE_CURVE('',#4349,#4348,#415,.T.);
#5544=EDGE_CURVE('',#4315,#4349,#2643,.T.);
#5545=EDGE_CURVE('',#4316,#4339,#2644,.T.);
#5546=EDGE_CURVE('',#4339,#4349,#2645,.T.);
#5547=EDGE_CURVE('',#4350,#4351,#2646,.T.);
#5548=EDGE_CURVE('',#4352,#4351,#416,.T.);
#5549=EDGE_CURVE('',#4353,#4352,#2647,.T.);
#5550=EDGE_CURVE('',#4350,#4353,#417,.T.);
#5551=EDGE_CURVE('',#4354,#4346,#2648,.T.);
#5552=EDGE_CURVE('',#4353,#4354,#2649,.T.);
#5553=EDGE_CURVE('',#4346,#4352,#2650,.T.);
#5554=EDGE_CURVE('',#4354,#4311,#418,.T.);
#5555=EDGE_CURVE('',#4337,#4331,#2651,.T.);
#5556=EDGE_CURVE('',#4354,#4269,#2652,.T.);
#5557=EDGE_CURVE('',#4267,#4353,#2653,.T.);
#5558=EDGE_CURVE('',#4350,#4272,#2654,.T.);
#5559=EDGE_CURVE('',#4355,#4356,#2655,.T.);
#5560=EDGE_CURVE('',#4356,#4357,#2656,.T.);
#5561=EDGE_CURVE('',#4357,#4358,#2657,.T.);
#5562=EDGE_CURVE('',#4358,#4355,#2658,.T.);
#5563=EDGE_CURVE('',#4355,#4359,#419,.T.);
#5564=EDGE_CURVE('',#4359,#4360,#2659,.T.);
#5565=EDGE_CURVE('',#4360,#4356,#420,.T.);
#5566=EDGE_CURVE('',#4360,#4271,#2660,.T.);
#5567=EDGE_CURVE('',#4359,#4272,#2661,.T.);
#5568=EDGE_CURVE('',#4361,#4362,#2662,.T.);
#5569=EDGE_CURVE('',#4362,#4363,#2663,.T.);
#5570=EDGE_CURVE('',#4363,#4364,#2664,.T.);
#5571=EDGE_CURVE('',#4364,#4361,#2665,.T.);
#5572=EDGE_CURVE('',#4361,#4365,#421,.T.);
#5573=EDGE_CURVE('',#4365,#4366,#2666,.T.);
#5574=EDGE_CURVE('',#4366,#4362,#422,.T.);
#5575=EDGE_CURVE('',#4367,#4368,#2667,.T.);
#5576=EDGE_CURVE('',#4368,#4366,#2668,.T.);
#5577=EDGE_CURVE('',#4365,#4367,#2669,.T.);
#5578=EDGE_CURVE('',#4367,#4369,#423,.T.);
#5579=EDGE_CURVE('',#4369,#4370,#2670,.T.);
#5580=EDGE_CURVE('',#4370,#4368,#424,.T.);
#5581=EDGE_CURVE('',#4371,#4357,#2671,.T.);
#5582=EDGE_CURVE('',#4357,#4370,#2672,.T.);
#5583=EDGE_CURVE('',#4369,#4371,#2673,.T.);
#5584=EDGE_CURVE('',#4372,#4373,#2674,.T.);
#5585=EDGE_CURVE('',#4373,#4374,#2675,.T.);
#5586=EDGE_CURVE('',#4374,#4375,#2676,.T.);
#5587=EDGE_CURVE('',#4375,#4372,#2677,.T.);
#5588=EDGE_CURVE('',#4372,#4376,#425,.T.);
#5589=EDGE_CURVE('',#4376,#4377,#2678,.T.);
#5590=EDGE_CURVE('',#4377,#4373,#426,.T.);
#5591=EDGE_CURVE('',#4378,#4379,#2679,.T.);
#5592=EDGE_CURVE('',#4379,#4377,#2680,.T.);
#5593=EDGE_CURVE('',#4376,#4378,#2681,.T.);
#5594=EDGE_CURVE('',#4378,#4380,#427,.T.);
#5595=EDGE_CURVE('',#4380,#4381,#2682,.T.);
#5596=EDGE_CURVE('',#4381,#4379,#428,.T.);
#5597=EDGE_CURVE('',#4382,#4383,#2683,.T.);
#5598=EDGE_CURVE('',#4383,#4381,#2684,.T.);
#5599=EDGE_CURVE('',#4380,#4382,#2685,.T.);
#5600=EDGE_CURVE('',#4382,#4384,#429,.T.);
#5601=EDGE_CURVE('',#4384,#4385,#2686,.T.);
#5602=EDGE_CURVE('',#4385,#4383,#430,.T.);
#5603=EDGE_CURVE('',#4386,#4363,#2687,.T.);
#5604=EDGE_CURVE('',#4363,#4385,#2688,.T.);
#5605=EDGE_CURVE('',#4384,#4386,#2689,.T.);
#5606=EDGE_CURVE('',#4387,#4388,#2690,.T.);
#5607=EDGE_CURVE('',#4388,#4389,#2691,.T.);
#5608=EDGE_CURVE('',#4389,#4390,#2692,.T.);
#5609=EDGE_CURVE('',#4390,#4387,#2693,.T.);
#5610=EDGE_CURVE('',#4387,#4391,#431,.T.);
#5611=EDGE_CURVE('',#4391,#4392,#2694,.T.);
#5612=EDGE_CURVE('',#4392,#4388,#432,.T.);
#5613=EDGE_CURVE('',#4393,#4394,#2695,.T.);
#5614=EDGE_CURVE('',#4394,#4392,#2696,.T.);
#5615=EDGE_CURVE('',#4391,#4393,#2697,.T.);
#5616=EDGE_CURVE('',#4393,#4395,#433,.T.);
#5617=EDGE_CURVE('',#4395,#4396,#2698,.T.);
#5618=EDGE_CURVE('',#4396,#4394,#434,.T.);
#5619=EDGE_CURVE('',#4397,#4374,#2699,.T.);
#5620=EDGE_CURVE('',#4374,#4396,#2700,.T.);
#5621=EDGE_CURVE('',#4395,#4397,#2701,.T.);
#5622=EDGE_CURVE('',#4398,#4310,#2702,.T.);
#5623=EDGE_CURVE('',#4398,#4389,#2703,.T.);
#5624=EDGE_CURVE('',#4389,#4302,#2704,.T.);
#5625=EDGE_CURVE('',#4398,#4390,#435,.T.);
#5626=EDGE_CURVE('',#4397,#4375,#436,.T.);
#5627=EDGE_CURVE('',#4386,#4364,#437,.T.);
#5628=EDGE_CURVE('',#4371,#4358,#438,.T.);
#5629=EDGE_CURVE('',#4399,#4369,#2705,.T.);
#5630=EDGE_CURVE('',#4400,#4399,#2706,.T.);
#5631=EDGE_CURVE('',#4371,#4400,#2707,.T.);
#5632=EDGE_CURVE('',#4367,#4401,#2708,.T.);
#5633=EDGE_CURVE('',#4399,#4401,#439,.T.);
#5634=EDGE_CURVE('',#4402,#4365,#2709,.T.);
#5635=EDGE_CURVE('',#4401,#4402,#2710,.T.);
#5636=EDGE_CURVE('',#4361,#4403,#2711,.T.);
#5637=EDGE_CURVE('',#4402,#4403,#440,.T.);
#5638=EDGE_CURVE('',#4404,#4364,#2712,.T.);
#5639=EDGE_CURVE('',#4403,#4404,#2713,.T.);
#5640=EDGE_CURVE('',#4386,#4405,#2714,.T.);
#5641=EDGE_CURVE('',#4404,#4405,#441,.T.);
#5642=EDGE_CURVE('',#4406,#4384,#2715,.T.);
#5643=EDGE_CURVE('',#4405,#4406,#2716,.T.);
#5644=EDGE_CURVE('',#4382,#4407,#2717,.T.);
#5645=EDGE_CURVE('',#4406,#4407,#442,.T.);
#5646=EDGE_CURVE('',#4408,#4380,#2718,.T.);
#5647=EDGE_CURVE('',#4407,#4408,#2719,.T.);
#5648=EDGE_CURVE('',#4378,#4409,#2720,.T.);
#5649=EDGE_CURVE('',#4408,#4409,#443,.T.);
#5650=EDGE_CURVE('',#4410,#4376,#2721,.T.);
#5651=EDGE_CURVE('',#4409,#4410,#2722,.T.);
#5652=EDGE_CURVE('',#4372,#4411,#2723,.T.);
#5653=EDGE_CURVE('',#4410,#4411,#444,.T.);
#5654=EDGE_CURVE('',#4412,#4375,#2724,.T.);
#5655=EDGE_CURVE('',#4411,#4412,#2725,.T.);
#5656=EDGE_CURVE('',#4397,#4413,#2726,.T.);
#5657=EDGE_CURVE('',#4412,#4413,#445,.T.);
#5658=EDGE_CURVE('',#4414,#4395,#2727,.T.);
#5659=EDGE_CURVE('',#4413,#4414,#2728,.T.);
#5660=EDGE_CURVE('',#4393,#4415,#2729,.T.);
#5661=EDGE_CURVE('',#4414,#4415,#446,.T.);
#5662=EDGE_CURVE('',#4416,#4391,#2730,.T.);
#5663=EDGE_CURVE('',#4415,#4416,#2731,.T.);
#5664=EDGE_CURVE('',#4387,#4417,#2732,.T.);
#5665=EDGE_CURVE('',#4416,#4417,#447,.T.);
#5666=EDGE_CURVE('',#4418,#4390,#2733,.T.);
#5667=EDGE_CURVE('',#4417,#4418,#2734,.T.);
#5668=EDGE_CURVE('',#4398,#4419,#2735,.T.);
#5669=EDGE_CURVE('',#4418,#4419,#448,.T.);
#5670=EDGE_CURVE('',#4331,#4419,#2736,.T.);
#5671=EDGE_CURVE('',#4420,#4337,#2737,.T.);
#5672=EDGE_CURVE('',#4420,#4419,#2738,.T.);
#5673=EDGE_CURVE('',#4414,#4421,#2739,.T.);
#5674=EDGE_CURVE('',#4421,#4422,#2740,.T.);
#5675=EDGE_CURVE('',#4422,#4413,#2741,.T.);
#5676=EDGE_CURVE('',#4415,#4423,#2742,.T.);
#5677=EDGE_CURVE('',#4423,#4421,#449,.T.);
#5678=EDGE_CURVE('',#4416,#4424,#2743,.T.);
#5679=EDGE_CURVE('',#4424,#4423,#2744,.T.);
#5680=EDGE_CURVE('',#4417,#4425,#2745,.T.);
#5681=EDGE_CURVE('',#4425,#4424,#450,.T.);
#5682=EDGE_CURVE('',#4418,#4420,#2746,.T.);
#5683=EDGE_CURVE('',#4420,#4425,#2747,.T.);
#5684=EDGE_CURVE('',#4406,#4426,#2748,.T.);
#5685=EDGE_CURVE('',#4426,#4427,#2749,.T.);
#5686=EDGE_CURVE('',#4427,#4405,#2750,.T.);
#5687=EDGE_CURVE('',#4407,#4428,#2751,.T.);
#5688=EDGE_CURVE('',#4428,#4426,#451,.T.);
#5689=EDGE_CURVE('',#4408,#4429,#2752,.T.);
#5690=EDGE_CURVE('',#4429,#4428,#2753,.T.);
#5691=EDGE_CURVE('',#4409,#4430,#2754,.T.);
#5692=EDGE_CURVE('',#4430,#4429,#452,.T.);
#5693=EDGE_CURVE('',#4410,#4431,#2755,.T.);
#5694=EDGE_CURVE('',#4431,#4430,#2756,.T.);
#5695=EDGE_CURVE('',#4411,#4432,#2757,.T.);
#5696=EDGE_CURVE('',#4432,#4431,#453,.T.);
#5697=EDGE_CURVE('',#4412,#4422,#2758,.T.);
#5698=EDGE_CURVE('',#4422,#4432,#2759,.T.);
#5699=EDGE_CURVE('',#4399,#4433,#2760,.T.);
#5700=EDGE_CURVE('',#4433,#4434,#2761,.T.);
#5701=EDGE_CURVE('',#4434,#4400,#2762,.T.);
#5702=EDGE_CURVE('',#4401,#4435,#2763,.T.);
#5703=EDGE_CURVE('',#4435,#4433,#454,.T.);
#5704=EDGE_CURVE('',#4402,#4436,#2764,.T.);
#5705=EDGE_CURVE('',#4436,#4435,#2765,.T.);
#5706=EDGE_CURVE('',#4403,#4437,#2766,.T.);
#5707=EDGE_CURVE('',#4437,#4436,#455,.T.);
#5708=EDGE_CURVE('',#4404,#4427,#2767,.T.);
#5709=EDGE_CURVE('',#4427,#4437,#2768,.T.);
#5710=EDGE_CURVE('',#4350,#4438,#2769,.T.);
#5711=EDGE_CURVE('',#4438,#4439,#2770,.T.);
#5712=EDGE_CURVE('',#4351,#4439,#2771,.T.);
#5713=EDGE_CURVE('',#4438,#4440,#456,.T.);
#5714=EDGE_CURVE('',#4440,#4441,#2772,.T.);
#5715=EDGE_CURVE('',#4441,#4439,#457,.T.);
#5716=EDGE_CURVE('',#4442,#4434,#2773,.T.);
#5717=EDGE_CURVE('',#4434,#4441,#2774,.T.);
#5718=EDGE_CURVE('',#4440,#4442,#2775,.T.);
#5719=EDGE_CURVE('',#4442,#4400,#458,.T.);
#5720=EDGE_CURVE('',#4442,#4358,#2776,.T.);
#5721=EDGE_CURVE('',#4355,#4440,#2777,.T.);
#5722=EDGE_CURVE('',#4438,#4359,#2778,.T.);
#5723=ORIENTED_EDGE('',*,*,#4443,.F.);
#5724=ORIENTED_EDGE('',*,*,#4444,.F.);
#5725=ORIENTED_EDGE('',*,*,#4445,.F.);
#5726=ORIENTED_EDGE('',*,*,#4446,.F.);
#5727=ORIENTED_EDGE('',*,*,#4443,.T.);
#5728=ORIENTED_EDGE('',*,*,#4447,.F.);
#5729=ORIENTED_EDGE('',*,*,#4448,.F.);
#5730=ORIENTED_EDGE('',*,*,#4449,.F.);
#5731=ORIENTED_EDGE('',*,*,#4450,.F.);
#5732=ORIENTED_EDGE('',*,*,#4451,.F.);
#5733=ORIENTED_EDGE('',*,*,#4452,.F.);
#5734=ORIENTED_EDGE('',*,*,#4453,.F.);
#5735=ORIENTED_EDGE('',*,*,#4450,.T.);
#5736=ORIENTED_EDGE('',*,*,#4454,.F.);
#5737=ORIENTED_EDGE('',*,*,#4455,.F.);
#5738=ORIENTED_EDGE('',*,*,#4456,.F.);
#5739=ORIENTED_EDGE('',*,*,#4457,.F.);
#5740=ORIENTED_EDGE('',*,*,#4458,.F.);
#5741=ORIENTED_EDGE('',*,*,#4455,.T.);
#5742=ORIENTED_EDGE('',*,*,#4459,.F.);
#5743=ORIENTED_EDGE('',*,*,#4457,.T.);
#5744=ORIENTED_EDGE('',*,*,#4460,.F.);
#5745=ORIENTED_EDGE('',*,*,#4461,.F.);
#5746=ORIENTED_EDGE('',*,*,#4462,.F.);
#5747=ORIENTED_EDGE('',*,*,#4463,.F.);
#5748=ORIENTED_EDGE('',*,*,#4464,.F.);
#5749=ORIENTED_EDGE('',*,*,#4461,.T.);
#5750=ORIENTED_EDGE('',*,*,#4465,.F.);
#5751=ORIENTED_EDGE('',*,*,#4466,.F.);
#5752=ORIENTED_EDGE('',*,*,#4467,.F.);
#5753=ORIENTED_EDGE('',*,*,#4468,.F.);
#5754=ORIENTED_EDGE('',*,*,#4469,.F.);
#5755=ORIENTED_EDGE('',*,*,#4466,.T.);
#5756=ORIENTED_EDGE('',*,*,#4470,.F.);
#5757=ORIENTED_EDGE('',*,*,#4471,.F.);
#5758=ORIENTED_EDGE('',*,*,#4472,.F.);
#5759=ORIENTED_EDGE('',*,*,#4473,.F.);
#5760=ORIENTED_EDGE('',*,*,#4474,.F.);
#5761=ORIENTED_EDGE('',*,*,#4471,.T.);
#5762=ORIENTED_EDGE('',*,*,#4475,.F.);
#5763=ORIENTED_EDGE('',*,*,#4473,.T.);
#5764=ORIENTED_EDGE('',*,*,#4476,.F.);
#5765=ORIENTED_EDGE('',*,*,#4477,.F.);
#5766=ORIENTED_EDGE('',*,*,#4478,.F.);
#5767=ORIENTED_EDGE('',*,*,#4479,.F.);
#5768=ORIENTED_EDGE('',*,*,#4480,.F.);
#5769=ORIENTED_EDGE('',*,*,#4477,.T.);
#5770=ORIENTED_EDGE('',*,*,#4481,.F.);
#5771=ORIENTED_EDGE('',*,*,#4479,.T.);
#5772=ORIENTED_EDGE('',*,*,#4482,.F.);
#5773=ORIENTED_EDGE('',*,*,#4483,.F.);
#5774=ORIENTED_EDGE('',*,*,#4484,.F.);
#5775=ORIENTED_EDGE('',*,*,#4485,.F.);
#5776=ORIENTED_EDGE('',*,*,#4486,.F.);
#5777=ORIENTED_EDGE('',*,*,#4483,.T.);
#5778=ORIENTED_EDGE('',*,*,#4487,.F.);
#5779=ORIENTED_EDGE('',*,*,#4488,.F.);
#5780=ORIENTED_EDGE('',*,*,#4489,.F.);
#5781=ORIENTED_EDGE('',*,*,#4490,.F.);
#5782=ORIENTED_EDGE('',*,*,#4491,.F.);
#5783=ORIENTED_EDGE('',*,*,#4488,.T.);
#5784=ORIENTED_EDGE('',*,*,#4492,.F.);
#5785=ORIENTED_EDGE('',*,*,#4493,.F.);
#5786=ORIENTED_EDGE('',*,*,#4494,.F.);
#5787=ORIENTED_EDGE('',*,*,#4495,.F.);
#5788=ORIENTED_EDGE('',*,*,#4496,.F.);
#5789=ORIENTED_EDGE('',*,*,#4493,.T.);
#5790=ORIENTED_EDGE('',*,*,#4497,.F.);
#5791=ORIENTED_EDGE('',*,*,#4495,.T.);
#5792=ORIENTED_EDGE('',*,*,#4498,.F.);
#5793=ORIENTED_EDGE('',*,*,#4499,.F.);
#5794=ORIENTED_EDGE('',*,*,#4500,.F.);
#5795=ORIENTED_EDGE('',*,*,#4501,.F.);
#5796=ORIENTED_EDGE('',*,*,#4502,.F.);
#5797=ORIENTED_EDGE('',*,*,#4499,.T.);
#5798=ORIENTED_EDGE('',*,*,#4503,.F.);
#5799=ORIENTED_EDGE('',*,*,#4504,.T.);
#5800=ORIENTED_EDGE('',*,*,#4490,.T.);
#5801=ORIENTED_EDGE('',*,*,#4505,.F.);
#5802=ORIENTED_EDGE('',*,*,#4501,.T.);
#5803=ORIENTED_EDGE('',*,*,#4468,.T.);
#5804=ORIENTED_EDGE('',*,*,#4506,.F.);
#5805=ORIENTED_EDGE('',*,*,#4485,.T.);
#5806=ORIENTED_EDGE('',*,*,#4452,.T.);
#5807=ORIENTED_EDGE('',*,*,#4507,.F.);
#5808=ORIENTED_EDGE('',*,*,#4463,.T.);
#5809=ORIENTED_EDGE('',*,*,#4445,.T.);
#5810=ORIENTED_EDGE('',*,*,#4508,.F.);
#5811=ORIENTED_EDGE('',*,*,#4464,.T.);
#5812=ORIENTED_EDGE('',*,*,#4509,.T.);
#5813=ORIENTED_EDGE('',*,*,#4510,.T.);
#5814=ORIENTED_EDGE('',*,*,#4511,.T.);
#5815=ORIENTED_EDGE('',*,*,#4462,.T.);
#5816=ORIENTED_EDGE('',*,*,#4511,.F.);
#5817=ORIENTED_EDGE('',*,*,#4512,.T.);
#5818=ORIENTED_EDGE('',*,*,#4513,.F.);
#5819=ORIENTED_EDGE('',*,*,#4458,.T.);
#5820=ORIENTED_EDGE('',*,*,#4513,.T.);
#5821=ORIENTED_EDGE('',*,*,#4514,.T.);
#5822=ORIENTED_EDGE('',*,*,#4515,.T.);
#5823=ORIENTED_EDGE('',*,*,#4456,.T.);
#5824=ORIENTED_EDGE('',*,*,#4515,.F.);
#5825=ORIENTED_EDGE('',*,*,#4516,.T.);
#5826=ORIENTED_EDGE('',*,*,#4517,.F.);
#5827=ORIENTED_EDGE('',*,*,#4451,.T.);
#5828=ORIENTED_EDGE('',*,*,#4517,.T.);
#5829=ORIENTED_EDGE('',*,*,#4518,.T.);
#5830=ORIENTED_EDGE('',*,*,#4519,.T.);
#5831=ORIENTED_EDGE('',*,*,#4507,.T.);
#5832=ORIENTED_EDGE('',*,*,#4519,.F.);
#5833=ORIENTED_EDGE('',*,*,#4520,.T.);
#5834=ORIENTED_EDGE('',*,*,#4521,.F.);
#5835=ORIENTED_EDGE('',*,*,#4486,.T.);
#5836=ORIENTED_EDGE('',*,*,#4521,.T.);
#5837=ORIENTED_EDGE('',*,*,#4522,.T.);
#5838=ORIENTED_EDGE('',*,*,#4523,.T.);
#5839=ORIENTED_EDGE('',*,*,#4484,.T.);
#5840=ORIENTED_EDGE('',*,*,#4523,.F.);
#5841=ORIENTED_EDGE('',*,*,#4524,.T.);
#5842=ORIENTED_EDGE('',*,*,#4525,.F.);
#5843=ORIENTED_EDGE('',*,*,#4480,.T.);
#5844=ORIENTED_EDGE('',*,*,#4525,.T.);
#5845=ORIENTED_EDGE('',*,*,#4526,.T.);
#5846=ORIENTED_EDGE('',*,*,#4527,.T.);
#5847=ORIENTED_EDGE('',*,*,#4478,.T.);
#5848=ORIENTED_EDGE('',*,*,#4527,.F.);
#5849=ORIENTED_EDGE('',*,*,#4528,.T.);
#5850=ORIENTED_EDGE('',*,*,#4529,.F.);
#5851=ORIENTED_EDGE('',*,*,#4474,.T.);
#5852=ORIENTED_EDGE('',*,*,#4529,.T.);
#5853=ORIENTED_EDGE('',*,*,#4530,.T.);
#5854=ORIENTED_EDGE('',*,*,#4531,.T.);
#5855=ORIENTED_EDGE('',*,*,#4472,.T.);
#5856=ORIENTED_EDGE('',*,*,#4531,.F.);
#5857=ORIENTED_EDGE('',*,*,#4532,.T.);
#5858=ORIENTED_EDGE('',*,*,#4533,.F.);
#5859=ORIENTED_EDGE('',*,*,#4467,.T.);
#5860=ORIENTED_EDGE('',*,*,#4533,.T.);
#5861=ORIENTED_EDGE('',*,*,#4534,.T.);
#5862=ORIENTED_EDGE('',*,*,#4535,.T.);
#5863=ORIENTED_EDGE('',*,*,#4506,.T.);
#5864=ORIENTED_EDGE('',*,*,#4535,.F.);
#5865=ORIENTED_EDGE('',*,*,#4536,.T.);
#5866=ORIENTED_EDGE('',*,*,#4537,.F.);
#5867=ORIENTED_EDGE('',*,*,#4502,.T.);
#5868=ORIENTED_EDGE('',*,*,#4537,.T.);
#5869=ORIENTED_EDGE('',*,*,#4538,.T.);
#5870=ORIENTED_EDGE('',*,*,#4539,.T.);
#5871=ORIENTED_EDGE('',*,*,#4500,.T.);
#5872=ORIENTED_EDGE('',*,*,#4539,.F.);
#5873=ORIENTED_EDGE('',*,*,#4540,.T.);
#5874=ORIENTED_EDGE('',*,*,#4541,.F.);
#5875=ORIENTED_EDGE('',*,*,#4496,.T.);
#5876=ORIENTED_EDGE('',*,*,#4541,.T.);
#5877=ORIENTED_EDGE('',*,*,#4542,.T.);
#5878=ORIENTED_EDGE('',*,*,#4543,.T.);
#5879=ORIENTED_EDGE('',*,*,#4494,.T.);
#5880=ORIENTED_EDGE('',*,*,#4543,.F.);
#5881=ORIENTED_EDGE('',*,*,#4544,.T.);
#5882=ORIENTED_EDGE('',*,*,#4545,.F.);
#5883=ORIENTED_EDGE('',*,*,#4489,.T.);
#5884=ORIENTED_EDGE('',*,*,#4545,.T.);
#5885=ORIENTED_EDGE('',*,*,#4546,.T.);
#5886=ORIENTED_EDGE('',*,*,#4547,.T.);
#5887=ORIENTED_EDGE('',*,*,#4505,.T.);
#5888=ORIENTED_EDGE('',*,*,#4547,.F.);
#5889=ORIENTED_EDGE('',*,*,#4548,.T.);
#5890=ORIENTED_EDGE('',*,*,#4549,.F.);
#5891=ORIENTED_EDGE('',*,*,#4550,.F.);
#5892=ORIENTED_EDGE('',*,*,#4538,.F.);
#5893=ORIENTED_EDGE('',*,*,#4551,.F.);
#5894=ORIENTED_EDGE('',*,*,#4552,.F.);
#5895=ORIENTED_EDGE('',*,*,#4550,.T.);
#5896=ORIENTED_EDGE('',*,*,#4553,.F.);
#5897=ORIENTED_EDGE('',*,*,#4554,.F.);
#5898=ORIENTED_EDGE('',*,*,#4540,.F.);
#5899=ORIENTED_EDGE('',*,*,#4555,.F.);
#5900=ORIENTED_EDGE('',*,*,#4542,.F.);
#5901=ORIENTED_EDGE('',*,*,#4554,.T.);
#5902=ORIENTED_EDGE('',*,*,#4556,.F.);
#5903=ORIENTED_EDGE('',*,*,#4555,.T.);
#5904=ORIENTED_EDGE('',*,*,#4557,.F.);
#5905=ORIENTED_EDGE('',*,*,#4558,.F.);
#5906=ORIENTED_EDGE('',*,*,#4544,.F.);
#5907=ORIENTED_EDGE('',*,*,#4559,.F.);
#5908=ORIENTED_EDGE('',*,*,#4546,.F.);
#5909=ORIENTED_EDGE('',*,*,#4558,.T.);
#5910=ORIENTED_EDGE('',*,*,#4560,.F.);
#5911=ORIENTED_EDGE('',*,*,#4561,.F.);
#5912=ORIENTED_EDGE('',*,*,#4522,.F.);
#5913=ORIENTED_EDGE('',*,*,#4562,.F.);
#5914=ORIENTED_EDGE('',*,*,#4563,.F.);
#5915=ORIENTED_EDGE('',*,*,#4561,.T.);
#5916=ORIENTED_EDGE('',*,*,#4564,.F.);
#5917=ORIENTED_EDGE('',*,*,#4565,.F.);
#5918=ORIENTED_EDGE('',*,*,#4524,.F.);
#5919=ORIENTED_EDGE('',*,*,#4566,.F.);
#5920=ORIENTED_EDGE('',*,*,#4526,.F.);
#5921=ORIENTED_EDGE('',*,*,#4565,.T.);
#5922=ORIENTED_EDGE('',*,*,#4567,.F.);
#5923=ORIENTED_EDGE('',*,*,#4566,.T.);
#5924=ORIENTED_EDGE('',*,*,#4568,.F.);
#5925=ORIENTED_EDGE('',*,*,#4569,.F.);
#5926=ORIENTED_EDGE('',*,*,#4528,.F.);
#5927=ORIENTED_EDGE('',*,*,#4570,.F.);
#5928=ORIENTED_EDGE('',*,*,#4530,.F.);
#5929=ORIENTED_EDGE('',*,*,#4569,.T.);
#5930=ORIENTED_EDGE('',*,*,#4571,.F.);
#5931=ORIENTED_EDGE('',*,*,#4570,.T.);
#5932=ORIENTED_EDGE('',*,*,#4572,.F.);
#5933=ORIENTED_EDGE('',*,*,#4573,.F.);
#5934=ORIENTED_EDGE('',*,*,#4532,.F.);
#5935=ORIENTED_EDGE('',*,*,#4574,.F.);
#5936=ORIENTED_EDGE('',*,*,#4534,.F.);
#5937=ORIENTED_EDGE('',*,*,#4573,.T.);
#5938=ORIENTED_EDGE('',*,*,#4575,.F.);
#5939=ORIENTED_EDGE('',*,*,#4576,.F.);
#5940=ORIENTED_EDGE('',*,*,#4510,.F.);
#5941=ORIENTED_EDGE('',*,*,#4577,.F.);
#5942=ORIENTED_EDGE('',*,*,#4578,.F.);
#5943=ORIENTED_EDGE('',*,*,#4576,.T.);
#5944=ORIENTED_EDGE('',*,*,#4579,.F.);
#5945=ORIENTED_EDGE('',*,*,#4580,.F.);
#5946=ORIENTED_EDGE('',*,*,#4512,.F.);
#5947=ORIENTED_EDGE('',*,*,#4581,.F.);
#5948=ORIENTED_EDGE('',*,*,#4514,.F.);
#5949=ORIENTED_EDGE('',*,*,#4580,.T.);
#5950=ORIENTED_EDGE('',*,*,#4582,.F.);
#5951=ORIENTED_EDGE('',*,*,#4581,.T.);
#5952=ORIENTED_EDGE('',*,*,#4583,.F.);
#5953=ORIENTED_EDGE('',*,*,#4584,.F.);
#5954=ORIENTED_EDGE('',*,*,#4516,.F.);
#5955=ORIENTED_EDGE('',*,*,#4585,.F.);
#5956=ORIENTED_EDGE('',*,*,#4518,.F.);
#5957=ORIENTED_EDGE('',*,*,#4584,.T.);
#5958=ORIENTED_EDGE('',*,*,#4586,.F.);
#5959=ORIENTED_EDGE('',*,*,#4587,.T.);
#5960=ORIENTED_EDGE('',*,*,#4588,.F.);
#5961=ORIENTED_EDGE('',*,*,#4589,.F.);
#5962=ORIENTED_EDGE('',*,*,#4590,.F.);
#5963=ORIENTED_EDGE('',*,*,#4591,.F.);
#5964=ORIENTED_EDGE('',*,*,#4592,.F.);
#5965=ORIENTED_EDGE('',*,*,#4589,.T.);
#5966=ORIENTED_EDGE('',*,*,#4593,.F.);
#5967=ORIENTED_EDGE('',*,*,#4591,.T.);
#5968=ORIENTED_EDGE('',*,*,#4577,.T.);
#5969=ORIENTED_EDGE('',*,*,#4594,.F.);
#5970=ORIENTED_EDGE('',*,*,#4585,.T.);
#5971=ORIENTED_EDGE('',*,*,#4562,.T.);
#5972=ORIENTED_EDGE('',*,*,#4520,.F.);
#5973=ORIENTED_EDGE('',*,*,#4574,.T.);
#5974=ORIENTED_EDGE('',*,*,#4551,.T.);
#5975=ORIENTED_EDGE('',*,*,#4536,.F.);
#5976=ORIENTED_EDGE('',*,*,#4559,.T.);
#5977=ORIENTED_EDGE('',*,*,#4595,.T.);
#5978=ORIENTED_EDGE('',*,*,#4548,.F.);
#5979=ORIENTED_EDGE('',*,*,#4508,.T.);
#5980=ORIENTED_EDGE('',*,*,#4596,.F.);
#5981=ORIENTED_EDGE('',*,*,#4594,.T.);
#5982=ORIENTED_EDGE('',*,*,#4509,.F.);
#5983=ORIENTED_EDGE('',*,*,#4444,.T.);
#5984=ORIENTED_EDGE('',*,*,#4597,.T.);
#5985=ORIENTED_EDGE('',*,*,#4592,.T.);
#5986=ORIENTED_EDGE('',*,*,#4596,.T.);
#5987=ORIENTED_EDGE('',*,*,#4449,.T.);
#5988=ORIENTED_EDGE('',*,*,#4598,.F.);
#5989=ORIENTED_EDGE('',*,*,#4590,.T.);
#5990=ORIENTED_EDGE('',*,*,#4597,.F.);
#5991=ORIENTED_EDGE('',*,*,#4599,.T.);
#5992=ORIENTED_EDGE('',*,*,#4600,.T.);
#5993=ORIENTED_EDGE('',*,*,#4601,.T.);
#5994=ORIENTED_EDGE('',*,*,#4602,.T.);
#5995=ORIENTED_EDGE('',*,*,#4599,.F.);
#5996=ORIENTED_EDGE('',*,*,#4603,.T.);
#5997=ORIENTED_EDGE('',*,*,#4604,.T.);
#5998=ORIENTED_EDGE('',*,*,#4605,.T.);
#5999=ORIENTED_EDGE('',*,*,#4606,.F.);
#6000=ORIENTED_EDGE('',*,*,#4604,.F.);
#6001=ORIENTED_EDGE('',*,*,#4607,.T.);
#6002=ORIENTED_EDGE('',*,*,#4448,.T.);
#6003=ORIENTED_EDGE('',*,*,#4608,.T.);
#6004=ORIENTED_EDGE('',*,*,#4609,.T.);
#6005=ORIENTED_EDGE('',*,*,#4610,.T.);
#6006=ORIENTED_EDGE('',*,*,#4611,.T.);
#6007=ORIENTED_EDGE('',*,*,#4608,.F.);
#6008=ORIENTED_EDGE('',*,*,#4612,.T.);
#6009=ORIENTED_EDGE('',*,*,#4613,.T.);
#6010=ORIENTED_EDGE('',*,*,#4614,.T.);
#6011=ORIENTED_EDGE('',*,*,#4615,.T.);
#6012=ORIENTED_EDGE('',*,*,#4616,.T.);
#6013=ORIENTED_EDGE('',*,*,#4613,.F.);
#6014=ORIENTED_EDGE('',*,*,#4617,.T.);
#6015=ORIENTED_EDGE('',*,*,#4615,.F.);
#6016=ORIENTED_EDGE('',*,*,#4618,.T.);
#6017=ORIENTED_EDGE('',*,*,#4619,.T.);
#6018=ORIENTED_EDGE('',*,*,#4620,.T.);
#6019=ORIENTED_EDGE('',*,*,#4621,.T.);
#6020=ORIENTED_EDGE('',*,*,#4622,.T.);
#6021=ORIENTED_EDGE('',*,*,#4619,.F.);
#6022=ORIENTED_EDGE('',*,*,#4623,.T.);
#6023=ORIENTED_EDGE('',*,*,#4624,.T.);
#6024=ORIENTED_EDGE('',*,*,#4625,.T.);
#6025=ORIENTED_EDGE('',*,*,#4626,.T.);
#6026=ORIENTED_EDGE('',*,*,#4627,.T.);
#6027=ORIENTED_EDGE('',*,*,#4624,.F.);
#6028=ORIENTED_EDGE('',*,*,#4628,.T.);
#6029=ORIENTED_EDGE('',*,*,#4629,.T.);
#6030=ORIENTED_EDGE('',*,*,#4630,.T.);
#6031=ORIENTED_EDGE('',*,*,#4631,.T.);
#6032=ORIENTED_EDGE('',*,*,#4632,.T.);
#6033=ORIENTED_EDGE('',*,*,#4629,.F.);
#6034=ORIENTED_EDGE('',*,*,#4633,.T.);
#6035=ORIENTED_EDGE('',*,*,#4631,.F.);
#6036=ORIENTED_EDGE('',*,*,#4634,.T.);
#6037=ORIENTED_EDGE('',*,*,#4635,.T.);
#6038=ORIENTED_EDGE('',*,*,#4636,.T.);
#6039=ORIENTED_EDGE('',*,*,#4637,.T.);
#6040=ORIENTED_EDGE('',*,*,#4638,.T.);
#6041=ORIENTED_EDGE('',*,*,#4635,.F.);
#6042=ORIENTED_EDGE('',*,*,#4639,.T.);
#6043=ORIENTED_EDGE('',*,*,#4637,.F.);
#6044=ORIENTED_EDGE('',*,*,#4640,.T.);
#6045=ORIENTED_EDGE('',*,*,#4641,.T.);
#6046=ORIENTED_EDGE('',*,*,#4642,.T.);
#6047=ORIENTED_EDGE('',*,*,#4643,.T.);
#6048=ORIENTED_EDGE('',*,*,#4644,.T.);
#6049=ORIENTED_EDGE('',*,*,#4641,.F.);
#6050=ORIENTED_EDGE('',*,*,#4645,.T.);
#6051=ORIENTED_EDGE('',*,*,#4646,.T.);
#6052=ORIENTED_EDGE('',*,*,#4647,.T.);
#6053=ORIENTED_EDGE('',*,*,#4648,.T.);
#6054=ORIENTED_EDGE('',*,*,#4649,.T.);
#6055=ORIENTED_EDGE('',*,*,#4646,.F.);
#6056=ORIENTED_EDGE('',*,*,#4650,.T.);
#6057=ORIENTED_EDGE('',*,*,#4651,.T.);
#6058=ORIENTED_EDGE('',*,*,#4652,.T.);
#6059=ORIENTED_EDGE('',*,*,#4653,.T.);
#6060=ORIENTED_EDGE('',*,*,#4654,.T.);
#6061=ORIENTED_EDGE('',*,*,#4651,.F.);
#6062=ORIENTED_EDGE('',*,*,#4655,.T.);
#6063=ORIENTED_EDGE('',*,*,#4653,.F.);
#6064=ORIENTED_EDGE('',*,*,#4656,.T.);
#6065=ORIENTED_EDGE('',*,*,#4657,.T.);
#6066=ORIENTED_EDGE('',*,*,#4658,.T.);
#6067=ORIENTED_EDGE('',*,*,#4659,.T.);
#6068=ORIENTED_EDGE('',*,*,#4660,.T.);
#6069=ORIENTED_EDGE('',*,*,#4657,.F.);
#6070=ORIENTED_EDGE('',*,*,#4661,.T.);
#6071=ORIENTED_EDGE('',*,*,#4662,.F.);
#6072=ORIENTED_EDGE('',*,*,#4663,.T.);
#6073=ORIENTED_EDGE('',*,*,#4664,.T.);
#6074=ORIENTED_EDGE('',*,*,#4504,.F.);
#6075=ORIENTED_EDGE('',*,*,#4663,.F.);
#6076=ORIENTED_EDGE('',*,*,#4665,.T.);
#6077=ORIENTED_EDGE('',*,*,#4648,.F.);
#6078=ORIENTED_EDGE('',*,*,#4659,.F.);
#6079=ORIENTED_EDGE('',*,*,#4666,.T.);
#6080=ORIENTED_EDGE('',*,*,#4626,.F.);
#6081=ORIENTED_EDGE('',*,*,#4643,.F.);
#6082=ORIENTED_EDGE('',*,*,#4667,.T.);
#6083=ORIENTED_EDGE('',*,*,#4610,.F.);
#6084=ORIENTED_EDGE('',*,*,#4621,.F.);
#6085=ORIENTED_EDGE('',*,*,#4668,.T.);
#6086=ORIENTED_EDGE('',*,*,#4601,.F.);
#6087=ORIENTED_EDGE('',*,*,#4623,.F.);
#6088=ORIENTED_EDGE('',*,*,#4669,.F.);
#6089=ORIENTED_EDGE('',*,*,#4670,.F.);
#6090=ORIENTED_EDGE('',*,*,#4671,.F.);
#6091=ORIENTED_EDGE('',*,*,#4618,.F.);
#6092=ORIENTED_EDGE('',*,*,#4672,.T.);
#6093=ORIENTED_EDGE('',*,*,#4673,.F.);
#6094=ORIENTED_EDGE('',*,*,#4669,.T.);
#6095=ORIENTED_EDGE('',*,*,#4617,.F.);
#6096=ORIENTED_EDGE('',*,*,#4674,.F.);
#6097=ORIENTED_EDGE('',*,*,#4675,.F.);
#6098=ORIENTED_EDGE('',*,*,#4672,.F.);
#6099=ORIENTED_EDGE('',*,*,#4612,.F.);
#6100=ORIENTED_EDGE('',*,*,#4676,.T.);
#6101=ORIENTED_EDGE('',*,*,#4677,.F.);
#6102=ORIENTED_EDGE('',*,*,#4674,.T.);
#6103=ORIENTED_EDGE('',*,*,#4611,.F.);
#6104=ORIENTED_EDGE('',*,*,#4678,.F.);
#6105=ORIENTED_EDGE('',*,*,#4679,.F.);
#6106=ORIENTED_EDGE('',*,*,#4676,.F.);
#6107=ORIENTED_EDGE('',*,*,#4667,.F.);
#6108=ORIENTED_EDGE('',*,*,#4680,.T.);
#6109=ORIENTED_EDGE('',*,*,#4681,.F.);
#6110=ORIENTED_EDGE('',*,*,#4678,.T.);
#6111=ORIENTED_EDGE('',*,*,#4645,.F.);
#6112=ORIENTED_EDGE('',*,*,#4682,.F.);
#6113=ORIENTED_EDGE('',*,*,#4683,.F.);
#6114=ORIENTED_EDGE('',*,*,#4680,.F.);
#6115=ORIENTED_EDGE('',*,*,#4640,.F.);
#6116=ORIENTED_EDGE('',*,*,#4684,.T.);
#6117=ORIENTED_EDGE('',*,*,#4685,.F.);
#6118=ORIENTED_EDGE('',*,*,#4682,.T.);
#6119=ORIENTED_EDGE('',*,*,#4639,.F.);
#6120=ORIENTED_EDGE('',*,*,#4686,.F.);
#6121=ORIENTED_EDGE('',*,*,#4687,.F.);
#6122=ORIENTED_EDGE('',*,*,#4684,.F.);
#6123=ORIENTED_EDGE('',*,*,#4634,.F.);
#6124=ORIENTED_EDGE('',*,*,#4688,.T.);
#6125=ORIENTED_EDGE('',*,*,#4689,.F.);
#6126=ORIENTED_EDGE('',*,*,#4686,.T.);
#6127=ORIENTED_EDGE('',*,*,#4633,.F.);
#6128=ORIENTED_EDGE('',*,*,#4690,.F.);
#6129=ORIENTED_EDGE('',*,*,#4691,.F.);
#6130=ORIENTED_EDGE('',*,*,#4688,.F.);
#6131=ORIENTED_EDGE('',*,*,#4628,.F.);
#6132=ORIENTED_EDGE('',*,*,#4692,.T.);
#6133=ORIENTED_EDGE('',*,*,#4693,.F.);
#6134=ORIENTED_EDGE('',*,*,#4690,.T.);
#6135=ORIENTED_EDGE('',*,*,#4627,.F.);
#6136=ORIENTED_EDGE('',*,*,#4694,.F.);
#6137=ORIENTED_EDGE('',*,*,#4695,.F.);
#6138=ORIENTED_EDGE('',*,*,#4692,.F.);
#6139=ORIENTED_EDGE('',*,*,#4666,.F.);
#6140=ORIENTED_EDGE('',*,*,#4696,.T.);
#6141=ORIENTED_EDGE('',*,*,#4697,.F.);
#6142=ORIENTED_EDGE('',*,*,#4694,.T.);
#6143=ORIENTED_EDGE('',*,*,#4661,.F.);
#6144=ORIENTED_EDGE('',*,*,#4698,.F.);
#6145=ORIENTED_EDGE('',*,*,#4699,.F.);
#6146=ORIENTED_EDGE('',*,*,#4696,.F.);
#6147=ORIENTED_EDGE('',*,*,#4656,.F.);
#6148=ORIENTED_EDGE('',*,*,#4700,.T.);
#6149=ORIENTED_EDGE('',*,*,#4701,.F.);
#6150=ORIENTED_EDGE('',*,*,#4698,.T.);
#6151=ORIENTED_EDGE('',*,*,#4655,.F.);
#6152=ORIENTED_EDGE('',*,*,#4702,.F.);
#6153=ORIENTED_EDGE('',*,*,#4703,.F.);
#6154=ORIENTED_EDGE('',*,*,#4700,.F.);
#6155=ORIENTED_EDGE('',*,*,#4650,.F.);
#6156=ORIENTED_EDGE('',*,*,#4704,.T.);
#6157=ORIENTED_EDGE('',*,*,#4705,.F.);
#6158=ORIENTED_EDGE('',*,*,#4702,.T.);
#6159=ORIENTED_EDGE('',*,*,#4649,.F.);
#6160=ORIENTED_EDGE('',*,*,#4706,.F.);
#6161=ORIENTED_EDGE('',*,*,#4707,.F.);
#6162=ORIENTED_EDGE('',*,*,#4704,.F.);
#6163=ORIENTED_EDGE('',*,*,#4665,.F.);
#6164=ORIENTED_EDGE('',*,*,#4708,.T.);
#6165=ORIENTED_EDGE('',*,*,#4709,.F.);
#6166=ORIENTED_EDGE('',*,*,#4706,.T.);
#6167=ORIENTED_EDGE('',*,*,#4662,.T.);
#6168=ORIENTED_EDGE('',*,*,#4549,.T.);
#6169=ORIENTED_EDGE('',*,*,#4710,.T.);
#6170=ORIENTED_EDGE('',*,*,#4708,.F.);
#6171=ORIENTED_EDGE('',*,*,#4711,.F.);
#6172=ORIENTED_EDGE('',*,*,#4712,.T.);
#6173=ORIENTED_EDGE('',*,*,#4710,.F.);
#6174=ORIENTED_EDGE('',*,*,#4595,.F.);
#6175=ORIENTED_EDGE('',*,*,#4713,.T.);
#6176=ORIENTED_EDGE('',*,*,#4714,.T.);
#6177=ORIENTED_EDGE('',*,*,#4715,.T.);
#6178=ORIENTED_EDGE('',*,*,#4699,.T.);
#6179=ORIENTED_EDGE('',*,*,#4713,.F.);
#6180=ORIENTED_EDGE('',*,*,#4701,.T.);
#6181=ORIENTED_EDGE('',*,*,#4716,.T.);
#6182=ORIENTED_EDGE('',*,*,#4717,.T.);
#6183=ORIENTED_EDGE('',*,*,#4718,.T.);
#6184=ORIENTED_EDGE('',*,*,#4719,.T.);
#6185=ORIENTED_EDGE('',*,*,#4716,.F.);
#6186=ORIENTED_EDGE('',*,*,#4703,.T.);
#6187=ORIENTED_EDGE('',*,*,#4718,.F.);
#6188=ORIENTED_EDGE('',*,*,#4705,.T.);
#6189=ORIENTED_EDGE('',*,*,#4720,.T.);
#6190=ORIENTED_EDGE('',*,*,#4721,.T.);
#6191=ORIENTED_EDGE('',*,*,#4722,.T.);
#6192=ORIENTED_EDGE('',*,*,#4723,.T.);
#6193=ORIENTED_EDGE('',*,*,#4720,.F.);
#6194=ORIENTED_EDGE('',*,*,#4707,.T.);
#6195=ORIENTED_EDGE('',*,*,#4724,.T.);
#6196=ORIENTED_EDGE('',*,*,#4725,.T.);
#6197=ORIENTED_EDGE('',*,*,#4726,.T.);
#6198=ORIENTED_EDGE('',*,*,#4683,.T.);
#6199=ORIENTED_EDGE('',*,*,#4724,.F.);
#6200=ORIENTED_EDGE('',*,*,#4685,.T.);
#6201=ORIENTED_EDGE('',*,*,#4727,.T.);
#6202=ORIENTED_EDGE('',*,*,#4728,.T.);
#6203=ORIENTED_EDGE('',*,*,#4729,.T.);
#6204=ORIENTED_EDGE('',*,*,#4730,.T.);
#6205=ORIENTED_EDGE('',*,*,#4727,.F.);
#6206=ORIENTED_EDGE('',*,*,#4687,.T.);
#6207=ORIENTED_EDGE('',*,*,#4729,.F.);
#6208=ORIENTED_EDGE('',*,*,#4689,.T.);
#6209=ORIENTED_EDGE('',*,*,#4731,.T.);
#6210=ORIENTED_EDGE('',*,*,#4732,.T.);
#6211=ORIENTED_EDGE('',*,*,#4733,.T.);
#6212=ORIENTED_EDGE('',*,*,#4734,.T.);
#6213=ORIENTED_EDGE('',*,*,#4731,.F.);
#6214=ORIENTED_EDGE('',*,*,#4691,.T.);
#6215=ORIENTED_EDGE('',*,*,#4733,.F.);
#6216=ORIENTED_EDGE('',*,*,#4693,.T.);
#6217=ORIENTED_EDGE('',*,*,#4735,.T.);
#6218=ORIENTED_EDGE('',*,*,#4736,.T.);
#6219=ORIENTED_EDGE('',*,*,#4737,.T.);
#6220=ORIENTED_EDGE('',*,*,#4738,.T.);
#6221=ORIENTED_EDGE('',*,*,#4735,.F.);
#6222=ORIENTED_EDGE('',*,*,#4695,.T.);
#6223=ORIENTED_EDGE('',*,*,#4739,.T.);
#6224=ORIENTED_EDGE('',*,*,#4740,.T.);
#6225=ORIENTED_EDGE('',*,*,#4741,.T.);
#6226=ORIENTED_EDGE('',*,*,#4670,.T.);
#6227=ORIENTED_EDGE('',*,*,#4739,.F.);
#6228=ORIENTED_EDGE('',*,*,#4673,.T.);
#6229=ORIENTED_EDGE('',*,*,#4742,.T.);
#6230=ORIENTED_EDGE('',*,*,#4743,.T.);
#6231=ORIENTED_EDGE('',*,*,#4744,.T.);
#6232=ORIENTED_EDGE('',*,*,#4745,.T.);
#6233=ORIENTED_EDGE('',*,*,#4742,.F.);
#6234=ORIENTED_EDGE('',*,*,#4675,.T.);
#6235=ORIENTED_EDGE('',*,*,#4744,.F.);
#6236=ORIENTED_EDGE('',*,*,#4677,.T.);
#6237=ORIENTED_EDGE('',*,*,#4746,.T.);
#6238=ORIENTED_EDGE('',*,*,#4747,.T.);
#6239=ORIENTED_EDGE('',*,*,#4748,.T.);
#6240=ORIENTED_EDGE('',*,*,#4749,.T.);
#6241=ORIENTED_EDGE('',*,*,#4746,.F.);
#6242=ORIENTED_EDGE('',*,*,#4679,.T.);
#6243=ORIENTED_EDGE('',*,*,#4750,.T.);
#6244=ORIENTED_EDGE('',*,*,#4751,.T.);
#6245=ORIENTED_EDGE('',*,*,#4752,.F.);
#6246=ORIENTED_EDGE('',*,*,#4587,.F.);
#6247=ORIENTED_EDGE('',*,*,#4751,.F.);
#6248=ORIENTED_EDGE('',*,*,#4753,.T.);
#6249=ORIENTED_EDGE('',*,*,#4754,.T.);
#6250=ORIENTED_EDGE('',*,*,#4755,.T.);
#6251=ORIENTED_EDGE('',*,*,#4756,.T.);
#6252=ORIENTED_EDGE('',*,*,#4757,.T.);
#6253=ORIENTED_EDGE('',*,*,#4754,.F.);
#6254=ORIENTED_EDGE('',*,*,#4758,.T.);
#6255=ORIENTED_EDGE('',*,*,#4756,.F.);
#6256=ORIENTED_EDGE('',*,*,#4759,.T.);
#6257=ORIENTED_EDGE('',*,*,#4741,.F.);
#6258=ORIENTED_EDGE('',*,*,#4748,.F.);
#6259=ORIENTED_EDGE('',*,*,#4681,.T.);
#6260=ORIENTED_EDGE('',*,*,#4726,.F.);
#6261=ORIENTED_EDGE('',*,*,#4737,.F.);
#6262=ORIENTED_EDGE('',*,*,#4697,.T.);
#6263=ORIENTED_EDGE('',*,*,#4715,.F.);
#6264=ORIENTED_EDGE('',*,*,#4722,.F.);
#6265=ORIENTED_EDGE('',*,*,#4709,.T.);
#6266=ORIENTED_EDGE('',*,*,#4712,.F.);
#6267=ORIENTED_EDGE('',*,*,#4668,.F.);
#6268=ORIENTED_EDGE('',*,*,#4671,.T.);
#6269=ORIENTED_EDGE('',*,*,#4759,.F.);
#6270=ORIENTED_EDGE('',*,*,#4760,.T.);
#6271=ORIENTED_EDGE('',*,*,#4602,.F.);
#6272=ORIENTED_EDGE('',*,*,#4760,.F.);
#6273=ORIENTED_EDGE('',*,*,#4758,.F.);
#6274=ORIENTED_EDGE('',*,*,#4761,.F.);
#6275=ORIENTED_EDGE('',*,*,#4603,.F.);
#6276=ORIENTED_EDGE('',*,*,#4761,.T.);
#6277=ORIENTED_EDGE('',*,*,#4753,.F.);
#6278=ORIENTED_EDGE('',*,*,#4762,.T.);
#6279=ORIENTED_EDGE('',*,*,#4607,.F.);
#6280=ORIENTED_EDGE('',*,*,#4762,.F.);
#6281=ORIENTED_EDGE('',*,*,#4750,.F.);
#6282=ORIENTED_EDGE('',*,*,#4598,.T.);
#6283=ORIENTED_EDGE('',*,*,#4606,.T.);
#6284=ORIENTED_EDGE('',*,*,#4447,.T.);
#6285=ORIENTED_EDGE('',*,*,#4446,.T.);
#6286=ORIENTED_EDGE('',*,*,#4465,.T.);
#6287=ORIENTED_EDGE('',*,*,#4460,.T.);
#6288=ORIENTED_EDGE('',*,*,#4459,.T.);
#6289=ORIENTED_EDGE('',*,*,#4454,.T.);
#6290=ORIENTED_EDGE('',*,*,#4453,.T.);
#6291=ORIENTED_EDGE('',*,*,#4487,.T.);
#6292=ORIENTED_EDGE('',*,*,#4482,.T.);
#6293=ORIENTED_EDGE('',*,*,#4481,.T.);
#6294=ORIENTED_EDGE('',*,*,#4476,.T.);
#6295=ORIENTED_EDGE('',*,*,#4475,.T.);
#6296=ORIENTED_EDGE('',*,*,#4470,.T.);
#6297=ORIENTED_EDGE('',*,*,#4469,.T.);
#6298=ORIENTED_EDGE('',*,*,#4503,.T.);
#6299=ORIENTED_EDGE('',*,*,#4498,.T.);
#6300=ORIENTED_EDGE('',*,*,#4497,.T.);
#6301=ORIENTED_EDGE('',*,*,#4492,.T.);
#6302=ORIENTED_EDGE('',*,*,#4491,.T.);
#6303=ORIENTED_EDGE('',*,*,#4664,.F.);
#6304=ORIENTED_EDGE('',*,*,#4647,.F.);
#6305=ORIENTED_EDGE('',*,*,#4652,.F.);
#6306=ORIENTED_EDGE('',*,*,#4654,.F.);
#6307=ORIENTED_EDGE('',*,*,#4658,.F.);
#6308=ORIENTED_EDGE('',*,*,#4660,.F.);
#6309=ORIENTED_EDGE('',*,*,#4625,.F.);
#6310=ORIENTED_EDGE('',*,*,#4630,.F.);
#6311=ORIENTED_EDGE('',*,*,#4632,.F.);
#6312=ORIENTED_EDGE('',*,*,#4636,.F.);
#6313=ORIENTED_EDGE('',*,*,#4638,.F.);
#6314=ORIENTED_EDGE('',*,*,#4642,.F.);
#6315=ORIENTED_EDGE('',*,*,#4644,.F.);
#6316=ORIENTED_EDGE('',*,*,#4609,.F.);
#6317=ORIENTED_EDGE('',*,*,#4614,.F.);
#6318=ORIENTED_EDGE('',*,*,#4616,.F.);
#6319=ORIENTED_EDGE('',*,*,#4620,.F.);
#6320=ORIENTED_EDGE('',*,*,#4622,.F.);
#6321=ORIENTED_EDGE('',*,*,#4600,.F.);
#6322=ORIENTED_EDGE('',*,*,#4605,.F.);
#6323=ORIENTED_EDGE('',*,*,#4711,.T.);
#6324=ORIENTED_EDGE('',*,*,#4560,.T.);
#6325=ORIENTED_EDGE('',*,*,#4557,.T.);
#6326=ORIENTED_EDGE('',*,*,#4556,.T.);
#6327=ORIENTED_EDGE('',*,*,#4553,.T.);
#6328=ORIENTED_EDGE('',*,*,#4552,.T.);
#6329=ORIENTED_EDGE('',*,*,#4575,.T.);
#6330=ORIENTED_EDGE('',*,*,#4572,.T.);
#6331=ORIENTED_EDGE('',*,*,#4571,.T.);
#6332=ORIENTED_EDGE('',*,*,#4568,.T.);
#6333=ORIENTED_EDGE('',*,*,#4567,.T.);
#6334=ORIENTED_EDGE('',*,*,#4564,.T.);
#6335=ORIENTED_EDGE('',*,*,#4563,.T.);
#6336=ORIENTED_EDGE('',*,*,#4586,.T.);
#6337=ORIENTED_EDGE('',*,*,#4583,.T.);
#6338=ORIENTED_EDGE('',*,*,#4582,.T.);
#6339=ORIENTED_EDGE('',*,*,#4579,.T.);
#6340=ORIENTED_EDGE('',*,*,#4578,.T.);
#6341=ORIENTED_EDGE('',*,*,#4593,.T.);
#6342=ORIENTED_EDGE('',*,*,#4588,.T.);
#6343=ORIENTED_EDGE('',*,*,#4752,.T.);
#6344=ORIENTED_EDGE('',*,*,#4755,.F.);
#6345=ORIENTED_EDGE('',*,*,#4757,.F.);
#6346=ORIENTED_EDGE('',*,*,#4740,.F.);
#6347=ORIENTED_EDGE('',*,*,#4743,.F.);
#6348=ORIENTED_EDGE('',*,*,#4745,.F.);
#6349=ORIENTED_EDGE('',*,*,#4747,.F.);
#6350=ORIENTED_EDGE('',*,*,#4749,.F.);
#6351=ORIENTED_EDGE('',*,*,#4725,.F.);
#6352=ORIENTED_EDGE('',*,*,#4728,.F.);
#6353=ORIENTED_EDGE('',*,*,#4730,.F.);
#6354=ORIENTED_EDGE('',*,*,#4732,.F.);
#6355=ORIENTED_EDGE('',*,*,#4734,.F.);
#6356=ORIENTED_EDGE('',*,*,#4736,.F.);
#6357=ORIENTED_EDGE('',*,*,#4738,.F.);
#6358=ORIENTED_EDGE('',*,*,#4714,.F.);
#6359=ORIENTED_EDGE('',*,*,#4717,.F.);
#6360=ORIENTED_EDGE('',*,*,#4719,.F.);
#6361=ORIENTED_EDGE('',*,*,#4721,.F.);
#6362=ORIENTED_EDGE('',*,*,#4723,.F.);
#6363=ORIENTED_EDGE('',*,*,#4763,.F.);
#6364=ORIENTED_EDGE('',*,*,#4764,.F.);
#6365=ORIENTED_EDGE('',*,*,#4765,.F.);
#6366=ORIENTED_EDGE('',*,*,#4766,.F.);
#6367=ORIENTED_EDGE('',*,*,#4763,.T.);
#6368=ORIENTED_EDGE('',*,*,#4767,.F.);
#6369=ORIENTED_EDGE('',*,*,#4768,.F.);
#6370=ORIENTED_EDGE('',*,*,#4769,.F.);
#6371=ORIENTED_EDGE('',*,*,#4770,.F.);
#6372=ORIENTED_EDGE('',*,*,#4771,.F.);
#6373=ORIENTED_EDGE('',*,*,#4772,.F.);
#6374=ORIENTED_EDGE('',*,*,#4773,.F.);
#6375=ORIENTED_EDGE('',*,*,#4770,.T.);
#6376=ORIENTED_EDGE('',*,*,#4774,.F.);
#6377=ORIENTED_EDGE('',*,*,#4775,.F.);
#6378=ORIENTED_EDGE('',*,*,#4776,.F.);
#6379=ORIENTED_EDGE('',*,*,#4777,.F.);
#6380=ORIENTED_EDGE('',*,*,#4778,.F.);
#6381=ORIENTED_EDGE('',*,*,#4775,.T.);
#6382=ORIENTED_EDGE('',*,*,#4779,.F.);
#6383=ORIENTED_EDGE('',*,*,#4777,.T.);
#6384=ORIENTED_EDGE('',*,*,#4780,.F.);
#6385=ORIENTED_EDGE('',*,*,#4781,.F.);
#6386=ORIENTED_EDGE('',*,*,#4782,.F.);
#6387=ORIENTED_EDGE('',*,*,#4783,.F.);
#6388=ORIENTED_EDGE('',*,*,#4784,.F.);
#6389=ORIENTED_EDGE('',*,*,#4781,.T.);
#6390=ORIENTED_EDGE('',*,*,#4785,.F.);
#6391=ORIENTED_EDGE('',*,*,#4786,.F.);
#6392=ORIENTED_EDGE('',*,*,#4787,.F.);
#6393=ORIENTED_EDGE('',*,*,#4788,.F.);
#6394=ORIENTED_EDGE('',*,*,#4789,.F.);
#6395=ORIENTED_EDGE('',*,*,#4786,.T.);
#6396=ORIENTED_EDGE('',*,*,#4790,.F.);
#6397=ORIENTED_EDGE('',*,*,#4791,.F.);
#6398=ORIENTED_EDGE('',*,*,#4792,.F.);
#6399=ORIENTED_EDGE('',*,*,#4793,.F.);
#6400=ORIENTED_EDGE('',*,*,#4794,.F.);
#6401=ORIENTED_EDGE('',*,*,#4791,.T.);
#6402=ORIENTED_EDGE('',*,*,#4795,.F.);
#6403=ORIENTED_EDGE('',*,*,#4793,.T.);
#6404=ORIENTED_EDGE('',*,*,#4796,.F.);
#6405=ORIENTED_EDGE('',*,*,#4797,.F.);
#6406=ORIENTED_EDGE('',*,*,#4798,.F.);
#6407=ORIENTED_EDGE('',*,*,#4799,.F.);
#6408=ORIENTED_EDGE('',*,*,#4800,.F.);
#6409=ORIENTED_EDGE('',*,*,#4797,.T.);
#6410=ORIENTED_EDGE('',*,*,#4801,.F.);
#6411=ORIENTED_EDGE('',*,*,#4799,.T.);
#6412=ORIENTED_EDGE('',*,*,#4802,.F.);
#6413=ORIENTED_EDGE('',*,*,#4803,.F.);
#6414=ORIENTED_EDGE('',*,*,#4804,.F.);
#6415=ORIENTED_EDGE('',*,*,#4805,.F.);
#6416=ORIENTED_EDGE('',*,*,#4806,.F.);
#6417=ORIENTED_EDGE('',*,*,#4803,.T.);
#6418=ORIENTED_EDGE('',*,*,#4807,.F.);
#6419=ORIENTED_EDGE('',*,*,#4808,.F.);
#6420=ORIENTED_EDGE('',*,*,#4809,.F.);
#6421=ORIENTED_EDGE('',*,*,#4810,.F.);
#6422=ORIENTED_EDGE('',*,*,#4811,.F.);
#6423=ORIENTED_EDGE('',*,*,#4808,.T.);
#6424=ORIENTED_EDGE('',*,*,#4812,.F.);
#6425=ORIENTED_EDGE('',*,*,#4813,.F.);
#6426=ORIENTED_EDGE('',*,*,#4814,.F.);
#6427=ORIENTED_EDGE('',*,*,#4815,.F.);
#6428=ORIENTED_EDGE('',*,*,#4816,.F.);
#6429=ORIENTED_EDGE('',*,*,#4813,.T.);
#6430=ORIENTED_EDGE('',*,*,#4817,.F.);
#6431=ORIENTED_EDGE('',*,*,#4815,.T.);
#6432=ORIENTED_EDGE('',*,*,#4818,.F.);
#6433=ORIENTED_EDGE('',*,*,#4819,.F.);
#6434=ORIENTED_EDGE('',*,*,#4820,.F.);
#6435=ORIENTED_EDGE('',*,*,#4821,.F.);
#6436=ORIENTED_EDGE('',*,*,#4822,.F.);
#6437=ORIENTED_EDGE('',*,*,#4819,.T.);
#6438=ORIENTED_EDGE('',*,*,#4823,.F.);
#6439=ORIENTED_EDGE('',*,*,#4824,.T.);
#6440=ORIENTED_EDGE('',*,*,#4810,.T.);
#6441=ORIENTED_EDGE('',*,*,#4825,.F.);
#6442=ORIENTED_EDGE('',*,*,#4821,.T.);
#6443=ORIENTED_EDGE('',*,*,#4788,.T.);
#6444=ORIENTED_EDGE('',*,*,#4826,.F.);
#6445=ORIENTED_EDGE('',*,*,#4805,.T.);
#6446=ORIENTED_EDGE('',*,*,#4772,.T.);
#6447=ORIENTED_EDGE('',*,*,#4827,.F.);
#6448=ORIENTED_EDGE('',*,*,#4783,.T.);
#6449=ORIENTED_EDGE('',*,*,#4765,.T.);
#6450=ORIENTED_EDGE('',*,*,#4828,.F.);
#6451=ORIENTED_EDGE('',*,*,#4784,.T.);
#6452=ORIENTED_EDGE('',*,*,#4829,.T.);
#6453=ORIENTED_EDGE('',*,*,#4830,.T.);
#6454=ORIENTED_EDGE('',*,*,#4831,.T.);
#6455=ORIENTED_EDGE('',*,*,#4782,.T.);
#6456=ORIENTED_EDGE('',*,*,#4831,.F.);
#6457=ORIENTED_EDGE('',*,*,#4832,.T.);
#6458=ORIENTED_EDGE('',*,*,#4833,.F.);
#6459=ORIENTED_EDGE('',*,*,#4778,.T.);
#6460=ORIENTED_EDGE('',*,*,#4833,.T.);
#6461=ORIENTED_EDGE('',*,*,#4834,.T.);
#6462=ORIENTED_EDGE('',*,*,#4835,.T.);
#6463=ORIENTED_EDGE('',*,*,#4776,.T.);
#6464=ORIENTED_EDGE('',*,*,#4835,.F.);
#6465=ORIENTED_EDGE('',*,*,#4836,.T.);
#6466=ORIENTED_EDGE('',*,*,#4837,.F.);
#6467=ORIENTED_EDGE('',*,*,#4771,.T.);
#6468=ORIENTED_EDGE('',*,*,#4837,.T.);
#6469=ORIENTED_EDGE('',*,*,#4838,.T.);
#6470=ORIENTED_EDGE('',*,*,#4839,.T.);
#6471=ORIENTED_EDGE('',*,*,#4827,.T.);
#6472=ORIENTED_EDGE('',*,*,#4839,.F.);
#6473=ORIENTED_EDGE('',*,*,#4840,.T.);
#6474=ORIENTED_EDGE('',*,*,#4841,.F.);
#6475=ORIENTED_EDGE('',*,*,#4806,.T.);
#6476=ORIENTED_EDGE('',*,*,#4841,.T.);
#6477=ORIENTED_EDGE('',*,*,#4842,.T.);
#6478=ORIENTED_EDGE('',*,*,#4843,.T.);
#6479=ORIENTED_EDGE('',*,*,#4804,.T.);
#6480=ORIENTED_EDGE('',*,*,#4843,.F.);
#6481=ORIENTED_EDGE('',*,*,#4844,.T.);
#6482=ORIENTED_EDGE('',*,*,#4845,.F.);
#6483=ORIENTED_EDGE('',*,*,#4800,.T.);
#6484=ORIENTED_EDGE('',*,*,#4845,.T.);
#6485=ORIENTED_EDGE('',*,*,#4846,.T.);
#6486=ORIENTED_EDGE('',*,*,#4847,.T.);
#6487=ORIENTED_EDGE('',*,*,#4798,.T.);
#6488=ORIENTED_EDGE('',*,*,#4847,.F.);
#6489=ORIENTED_EDGE('',*,*,#4848,.T.);
#6490=ORIENTED_EDGE('',*,*,#4849,.F.);
#6491=ORIENTED_EDGE('',*,*,#4794,.T.);
#6492=ORIENTED_EDGE('',*,*,#4849,.T.);
#6493=ORIENTED_EDGE('',*,*,#4850,.T.);
#6494=ORIENTED_EDGE('',*,*,#4851,.T.);
#6495=ORIENTED_EDGE('',*,*,#4792,.T.);
#6496=ORIENTED_EDGE('',*,*,#4851,.F.);
#6497=ORIENTED_EDGE('',*,*,#4852,.T.);
#6498=ORIENTED_EDGE('',*,*,#4853,.F.);
#6499=ORIENTED_EDGE('',*,*,#4787,.T.);
#6500=ORIENTED_EDGE('',*,*,#4853,.T.);
#6501=ORIENTED_EDGE('',*,*,#4854,.T.);
#6502=ORIENTED_EDGE('',*,*,#4855,.T.);
#6503=ORIENTED_EDGE('',*,*,#4826,.T.);
#6504=ORIENTED_EDGE('',*,*,#4855,.F.);
#6505=ORIENTED_EDGE('',*,*,#4856,.T.);
#6506=ORIENTED_EDGE('',*,*,#4857,.F.);
#6507=ORIENTED_EDGE('',*,*,#4822,.T.);
#6508=ORIENTED_EDGE('',*,*,#4857,.T.);
#6509=ORIENTED_EDGE('',*,*,#4858,.T.);
#6510=ORIENTED_EDGE('',*,*,#4859,.T.);
#6511=ORIENTED_EDGE('',*,*,#4820,.T.);
#6512=ORIENTED_EDGE('',*,*,#4859,.F.);
#6513=ORIENTED_EDGE('',*,*,#4860,.T.);
#6514=ORIENTED_EDGE('',*,*,#4861,.F.);
#6515=ORIENTED_EDGE('',*,*,#4816,.T.);
#6516=ORIENTED_EDGE('',*,*,#4861,.T.);
#6517=ORIENTED_EDGE('',*,*,#4862,.T.);
#6518=ORIENTED_EDGE('',*,*,#4863,.T.);
#6519=ORIENTED_EDGE('',*,*,#4814,.T.);
#6520=ORIENTED_EDGE('',*,*,#4863,.F.);
#6521=ORIENTED_EDGE('',*,*,#4864,.T.);
#6522=ORIENTED_EDGE('',*,*,#4865,.F.);
#6523=ORIENTED_EDGE('',*,*,#4809,.T.);
#6524=ORIENTED_EDGE('',*,*,#4865,.T.);
#6525=ORIENTED_EDGE('',*,*,#4866,.T.);
#6526=ORIENTED_EDGE('',*,*,#4867,.T.);
#6527=ORIENTED_EDGE('',*,*,#4825,.T.);
#6528=ORIENTED_EDGE('',*,*,#4867,.F.);
#6529=ORIENTED_EDGE('',*,*,#4868,.T.);
#6530=ORIENTED_EDGE('',*,*,#4869,.F.);
#6531=ORIENTED_EDGE('',*,*,#4870,.F.);
#6532=ORIENTED_EDGE('',*,*,#4858,.F.);
#6533=ORIENTED_EDGE('',*,*,#4871,.F.);
#6534=ORIENTED_EDGE('',*,*,#4872,.F.);
#6535=ORIENTED_EDGE('',*,*,#4870,.T.);
#6536=ORIENTED_EDGE('',*,*,#4873,.F.);
#6537=ORIENTED_EDGE('',*,*,#4874,.F.);
#6538=ORIENTED_EDGE('',*,*,#4860,.F.);
#6539=ORIENTED_EDGE('',*,*,#4875,.F.);
#6540=ORIENTED_EDGE('',*,*,#4862,.F.);
#6541=ORIENTED_EDGE('',*,*,#4874,.T.);
#6542=ORIENTED_EDGE('',*,*,#4876,.F.);
#6543=ORIENTED_EDGE('',*,*,#4875,.T.);
#6544=ORIENTED_EDGE('',*,*,#4877,.F.);
#6545=ORIENTED_EDGE('',*,*,#4878,.F.);
#6546=ORIENTED_EDGE('',*,*,#4864,.F.);
#6547=ORIENTED_EDGE('',*,*,#4879,.F.);
#6548=ORIENTED_EDGE('',*,*,#4866,.F.);
#6549=ORIENTED_EDGE('',*,*,#4878,.T.);
#6550=ORIENTED_EDGE('',*,*,#4880,.F.);
#6551=ORIENTED_EDGE('',*,*,#4881,.F.);
#6552=ORIENTED_EDGE('',*,*,#4842,.F.);
#6553=ORIENTED_EDGE('',*,*,#4882,.F.);
#6554=ORIENTED_EDGE('',*,*,#4883,.F.);
#6555=ORIENTED_EDGE('',*,*,#4881,.T.);
#6556=ORIENTED_EDGE('',*,*,#4884,.F.);
#6557=ORIENTED_EDGE('',*,*,#4885,.F.);
#6558=ORIENTED_EDGE('',*,*,#4844,.F.);
#6559=ORIENTED_EDGE('',*,*,#4886,.F.);
#6560=ORIENTED_EDGE('',*,*,#4846,.F.);
#6561=ORIENTED_EDGE('',*,*,#4885,.T.);
#6562=ORIENTED_EDGE('',*,*,#4887,.F.);
#6563=ORIENTED_EDGE('',*,*,#4886,.T.);
#6564=ORIENTED_EDGE('',*,*,#4888,.F.);
#6565=ORIENTED_EDGE('',*,*,#4889,.F.);
#6566=ORIENTED_EDGE('',*,*,#4848,.F.);
#6567=ORIENTED_EDGE('',*,*,#4890,.F.);
#6568=ORIENTED_EDGE('',*,*,#4850,.F.);
#6569=ORIENTED_EDGE('',*,*,#4889,.T.);
#6570=ORIENTED_EDGE('',*,*,#4891,.F.);
#6571=ORIENTED_EDGE('',*,*,#4890,.T.);
#6572=ORIENTED_EDGE('',*,*,#4892,.F.);
#6573=ORIENTED_EDGE('',*,*,#4893,.F.);
#6574=ORIENTED_EDGE('',*,*,#4852,.F.);
#6575=ORIENTED_EDGE('',*,*,#4894,.F.);
#6576=ORIENTED_EDGE('',*,*,#4854,.F.);
#6577=ORIENTED_EDGE('',*,*,#4893,.T.);
#6578=ORIENTED_EDGE('',*,*,#4895,.F.);
#6579=ORIENTED_EDGE('',*,*,#4896,.F.);
#6580=ORIENTED_EDGE('',*,*,#4830,.F.);
#6581=ORIENTED_EDGE('',*,*,#4897,.F.);
#6582=ORIENTED_EDGE('',*,*,#4898,.F.);
#6583=ORIENTED_EDGE('',*,*,#4896,.T.);
#6584=ORIENTED_EDGE('',*,*,#4899,.F.);
#6585=ORIENTED_EDGE('',*,*,#4900,.F.);
#6586=ORIENTED_EDGE('',*,*,#4832,.F.);
#6587=ORIENTED_EDGE('',*,*,#4901,.F.);
#6588=ORIENTED_EDGE('',*,*,#4834,.F.);
#6589=ORIENTED_EDGE('',*,*,#4900,.T.);
#6590=ORIENTED_EDGE('',*,*,#4902,.F.);
#6591=ORIENTED_EDGE('',*,*,#4901,.T.);
#6592=ORIENTED_EDGE('',*,*,#4903,.F.);
#6593=ORIENTED_EDGE('',*,*,#4904,.F.);
#6594=ORIENTED_EDGE('',*,*,#4836,.F.);
#6595=ORIENTED_EDGE('',*,*,#4905,.F.);
#6596=ORIENTED_EDGE('',*,*,#4838,.F.);
#6597=ORIENTED_EDGE('',*,*,#4904,.T.);
#6598=ORIENTED_EDGE('',*,*,#4906,.F.);
#6599=ORIENTED_EDGE('',*,*,#4907,.T.);
#6600=ORIENTED_EDGE('',*,*,#4908,.F.);
#6601=ORIENTED_EDGE('',*,*,#4909,.F.);
#6602=ORIENTED_EDGE('',*,*,#4910,.F.);
#6603=ORIENTED_EDGE('',*,*,#4911,.F.);
#6604=ORIENTED_EDGE('',*,*,#4912,.F.);
#6605=ORIENTED_EDGE('',*,*,#4909,.T.);
#6606=ORIENTED_EDGE('',*,*,#4913,.F.);
#6607=ORIENTED_EDGE('',*,*,#4911,.T.);
#6608=ORIENTED_EDGE('',*,*,#4897,.T.);
#6609=ORIENTED_EDGE('',*,*,#4914,.F.);
#6610=ORIENTED_EDGE('',*,*,#4905,.T.);
#6611=ORIENTED_EDGE('',*,*,#4882,.T.);
#6612=ORIENTED_EDGE('',*,*,#4840,.F.);
#6613=ORIENTED_EDGE('',*,*,#4894,.T.);
#6614=ORIENTED_EDGE('',*,*,#4871,.T.);
#6615=ORIENTED_EDGE('',*,*,#4856,.F.);
#6616=ORIENTED_EDGE('',*,*,#4879,.T.);
#6617=ORIENTED_EDGE('',*,*,#4915,.T.);
#6618=ORIENTED_EDGE('',*,*,#4868,.F.);
#6619=ORIENTED_EDGE('',*,*,#4828,.T.);
#6620=ORIENTED_EDGE('',*,*,#4916,.F.);
#6621=ORIENTED_EDGE('',*,*,#4914,.T.);
#6622=ORIENTED_EDGE('',*,*,#4829,.F.);
#6623=ORIENTED_EDGE('',*,*,#4764,.T.);
#6624=ORIENTED_EDGE('',*,*,#4917,.T.);
#6625=ORIENTED_EDGE('',*,*,#4912,.T.);
#6626=ORIENTED_EDGE('',*,*,#4916,.T.);
#6627=ORIENTED_EDGE('',*,*,#4769,.T.);
#6628=ORIENTED_EDGE('',*,*,#4918,.F.);
#6629=ORIENTED_EDGE('',*,*,#4910,.T.);
#6630=ORIENTED_EDGE('',*,*,#4917,.F.);
#6631=ORIENTED_EDGE('',*,*,#4919,.T.);
#6632=ORIENTED_EDGE('',*,*,#4920,.T.);
#6633=ORIENTED_EDGE('',*,*,#4921,.T.);
#6634=ORIENTED_EDGE('',*,*,#4922,.T.);
#6635=ORIENTED_EDGE('',*,*,#4919,.F.);
#6636=ORIENTED_EDGE('',*,*,#4923,.T.);
#6637=ORIENTED_EDGE('',*,*,#4924,.T.);
#6638=ORIENTED_EDGE('',*,*,#4925,.T.);
#6639=ORIENTED_EDGE('',*,*,#4926,.F.);
#6640=ORIENTED_EDGE('',*,*,#4924,.F.);
#6641=ORIENTED_EDGE('',*,*,#4927,.T.);
#6642=ORIENTED_EDGE('',*,*,#4768,.T.);
#6643=ORIENTED_EDGE('',*,*,#4928,.T.);
#6644=ORIENTED_EDGE('',*,*,#4929,.T.);
#6645=ORIENTED_EDGE('',*,*,#4930,.T.);
#6646=ORIENTED_EDGE('',*,*,#4931,.T.);
#6647=ORIENTED_EDGE('',*,*,#4928,.F.);
#6648=ORIENTED_EDGE('',*,*,#4932,.T.);
#6649=ORIENTED_EDGE('',*,*,#4933,.T.);
#6650=ORIENTED_EDGE('',*,*,#4934,.T.);
#6651=ORIENTED_EDGE('',*,*,#4935,.T.);
#6652=ORIENTED_EDGE('',*,*,#4936,.T.);
#6653=ORIENTED_EDGE('',*,*,#4933,.F.);
#6654=ORIENTED_EDGE('',*,*,#4937,.T.);
#6655=ORIENTED_EDGE('',*,*,#4935,.F.);
#6656=ORIENTED_EDGE('',*,*,#4938,.T.);
#6657=ORIENTED_EDGE('',*,*,#4939,.T.);
#6658=ORIENTED_EDGE('',*,*,#4940,.T.);
#6659=ORIENTED_EDGE('',*,*,#4941,.T.);
#6660=ORIENTED_EDGE('',*,*,#4942,.T.);
#6661=ORIENTED_EDGE('',*,*,#4939,.F.);
#6662=ORIENTED_EDGE('',*,*,#4943,.T.);
#6663=ORIENTED_EDGE('',*,*,#4944,.T.);
#6664=ORIENTED_EDGE('',*,*,#4945,.T.);
#6665=ORIENTED_EDGE('',*,*,#4946,.T.);
#6666=ORIENTED_EDGE('',*,*,#4947,.T.);
#6667=ORIENTED_EDGE('',*,*,#4944,.F.);
#6668=ORIENTED_EDGE('',*,*,#4948,.T.);
#6669=ORIENTED_EDGE('',*,*,#4949,.T.);
#6670=ORIENTED_EDGE('',*,*,#4950,.T.);
#6671=ORIENTED_EDGE('',*,*,#4951,.T.);
#6672=ORIENTED_EDGE('',*,*,#4952,.T.);
#6673=ORIENTED_EDGE('',*,*,#4949,.F.);
#6674=ORIENTED_EDGE('',*,*,#4953,.T.);
#6675=ORIENTED_EDGE('',*,*,#4951,.F.);
#6676=ORIENTED_EDGE('',*,*,#4954,.T.);
#6677=ORIENTED_EDGE('',*,*,#4955,.T.);
#6678=ORIENTED_EDGE('',*,*,#4956,.T.);
#6679=ORIENTED_EDGE('',*,*,#4957,.T.);
#6680=ORIENTED_EDGE('',*,*,#4958,.T.);
#6681=ORIENTED_EDGE('',*,*,#4955,.F.);
#6682=ORIENTED_EDGE('',*,*,#4959,.T.);
#6683=ORIENTED_EDGE('',*,*,#4957,.F.);
#6684=ORIENTED_EDGE('',*,*,#4960,.T.);
#6685=ORIENTED_EDGE('',*,*,#4961,.T.);
#6686=ORIENTED_EDGE('',*,*,#4962,.T.);
#6687=ORIENTED_EDGE('',*,*,#4963,.T.);
#6688=ORIENTED_EDGE('',*,*,#4964,.T.);
#6689=ORIENTED_EDGE('',*,*,#4961,.F.);
#6690=ORIENTED_EDGE('',*,*,#4965,.T.);
#6691=ORIENTED_EDGE('',*,*,#4966,.T.);
#6692=ORIENTED_EDGE('',*,*,#4967,.T.);
#6693=ORIENTED_EDGE('',*,*,#4968,.T.);
#6694=ORIENTED_EDGE('',*,*,#4969,.T.);
#6695=ORIENTED_EDGE('',*,*,#4966,.F.);
#6696=ORIENTED_EDGE('',*,*,#4970,.T.);
#6697=ORIENTED_EDGE('',*,*,#4971,.T.);
#6698=ORIENTED_EDGE('',*,*,#4972,.T.);
#6699=ORIENTED_EDGE('',*,*,#4973,.T.);
#6700=ORIENTED_EDGE('',*,*,#4974,.T.);
#6701=ORIENTED_EDGE('',*,*,#4971,.F.);
#6702=ORIENTED_EDGE('',*,*,#4975,.T.);
#6703=ORIENTED_EDGE('',*,*,#4973,.F.);
#6704=ORIENTED_EDGE('',*,*,#4976,.T.);
#6705=ORIENTED_EDGE('',*,*,#4977,.T.);
#6706=ORIENTED_EDGE('',*,*,#4978,.T.);
#6707=ORIENTED_EDGE('',*,*,#4979,.T.);
#6708=ORIENTED_EDGE('',*,*,#4980,.T.);
#6709=ORIENTED_EDGE('',*,*,#4977,.F.);
#6710=ORIENTED_EDGE('',*,*,#4981,.T.);
#6711=ORIENTED_EDGE('',*,*,#4982,.F.);
#6712=ORIENTED_EDGE('',*,*,#4983,.T.);
#6713=ORIENTED_EDGE('',*,*,#4984,.T.);
#6714=ORIENTED_EDGE('',*,*,#4824,.F.);
#6715=ORIENTED_EDGE('',*,*,#4983,.F.);
#6716=ORIENTED_EDGE('',*,*,#4985,.T.);
#6717=ORIENTED_EDGE('',*,*,#4968,.F.);
#6718=ORIENTED_EDGE('',*,*,#4979,.F.);
#6719=ORIENTED_EDGE('',*,*,#4986,.T.);
#6720=ORIENTED_EDGE('',*,*,#4946,.F.);
#6721=ORIENTED_EDGE('',*,*,#4963,.F.);
#6722=ORIENTED_EDGE('',*,*,#4987,.T.);
#6723=ORIENTED_EDGE('',*,*,#4930,.F.);
#6724=ORIENTED_EDGE('',*,*,#4941,.F.);
#6725=ORIENTED_EDGE('',*,*,#4988,.T.);
#6726=ORIENTED_EDGE('',*,*,#4921,.F.);
#6727=ORIENTED_EDGE('',*,*,#4943,.F.);
#6728=ORIENTED_EDGE('',*,*,#4989,.F.);
#6729=ORIENTED_EDGE('',*,*,#4990,.F.);
#6730=ORIENTED_EDGE('',*,*,#4991,.F.);
#6731=ORIENTED_EDGE('',*,*,#4938,.F.);
#6732=ORIENTED_EDGE('',*,*,#4992,.T.);
#6733=ORIENTED_EDGE('',*,*,#4993,.F.);
#6734=ORIENTED_EDGE('',*,*,#4989,.T.);
#6735=ORIENTED_EDGE('',*,*,#4937,.F.);
#6736=ORIENTED_EDGE('',*,*,#4994,.F.);
#6737=ORIENTED_EDGE('',*,*,#4995,.F.);
#6738=ORIENTED_EDGE('',*,*,#4992,.F.);
#6739=ORIENTED_EDGE('',*,*,#4932,.F.);
#6740=ORIENTED_EDGE('',*,*,#4996,.T.);
#6741=ORIENTED_EDGE('',*,*,#4997,.F.);
#6742=ORIENTED_EDGE('',*,*,#4994,.T.);
#6743=ORIENTED_EDGE('',*,*,#4931,.F.);
#6744=ORIENTED_EDGE('',*,*,#4998,.F.);
#6745=ORIENTED_EDGE('',*,*,#4999,.F.);
#6746=ORIENTED_EDGE('',*,*,#4996,.F.);
#6747=ORIENTED_EDGE('',*,*,#4987,.F.);
#6748=ORIENTED_EDGE('',*,*,#5000,.T.);
#6749=ORIENTED_EDGE('',*,*,#5001,.F.);
#6750=ORIENTED_EDGE('',*,*,#4998,.T.);
#6751=ORIENTED_EDGE('',*,*,#4965,.F.);
#6752=ORIENTED_EDGE('',*,*,#5002,.F.);
#6753=ORIENTED_EDGE('',*,*,#5003,.F.);
#6754=ORIENTED_EDGE('',*,*,#5000,.F.);
#6755=ORIENTED_EDGE('',*,*,#4960,.F.);
#6756=ORIENTED_EDGE('',*,*,#5004,.T.);
#6757=ORIENTED_EDGE('',*,*,#5005,.F.);
#6758=ORIENTED_EDGE('',*,*,#5002,.T.);
#6759=ORIENTED_EDGE('',*,*,#4959,.F.);
#6760=ORIENTED_EDGE('',*,*,#5006,.F.);
#6761=ORIENTED_EDGE('',*,*,#5007,.F.);
#6762=ORIENTED_EDGE('',*,*,#5004,.F.);
#6763=ORIENTED_EDGE('',*,*,#4954,.F.);
#6764=ORIENTED_EDGE('',*,*,#5008,.T.);
#6765=ORIENTED_EDGE('',*,*,#5009,.F.);
#6766=ORIENTED_EDGE('',*,*,#5006,.T.);
#6767=ORIENTED_EDGE('',*,*,#4953,.F.);
#6768=ORIENTED_EDGE('',*,*,#5010,.F.);
#6769=ORIENTED_EDGE('',*,*,#5011,.F.);
#6770=ORIENTED_EDGE('',*,*,#5008,.F.);
#6771=ORIENTED_EDGE('',*,*,#4948,.F.);
#6772=ORIENTED_EDGE('',*,*,#5012,.T.);
#6773=ORIENTED_EDGE('',*,*,#5013,.F.);
#6774=ORIENTED_EDGE('',*,*,#5010,.T.);
#6775=ORIENTED_EDGE('',*,*,#4947,.F.);
#6776=ORIENTED_EDGE('',*,*,#5014,.F.);
#6777=ORIENTED_EDGE('',*,*,#5015,.F.);
#6778=ORIENTED_EDGE('',*,*,#5012,.F.);
#6779=ORIENTED_EDGE('',*,*,#4986,.F.);
#6780=ORIENTED_EDGE('',*,*,#5016,.T.);
#6781=ORIENTED_EDGE('',*,*,#5017,.F.);
#6782=ORIENTED_EDGE('',*,*,#5014,.T.);
#6783=ORIENTED_EDGE('',*,*,#4981,.F.);
#6784=ORIENTED_EDGE('',*,*,#5018,.F.);
#6785=ORIENTED_EDGE('',*,*,#5019,.F.);
#6786=ORIENTED_EDGE('',*,*,#5016,.F.);
#6787=ORIENTED_EDGE('',*,*,#4976,.F.);
#6788=ORIENTED_EDGE('',*,*,#5020,.T.);
#6789=ORIENTED_EDGE('',*,*,#5021,.F.);
#6790=ORIENTED_EDGE('',*,*,#5018,.T.);
#6791=ORIENTED_EDGE('',*,*,#4975,.F.);
#6792=ORIENTED_EDGE('',*,*,#5022,.F.);
#6793=ORIENTED_EDGE('',*,*,#5023,.F.);
#6794=ORIENTED_EDGE('',*,*,#5020,.F.);
#6795=ORIENTED_EDGE('',*,*,#4970,.F.);
#6796=ORIENTED_EDGE('',*,*,#5024,.T.);
#6797=ORIENTED_EDGE('',*,*,#5025,.F.);
#6798=ORIENTED_EDGE('',*,*,#5022,.T.);
#6799=ORIENTED_EDGE('',*,*,#4969,.F.);
#6800=ORIENTED_EDGE('',*,*,#5026,.F.);
#6801=ORIENTED_EDGE('',*,*,#5027,.F.);
#6802=ORIENTED_EDGE('',*,*,#5024,.F.);
#6803=ORIENTED_EDGE('',*,*,#4985,.F.);
#6804=ORIENTED_EDGE('',*,*,#5028,.T.);
#6805=ORIENTED_EDGE('',*,*,#5029,.F.);
#6806=ORIENTED_EDGE('',*,*,#5026,.T.);
#6807=ORIENTED_EDGE('',*,*,#4982,.T.);
#6808=ORIENTED_EDGE('',*,*,#4869,.T.);
#6809=ORIENTED_EDGE('',*,*,#5030,.T.);
#6810=ORIENTED_EDGE('',*,*,#5028,.F.);
#6811=ORIENTED_EDGE('',*,*,#5031,.F.);
#6812=ORIENTED_EDGE('',*,*,#5032,.T.);
#6813=ORIENTED_EDGE('',*,*,#5030,.F.);
#6814=ORIENTED_EDGE('',*,*,#4915,.F.);
#6815=ORIENTED_EDGE('',*,*,#5033,.T.);
#6816=ORIENTED_EDGE('',*,*,#5034,.T.);
#6817=ORIENTED_EDGE('',*,*,#5035,.T.);
#6818=ORIENTED_EDGE('',*,*,#5019,.T.);
#6819=ORIENTED_EDGE('',*,*,#5033,.F.);
#6820=ORIENTED_EDGE('',*,*,#5021,.T.);
#6821=ORIENTED_EDGE('',*,*,#5036,.T.);
#6822=ORIENTED_EDGE('',*,*,#5037,.T.);
#6823=ORIENTED_EDGE('',*,*,#5038,.T.);
#6824=ORIENTED_EDGE('',*,*,#5039,.T.);
#6825=ORIENTED_EDGE('',*,*,#5036,.F.);
#6826=ORIENTED_EDGE('',*,*,#5023,.T.);
#6827=ORIENTED_EDGE('',*,*,#5038,.F.);
#6828=ORIENTED_EDGE('',*,*,#5025,.T.);
#6829=ORIENTED_EDGE('',*,*,#5040,.T.);
#6830=ORIENTED_EDGE('',*,*,#5041,.T.);
#6831=ORIENTED_EDGE('',*,*,#5042,.T.);
#6832=ORIENTED_EDGE('',*,*,#5043,.T.);
#6833=ORIENTED_EDGE('',*,*,#5040,.F.);
#6834=ORIENTED_EDGE('',*,*,#5027,.T.);
#6835=ORIENTED_EDGE('',*,*,#5044,.T.);
#6836=ORIENTED_EDGE('',*,*,#5045,.T.);
#6837=ORIENTED_EDGE('',*,*,#5046,.T.);
#6838=ORIENTED_EDGE('',*,*,#5003,.T.);
#6839=ORIENTED_EDGE('',*,*,#5044,.F.);
#6840=ORIENTED_EDGE('',*,*,#5005,.T.);
#6841=ORIENTED_EDGE('',*,*,#5047,.T.);
#6842=ORIENTED_EDGE('',*,*,#5048,.T.);
#6843=ORIENTED_EDGE('',*,*,#5049,.T.);
#6844=ORIENTED_EDGE('',*,*,#5050,.T.);
#6845=ORIENTED_EDGE('',*,*,#5047,.F.);
#6846=ORIENTED_EDGE('',*,*,#5007,.T.);
#6847=ORIENTED_EDGE('',*,*,#5049,.F.);
#6848=ORIENTED_EDGE('',*,*,#5009,.T.);
#6849=ORIENTED_EDGE('',*,*,#5051,.T.);
#6850=ORIENTED_EDGE('',*,*,#5052,.T.);
#6851=ORIENTED_EDGE('',*,*,#5053,.T.);
#6852=ORIENTED_EDGE('',*,*,#5054,.T.);
#6853=ORIENTED_EDGE('',*,*,#5051,.F.);
#6854=ORIENTED_EDGE('',*,*,#5011,.T.);
#6855=ORIENTED_EDGE('',*,*,#5053,.F.);
#6856=ORIENTED_EDGE('',*,*,#5013,.T.);
#6857=ORIENTED_EDGE('',*,*,#5055,.T.);
#6858=ORIENTED_EDGE('',*,*,#5056,.T.);
#6859=ORIENTED_EDGE('',*,*,#5057,.T.);
#6860=ORIENTED_EDGE('',*,*,#5058,.T.);
#6861=ORIENTED_EDGE('',*,*,#5055,.F.);
#6862=ORIENTED_EDGE('',*,*,#5015,.T.);
#6863=ORIENTED_EDGE('',*,*,#5059,.T.);
#6864=ORIENTED_EDGE('',*,*,#5060,.T.);
#6865=ORIENTED_EDGE('',*,*,#5061,.T.);
#6866=ORIENTED_EDGE('',*,*,#4990,.T.);
#6867=ORIENTED_EDGE('',*,*,#5059,.F.);
#6868=ORIENTED_EDGE('',*,*,#4993,.T.);
#6869=ORIENTED_EDGE('',*,*,#5062,.T.);
#6870=ORIENTED_EDGE('',*,*,#5063,.T.);
#6871=ORIENTED_EDGE('',*,*,#5064,.T.);
#6872=ORIENTED_EDGE('',*,*,#5065,.T.);
#6873=ORIENTED_EDGE('',*,*,#5062,.F.);
#6874=ORIENTED_EDGE('',*,*,#4995,.T.);
#6875=ORIENTED_EDGE('',*,*,#5064,.F.);
#6876=ORIENTED_EDGE('',*,*,#4997,.T.);
#6877=ORIENTED_EDGE('',*,*,#5066,.T.);
#6878=ORIENTED_EDGE('',*,*,#5067,.T.);
#6879=ORIENTED_EDGE('',*,*,#5068,.T.);
#6880=ORIENTED_EDGE('',*,*,#5069,.T.);
#6881=ORIENTED_EDGE('',*,*,#5066,.F.);
#6882=ORIENTED_EDGE('',*,*,#4999,.T.);
#6883=ORIENTED_EDGE('',*,*,#5070,.T.);
#6884=ORIENTED_EDGE('',*,*,#5071,.T.);
#6885=ORIENTED_EDGE('',*,*,#5072,.F.);
#6886=ORIENTED_EDGE('',*,*,#4907,.F.);
#6887=ORIENTED_EDGE('',*,*,#5071,.F.);
#6888=ORIENTED_EDGE('',*,*,#5073,.T.);
#6889=ORIENTED_EDGE('',*,*,#5074,.T.);
#6890=ORIENTED_EDGE('',*,*,#5075,.T.);
#6891=ORIENTED_EDGE('',*,*,#5076,.T.);
#6892=ORIENTED_EDGE('',*,*,#5077,.T.);
#6893=ORIENTED_EDGE('',*,*,#5074,.F.);
#6894=ORIENTED_EDGE('',*,*,#5078,.T.);
#6895=ORIENTED_EDGE('',*,*,#5076,.F.);
#6896=ORIENTED_EDGE('',*,*,#5079,.T.);
#6897=ORIENTED_EDGE('',*,*,#5061,.F.);
#6898=ORIENTED_EDGE('',*,*,#5068,.F.);
#6899=ORIENTED_EDGE('',*,*,#5001,.T.);
#6900=ORIENTED_EDGE('',*,*,#5046,.F.);
#6901=ORIENTED_EDGE('',*,*,#5057,.F.);
#6902=ORIENTED_EDGE('',*,*,#5017,.T.);
#6903=ORIENTED_EDGE('',*,*,#5035,.F.);
#6904=ORIENTED_EDGE('',*,*,#5042,.F.);
#6905=ORIENTED_EDGE('',*,*,#5029,.T.);
#6906=ORIENTED_EDGE('',*,*,#5032,.F.);
#6907=ORIENTED_EDGE('',*,*,#4988,.F.);
#6908=ORIENTED_EDGE('',*,*,#4991,.T.);
#6909=ORIENTED_EDGE('',*,*,#5079,.F.);
#6910=ORIENTED_EDGE('',*,*,#5080,.T.);
#6911=ORIENTED_EDGE('',*,*,#4922,.F.);
#6912=ORIENTED_EDGE('',*,*,#5080,.F.);
#6913=ORIENTED_EDGE('',*,*,#5078,.F.);
#6914=ORIENTED_EDGE('',*,*,#5081,.F.);
#6915=ORIENTED_EDGE('',*,*,#4923,.F.);
#6916=ORIENTED_EDGE('',*,*,#5081,.T.);
#6917=ORIENTED_EDGE('',*,*,#5073,.F.);
#6918=ORIENTED_EDGE('',*,*,#5082,.T.);
#6919=ORIENTED_EDGE('',*,*,#4927,.F.);
#6920=ORIENTED_EDGE('',*,*,#5082,.F.);
#6921=ORIENTED_EDGE('',*,*,#5070,.F.);
#6922=ORIENTED_EDGE('',*,*,#4918,.T.);
#6923=ORIENTED_EDGE('',*,*,#4926,.T.);
#6924=ORIENTED_EDGE('',*,*,#4767,.T.);
#6925=ORIENTED_EDGE('',*,*,#4766,.T.);
#6926=ORIENTED_EDGE('',*,*,#4785,.T.);
#6927=ORIENTED_EDGE('',*,*,#4780,.T.);
#6928=ORIENTED_EDGE('',*,*,#4779,.T.);
#6929=ORIENTED_EDGE('',*,*,#4774,.T.);
#6930=ORIENTED_EDGE('',*,*,#4773,.T.);
#6931=ORIENTED_EDGE('',*,*,#4807,.T.);
#6932=ORIENTED_EDGE('',*,*,#4802,.T.);
#6933=ORIENTED_EDGE('',*,*,#4801,.T.);
#6934=ORIENTED_EDGE('',*,*,#4796,.T.);
#6935=ORIENTED_EDGE('',*,*,#4795,.T.);
#6936=ORIENTED_EDGE('',*,*,#4790,.T.);
#6937=ORIENTED_EDGE('',*,*,#4789,.T.);
#6938=ORIENTED_EDGE('',*,*,#4823,.T.);
#6939=ORIENTED_EDGE('',*,*,#4818,.T.);
#6940=ORIENTED_EDGE('',*,*,#4817,.T.);
#6941=ORIENTED_EDGE('',*,*,#4812,.T.);
#6942=ORIENTED_EDGE('',*,*,#4811,.T.);
#6943=ORIENTED_EDGE('',*,*,#4984,.F.);
#6944=ORIENTED_EDGE('',*,*,#4967,.F.);
#6945=ORIENTED_EDGE('',*,*,#4972,.F.);
#6946=ORIENTED_EDGE('',*,*,#4974,.F.);
#6947=ORIENTED_EDGE('',*,*,#4978,.F.);
#6948=ORIENTED_EDGE('',*,*,#4980,.F.);
#6949=ORIENTED_EDGE('',*,*,#4945,.F.);
#6950=ORIENTED_EDGE('',*,*,#4950,.F.);
#6951=ORIENTED_EDGE('',*,*,#4952,.F.);
#6952=ORIENTED_EDGE('',*,*,#4956,.F.);
#6953=ORIENTED_EDGE('',*,*,#4958,.F.);
#6954=ORIENTED_EDGE('',*,*,#4962,.F.);
#6955=ORIENTED_EDGE('',*,*,#4964,.F.);
#6956=ORIENTED_EDGE('',*,*,#4929,.F.);
#6957=ORIENTED_EDGE('',*,*,#4934,.F.);
#6958=ORIENTED_EDGE('',*,*,#4936,.F.);
#6959=ORIENTED_EDGE('',*,*,#4940,.F.);
#6960=ORIENTED_EDGE('',*,*,#4942,.F.);
#6961=ORIENTED_EDGE('',*,*,#4920,.F.);
#6962=ORIENTED_EDGE('',*,*,#4925,.F.);
#6963=ORIENTED_EDGE('',*,*,#5031,.T.);
#6964=ORIENTED_EDGE('',*,*,#4880,.T.);
#6965=ORIENTED_EDGE('',*,*,#4877,.T.);
#6966=ORIENTED_EDGE('',*,*,#4876,.T.);
#6967=ORIENTED_EDGE('',*,*,#4873,.T.);
#6968=ORIENTED_EDGE('',*,*,#4872,.T.);
#6969=ORIENTED_EDGE('',*,*,#4895,.T.);
#6970=ORIENTED_EDGE('',*,*,#4892,.T.);
#6971=ORIENTED_EDGE('',*,*,#4891,.T.);
#6972=ORIENTED_EDGE('',*,*,#4888,.T.);
#6973=ORIENTED_EDGE('',*,*,#4887,.T.);
#6974=ORIENTED_EDGE('',*,*,#4884,.T.);
#6975=ORIENTED_EDGE('',*,*,#4883,.T.);
#6976=ORIENTED_EDGE('',*,*,#4906,.T.);
#6977=ORIENTED_EDGE('',*,*,#4903,.T.);
#6978=ORIENTED_EDGE('',*,*,#4902,.T.);
#6979=ORIENTED_EDGE('',*,*,#4899,.T.);
#6980=ORIENTED_EDGE('',*,*,#4898,.T.);
#6981=ORIENTED_EDGE('',*,*,#4913,.T.);
#6982=ORIENTED_EDGE('',*,*,#4908,.T.);
#6983=ORIENTED_EDGE('',*,*,#5072,.T.);
#6984=ORIENTED_EDGE('',*,*,#5075,.F.);
#6985=ORIENTED_EDGE('',*,*,#5077,.F.);
#6986=ORIENTED_EDGE('',*,*,#5060,.F.);
#6987=ORIENTED_EDGE('',*,*,#5063,.F.);
#6988=ORIENTED_EDGE('',*,*,#5065,.F.);
#6989=ORIENTED_EDGE('',*,*,#5067,.F.);
#6990=ORIENTED_EDGE('',*,*,#5069,.F.);
#6991=ORIENTED_EDGE('',*,*,#5045,.F.);
#6992=ORIENTED_EDGE('',*,*,#5048,.F.);
#6993=ORIENTED_EDGE('',*,*,#5050,.F.);
#6994=ORIENTED_EDGE('',*,*,#5052,.F.);
#6995=ORIENTED_EDGE('',*,*,#5054,.F.);
#6996=ORIENTED_EDGE('',*,*,#5056,.F.);
#6997=ORIENTED_EDGE('',*,*,#5058,.F.);
#6998=ORIENTED_EDGE('',*,*,#5034,.F.);
#6999=ORIENTED_EDGE('',*,*,#5037,.F.);
#7000=ORIENTED_EDGE('',*,*,#5039,.F.);
#7001=ORIENTED_EDGE('',*,*,#5041,.F.);
#7002=ORIENTED_EDGE('',*,*,#5043,.F.);
#7003=ORIENTED_EDGE('',*,*,#5083,.F.);
#7004=ORIENTED_EDGE('',*,*,#5084,.F.);
#7005=ORIENTED_EDGE('',*,*,#5085,.F.);
#7006=ORIENTED_EDGE('',*,*,#5086,.F.);
#7007=ORIENTED_EDGE('',*,*,#5083,.T.);
#7008=ORIENTED_EDGE('',*,*,#5087,.F.);
#7009=ORIENTED_EDGE('',*,*,#5088,.F.);
#7010=ORIENTED_EDGE('',*,*,#5089,.F.);
#7011=ORIENTED_EDGE('',*,*,#5090,.F.);
#7012=ORIENTED_EDGE('',*,*,#5091,.F.);
#7013=ORIENTED_EDGE('',*,*,#5092,.F.);
#7014=ORIENTED_EDGE('',*,*,#5093,.F.);
#7015=ORIENTED_EDGE('',*,*,#5090,.T.);
#7016=ORIENTED_EDGE('',*,*,#5094,.F.);
#7017=ORIENTED_EDGE('',*,*,#5095,.F.);
#7018=ORIENTED_EDGE('',*,*,#5096,.F.);
#7019=ORIENTED_EDGE('',*,*,#5097,.F.);
#7020=ORIENTED_EDGE('',*,*,#5098,.F.);
#7021=ORIENTED_EDGE('',*,*,#5095,.T.);
#7022=ORIENTED_EDGE('',*,*,#5099,.F.);
#7023=ORIENTED_EDGE('',*,*,#5097,.T.);
#7024=ORIENTED_EDGE('',*,*,#5100,.F.);
#7025=ORIENTED_EDGE('',*,*,#5101,.F.);
#7026=ORIENTED_EDGE('',*,*,#5102,.F.);
#7027=ORIENTED_EDGE('',*,*,#5103,.F.);
#7028=ORIENTED_EDGE('',*,*,#5104,.F.);
#7029=ORIENTED_EDGE('',*,*,#5101,.T.);
#7030=ORIENTED_EDGE('',*,*,#5105,.F.);
#7031=ORIENTED_EDGE('',*,*,#5106,.F.);
#7032=ORIENTED_EDGE('',*,*,#5107,.F.);
#7033=ORIENTED_EDGE('',*,*,#5108,.F.);
#7034=ORIENTED_EDGE('',*,*,#5109,.F.);
#7035=ORIENTED_EDGE('',*,*,#5106,.T.);
#7036=ORIENTED_EDGE('',*,*,#5110,.F.);
#7037=ORIENTED_EDGE('',*,*,#5111,.F.);
#7038=ORIENTED_EDGE('',*,*,#5112,.F.);
#7039=ORIENTED_EDGE('',*,*,#5113,.F.);
#7040=ORIENTED_EDGE('',*,*,#5114,.F.);
#7041=ORIENTED_EDGE('',*,*,#5111,.T.);
#7042=ORIENTED_EDGE('',*,*,#5115,.F.);
#7043=ORIENTED_EDGE('',*,*,#5113,.T.);
#7044=ORIENTED_EDGE('',*,*,#5116,.F.);
#7045=ORIENTED_EDGE('',*,*,#5117,.F.);
#7046=ORIENTED_EDGE('',*,*,#5118,.F.);
#7047=ORIENTED_EDGE('',*,*,#5119,.F.);
#7048=ORIENTED_EDGE('',*,*,#5120,.F.);
#7049=ORIENTED_EDGE('',*,*,#5117,.T.);
#7050=ORIENTED_EDGE('',*,*,#5121,.F.);
#7051=ORIENTED_EDGE('',*,*,#5119,.T.);
#7052=ORIENTED_EDGE('',*,*,#5122,.F.);
#7053=ORIENTED_EDGE('',*,*,#5123,.F.);
#7054=ORIENTED_EDGE('',*,*,#5124,.F.);
#7055=ORIENTED_EDGE('',*,*,#5125,.F.);
#7056=ORIENTED_EDGE('',*,*,#5126,.F.);
#7057=ORIENTED_EDGE('',*,*,#5123,.T.);
#7058=ORIENTED_EDGE('',*,*,#5127,.F.);
#7059=ORIENTED_EDGE('',*,*,#5128,.F.);
#7060=ORIENTED_EDGE('',*,*,#5129,.F.);
#7061=ORIENTED_EDGE('',*,*,#5130,.F.);
#7062=ORIENTED_EDGE('',*,*,#5131,.F.);
#7063=ORIENTED_EDGE('',*,*,#5128,.T.);
#7064=ORIENTED_EDGE('',*,*,#5132,.F.);
#7065=ORIENTED_EDGE('',*,*,#5133,.F.);
#7066=ORIENTED_EDGE('',*,*,#5134,.F.);
#7067=ORIENTED_EDGE('',*,*,#5135,.F.);
#7068=ORIENTED_EDGE('',*,*,#5136,.F.);
#7069=ORIENTED_EDGE('',*,*,#5133,.T.);
#7070=ORIENTED_EDGE('',*,*,#5137,.F.);
#7071=ORIENTED_EDGE('',*,*,#5135,.T.);
#7072=ORIENTED_EDGE('',*,*,#5138,.F.);
#7073=ORIENTED_EDGE('',*,*,#5139,.F.);
#7074=ORIENTED_EDGE('',*,*,#5140,.F.);
#7075=ORIENTED_EDGE('',*,*,#5141,.F.);
#7076=ORIENTED_EDGE('',*,*,#5142,.F.);
#7077=ORIENTED_EDGE('',*,*,#5139,.T.);
#7078=ORIENTED_EDGE('',*,*,#5143,.F.);
#7079=ORIENTED_EDGE('',*,*,#5144,.T.);
#7080=ORIENTED_EDGE('',*,*,#5130,.T.);
#7081=ORIENTED_EDGE('',*,*,#5145,.F.);
#7082=ORIENTED_EDGE('',*,*,#5141,.T.);
#7083=ORIENTED_EDGE('',*,*,#5108,.T.);
#7084=ORIENTED_EDGE('',*,*,#5146,.F.);
#7085=ORIENTED_EDGE('',*,*,#5125,.T.);
#7086=ORIENTED_EDGE('',*,*,#5092,.T.);
#7087=ORIENTED_EDGE('',*,*,#5147,.F.);
#7088=ORIENTED_EDGE('',*,*,#5103,.T.);
#7089=ORIENTED_EDGE('',*,*,#5085,.T.);
#7090=ORIENTED_EDGE('',*,*,#5148,.F.);
#7091=ORIENTED_EDGE('',*,*,#5104,.T.);
#7092=ORIENTED_EDGE('',*,*,#5149,.T.);
#7093=ORIENTED_EDGE('',*,*,#5150,.T.);
#7094=ORIENTED_EDGE('',*,*,#5151,.T.);
#7095=ORIENTED_EDGE('',*,*,#5102,.T.);
#7096=ORIENTED_EDGE('',*,*,#5151,.F.);
#7097=ORIENTED_EDGE('',*,*,#5152,.T.);
#7098=ORIENTED_EDGE('',*,*,#5153,.F.);
#7099=ORIENTED_EDGE('',*,*,#5098,.T.);
#7100=ORIENTED_EDGE('',*,*,#5153,.T.);
#7101=ORIENTED_EDGE('',*,*,#5154,.T.);
#7102=ORIENTED_EDGE('',*,*,#5155,.T.);
#7103=ORIENTED_EDGE('',*,*,#5096,.T.);
#7104=ORIENTED_EDGE('',*,*,#5155,.F.);
#7105=ORIENTED_EDGE('',*,*,#5156,.T.);
#7106=ORIENTED_EDGE('',*,*,#5157,.F.);
#7107=ORIENTED_EDGE('',*,*,#5091,.T.);
#7108=ORIENTED_EDGE('',*,*,#5157,.T.);
#7109=ORIENTED_EDGE('',*,*,#5158,.T.);
#7110=ORIENTED_EDGE('',*,*,#5159,.T.);
#7111=ORIENTED_EDGE('',*,*,#5147,.T.);
#7112=ORIENTED_EDGE('',*,*,#5159,.F.);
#7113=ORIENTED_EDGE('',*,*,#5160,.T.);
#7114=ORIENTED_EDGE('',*,*,#5161,.F.);
#7115=ORIENTED_EDGE('',*,*,#5126,.T.);
#7116=ORIENTED_EDGE('',*,*,#5161,.T.);
#7117=ORIENTED_EDGE('',*,*,#5162,.T.);
#7118=ORIENTED_EDGE('',*,*,#5163,.T.);
#7119=ORIENTED_EDGE('',*,*,#5124,.T.);
#7120=ORIENTED_EDGE('',*,*,#5163,.F.);
#7121=ORIENTED_EDGE('',*,*,#5164,.T.);
#7122=ORIENTED_EDGE('',*,*,#5165,.F.);
#7123=ORIENTED_EDGE('',*,*,#5120,.T.);
#7124=ORIENTED_EDGE('',*,*,#5165,.T.);
#7125=ORIENTED_EDGE('',*,*,#5166,.T.);
#7126=ORIENTED_EDGE('',*,*,#5167,.T.);
#7127=ORIENTED_EDGE('',*,*,#5118,.T.);
#7128=ORIENTED_EDGE('',*,*,#5167,.F.);
#7129=ORIENTED_EDGE('',*,*,#5168,.T.);
#7130=ORIENTED_EDGE('',*,*,#5169,.F.);
#7131=ORIENTED_EDGE('',*,*,#5114,.T.);
#7132=ORIENTED_EDGE('',*,*,#5169,.T.);
#7133=ORIENTED_EDGE('',*,*,#5170,.T.);
#7134=ORIENTED_EDGE('',*,*,#5171,.T.);
#7135=ORIENTED_EDGE('',*,*,#5112,.T.);
#7136=ORIENTED_EDGE('',*,*,#5171,.F.);
#7137=ORIENTED_EDGE('',*,*,#5172,.T.);
#7138=ORIENTED_EDGE('',*,*,#5173,.F.);
#7139=ORIENTED_EDGE('',*,*,#5107,.T.);
#7140=ORIENTED_EDGE('',*,*,#5173,.T.);
#7141=ORIENTED_EDGE('',*,*,#5174,.T.);
#7142=ORIENTED_EDGE('',*,*,#5175,.T.);
#7143=ORIENTED_EDGE('',*,*,#5146,.T.);
#7144=ORIENTED_EDGE('',*,*,#5175,.F.);
#7145=ORIENTED_EDGE('',*,*,#5176,.T.);
#7146=ORIENTED_EDGE('',*,*,#5177,.F.);
#7147=ORIENTED_EDGE('',*,*,#5142,.T.);
#7148=ORIENTED_EDGE('',*,*,#5177,.T.);
#7149=ORIENTED_EDGE('',*,*,#5178,.T.);
#7150=ORIENTED_EDGE('',*,*,#5179,.T.);
#7151=ORIENTED_EDGE('',*,*,#5140,.T.);
#7152=ORIENTED_EDGE('',*,*,#5179,.F.);
#7153=ORIENTED_EDGE('',*,*,#5180,.T.);
#7154=ORIENTED_EDGE('',*,*,#5181,.F.);
#7155=ORIENTED_EDGE('',*,*,#5136,.T.);
#7156=ORIENTED_EDGE('',*,*,#5181,.T.);
#7157=ORIENTED_EDGE('',*,*,#5182,.T.);
#7158=ORIENTED_EDGE('',*,*,#5183,.T.);
#7159=ORIENTED_EDGE('',*,*,#5134,.T.);
#7160=ORIENTED_EDGE('',*,*,#5183,.F.);
#7161=ORIENTED_EDGE('',*,*,#5184,.T.);
#7162=ORIENTED_EDGE('',*,*,#5185,.F.);
#7163=ORIENTED_EDGE('',*,*,#5129,.T.);
#7164=ORIENTED_EDGE('',*,*,#5185,.T.);
#7165=ORIENTED_EDGE('',*,*,#5186,.T.);
#7166=ORIENTED_EDGE('',*,*,#5187,.T.);
#7167=ORIENTED_EDGE('',*,*,#5145,.T.);
#7168=ORIENTED_EDGE('',*,*,#5187,.F.);
#7169=ORIENTED_EDGE('',*,*,#5188,.T.);
#7170=ORIENTED_EDGE('',*,*,#5189,.F.);
#7171=ORIENTED_EDGE('',*,*,#5190,.F.);
#7172=ORIENTED_EDGE('',*,*,#5178,.F.);
#7173=ORIENTED_EDGE('',*,*,#5191,.F.);
#7174=ORIENTED_EDGE('',*,*,#5192,.F.);
#7175=ORIENTED_EDGE('',*,*,#5190,.T.);
#7176=ORIENTED_EDGE('',*,*,#5193,.F.);
#7177=ORIENTED_EDGE('',*,*,#5194,.F.);
#7178=ORIENTED_EDGE('',*,*,#5180,.F.);
#7179=ORIENTED_EDGE('',*,*,#5195,.F.);
#7180=ORIENTED_EDGE('',*,*,#5182,.F.);
#7181=ORIENTED_EDGE('',*,*,#5194,.T.);
#7182=ORIENTED_EDGE('',*,*,#5196,.F.);
#7183=ORIENTED_EDGE('',*,*,#5195,.T.);
#7184=ORIENTED_EDGE('',*,*,#5197,.F.);
#7185=ORIENTED_EDGE('',*,*,#5198,.F.);
#7186=ORIENTED_EDGE('',*,*,#5184,.F.);
#7187=ORIENTED_EDGE('',*,*,#5199,.F.);
#7188=ORIENTED_EDGE('',*,*,#5186,.F.);
#7189=ORIENTED_EDGE('',*,*,#5198,.T.);
#7190=ORIENTED_EDGE('',*,*,#5200,.F.);
#7191=ORIENTED_EDGE('',*,*,#5201,.F.);
#7192=ORIENTED_EDGE('',*,*,#5162,.F.);
#7193=ORIENTED_EDGE('',*,*,#5202,.F.);
#7194=ORIENTED_EDGE('',*,*,#5203,.F.);
#7195=ORIENTED_EDGE('',*,*,#5201,.T.);
#7196=ORIENTED_EDGE('',*,*,#5204,.F.);
#7197=ORIENTED_EDGE('',*,*,#5205,.F.);
#7198=ORIENTED_EDGE('',*,*,#5164,.F.);
#7199=ORIENTED_EDGE('',*,*,#5206,.F.);
#7200=ORIENTED_EDGE('',*,*,#5166,.F.);
#7201=ORIENTED_EDGE('',*,*,#5205,.T.);
#7202=ORIENTED_EDGE('',*,*,#5207,.F.);
#7203=ORIENTED_EDGE('',*,*,#5206,.T.);
#7204=ORIENTED_EDGE('',*,*,#5208,.F.);
#7205=ORIENTED_EDGE('',*,*,#5209,.F.);
#7206=ORIENTED_EDGE('',*,*,#5168,.F.);
#7207=ORIENTED_EDGE('',*,*,#5210,.F.);
#7208=ORIENTED_EDGE('',*,*,#5170,.F.);
#7209=ORIENTED_EDGE('',*,*,#5209,.T.);
#7210=ORIENTED_EDGE('',*,*,#5211,.F.);
#7211=ORIENTED_EDGE('',*,*,#5210,.T.);
#7212=ORIENTED_EDGE('',*,*,#5212,.F.);
#7213=ORIENTED_EDGE('',*,*,#5213,.F.);
#7214=ORIENTED_EDGE('',*,*,#5172,.F.);
#7215=ORIENTED_EDGE('',*,*,#5214,.F.);
#7216=ORIENTED_EDGE('',*,*,#5174,.F.);
#7217=ORIENTED_EDGE('',*,*,#5213,.T.);
#7218=ORIENTED_EDGE('',*,*,#5215,.F.);
#7219=ORIENTED_EDGE('',*,*,#5216,.F.);
#7220=ORIENTED_EDGE('',*,*,#5150,.F.);
#7221=ORIENTED_EDGE('',*,*,#5217,.F.);
#7222=ORIENTED_EDGE('',*,*,#5218,.F.);
#7223=ORIENTED_EDGE('',*,*,#5216,.T.);
#7224=ORIENTED_EDGE('',*,*,#5219,.F.);
#7225=ORIENTED_EDGE('',*,*,#5220,.F.);
#7226=ORIENTED_EDGE('',*,*,#5152,.F.);
#7227=ORIENTED_EDGE('',*,*,#5221,.F.);
#7228=ORIENTED_EDGE('',*,*,#5154,.F.);
#7229=ORIENTED_EDGE('',*,*,#5220,.T.);
#7230=ORIENTED_EDGE('',*,*,#5222,.F.);
#7231=ORIENTED_EDGE('',*,*,#5221,.T.);
#7232=ORIENTED_EDGE('',*,*,#5223,.F.);
#7233=ORIENTED_EDGE('',*,*,#5224,.F.);
#7234=ORIENTED_EDGE('',*,*,#5156,.F.);
#7235=ORIENTED_EDGE('',*,*,#5225,.F.);
#7236=ORIENTED_EDGE('',*,*,#5158,.F.);
#7237=ORIENTED_EDGE('',*,*,#5224,.T.);
#7238=ORIENTED_EDGE('',*,*,#5226,.F.);
#7239=ORIENTED_EDGE('',*,*,#5227,.T.);
#7240=ORIENTED_EDGE('',*,*,#5228,.F.);
#7241=ORIENTED_EDGE('',*,*,#5229,.F.);
#7242=ORIENTED_EDGE('',*,*,#5230,.F.);
#7243=ORIENTED_EDGE('',*,*,#5231,.F.);
#7244=ORIENTED_EDGE('',*,*,#5232,.F.);
#7245=ORIENTED_EDGE('',*,*,#5229,.T.);
#7246=ORIENTED_EDGE('',*,*,#5233,.F.);
#7247=ORIENTED_EDGE('',*,*,#5231,.T.);
#7248=ORIENTED_EDGE('',*,*,#5217,.T.);
#7249=ORIENTED_EDGE('',*,*,#5234,.F.);
#7250=ORIENTED_EDGE('',*,*,#5225,.T.);
#7251=ORIENTED_EDGE('',*,*,#5202,.T.);
#7252=ORIENTED_EDGE('',*,*,#5160,.F.);
#7253=ORIENTED_EDGE('',*,*,#5214,.T.);
#7254=ORIENTED_EDGE('',*,*,#5191,.T.);
#7255=ORIENTED_EDGE('',*,*,#5176,.F.);
#7256=ORIENTED_EDGE('',*,*,#5199,.T.);
#7257=ORIENTED_EDGE('',*,*,#5235,.T.);
#7258=ORIENTED_EDGE('',*,*,#5188,.F.);
#7259=ORIENTED_EDGE('',*,*,#5148,.T.);
#7260=ORIENTED_EDGE('',*,*,#5236,.F.);
#7261=ORIENTED_EDGE('',*,*,#5234,.T.);
#7262=ORIENTED_EDGE('',*,*,#5149,.F.);
#7263=ORIENTED_EDGE('',*,*,#5084,.T.);
#7264=ORIENTED_EDGE('',*,*,#5237,.T.);
#7265=ORIENTED_EDGE('',*,*,#5232,.T.);
#7266=ORIENTED_EDGE('',*,*,#5236,.T.);
#7267=ORIENTED_EDGE('',*,*,#5089,.T.);
#7268=ORIENTED_EDGE('',*,*,#5238,.F.);
#7269=ORIENTED_EDGE('',*,*,#5230,.T.);
#7270=ORIENTED_EDGE('',*,*,#5237,.F.);
#7271=ORIENTED_EDGE('',*,*,#5239,.T.);
#7272=ORIENTED_EDGE('',*,*,#5240,.T.);
#7273=ORIENTED_EDGE('',*,*,#5241,.T.);
#7274=ORIENTED_EDGE('',*,*,#5242,.T.);
#7275=ORIENTED_EDGE('',*,*,#5239,.F.);
#7276=ORIENTED_EDGE('',*,*,#5243,.T.);
#7277=ORIENTED_EDGE('',*,*,#5244,.T.);
#7278=ORIENTED_EDGE('',*,*,#5245,.T.);
#7279=ORIENTED_EDGE('',*,*,#5246,.F.);
#7280=ORIENTED_EDGE('',*,*,#5244,.F.);
#7281=ORIENTED_EDGE('',*,*,#5247,.T.);
#7282=ORIENTED_EDGE('',*,*,#5088,.T.);
#7283=ORIENTED_EDGE('',*,*,#5248,.T.);
#7284=ORIENTED_EDGE('',*,*,#5249,.T.);
#7285=ORIENTED_EDGE('',*,*,#5250,.T.);
#7286=ORIENTED_EDGE('',*,*,#5251,.T.);
#7287=ORIENTED_EDGE('',*,*,#5248,.F.);
#7288=ORIENTED_EDGE('',*,*,#5252,.T.);
#7289=ORIENTED_EDGE('',*,*,#5253,.T.);
#7290=ORIENTED_EDGE('',*,*,#5254,.T.);
#7291=ORIENTED_EDGE('',*,*,#5255,.T.);
#7292=ORIENTED_EDGE('',*,*,#5256,.T.);
#7293=ORIENTED_EDGE('',*,*,#5253,.F.);
#7294=ORIENTED_EDGE('',*,*,#5257,.T.);
#7295=ORIENTED_EDGE('',*,*,#5255,.F.);
#7296=ORIENTED_EDGE('',*,*,#5258,.T.);
#7297=ORIENTED_EDGE('',*,*,#5259,.T.);
#7298=ORIENTED_EDGE('',*,*,#5260,.T.);
#7299=ORIENTED_EDGE('',*,*,#5261,.T.);
#7300=ORIENTED_EDGE('',*,*,#5262,.T.);
#7301=ORIENTED_EDGE('',*,*,#5259,.F.);
#7302=ORIENTED_EDGE('',*,*,#5263,.T.);
#7303=ORIENTED_EDGE('',*,*,#5264,.T.);
#7304=ORIENTED_EDGE('',*,*,#5265,.T.);
#7305=ORIENTED_EDGE('',*,*,#5266,.T.);
#7306=ORIENTED_EDGE('',*,*,#5267,.T.);
#7307=ORIENTED_EDGE('',*,*,#5264,.F.);
#7308=ORIENTED_EDGE('',*,*,#5268,.T.);
#7309=ORIENTED_EDGE('',*,*,#5269,.T.);
#7310=ORIENTED_EDGE('',*,*,#5270,.T.);
#7311=ORIENTED_EDGE('',*,*,#5271,.T.);
#7312=ORIENTED_EDGE('',*,*,#5272,.T.);
#7313=ORIENTED_EDGE('',*,*,#5269,.F.);
#7314=ORIENTED_EDGE('',*,*,#5273,.T.);
#7315=ORIENTED_EDGE('',*,*,#5271,.F.);
#7316=ORIENTED_EDGE('',*,*,#5274,.T.);
#7317=ORIENTED_EDGE('',*,*,#5275,.T.);
#7318=ORIENTED_EDGE('',*,*,#5276,.T.);
#7319=ORIENTED_EDGE('',*,*,#5277,.T.);
#7320=ORIENTED_EDGE('',*,*,#5278,.T.);
#7321=ORIENTED_EDGE('',*,*,#5275,.F.);
#7322=ORIENTED_EDGE('',*,*,#5279,.T.);
#7323=ORIENTED_EDGE('',*,*,#5277,.F.);
#7324=ORIENTED_EDGE('',*,*,#5280,.T.);
#7325=ORIENTED_EDGE('',*,*,#5281,.T.);
#7326=ORIENTED_EDGE('',*,*,#5282,.T.);
#7327=ORIENTED_EDGE('',*,*,#5283,.T.);
#7328=ORIENTED_EDGE('',*,*,#5284,.T.);
#7329=ORIENTED_EDGE('',*,*,#5281,.F.);
#7330=ORIENTED_EDGE('',*,*,#5285,.T.);
#7331=ORIENTED_EDGE('',*,*,#5286,.T.);
#7332=ORIENTED_EDGE('',*,*,#5287,.T.);
#7333=ORIENTED_EDGE('',*,*,#5288,.T.);
#7334=ORIENTED_EDGE('',*,*,#5289,.T.);
#7335=ORIENTED_EDGE('',*,*,#5286,.F.);
#7336=ORIENTED_EDGE('',*,*,#5290,.T.);
#7337=ORIENTED_EDGE('',*,*,#5291,.T.);
#7338=ORIENTED_EDGE('',*,*,#5292,.T.);
#7339=ORIENTED_EDGE('',*,*,#5293,.T.);
#7340=ORIENTED_EDGE('',*,*,#5294,.T.);
#7341=ORIENTED_EDGE('',*,*,#5291,.F.);
#7342=ORIENTED_EDGE('',*,*,#5295,.T.);
#7343=ORIENTED_EDGE('',*,*,#5293,.F.);
#7344=ORIENTED_EDGE('',*,*,#5296,.T.);
#7345=ORIENTED_EDGE('',*,*,#5297,.T.);
#7346=ORIENTED_EDGE('',*,*,#5298,.T.);
#7347=ORIENTED_EDGE('',*,*,#5299,.T.);
#7348=ORIENTED_EDGE('',*,*,#5300,.T.);
#7349=ORIENTED_EDGE('',*,*,#5297,.F.);
#7350=ORIENTED_EDGE('',*,*,#5301,.T.);
#7351=ORIENTED_EDGE('',*,*,#5302,.F.);
#7352=ORIENTED_EDGE('',*,*,#5303,.T.);
#7353=ORIENTED_EDGE('',*,*,#5304,.T.);
#7354=ORIENTED_EDGE('',*,*,#5144,.F.);
#7355=ORIENTED_EDGE('',*,*,#5303,.F.);
#7356=ORIENTED_EDGE('',*,*,#5305,.T.);
#7357=ORIENTED_EDGE('',*,*,#5288,.F.);
#7358=ORIENTED_EDGE('',*,*,#5299,.F.);
#7359=ORIENTED_EDGE('',*,*,#5306,.T.);
#7360=ORIENTED_EDGE('',*,*,#5266,.F.);
#7361=ORIENTED_EDGE('',*,*,#5283,.F.);
#7362=ORIENTED_EDGE('',*,*,#5307,.T.);
#7363=ORIENTED_EDGE('',*,*,#5250,.F.);
#7364=ORIENTED_EDGE('',*,*,#5261,.F.);
#7365=ORIENTED_EDGE('',*,*,#5308,.T.);
#7366=ORIENTED_EDGE('',*,*,#5241,.F.);
#7367=ORIENTED_EDGE('',*,*,#5263,.F.);
#7368=ORIENTED_EDGE('',*,*,#5309,.F.);
#7369=ORIENTED_EDGE('',*,*,#5310,.F.);
#7370=ORIENTED_EDGE('',*,*,#5311,.F.);
#7371=ORIENTED_EDGE('',*,*,#5258,.F.);
#7372=ORIENTED_EDGE('',*,*,#5312,.T.);
#7373=ORIENTED_EDGE('',*,*,#5313,.F.);
#7374=ORIENTED_EDGE('',*,*,#5309,.T.);
#7375=ORIENTED_EDGE('',*,*,#5257,.F.);
#7376=ORIENTED_EDGE('',*,*,#5314,.F.);
#7377=ORIENTED_EDGE('',*,*,#5315,.F.);
#7378=ORIENTED_EDGE('',*,*,#5312,.F.);
#7379=ORIENTED_EDGE('',*,*,#5252,.F.);
#7380=ORIENTED_EDGE('',*,*,#5316,.T.);
#7381=ORIENTED_EDGE('',*,*,#5317,.F.);
#7382=ORIENTED_EDGE('',*,*,#5314,.T.);
#7383=ORIENTED_EDGE('',*,*,#5251,.F.);
#7384=ORIENTED_EDGE('',*,*,#5318,.F.);
#7385=ORIENTED_EDGE('',*,*,#5319,.F.);
#7386=ORIENTED_EDGE('',*,*,#5316,.F.);
#7387=ORIENTED_EDGE('',*,*,#5307,.F.);
#7388=ORIENTED_EDGE('',*,*,#5320,.T.);
#7389=ORIENTED_EDGE('',*,*,#5321,.F.);
#7390=ORIENTED_EDGE('',*,*,#5318,.T.);
#7391=ORIENTED_EDGE('',*,*,#5285,.F.);
#7392=ORIENTED_EDGE('',*,*,#5322,.F.);
#7393=ORIENTED_EDGE('',*,*,#5323,.F.);
#7394=ORIENTED_EDGE('',*,*,#5320,.F.);
#7395=ORIENTED_EDGE('',*,*,#5280,.F.);
#7396=ORIENTED_EDGE('',*,*,#5324,.T.);
#7397=ORIENTED_EDGE('',*,*,#5325,.F.);
#7398=ORIENTED_EDGE('',*,*,#5322,.T.);
#7399=ORIENTED_EDGE('',*,*,#5279,.F.);
#7400=ORIENTED_EDGE('',*,*,#5326,.F.);
#7401=ORIENTED_EDGE('',*,*,#5327,.F.);
#7402=ORIENTED_EDGE('',*,*,#5324,.F.);
#7403=ORIENTED_EDGE('',*,*,#5274,.F.);
#7404=ORIENTED_EDGE('',*,*,#5328,.T.);
#7405=ORIENTED_EDGE('',*,*,#5329,.F.);
#7406=ORIENTED_EDGE('',*,*,#5326,.T.);
#7407=ORIENTED_EDGE('',*,*,#5273,.F.);
#7408=ORIENTED_EDGE('',*,*,#5330,.F.);
#7409=ORIENTED_EDGE('',*,*,#5331,.F.);
#7410=ORIENTED_EDGE('',*,*,#5328,.F.);
#7411=ORIENTED_EDGE('',*,*,#5268,.F.);
#7412=ORIENTED_EDGE('',*,*,#5332,.T.);
#7413=ORIENTED_EDGE('',*,*,#5333,.F.);
#7414=ORIENTED_EDGE('',*,*,#5330,.T.);
#7415=ORIENTED_EDGE('',*,*,#5267,.F.);
#7416=ORIENTED_EDGE('',*,*,#5334,.F.);
#7417=ORIENTED_EDGE('',*,*,#5335,.F.);
#7418=ORIENTED_EDGE('',*,*,#5332,.F.);
#7419=ORIENTED_EDGE('',*,*,#5306,.F.);
#7420=ORIENTED_EDGE('',*,*,#5336,.T.);
#7421=ORIENTED_EDGE('',*,*,#5337,.F.);
#7422=ORIENTED_EDGE('',*,*,#5334,.T.);
#7423=ORIENTED_EDGE('',*,*,#5301,.F.);
#7424=ORIENTED_EDGE('',*,*,#5338,.F.);
#7425=ORIENTED_EDGE('',*,*,#5339,.F.);
#7426=ORIENTED_EDGE('',*,*,#5336,.F.);
#7427=ORIENTED_EDGE('',*,*,#5296,.F.);
#7428=ORIENTED_EDGE('',*,*,#5340,.T.);
#7429=ORIENTED_EDGE('',*,*,#5341,.F.);
#7430=ORIENTED_EDGE('',*,*,#5338,.T.);
#7431=ORIENTED_EDGE('',*,*,#5295,.F.);
#7432=ORIENTED_EDGE('',*,*,#5342,.F.);
#7433=ORIENTED_EDGE('',*,*,#5343,.F.);
#7434=ORIENTED_EDGE('',*,*,#5340,.F.);
#7435=ORIENTED_EDGE('',*,*,#5290,.F.);
#7436=ORIENTED_EDGE('',*,*,#5344,.T.);
#7437=ORIENTED_EDGE('',*,*,#5345,.F.);
#7438=ORIENTED_EDGE('',*,*,#5342,.T.);
#7439=ORIENTED_EDGE('',*,*,#5289,.F.);
#7440=ORIENTED_EDGE('',*,*,#5346,.F.);
#7441=ORIENTED_EDGE('',*,*,#5347,.F.);
#7442=ORIENTED_EDGE('',*,*,#5344,.F.);
#7443=ORIENTED_EDGE('',*,*,#5305,.F.);
#7444=ORIENTED_EDGE('',*,*,#5348,.T.);
#7445=ORIENTED_EDGE('',*,*,#5349,.F.);
#7446=ORIENTED_EDGE('',*,*,#5346,.T.);
#7447=ORIENTED_EDGE('',*,*,#5302,.T.);
#7448=ORIENTED_EDGE('',*,*,#5189,.T.);
#7449=ORIENTED_EDGE('',*,*,#5350,.T.);
#7450=ORIENTED_EDGE('',*,*,#5348,.F.);
#7451=ORIENTED_EDGE('',*,*,#5351,.F.);
#7452=ORIENTED_EDGE('',*,*,#5352,.T.);
#7453=ORIENTED_EDGE('',*,*,#5350,.F.);
#7454=ORIENTED_EDGE('',*,*,#5235,.F.);
#7455=ORIENTED_EDGE('',*,*,#5353,.T.);
#7456=ORIENTED_EDGE('',*,*,#5354,.T.);
#7457=ORIENTED_EDGE('',*,*,#5355,.T.);
#7458=ORIENTED_EDGE('',*,*,#5339,.T.);
#7459=ORIENTED_EDGE('',*,*,#5353,.F.);
#7460=ORIENTED_EDGE('',*,*,#5341,.T.);
#7461=ORIENTED_EDGE('',*,*,#5356,.T.);
#7462=ORIENTED_EDGE('',*,*,#5357,.T.);
#7463=ORIENTED_EDGE('',*,*,#5358,.T.);
#7464=ORIENTED_EDGE('',*,*,#5359,.T.);
#7465=ORIENTED_EDGE('',*,*,#5356,.F.);
#7466=ORIENTED_EDGE('',*,*,#5343,.T.);
#7467=ORIENTED_EDGE('',*,*,#5358,.F.);
#7468=ORIENTED_EDGE('',*,*,#5345,.T.);
#7469=ORIENTED_EDGE('',*,*,#5360,.T.);
#7470=ORIENTED_EDGE('',*,*,#5361,.T.);
#7471=ORIENTED_EDGE('',*,*,#5362,.T.);
#7472=ORIENTED_EDGE('',*,*,#5363,.T.);
#7473=ORIENTED_EDGE('',*,*,#5360,.F.);
#7474=ORIENTED_EDGE('',*,*,#5347,.T.);
#7475=ORIENTED_EDGE('',*,*,#5364,.T.);
#7476=ORIENTED_EDGE('',*,*,#5365,.T.);
#7477=ORIENTED_EDGE('',*,*,#5366,.T.);
#7478=ORIENTED_EDGE('',*,*,#5323,.T.);
#7479=ORIENTED_EDGE('',*,*,#5364,.F.);
#7480=ORIENTED_EDGE('',*,*,#5325,.T.);
#7481=ORIENTED_EDGE('',*,*,#5367,.T.);
#7482=ORIENTED_EDGE('',*,*,#5368,.T.);
#7483=ORIENTED_EDGE('',*,*,#5369,.T.);
#7484=ORIENTED_EDGE('',*,*,#5370,.T.);
#7485=ORIENTED_EDGE('',*,*,#5367,.F.);
#7486=ORIENTED_EDGE('',*,*,#5327,.T.);
#7487=ORIENTED_EDGE('',*,*,#5369,.F.);
#7488=ORIENTED_EDGE('',*,*,#5329,.T.);
#7489=ORIENTED_EDGE('',*,*,#5371,.T.);
#7490=ORIENTED_EDGE('',*,*,#5372,.T.);
#7491=ORIENTED_EDGE('',*,*,#5373,.T.);
#7492=ORIENTED_EDGE('',*,*,#5374,.T.);
#7493=ORIENTED_EDGE('',*,*,#5371,.F.);
#7494=ORIENTED_EDGE('',*,*,#5331,.T.);
#7495=ORIENTED_EDGE('',*,*,#5373,.F.);
#7496=ORIENTED_EDGE('',*,*,#5333,.T.);
#7497=ORIENTED_EDGE('',*,*,#5375,.T.);
#7498=ORIENTED_EDGE('',*,*,#5376,.T.);
#7499=ORIENTED_EDGE('',*,*,#5377,.T.);
#7500=ORIENTED_EDGE('',*,*,#5378,.T.);
#7501=ORIENTED_EDGE('',*,*,#5375,.F.);
#7502=ORIENTED_EDGE('',*,*,#5335,.T.);
#7503=ORIENTED_EDGE('',*,*,#5379,.T.);
#7504=ORIENTED_EDGE('',*,*,#5380,.T.);
#7505=ORIENTED_EDGE('',*,*,#5381,.T.);
#7506=ORIENTED_EDGE('',*,*,#5310,.T.);
#7507=ORIENTED_EDGE('',*,*,#5379,.F.);
#7508=ORIENTED_EDGE('',*,*,#5313,.T.);
#7509=ORIENTED_EDGE('',*,*,#5382,.T.);
#7510=ORIENTED_EDGE('',*,*,#5383,.T.);
#7511=ORIENTED_EDGE('',*,*,#5384,.T.);
#7512=ORIENTED_EDGE('',*,*,#5385,.T.);
#7513=ORIENTED_EDGE('',*,*,#5382,.F.);
#7514=ORIENTED_EDGE('',*,*,#5315,.T.);
#7515=ORIENTED_EDGE('',*,*,#5384,.F.);
#7516=ORIENTED_EDGE('',*,*,#5317,.T.);
#7517=ORIENTED_EDGE('',*,*,#5386,.T.);
#7518=ORIENTED_EDGE('',*,*,#5387,.T.);
#7519=ORIENTED_EDGE('',*,*,#5388,.T.);
#7520=ORIENTED_EDGE('',*,*,#5389,.T.);
#7521=ORIENTED_EDGE('',*,*,#5386,.F.);
#7522=ORIENTED_EDGE('',*,*,#5319,.T.);
#7523=ORIENTED_EDGE('',*,*,#5390,.T.);
#7524=ORIENTED_EDGE('',*,*,#5391,.T.);
#7525=ORIENTED_EDGE('',*,*,#5392,.F.);
#7526=ORIENTED_EDGE('',*,*,#5227,.F.);
#7527=ORIENTED_EDGE('',*,*,#5391,.F.);
#7528=ORIENTED_EDGE('',*,*,#5393,.T.);
#7529=ORIENTED_EDGE('',*,*,#5394,.T.);
#7530=ORIENTED_EDGE('',*,*,#5395,.T.);
#7531=ORIENTED_EDGE('',*,*,#5396,.T.);
#7532=ORIENTED_EDGE('',*,*,#5397,.T.);
#7533=ORIENTED_EDGE('',*,*,#5394,.F.);
#7534=ORIENTED_EDGE('',*,*,#5398,.T.);
#7535=ORIENTED_EDGE('',*,*,#5396,.F.);
#7536=ORIENTED_EDGE('',*,*,#5399,.T.);
#7537=ORIENTED_EDGE('',*,*,#5381,.F.);
#7538=ORIENTED_EDGE('',*,*,#5388,.F.);
#7539=ORIENTED_EDGE('',*,*,#5321,.T.);
#7540=ORIENTED_EDGE('',*,*,#5366,.F.);
#7541=ORIENTED_EDGE('',*,*,#5377,.F.);
#7542=ORIENTED_EDGE('',*,*,#5337,.T.);
#7543=ORIENTED_EDGE('',*,*,#5355,.F.);
#7544=ORIENTED_EDGE('',*,*,#5362,.F.);
#7545=ORIENTED_EDGE('',*,*,#5349,.T.);
#7546=ORIENTED_EDGE('',*,*,#5352,.F.);
#7547=ORIENTED_EDGE('',*,*,#5308,.F.);
#7548=ORIENTED_EDGE('',*,*,#5311,.T.);
#7549=ORIENTED_EDGE('',*,*,#5399,.F.);
#7550=ORIENTED_EDGE('',*,*,#5400,.T.);
#7551=ORIENTED_EDGE('',*,*,#5242,.F.);
#7552=ORIENTED_EDGE('',*,*,#5400,.F.);
#7553=ORIENTED_EDGE('',*,*,#5398,.F.);
#7554=ORIENTED_EDGE('',*,*,#5401,.F.);
#7555=ORIENTED_EDGE('',*,*,#5243,.F.);
#7556=ORIENTED_EDGE('',*,*,#5401,.T.);
#7557=ORIENTED_EDGE('',*,*,#5393,.F.);
#7558=ORIENTED_EDGE('',*,*,#5402,.T.);
#7559=ORIENTED_EDGE('',*,*,#5247,.F.);
#7560=ORIENTED_EDGE('',*,*,#5402,.F.);
#7561=ORIENTED_EDGE('',*,*,#5390,.F.);
#7562=ORIENTED_EDGE('',*,*,#5238,.T.);
#7563=ORIENTED_EDGE('',*,*,#5246,.T.);
#7564=ORIENTED_EDGE('',*,*,#5087,.T.);
#7565=ORIENTED_EDGE('',*,*,#5086,.T.);
#7566=ORIENTED_EDGE('',*,*,#5105,.T.);
#7567=ORIENTED_EDGE('',*,*,#5100,.T.);
#7568=ORIENTED_EDGE('',*,*,#5099,.T.);
#7569=ORIENTED_EDGE('',*,*,#5094,.T.);
#7570=ORIENTED_EDGE('',*,*,#5093,.T.);
#7571=ORIENTED_EDGE('',*,*,#5127,.T.);
#7572=ORIENTED_EDGE('',*,*,#5122,.T.);
#7573=ORIENTED_EDGE('',*,*,#5121,.T.);
#7574=ORIENTED_EDGE('',*,*,#5116,.T.);
#7575=ORIENTED_EDGE('',*,*,#5115,.T.);
#7576=ORIENTED_EDGE('',*,*,#5110,.T.);
#7577=ORIENTED_EDGE('',*,*,#5109,.T.);
#7578=ORIENTED_EDGE('',*,*,#5143,.T.);
#7579=ORIENTED_EDGE('',*,*,#5138,.T.);
#7580=ORIENTED_EDGE('',*,*,#5137,.T.);
#7581=ORIENTED_EDGE('',*,*,#5132,.T.);
#7582=ORIENTED_EDGE('',*,*,#5131,.T.);
#7583=ORIENTED_EDGE('',*,*,#5304,.F.);
#7584=ORIENTED_EDGE('',*,*,#5287,.F.);
#7585=ORIENTED_EDGE('',*,*,#5292,.F.);
#7586=ORIENTED_EDGE('',*,*,#5294,.F.);
#7587=ORIENTED_EDGE('',*,*,#5298,.F.);
#7588=ORIENTED_EDGE('',*,*,#5300,.F.);
#7589=ORIENTED_EDGE('',*,*,#5265,.F.);
#7590=ORIENTED_EDGE('',*,*,#5270,.F.);
#7591=ORIENTED_EDGE('',*,*,#5272,.F.);
#7592=ORIENTED_EDGE('',*,*,#5276,.F.);
#7593=ORIENTED_EDGE('',*,*,#5278,.F.);
#7594=ORIENTED_EDGE('',*,*,#5282,.F.);
#7595=ORIENTED_EDGE('',*,*,#5284,.F.);
#7596=ORIENTED_EDGE('',*,*,#5249,.F.);
#7597=ORIENTED_EDGE('',*,*,#5254,.F.);
#7598=ORIENTED_EDGE('',*,*,#5256,.F.);
#7599=ORIENTED_EDGE('',*,*,#5260,.F.);
#7600=ORIENTED_EDGE('',*,*,#5262,.F.);
#7601=ORIENTED_EDGE('',*,*,#5240,.F.);
#7602=ORIENTED_EDGE('',*,*,#5245,.F.);
#7603=ORIENTED_EDGE('',*,*,#5351,.T.);
#7604=ORIENTED_EDGE('',*,*,#5200,.T.);
#7605=ORIENTED_EDGE('',*,*,#5197,.T.);
#7606=ORIENTED_EDGE('',*,*,#5196,.T.);
#7607=ORIENTED_EDGE('',*,*,#5193,.T.);
#7608=ORIENTED_EDGE('',*,*,#5192,.T.);
#7609=ORIENTED_EDGE('',*,*,#5215,.T.);
#7610=ORIENTED_EDGE('',*,*,#5212,.T.);
#7611=ORIENTED_EDGE('',*,*,#5211,.T.);
#7612=ORIENTED_EDGE('',*,*,#5208,.T.);
#7613=ORIENTED_EDGE('',*,*,#5207,.T.);
#7614=ORIENTED_EDGE('',*,*,#5204,.T.);
#7615=ORIENTED_EDGE('',*,*,#5203,.T.);
#7616=ORIENTED_EDGE('',*,*,#5226,.T.);
#7617=ORIENTED_EDGE('',*,*,#5223,.T.);
#7618=ORIENTED_EDGE('',*,*,#5222,.T.);
#7619=ORIENTED_EDGE('',*,*,#5219,.T.);
#7620=ORIENTED_EDGE('',*,*,#5218,.T.);
#7621=ORIENTED_EDGE('',*,*,#5233,.T.);
#7622=ORIENTED_EDGE('',*,*,#5228,.T.);
#7623=ORIENTED_EDGE('',*,*,#5392,.T.);
#7624=ORIENTED_EDGE('',*,*,#5395,.F.);
#7625=ORIENTED_EDGE('',*,*,#5397,.F.);
#7626=ORIENTED_EDGE('',*,*,#5380,.F.);
#7627=ORIENTED_EDGE('',*,*,#5383,.F.);
#7628=ORIENTED_EDGE('',*,*,#5385,.F.);
#7629=ORIENTED_EDGE('',*,*,#5387,.F.);
#7630=ORIENTED_EDGE('',*,*,#5389,.F.);
#7631=ORIENTED_EDGE('',*,*,#5365,.F.);
#7632=ORIENTED_EDGE('',*,*,#5368,.F.);
#7633=ORIENTED_EDGE('',*,*,#5370,.F.);
#7634=ORIENTED_EDGE('',*,*,#5372,.F.);
#7635=ORIENTED_EDGE('',*,*,#5374,.F.);
#7636=ORIENTED_EDGE('',*,*,#5376,.F.);
#7637=ORIENTED_EDGE('',*,*,#5378,.F.);
#7638=ORIENTED_EDGE('',*,*,#5354,.F.);
#7639=ORIENTED_EDGE('',*,*,#5357,.F.);
#7640=ORIENTED_EDGE('',*,*,#5359,.F.);
#7641=ORIENTED_EDGE('',*,*,#5361,.F.);
#7642=ORIENTED_EDGE('',*,*,#5363,.F.);
#7643=ORIENTED_EDGE('',*,*,#5403,.F.);
#7644=ORIENTED_EDGE('',*,*,#5404,.F.);
#7645=ORIENTED_EDGE('',*,*,#5405,.F.);
#7646=ORIENTED_EDGE('',*,*,#5406,.F.);
#7647=ORIENTED_EDGE('',*,*,#5403,.T.);
#7648=ORIENTED_EDGE('',*,*,#5407,.F.);
#7649=ORIENTED_EDGE('',*,*,#5408,.F.);
#7650=ORIENTED_EDGE('',*,*,#5409,.F.);
#7651=ORIENTED_EDGE('',*,*,#5410,.F.);
#7652=ORIENTED_EDGE('',*,*,#5411,.F.);
#7653=ORIENTED_EDGE('',*,*,#5412,.F.);
#7654=ORIENTED_EDGE('',*,*,#5413,.F.);
#7655=ORIENTED_EDGE('',*,*,#5410,.T.);
#7656=ORIENTED_EDGE('',*,*,#5414,.F.);
#7657=ORIENTED_EDGE('',*,*,#5415,.F.);
#7658=ORIENTED_EDGE('',*,*,#5416,.F.);
#7659=ORIENTED_EDGE('',*,*,#5417,.F.);
#7660=ORIENTED_EDGE('',*,*,#5418,.F.);
#7661=ORIENTED_EDGE('',*,*,#5415,.T.);
#7662=ORIENTED_EDGE('',*,*,#5419,.F.);
#7663=ORIENTED_EDGE('',*,*,#5417,.T.);
#7664=ORIENTED_EDGE('',*,*,#5420,.F.);
#7665=ORIENTED_EDGE('',*,*,#5421,.F.);
#7666=ORIENTED_EDGE('',*,*,#5422,.F.);
#7667=ORIENTED_EDGE('',*,*,#5423,.F.);
#7668=ORIENTED_EDGE('',*,*,#5424,.F.);
#7669=ORIENTED_EDGE('',*,*,#5421,.T.);
#7670=ORIENTED_EDGE('',*,*,#5425,.F.);
#7671=ORIENTED_EDGE('',*,*,#5426,.F.);
#7672=ORIENTED_EDGE('',*,*,#5427,.F.);
#7673=ORIENTED_EDGE('',*,*,#5428,.F.);
#7674=ORIENTED_EDGE('',*,*,#5429,.F.);
#7675=ORIENTED_EDGE('',*,*,#5426,.T.);
#7676=ORIENTED_EDGE('',*,*,#5430,.F.);
#7677=ORIENTED_EDGE('',*,*,#5431,.F.);
#7678=ORIENTED_EDGE('',*,*,#5432,.F.);
#7679=ORIENTED_EDGE('',*,*,#5433,.F.);
#7680=ORIENTED_EDGE('',*,*,#5434,.F.);
#7681=ORIENTED_EDGE('',*,*,#5431,.T.);
#7682=ORIENTED_EDGE('',*,*,#5435,.F.);
#7683=ORIENTED_EDGE('',*,*,#5433,.T.);
#7684=ORIENTED_EDGE('',*,*,#5436,.F.);
#7685=ORIENTED_EDGE('',*,*,#5437,.F.);
#7686=ORIENTED_EDGE('',*,*,#5438,.F.);
#7687=ORIENTED_EDGE('',*,*,#5439,.F.);
#7688=ORIENTED_EDGE('',*,*,#5440,.F.);
#7689=ORIENTED_EDGE('',*,*,#5437,.T.);
#7690=ORIENTED_EDGE('',*,*,#5441,.F.);
#7691=ORIENTED_EDGE('',*,*,#5439,.T.);
#7692=ORIENTED_EDGE('',*,*,#5442,.F.);
#7693=ORIENTED_EDGE('',*,*,#5443,.F.);
#7694=ORIENTED_EDGE('',*,*,#5444,.F.);
#7695=ORIENTED_EDGE('',*,*,#5445,.F.);
#7696=ORIENTED_EDGE('',*,*,#5446,.F.);
#7697=ORIENTED_EDGE('',*,*,#5443,.T.);
#7698=ORIENTED_EDGE('',*,*,#5447,.F.);
#7699=ORIENTED_EDGE('',*,*,#5448,.F.);
#7700=ORIENTED_EDGE('',*,*,#5449,.F.);
#7701=ORIENTED_EDGE('',*,*,#5450,.F.);
#7702=ORIENTED_EDGE('',*,*,#5451,.F.);
#7703=ORIENTED_EDGE('',*,*,#5448,.T.);
#7704=ORIENTED_EDGE('',*,*,#5452,.F.);
#7705=ORIENTED_EDGE('',*,*,#5453,.F.);
#7706=ORIENTED_EDGE('',*,*,#5454,.F.);
#7707=ORIENTED_EDGE('',*,*,#5455,.F.);
#7708=ORIENTED_EDGE('',*,*,#5456,.F.);
#7709=ORIENTED_EDGE('',*,*,#5453,.T.);
#7710=ORIENTED_EDGE('',*,*,#5457,.F.);
#7711=ORIENTED_EDGE('',*,*,#5455,.T.);
#7712=ORIENTED_EDGE('',*,*,#5458,.F.);
#7713=ORIENTED_EDGE('',*,*,#5459,.F.);
#7714=ORIENTED_EDGE('',*,*,#5460,.F.);
#7715=ORIENTED_EDGE('',*,*,#5461,.F.);
#7716=ORIENTED_EDGE('',*,*,#5462,.F.);
#7717=ORIENTED_EDGE('',*,*,#5459,.T.);
#7718=ORIENTED_EDGE('',*,*,#5463,.F.);
#7719=ORIENTED_EDGE('',*,*,#5464,.T.);
#7720=ORIENTED_EDGE('',*,*,#5450,.T.);
#7721=ORIENTED_EDGE('',*,*,#5465,.F.);
#7722=ORIENTED_EDGE('',*,*,#5461,.T.);
#7723=ORIENTED_EDGE('',*,*,#5428,.T.);
#7724=ORIENTED_EDGE('',*,*,#5466,.F.);
#7725=ORIENTED_EDGE('',*,*,#5445,.T.);
#7726=ORIENTED_EDGE('',*,*,#5412,.T.);
#7727=ORIENTED_EDGE('',*,*,#5467,.F.);
#7728=ORIENTED_EDGE('',*,*,#5423,.T.);
#7729=ORIENTED_EDGE('',*,*,#5405,.T.);
#7730=ORIENTED_EDGE('',*,*,#5468,.F.);
#7731=ORIENTED_EDGE('',*,*,#5424,.T.);
#7732=ORIENTED_EDGE('',*,*,#5469,.T.);
#7733=ORIENTED_EDGE('',*,*,#5470,.T.);
#7734=ORIENTED_EDGE('',*,*,#5471,.T.);
#7735=ORIENTED_EDGE('',*,*,#5422,.T.);
#7736=ORIENTED_EDGE('',*,*,#5471,.F.);
#7737=ORIENTED_EDGE('',*,*,#5472,.T.);
#7738=ORIENTED_EDGE('',*,*,#5473,.F.);
#7739=ORIENTED_EDGE('',*,*,#5418,.T.);
#7740=ORIENTED_EDGE('',*,*,#5473,.T.);
#7741=ORIENTED_EDGE('',*,*,#5474,.T.);
#7742=ORIENTED_EDGE('',*,*,#5475,.T.);
#7743=ORIENTED_EDGE('',*,*,#5416,.T.);
#7744=ORIENTED_EDGE('',*,*,#5475,.F.);
#7745=ORIENTED_EDGE('',*,*,#5476,.T.);
#7746=ORIENTED_EDGE('',*,*,#5477,.F.);
#7747=ORIENTED_EDGE('',*,*,#5411,.T.);
#7748=ORIENTED_EDGE('',*,*,#5477,.T.);
#7749=ORIENTED_EDGE('',*,*,#5478,.T.);
#7750=ORIENTED_EDGE('',*,*,#5479,.T.);
#7751=ORIENTED_EDGE('',*,*,#5467,.T.);
#7752=ORIENTED_EDGE('',*,*,#5479,.F.);
#7753=ORIENTED_EDGE('',*,*,#5480,.T.);
#7754=ORIENTED_EDGE('',*,*,#5481,.F.);
#7755=ORIENTED_EDGE('',*,*,#5446,.T.);
#7756=ORIENTED_EDGE('',*,*,#5481,.T.);
#7757=ORIENTED_EDGE('',*,*,#5482,.T.);
#7758=ORIENTED_EDGE('',*,*,#5483,.T.);
#7759=ORIENTED_EDGE('',*,*,#5444,.T.);
#7760=ORIENTED_EDGE('',*,*,#5483,.F.);
#7761=ORIENTED_EDGE('',*,*,#5484,.T.);
#7762=ORIENTED_EDGE('',*,*,#5485,.F.);
#7763=ORIENTED_EDGE('',*,*,#5440,.T.);
#7764=ORIENTED_EDGE('',*,*,#5485,.T.);
#7765=ORIENTED_EDGE('',*,*,#5486,.T.);
#7766=ORIENTED_EDGE('',*,*,#5487,.T.);
#7767=ORIENTED_EDGE('',*,*,#5438,.T.);
#7768=ORIENTED_EDGE('',*,*,#5487,.F.);
#7769=ORIENTED_EDGE('',*,*,#5488,.T.);
#7770=ORIENTED_EDGE('',*,*,#5489,.F.);
#7771=ORIENTED_EDGE('',*,*,#5434,.T.);
#7772=ORIENTED_EDGE('',*,*,#5489,.T.);
#7773=ORIENTED_EDGE('',*,*,#5490,.T.);
#7774=ORIENTED_EDGE('',*,*,#5491,.T.);
#7775=ORIENTED_EDGE('',*,*,#5432,.T.);
#7776=ORIENTED_EDGE('',*,*,#5491,.F.);
#7777=ORIENTED_EDGE('',*,*,#5492,.T.);
#7778=ORIENTED_EDGE('',*,*,#5493,.F.);
#7779=ORIENTED_EDGE('',*,*,#5427,.T.);
#7780=ORIENTED_EDGE('',*,*,#5493,.T.);
#7781=ORIENTED_EDGE('',*,*,#5494,.T.);
#7782=ORIENTED_EDGE('',*,*,#5495,.T.);
#7783=ORIENTED_EDGE('',*,*,#5466,.T.);
#7784=ORIENTED_EDGE('',*,*,#5495,.F.);
#7785=ORIENTED_EDGE('',*,*,#5496,.T.);
#7786=ORIENTED_EDGE('',*,*,#5497,.F.);
#7787=ORIENTED_EDGE('',*,*,#5462,.T.);
#7788=ORIENTED_EDGE('',*,*,#5497,.T.);
#7789=ORIENTED_EDGE('',*,*,#5498,.T.);
#7790=ORIENTED_EDGE('',*,*,#5499,.T.);
#7791=ORIENTED_EDGE('',*,*,#5460,.T.);
#7792=ORIENTED_EDGE('',*,*,#5499,.F.);
#7793=ORIENTED_EDGE('',*,*,#5500,.T.);
#7794=ORIENTED_EDGE('',*,*,#5501,.F.);
#7795=ORIENTED_EDGE('',*,*,#5456,.T.);
#7796=ORIENTED_EDGE('',*,*,#5501,.T.);
#7797=ORIENTED_EDGE('',*,*,#5502,.T.);
#7798=ORIENTED_EDGE('',*,*,#5503,.T.);
#7799=ORIENTED_EDGE('',*,*,#5454,.T.);
#7800=ORIENTED_EDGE('',*,*,#5503,.F.);
#7801=ORIENTED_EDGE('',*,*,#5504,.T.);
#7802=ORIENTED_EDGE('',*,*,#5505,.F.);
#7803=ORIENTED_EDGE('',*,*,#5449,.T.);
#7804=ORIENTED_EDGE('',*,*,#5505,.T.);
#7805=ORIENTED_EDGE('',*,*,#5506,.T.);
#7806=ORIENTED_EDGE('',*,*,#5507,.T.);
#7807=ORIENTED_EDGE('',*,*,#5465,.T.);
#7808=ORIENTED_EDGE('',*,*,#5507,.F.);
#7809=ORIENTED_EDGE('',*,*,#5508,.T.);
#7810=ORIENTED_EDGE('',*,*,#5509,.F.);
#7811=ORIENTED_EDGE('',*,*,#5510,.F.);
#7812=ORIENTED_EDGE('',*,*,#5498,.F.);
#7813=ORIENTED_EDGE('',*,*,#5511,.F.);
#7814=ORIENTED_EDGE('',*,*,#5512,.F.);
#7815=ORIENTED_EDGE('',*,*,#5510,.T.);
#7816=ORIENTED_EDGE('',*,*,#5513,.F.);
#7817=ORIENTED_EDGE('',*,*,#5514,.F.);
#7818=ORIENTED_EDGE('',*,*,#5500,.F.);
#7819=ORIENTED_EDGE('',*,*,#5515,.F.);
#7820=ORIENTED_EDGE('',*,*,#5502,.F.);
#7821=ORIENTED_EDGE('',*,*,#5514,.T.);
#7822=ORIENTED_EDGE('',*,*,#5516,.F.);
#7823=ORIENTED_EDGE('',*,*,#5515,.T.);
#7824=ORIENTED_EDGE('',*,*,#5517,.F.);
#7825=ORIENTED_EDGE('',*,*,#5518,.F.);
#7826=ORIENTED_EDGE('',*,*,#5504,.F.);
#7827=ORIENTED_EDGE('',*,*,#5519,.F.);
#7828=ORIENTED_EDGE('',*,*,#5506,.F.);
#7829=ORIENTED_EDGE('',*,*,#5518,.T.);
#7830=ORIENTED_EDGE('',*,*,#5520,.F.);
#7831=ORIENTED_EDGE('',*,*,#5521,.F.);
#7832=ORIENTED_EDGE('',*,*,#5482,.F.);
#7833=ORIENTED_EDGE('',*,*,#5522,.F.);
#7834=ORIENTED_EDGE('',*,*,#5523,.F.);
#7835=ORIENTED_EDGE('',*,*,#5521,.T.);
#7836=ORIENTED_EDGE('',*,*,#5524,.F.);
#7837=ORIENTED_EDGE('',*,*,#5525,.F.);
#7838=ORIENTED_EDGE('',*,*,#5484,.F.);
#7839=ORIENTED_EDGE('',*,*,#5526,.F.);
#7840=ORIENTED_EDGE('',*,*,#5486,.F.);
#7841=ORIENTED_EDGE('',*,*,#5525,.T.);
#7842=ORIENTED_EDGE('',*,*,#5527,.F.);
#7843=ORIENTED_EDGE('',*,*,#5526,.T.);
#7844=ORIENTED_EDGE('',*,*,#5528,.F.);
#7845=ORIENTED_EDGE('',*,*,#5529,.F.);
#7846=ORIENTED_EDGE('',*,*,#5488,.F.);
#7847=ORIENTED_EDGE('',*,*,#5530,.F.);
#7848=ORIENTED_EDGE('',*,*,#5490,.F.);
#7849=ORIENTED_EDGE('',*,*,#5529,.T.);
#7850=ORIENTED_EDGE('',*,*,#5531,.F.);
#7851=ORIENTED_EDGE('',*,*,#5530,.T.);
#7852=ORIENTED_EDGE('',*,*,#5532,.F.);
#7853=ORIENTED_EDGE('',*,*,#5533,.F.);
#7854=ORIENTED_EDGE('',*,*,#5492,.F.);
#7855=ORIENTED_EDGE('',*,*,#5534,.F.);
#7856=ORIENTED_EDGE('',*,*,#5494,.F.);
#7857=ORIENTED_EDGE('',*,*,#5533,.T.);
#7858=ORIENTED_EDGE('',*,*,#5535,.F.);
#7859=ORIENTED_EDGE('',*,*,#5536,.F.);
#7860=ORIENTED_EDGE('',*,*,#5470,.F.);
#7861=ORIENTED_EDGE('',*,*,#5537,.F.);
#7862=ORIENTED_EDGE('',*,*,#5538,.F.);
#7863=ORIENTED_EDGE('',*,*,#5536,.T.);
#7864=ORIENTED_EDGE('',*,*,#5539,.F.);
#7865=ORIENTED_EDGE('',*,*,#5540,.F.);
#7866=ORIENTED_EDGE('',*,*,#5472,.F.);
#7867=ORIENTED_EDGE('',*,*,#5541,.F.);
#7868=ORIENTED_EDGE('',*,*,#5474,.F.);
#7869=ORIENTED_EDGE('',*,*,#5540,.T.);
#7870=ORIENTED_EDGE('',*,*,#5542,.F.);
#7871=ORIENTED_EDGE('',*,*,#5541,.T.);
#7872=ORIENTED_EDGE('',*,*,#5543,.F.);
#7873=ORIENTED_EDGE('',*,*,#5544,.F.);
#7874=ORIENTED_EDGE('',*,*,#5476,.F.);
#7875=ORIENTED_EDGE('',*,*,#5545,.F.);
#7876=ORIENTED_EDGE('',*,*,#5478,.F.);
#7877=ORIENTED_EDGE('',*,*,#5544,.T.);
#7878=ORIENTED_EDGE('',*,*,#5546,.F.);
#7879=ORIENTED_EDGE('',*,*,#5547,.T.);
#7880=ORIENTED_EDGE('',*,*,#5548,.F.);
#7881=ORIENTED_EDGE('',*,*,#5549,.F.);
#7882=ORIENTED_EDGE('',*,*,#5550,.F.);
#7883=ORIENTED_EDGE('',*,*,#5551,.F.);
#7884=ORIENTED_EDGE('',*,*,#5552,.F.);
#7885=ORIENTED_EDGE('',*,*,#5549,.T.);
#7886=ORIENTED_EDGE('',*,*,#5553,.F.);
#7887=ORIENTED_EDGE('',*,*,#5551,.T.);
#7888=ORIENTED_EDGE('',*,*,#5537,.T.);
#7889=ORIENTED_EDGE('',*,*,#5554,.F.);
#7890=ORIENTED_EDGE('',*,*,#5545,.T.);
#7891=ORIENTED_EDGE('',*,*,#5522,.T.);
#7892=ORIENTED_EDGE('',*,*,#5480,.F.);
#7893=ORIENTED_EDGE('',*,*,#5534,.T.);
#7894=ORIENTED_EDGE('',*,*,#5511,.T.);
#7895=ORIENTED_EDGE('',*,*,#5496,.F.);
#7896=ORIENTED_EDGE('',*,*,#5519,.T.);
#7897=ORIENTED_EDGE('',*,*,#5555,.T.);
#7898=ORIENTED_EDGE('',*,*,#5508,.F.);
#7899=ORIENTED_EDGE('',*,*,#5468,.T.);
#7900=ORIENTED_EDGE('',*,*,#5556,.F.);
#7901=ORIENTED_EDGE('',*,*,#5554,.T.);
#7902=ORIENTED_EDGE('',*,*,#5469,.F.);
#7903=ORIENTED_EDGE('',*,*,#5404,.T.);
#7904=ORIENTED_EDGE('',*,*,#5557,.T.);
#7905=ORIENTED_EDGE('',*,*,#5552,.T.);
#7906=ORIENTED_EDGE('',*,*,#5556,.T.);
#7907=ORIENTED_EDGE('',*,*,#5409,.T.);
#7908=ORIENTED_EDGE('',*,*,#5558,.F.);
#7909=ORIENTED_EDGE('',*,*,#5550,.T.);
#7910=ORIENTED_EDGE('',*,*,#5557,.F.);
#7911=ORIENTED_EDGE('',*,*,#5559,.T.);
#7912=ORIENTED_EDGE('',*,*,#5560,.T.);
#7913=ORIENTED_EDGE('',*,*,#5561,.T.);
#7914=ORIENTED_EDGE('',*,*,#5562,.T.);
#7915=ORIENTED_EDGE('',*,*,#5559,.F.);
#7916=ORIENTED_EDGE('',*,*,#5563,.T.);
#7917=ORIENTED_EDGE('',*,*,#5564,.T.);
#7918=ORIENTED_EDGE('',*,*,#5565,.T.);
#7919=ORIENTED_EDGE('',*,*,#5566,.F.);
#7920=ORIENTED_EDGE('',*,*,#5564,.F.);
#7921=ORIENTED_EDGE('',*,*,#5567,.T.);
#7922=ORIENTED_EDGE('',*,*,#5408,.T.);
#7923=ORIENTED_EDGE('',*,*,#5568,.T.);
#7924=ORIENTED_EDGE('',*,*,#5569,.T.);
#7925=ORIENTED_EDGE('',*,*,#5570,.T.);
#7926=ORIENTED_EDGE('',*,*,#5571,.T.);
#7927=ORIENTED_EDGE('',*,*,#5568,.F.);
#7928=ORIENTED_EDGE('',*,*,#5572,.T.);
#7929=ORIENTED_EDGE('',*,*,#5573,.T.);
#7930=ORIENTED_EDGE('',*,*,#5574,.T.);
#7931=ORIENTED_EDGE('',*,*,#5575,.T.);
#7932=ORIENTED_EDGE('',*,*,#5576,.T.);
#7933=ORIENTED_EDGE('',*,*,#5573,.F.);
#7934=ORIENTED_EDGE('',*,*,#5577,.T.);
#7935=ORIENTED_EDGE('',*,*,#5575,.F.);
#7936=ORIENTED_EDGE('',*,*,#5578,.T.);
#7937=ORIENTED_EDGE('',*,*,#5579,.T.);
#7938=ORIENTED_EDGE('',*,*,#5580,.T.);
#7939=ORIENTED_EDGE('',*,*,#5581,.T.);
#7940=ORIENTED_EDGE('',*,*,#5582,.T.);
#7941=ORIENTED_EDGE('',*,*,#5579,.F.);
#7942=ORIENTED_EDGE('',*,*,#5583,.T.);
#7943=ORIENTED_EDGE('',*,*,#5584,.T.);
#7944=ORIENTED_EDGE('',*,*,#5585,.T.);
#7945=ORIENTED_EDGE('',*,*,#5586,.T.);
#7946=ORIENTED_EDGE('',*,*,#5587,.T.);
#7947=ORIENTED_EDGE('',*,*,#5584,.F.);
#7948=ORIENTED_EDGE('',*,*,#5588,.T.);
#7949=ORIENTED_EDGE('',*,*,#5589,.T.);
#7950=ORIENTED_EDGE('',*,*,#5590,.T.);
#7951=ORIENTED_EDGE('',*,*,#5591,.T.);
#7952=ORIENTED_EDGE('',*,*,#5592,.T.);
#7953=ORIENTED_EDGE('',*,*,#5589,.F.);
#7954=ORIENTED_EDGE('',*,*,#5593,.T.);
#7955=ORIENTED_EDGE('',*,*,#5591,.F.);
#7956=ORIENTED_EDGE('',*,*,#5594,.T.);
#7957=ORIENTED_EDGE('',*,*,#5595,.T.);
#7958=ORIENTED_EDGE('',*,*,#5596,.T.);
#7959=ORIENTED_EDGE('',*,*,#5597,.T.);
#7960=ORIENTED_EDGE('',*,*,#5598,.T.);
#7961=ORIENTED_EDGE('',*,*,#5595,.F.);
#7962=ORIENTED_EDGE('',*,*,#5599,.T.);
#7963=ORIENTED_EDGE('',*,*,#5597,.F.);
#7964=ORIENTED_EDGE('',*,*,#5600,.T.);
#7965=ORIENTED_EDGE('',*,*,#5601,.T.);
#7966=ORIENTED_EDGE('',*,*,#5602,.T.);
#7967=ORIENTED_EDGE('',*,*,#5603,.T.);
#7968=ORIENTED_EDGE('',*,*,#5604,.T.);
#7969=ORIENTED_EDGE('',*,*,#5601,.F.);
#7970=ORIENTED_EDGE('',*,*,#5605,.T.);
#7971=ORIENTED_EDGE('',*,*,#5606,.T.);
#7972=ORIENTED_EDGE('',*,*,#5607,.T.);
#7973=ORIENTED_EDGE('',*,*,#5608,.T.);
#7974=ORIENTED_EDGE('',*,*,#5609,.T.);
#7975=ORIENTED_EDGE('',*,*,#5606,.F.);
#7976=ORIENTED_EDGE('',*,*,#5610,.T.);
#7977=ORIENTED_EDGE('',*,*,#5611,.T.);
#7978=ORIENTED_EDGE('',*,*,#5612,.T.);
#7979=ORIENTED_EDGE('',*,*,#5613,.T.);
#7980=ORIENTED_EDGE('',*,*,#5614,.T.);
#7981=ORIENTED_EDGE('',*,*,#5611,.F.);
#7982=ORIENTED_EDGE('',*,*,#5615,.T.);
#7983=ORIENTED_EDGE('',*,*,#5613,.F.);
#7984=ORIENTED_EDGE('',*,*,#5616,.T.);
#7985=ORIENTED_EDGE('',*,*,#5617,.T.);
#7986=ORIENTED_EDGE('',*,*,#5618,.T.);
#7987=ORIENTED_EDGE('',*,*,#5619,.T.);
#7988=ORIENTED_EDGE('',*,*,#5620,.T.);
#7989=ORIENTED_EDGE('',*,*,#5617,.F.);
#7990=ORIENTED_EDGE('',*,*,#5621,.T.);
#7991=ORIENTED_EDGE('',*,*,#5622,.F.);
#7992=ORIENTED_EDGE('',*,*,#5623,.T.);
#7993=ORIENTED_EDGE('',*,*,#5624,.T.);
#7994=ORIENTED_EDGE('',*,*,#5464,.F.);
#7995=ORIENTED_EDGE('',*,*,#5623,.F.);
#7996=ORIENTED_EDGE('',*,*,#5625,.T.);
#7997=ORIENTED_EDGE('',*,*,#5608,.F.);
#7998=ORIENTED_EDGE('',*,*,#5619,.F.);
#7999=ORIENTED_EDGE('',*,*,#5626,.T.);
#8000=ORIENTED_EDGE('',*,*,#5586,.F.);
#8001=ORIENTED_EDGE('',*,*,#5603,.F.);
#8002=ORIENTED_EDGE('',*,*,#5627,.T.);
#8003=ORIENTED_EDGE('',*,*,#5570,.F.);
#8004=ORIENTED_EDGE('',*,*,#5581,.F.);
#8005=ORIENTED_EDGE('',*,*,#5628,.T.);
#8006=ORIENTED_EDGE('',*,*,#5561,.F.);
#8007=ORIENTED_EDGE('',*,*,#5583,.F.);
#8008=ORIENTED_EDGE('',*,*,#5629,.F.);
#8009=ORIENTED_EDGE('',*,*,#5630,.F.);
#8010=ORIENTED_EDGE('',*,*,#5631,.F.);
#8011=ORIENTED_EDGE('',*,*,#5578,.F.);
#8012=ORIENTED_EDGE('',*,*,#5632,.T.);
#8013=ORIENTED_EDGE('',*,*,#5633,.F.);
#8014=ORIENTED_EDGE('',*,*,#5629,.T.);
#8015=ORIENTED_EDGE('',*,*,#5577,.F.);
#8016=ORIENTED_EDGE('',*,*,#5634,.F.);
#8017=ORIENTED_EDGE('',*,*,#5635,.F.);
#8018=ORIENTED_EDGE('',*,*,#5632,.F.);
#8019=ORIENTED_EDGE('',*,*,#5572,.F.);
#8020=ORIENTED_EDGE('',*,*,#5636,.T.);
#8021=ORIENTED_EDGE('',*,*,#5637,.F.);
#8022=ORIENTED_EDGE('',*,*,#5634,.T.);
#8023=ORIENTED_EDGE('',*,*,#5571,.F.);
#8024=ORIENTED_EDGE('',*,*,#5638,.F.);
#8025=ORIENTED_EDGE('',*,*,#5639,.F.);
#8026=ORIENTED_EDGE('',*,*,#5636,.F.);
#8027=ORIENTED_EDGE('',*,*,#5627,.F.);
#8028=ORIENTED_EDGE('',*,*,#5640,.T.);
#8029=ORIENTED_EDGE('',*,*,#5641,.F.);
#8030=ORIENTED_EDGE('',*,*,#5638,.T.);
#8031=ORIENTED_EDGE('',*,*,#5605,.F.);
#8032=ORIENTED_EDGE('',*,*,#5642,.F.);
#8033=ORIENTED_EDGE('',*,*,#5643,.F.);
#8034=ORIENTED_EDGE('',*,*,#5640,.F.);
#8035=ORIENTED_EDGE('',*,*,#5600,.F.);
#8036=ORIENTED_EDGE('',*,*,#5644,.T.);
#8037=ORIENTED_EDGE('',*,*,#5645,.F.);
#8038=ORIENTED_EDGE('',*,*,#5642,.T.);
#8039=ORIENTED_EDGE('',*,*,#5599,.F.);
#8040=ORIENTED_EDGE('',*,*,#5646,.F.);
#8041=ORIENTED_EDGE('',*,*,#5647,.F.);
#8042=ORIENTED_EDGE('',*,*,#5644,.F.);
#8043=ORIENTED_EDGE('',*,*,#5594,.F.);
#8044=ORIENTED_EDGE('',*,*,#5648,.T.);
#8045=ORIENTED_EDGE('',*,*,#5649,.F.);
#8046=ORIENTED_EDGE('',*,*,#5646,.T.);
#8047=ORIENTED_EDGE('',*,*,#5593,.F.);
#8048=ORIENTED_EDGE('',*,*,#5650,.F.);
#8049=ORIENTED_EDGE('',*,*,#5651,.F.);
#8050=ORIENTED_EDGE('',*,*,#5648,.F.);
#8051=ORIENTED_EDGE('',*,*,#5588,.F.);
#8052=ORIENTED_EDGE('',*,*,#5652,.T.);
#8053=ORIENTED_EDGE('',*,*,#5653,.F.);
#8054=ORIENTED_EDGE('',*,*,#5650,.T.);
#8055=ORIENTED_EDGE('',*,*,#5587,.F.);
#8056=ORIENTED_EDGE('',*,*,#5654,.F.);
#8057=ORIENTED_EDGE('',*,*,#5655,.F.);
#8058=ORIENTED_EDGE('',*,*,#5652,.F.);
#8059=ORIENTED_EDGE('',*,*,#5626,.F.);
#8060=ORIENTED_EDGE('',*,*,#5656,.T.);
#8061=ORIENTED_EDGE('',*,*,#5657,.F.);
#8062=ORIENTED_EDGE('',*,*,#5654,.T.);
#8063=ORIENTED_EDGE('',*,*,#5621,.F.);
#8064=ORIENTED_EDGE('',*,*,#5658,.F.);
#8065=ORIENTED_EDGE('',*,*,#5659,.F.);
#8066=ORIENTED_EDGE('',*,*,#5656,.F.);
#8067=ORIENTED_EDGE('',*,*,#5616,.F.);
#8068=ORIENTED_EDGE('',*,*,#5660,.T.);
#8069=ORIENTED_EDGE('',*,*,#5661,.F.);
#8070=ORIENTED_EDGE('',*,*,#5658,.T.);
#8071=ORIENTED_EDGE('',*,*,#5615,.F.);
#8072=ORIENTED_EDGE('',*,*,#5662,.F.);
#8073=ORIENTED_EDGE('',*,*,#5663,.F.);
#8074=ORIENTED_EDGE('',*,*,#5660,.F.);
#8075=ORIENTED_EDGE('',*,*,#5610,.F.);
#8076=ORIENTED_EDGE('',*,*,#5664,.T.);
#8077=ORIENTED_EDGE('',*,*,#5665,.F.);
#8078=ORIENTED_EDGE('',*,*,#5662,.T.);
#8079=ORIENTED_EDGE('',*,*,#5609,.F.);
#8080=ORIENTED_EDGE('',*,*,#5666,.F.);
#8081=ORIENTED_EDGE('',*,*,#5667,.F.);
#8082=ORIENTED_EDGE('',*,*,#5664,.F.);
#8083=ORIENTED_EDGE('',*,*,#5625,.F.);
#8084=ORIENTED_EDGE('',*,*,#5668,.T.);
#8085=ORIENTED_EDGE('',*,*,#5669,.F.);
#8086=ORIENTED_EDGE('',*,*,#5666,.T.);
#8087=ORIENTED_EDGE('',*,*,#5622,.T.);
#8088=ORIENTED_EDGE('',*,*,#5509,.T.);
#8089=ORIENTED_EDGE('',*,*,#5670,.T.);
#8090=ORIENTED_EDGE('',*,*,#5668,.F.);
#8091=ORIENTED_EDGE('',*,*,#5671,.F.);
#8092=ORIENTED_EDGE('',*,*,#5672,.T.);
#8093=ORIENTED_EDGE('',*,*,#5670,.F.);
#8094=ORIENTED_EDGE('',*,*,#5555,.F.);
#8095=ORIENTED_EDGE('',*,*,#5673,.T.);
#8096=ORIENTED_EDGE('',*,*,#5674,.T.);
#8097=ORIENTED_EDGE('',*,*,#5675,.T.);
#8098=ORIENTED_EDGE('',*,*,#5659,.T.);
#8099=ORIENTED_EDGE('',*,*,#5673,.F.);
#8100=ORIENTED_EDGE('',*,*,#5661,.T.);
#8101=ORIENTED_EDGE('',*,*,#5676,.T.);
#8102=ORIENTED_EDGE('',*,*,#5677,.T.);
#8103=ORIENTED_EDGE('',*,*,#5678,.T.);
#8104=ORIENTED_EDGE('',*,*,#5679,.T.);
#8105=ORIENTED_EDGE('',*,*,#5676,.F.);
#8106=ORIENTED_EDGE('',*,*,#5663,.T.);
#8107=ORIENTED_EDGE('',*,*,#5678,.F.);
#8108=ORIENTED_EDGE('',*,*,#5665,.T.);
#8109=ORIENTED_EDGE('',*,*,#5680,.T.);
#8110=ORIENTED_EDGE('',*,*,#5681,.T.);
#8111=ORIENTED_EDGE('',*,*,#5682,.T.);
#8112=ORIENTED_EDGE('',*,*,#5683,.T.);
#8113=ORIENTED_EDGE('',*,*,#5680,.F.);
#8114=ORIENTED_EDGE('',*,*,#5667,.T.);
#8115=ORIENTED_EDGE('',*,*,#5684,.T.);
#8116=ORIENTED_EDGE('',*,*,#5685,.T.);
#8117=ORIENTED_EDGE('',*,*,#5686,.T.);
#8118=ORIENTED_EDGE('',*,*,#5643,.T.);
#8119=ORIENTED_EDGE('',*,*,#5684,.F.);
#8120=ORIENTED_EDGE('',*,*,#5645,.T.);
#8121=ORIENTED_EDGE('',*,*,#5687,.T.);
#8122=ORIENTED_EDGE('',*,*,#5688,.T.);
#8123=ORIENTED_EDGE('',*,*,#5689,.T.);
#8124=ORIENTED_EDGE('',*,*,#5690,.T.);
#8125=ORIENTED_EDGE('',*,*,#5687,.F.);
#8126=ORIENTED_EDGE('',*,*,#5647,.T.);
#8127=ORIENTED_EDGE('',*,*,#5689,.F.);
#8128=ORIENTED_EDGE('',*,*,#5649,.T.);
#8129=ORIENTED_EDGE('',*,*,#5691,.T.);
#8130=ORIENTED_EDGE('',*,*,#5692,.T.);
#8131=ORIENTED_EDGE('',*,*,#5693,.T.);
#8132=ORIENTED_EDGE('',*,*,#5694,.T.);
#8133=ORIENTED_EDGE('',*,*,#5691,.F.);
#8134=ORIENTED_EDGE('',*,*,#5651,.T.);
#8135=ORIENTED_EDGE('',*,*,#5693,.F.);
#8136=ORIENTED_EDGE('',*,*,#5653,.T.);
#8137=ORIENTED_EDGE('',*,*,#5695,.T.);
#8138=ORIENTED_EDGE('',*,*,#5696,.T.);
#8139=ORIENTED_EDGE('',*,*,#5697,.T.);
#8140=ORIENTED_EDGE('',*,*,#5698,.T.);
#8141=ORIENTED_EDGE('',*,*,#5695,.F.);
#8142=ORIENTED_EDGE('',*,*,#5655,.T.);
#8143=ORIENTED_EDGE('',*,*,#5699,.T.);
#8144=ORIENTED_EDGE('',*,*,#5700,.T.);
#8145=ORIENTED_EDGE('',*,*,#5701,.T.);
#8146=ORIENTED_EDGE('',*,*,#5630,.T.);
#8147=ORIENTED_EDGE('',*,*,#5699,.F.);
#8148=ORIENTED_EDGE('',*,*,#5633,.T.);
#8149=ORIENTED_EDGE('',*,*,#5702,.T.);
#8150=ORIENTED_EDGE('',*,*,#5703,.T.);
#8151=ORIENTED_EDGE('',*,*,#5704,.T.);
#8152=ORIENTED_EDGE('',*,*,#5705,.T.);
#8153=ORIENTED_EDGE('',*,*,#5702,.F.);
#8154=ORIENTED_EDGE('',*,*,#5635,.T.);
#8155=ORIENTED_EDGE('',*,*,#5704,.F.);
#8156=ORIENTED_EDGE('',*,*,#5637,.T.);
#8157=ORIENTED_EDGE('',*,*,#5706,.T.);
#8158=ORIENTED_EDGE('',*,*,#5707,.T.);
#8159=ORIENTED_EDGE('',*,*,#5708,.T.);
#8160=ORIENTED_EDGE('',*,*,#5709,.T.);
#8161=ORIENTED_EDGE('',*,*,#5706,.F.);
#8162=ORIENTED_EDGE('',*,*,#5639,.T.);
#8163=ORIENTED_EDGE('',*,*,#5710,.T.);
#8164=ORIENTED_EDGE('',*,*,#5711,.T.);
#8165=ORIENTED_EDGE('',*,*,#5712,.F.);
#8166=ORIENTED_EDGE('',*,*,#5547,.F.);
#8167=ORIENTED_EDGE('',*,*,#5711,.F.);
#8168=ORIENTED_EDGE('',*,*,#5713,.T.);
#8169=ORIENTED_EDGE('',*,*,#5714,.T.);
#8170=ORIENTED_EDGE('',*,*,#5715,.T.);
#8171=ORIENTED_EDGE('',*,*,#5716,.T.);
#8172=ORIENTED_EDGE('',*,*,#5717,.T.);
#8173=ORIENTED_EDGE('',*,*,#5714,.F.);
#8174=ORIENTED_EDGE('',*,*,#5718,.T.);
#8175=ORIENTED_EDGE('',*,*,#5716,.F.);
#8176=ORIENTED_EDGE('',*,*,#5719,.T.);
#8177=ORIENTED_EDGE('',*,*,#5701,.F.);
#8178=ORIENTED_EDGE('',*,*,#5708,.F.);
#8179=ORIENTED_EDGE('',*,*,#5641,.T.);
#8180=ORIENTED_EDGE('',*,*,#5686,.F.);
#8181=ORIENTED_EDGE('',*,*,#5697,.F.);
#8182=ORIENTED_EDGE('',*,*,#5657,.T.);
#8183=ORIENTED_EDGE('',*,*,#5675,.F.);
#8184=ORIENTED_EDGE('',*,*,#5682,.F.);
#8185=ORIENTED_EDGE('',*,*,#5669,.T.);
#8186=ORIENTED_EDGE('',*,*,#5672,.F.);
#8187=ORIENTED_EDGE('',*,*,#5628,.F.);
#8188=ORIENTED_EDGE('',*,*,#5631,.T.);
#8189=ORIENTED_EDGE('',*,*,#5719,.F.);
#8190=ORIENTED_EDGE('',*,*,#5720,.T.);
#8191=ORIENTED_EDGE('',*,*,#5562,.F.);
#8192=ORIENTED_EDGE('',*,*,#5720,.F.);
#8193=ORIENTED_EDGE('',*,*,#5718,.F.);
#8194=ORIENTED_EDGE('',*,*,#5721,.F.);
#8195=ORIENTED_EDGE('',*,*,#5563,.F.);
#8196=ORIENTED_EDGE('',*,*,#5721,.T.);
#8197=ORIENTED_EDGE('',*,*,#5713,.F.);
#8198=ORIENTED_EDGE('',*,*,#5722,.T.);
#8199=ORIENTED_EDGE('',*,*,#5567,.F.);
#8200=ORIENTED_EDGE('',*,*,#5722,.F.);
#8201=ORIENTED_EDGE('',*,*,#5710,.F.);
#8202=ORIENTED_EDGE('',*,*,#5558,.T.);
#8203=ORIENTED_EDGE('',*,*,#5566,.T.);
#8204=ORIENTED_EDGE('',*,*,#5407,.T.);
#8205=ORIENTED_EDGE('',*,*,#5406,.T.);
#8206=ORIENTED_EDGE('',*,*,#5425,.T.);
#8207=ORIENTED_EDGE('',*,*,#5420,.T.);
#8208=ORIENTED_EDGE('',*,*,#5419,.T.);
#8209=ORIENTED_EDGE('',*,*,#5414,.T.);
#8210=ORIENTED_EDGE('',*,*,#5413,.T.);
#8211=ORIENTED_EDGE('',*,*,#5447,.T.);
#8212=ORIENTED_EDGE('',*,*,#5442,.T.);
#8213=ORIENTED_EDGE('',*,*,#5441,.T.);
#8214=ORIENTED_EDGE('',*,*,#5436,.T.);
#8215=ORIENTED_EDGE('',*,*,#5435,.T.);
#8216=ORIENTED_EDGE('',*,*,#5430,.T.);
#8217=ORIENTED_EDGE('',*,*,#5429,.T.);
#8218=ORIENTED_EDGE('',*,*,#5463,.T.);
#8219=ORIENTED_EDGE('',*,*,#5458,.T.);
#8220=ORIENTED_EDGE('',*,*,#5457,.T.);
#8221=ORIENTED_EDGE('',*,*,#5452,.T.);
#8222=ORIENTED_EDGE('',*,*,#5451,.T.);
#8223=ORIENTED_EDGE('',*,*,#5624,.F.);
#8224=ORIENTED_EDGE('',*,*,#5607,.F.);
#8225=ORIENTED_EDGE('',*,*,#5612,.F.);
#8226=ORIENTED_EDGE('',*,*,#5614,.F.);
#8227=ORIENTED_EDGE('',*,*,#5618,.F.);
#8228=ORIENTED_EDGE('',*,*,#5620,.F.);
#8229=ORIENTED_EDGE('',*,*,#5585,.F.);
#8230=ORIENTED_EDGE('',*,*,#5590,.F.);
#8231=ORIENTED_EDGE('',*,*,#5592,.F.);
#8232=ORIENTED_EDGE('',*,*,#5596,.F.);
#8233=ORIENTED_EDGE('',*,*,#5598,.F.);
#8234=ORIENTED_EDGE('',*,*,#5602,.F.);
#8235=ORIENTED_EDGE('',*,*,#5604,.F.);
#8236=ORIENTED_EDGE('',*,*,#5569,.F.);
#8237=ORIENTED_EDGE('',*,*,#5574,.F.);
#8238=ORIENTED_EDGE('',*,*,#5576,.F.);
#8239=ORIENTED_EDGE('',*,*,#5580,.F.);
#8240=ORIENTED_EDGE('',*,*,#5582,.F.);
#8241=ORIENTED_EDGE('',*,*,#5560,.F.);
#8242=ORIENTED_EDGE('',*,*,#5565,.F.);
#8243=ORIENTED_EDGE('',*,*,#5671,.T.);
#8244=ORIENTED_EDGE('',*,*,#5520,.T.);
#8245=ORIENTED_EDGE('',*,*,#5517,.T.);
#8246=ORIENTED_EDGE('',*,*,#5516,.T.);
#8247=ORIENTED_EDGE('',*,*,#5513,.T.);
#8248=ORIENTED_EDGE('',*,*,#5512,.T.);
#8249=ORIENTED_EDGE('',*,*,#5535,.T.);
#8250=ORIENTED_EDGE('',*,*,#5532,.T.);
#8251=ORIENTED_EDGE('',*,*,#5531,.T.);
#8252=ORIENTED_EDGE('',*,*,#5528,.T.);
#8253=ORIENTED_EDGE('',*,*,#5527,.T.);
#8254=ORIENTED_EDGE('',*,*,#5524,.T.);
#8255=ORIENTED_EDGE('',*,*,#5523,.T.);
#8256=ORIENTED_EDGE('',*,*,#5546,.T.);
#8257=ORIENTED_EDGE('',*,*,#5543,.T.);
#8258=ORIENTED_EDGE('',*,*,#5542,.T.);
#8259=ORIENTED_EDGE('',*,*,#5539,.T.);
#8260=ORIENTED_EDGE('',*,*,#5538,.T.);
#8261=ORIENTED_EDGE('',*,*,#5553,.T.);
#8262=ORIENTED_EDGE('',*,*,#5548,.T.);
#8263=ORIENTED_EDGE('',*,*,#5712,.T.);
#8264=ORIENTED_EDGE('',*,*,#5715,.F.);
#8265=ORIENTED_EDGE('',*,*,#5717,.F.);
#8266=ORIENTED_EDGE('',*,*,#5700,.F.);
#8267=ORIENTED_EDGE('',*,*,#5703,.F.);
#8268=ORIENTED_EDGE('',*,*,#5705,.F.);
#8269=ORIENTED_EDGE('',*,*,#5707,.F.);
#8270=ORIENTED_EDGE('',*,*,#5709,.F.);
#8271=ORIENTED_EDGE('',*,*,#5685,.F.);
#8272=ORIENTED_EDGE('',*,*,#5688,.F.);
#8273=ORIENTED_EDGE('',*,*,#5690,.F.);
#8274=ORIENTED_EDGE('',*,*,#5692,.F.);
#8275=ORIENTED_EDGE('',*,*,#5694,.F.);
#8276=ORIENTED_EDGE('',*,*,#5696,.F.);
#8277=ORIENTED_EDGE('',*,*,#5698,.F.);
#8278=ORIENTED_EDGE('',*,*,#5674,.F.);
#8279=ORIENTED_EDGE('',*,*,#5677,.F.);
#8280=ORIENTED_EDGE('',*,*,#5679,.F.);
#8281=ORIENTED_EDGE('',*,*,#5681,.F.);
#8282=ORIENTED_EDGE('',*,*,#5683,.F.);
#8283=PLANE('',#9214);
#8284=PLANE('',#9218);
#8285=PLANE('',#9222);
#8286=PLANE('',#9226);
#8287=PLANE('',#9227);
#8288=PLANE('',#9231);
#8289=PLANE('',#9235);
#8290=PLANE('',#9239);
#8291=PLANE('',#9240);
#8292=PLANE('',#9244);
#8293=PLANE('',#9248);
#8294=PLANE('',#9257);
#8295=PLANE('',#9260);
#8296=PLANE('',#9263);
#8297=PLANE('',#9266);
#8298=PLANE('',#9269);
#8299=PLANE('',#9272);
#8300=PLANE('',#9275);
#8301=PLANE('',#9278);
#8302=PLANE('',#9281);
#8303=PLANE('',#9284);
#8304=PLANE('',#9287);
#8305=PLANE('',#9290);
#8306=PLANE('',#9293);
#8307=PLANE('',#9294);
#8308=PLANE('',#9297);
#8309=PLANE('',#9300);
#8310=PLANE('',#9303);
#8311=PLANE('',#9304);
#8312=PLANE('',#9307);
#8313=PLANE('',#9310);
#8314=PLANE('',#9314);
#8315=PLANE('',#9321);
#8316=PLANE('',#9323);
#8317=PLANE('',#9327);
#8318=PLANE('',#9328);
#8319=PLANE('',#9332);
#8320=PLANE('',#9336);
#8321=PLANE('',#9337);
#8322=PLANE('',#9341);
#8323=PLANE('',#9345);
#8324=PLANE('',#9349);
#8325=PLANE('',#9350);
#8326=PLANE('',#9354);
#8327=PLANE('',#9358);
#8328=PLANE('',#9359);
#8329=PLANE('',#9368);
#8330=PLANE('',#9371);
#8331=PLANE('',#9374);
#8332=PLANE('',#9377);
#8333=PLANE('',#9380);
#8334=PLANE('',#9383);
#8335=PLANE('',#9386);
#8336=PLANE('',#9389);
#8337=PLANE('',#9392);
#8338=PLANE('',#9395);
#8339=PLANE('',#9398);
#8340=PLANE('',#9399);
#8341=PLANE('',#9400);
#8342=PLANE('',#9403);
#8343=PLANE('',#9406);
#8344=PLANE('',#9407);
#8345=PLANE('',#9410);
#8346=PLANE('',#9413);
#8347=PLANE('',#9416);
#8348=PLANE('',#9417);
#8349=PLANE('',#9420);
#8350=PLANE('',#9423);
#8351=PLANE('',#9424);
#8352=PLANE('',#9428);
#8353=PLANE('',#9435);
#8354=PLANE('',#9437);
#8355=PLANE('',#9438);
#8356=PLANE('',#9439);
#8357=PLANE('',#9441);
#8358=PLANE('',#9445);
#8359=PLANE('',#9449);
#8360=PLANE('',#9453);
#8361=PLANE('',#9454);
#8362=PLANE('',#9458);
#8363=PLANE('',#9462);
#8364=PLANE('',#9466);
#8365=PLANE('',#9467);
#8366=PLANE('',#9471);
#8367=PLANE('',#9475);
#8368=PLANE('',#9484);
#8369=PLANE('',#9487);
#8370=PLANE('',#9490);
#8371=PLANE('',#9493);
#8372=PLANE('',#9496);
#8373=PLANE('',#9499);
#8374=PLANE('',#9502);
#8375=PLANE('',#9505);
#8376=PLANE('',#9508);
#8377=PLANE('',#9511);
#8378=PLANE('',#9514);
#8379=PLANE('',#9517);
#8380=PLANE('',#9520);
#8381=PLANE('',#9521);
#8382=PLANE('',#9524);
#8383=PLANE('',#9527);
#8384=PLANE('',#9530);
#8385=PLANE('',#9531);
#8386=PLANE('',#9534);
#8387=PLANE('',#9537);
#8388=PLANE('',#9541);
#8389=PLANE('',#9548);
#8390=PLANE('',#9550);
#8391=PLANE('',#9554);
#8392=PLANE('',#9555);
#8393=PLANE('',#9559);
#8394=PLANE('',#9563);
#8395=PLANE('',#9564);
#8396=PLANE('',#9568);
#8397=PLANE('',#9572);
#8398=PLANE('',#9576);
#8399=PLANE('',#9577);
#8400=PLANE('',#9581);
#8401=PLANE('',#9585);
#8402=PLANE('',#9586);
#8403=PLANE('',#9595);
#8404=PLANE('',#9598);
#8405=PLANE('',#9601);
#8406=PLANE('',#9604);
#8407=PLANE('',#9607);
#8408=PLANE('',#9610);
#8409=PLANE('',#9613);
#8410=PLANE('',#9616);
#8411=PLANE('',#9619);
#8412=PLANE('',#9622);
#8413=PLANE('',#9625);
#8414=PLANE('',#9626);
#8415=PLANE('',#9627);
#8416=PLANE('',#9630);
#8417=PLANE('',#9633);
#8418=PLANE('',#9634);
#8419=PLANE('',#9637);
#8420=PLANE('',#9640);
#8421=PLANE('',#9643);
#8422=PLANE('',#9644);
#8423=PLANE('',#9647);
#8424=PLANE('',#9650);
#8425=PLANE('',#9651);
#8426=PLANE('',#9655);
#8427=PLANE('',#9662);
#8428=PLANE('',#9664);
#8429=PLANE('',#9665);
#8430=PLANE('',#9666);
#8431=PLANE('',#9668);
#8432=PLANE('',#9672);
#8433=PLANE('',#9676);
#8434=PLANE('',#9680);
#8435=PLANE('',#9681);
#8436=PLANE('',#9685);
#8437=PLANE('',#9689);
#8438=PLANE('',#9693);
#8439=PLANE('',#9694);
#8440=PLANE('',#9698);
#8441=PLANE('',#9702);
#8442=PLANE('',#9711);
#8443=PLANE('',#9714);
#8444=PLANE('',#9717);
#8445=PLANE('',#9720);
#8446=PLANE('',#9723);
#8447=PLANE('',#9726);
#8448=PLANE('',#9729);
#8449=PLANE('',#9732);
#8450=PLANE('',#9735);
#8451=PLANE('',#9738);
#8452=PLANE('',#9741);
#8453=PLANE('',#9744);
#8454=PLANE('',#9747);
#8455=PLANE('',#9748);
#8456=PLANE('',#9751);
#8457=PLANE('',#9754);
#8458=PLANE('',#9757);
#8459=PLANE('',#9758);
#8460=PLANE('',#9761);
#8461=PLANE('',#9764);
#8462=PLANE('',#9768);
#8463=PLANE('',#9775);
#8464=PLANE('',#9777);
#8465=PLANE('',#9781);
#8466=PLANE('',#9782);
#8467=PLANE('',#9786);
#8468=PLANE('',#9790);
#8469=PLANE('',#9791);
#8470=PLANE('',#9795);
#8471=PLANE('',#9799);
#8472=PLANE('',#9803);
#8473=PLANE('',#9804);
#8474=PLANE('',#9808);
#8475=PLANE('',#9812);
#8476=PLANE('',#9813);
#8477=PLANE('',#9822);
#8478=PLANE('',#9825);
#8479=PLANE('',#9828);
#8480=PLANE('',#9831);
#8481=PLANE('',#9834);
#8482=PLANE('',#9837);
#8483=PLANE('',#9840);
#8484=PLANE('',#9843);
#8485=PLANE('',#9846);
#8486=PLANE('',#9849);
#8487=PLANE('',#9852);
#8488=PLANE('',#9853);
#8489=PLANE('',#9854);
#8490=PLANE('',#9857);
#8491=PLANE('',#9860);
#8492=PLANE('',#9861);
#8493=PLANE('',#9864);
#8494=PLANE('',#9867);
#8495=PLANE('',#9870);
#8496=PLANE('',#9871);
#8497=PLANE('',#9874);
#8498=PLANE('',#9877);
#8499=PLANE('',#9878);
#8500=PLANE('',#9882);
#8501=PLANE('',#9889);
#8502=PLANE('',#9891);
#8503=PLANE('',#9892);
#8504=PLANE('',#9893);
#8505=PLANE('',#9895);
#8506=PLANE('',#9899);
#8507=PLANE('',#9903);
#8508=PLANE('',#9907);
#8509=PLANE('',#9908);
#8510=PLANE('',#9912);
#8511=PLANE('',#9916);
#8512=PLANE('',#9920);
#8513=PLANE('',#9921);
#8514=PLANE('',#9925);
#8515=PLANE('',#9929);
#8516=PLANE('',#9938);
#8517=PLANE('',#9941);
#8518=PLANE('',#9944);
#8519=PLANE('',#9947);
#8520=PLANE('',#9950);
#8521=PLANE('',#9953);
#8522=PLANE('',#9956);
#8523=PLANE('',#9959);
#8524=PLANE('',#9962);
#8525=PLANE('',#9965);
#8526=PLANE('',#9968);
#8527=PLANE('',#9971);
#8528=PLANE('',#9974);
#8529=PLANE('',#9975);
#8530=PLANE('',#9978);
#8531=PLANE('',#9981);
#8532=PLANE('',#9984);
#8533=PLANE('',#9985);
#8534=PLANE('',#9988);
#8535=PLANE('',#9991);
#8536=PLANE('',#9995);
#8537=PLANE('',#10002);
#8538=PLANE('',#10004);
#8539=PLANE('',#10008);
#8540=PLANE('',#10009);
#8541=PLANE('',#10013);
#8542=PLANE('',#10017);
#8543=PLANE('',#10018);
#8544=PLANE('',#10022);
#8545=PLANE('',#10026);
#8546=PLANE('',#10030);
#8547=PLANE('',#10031);
#8548=PLANE('',#10035);
#8549=PLANE('',#10039);
#8550=PLANE('',#10040);
#8551=PLANE('',#10049);
#8552=PLANE('',#10052);
#8553=PLANE('',#10055);
#8554=PLANE('',#10058);
#8555=PLANE('',#10061);
#8556=PLANE('',#10064);
#8557=PLANE('',#10067);
#8558=PLANE('',#10070);
#8559=PLANE('',#10073);
#8560=PLANE('',#10076);
#8561=PLANE('',#10079);
#8562=PLANE('',#10080);
#8563=PLANE('',#10081);
#8564=PLANE('',#10084);
#8565=PLANE('',#10087);
#8566=PLANE('',#10088);
#8567=PLANE('',#10091);
#8568=PLANE('',#10094);
#8569=PLANE('',#10097);
#8570=PLANE('',#10098);
#8571=PLANE('',#10101);
#8572=PLANE('',#10104);
#8573=PLANE('',#10105);
#8574=PLANE('',#10109);
#8575=PLANE('',#10116);
#8576=PLANE('',#10118);
#8577=PLANE('',#10119);
#8578=PLANE('',#10120);
#8579=ADVANCED_FACE('',(#651),#8283,.F.);
#8580=ADVANCED_FACE('',(#652),#459,.F.);
#8581=ADVANCED_FACE('',(#653),#8284,.F.);
#8582=ADVANCED_FACE('',(#654),#460,.F.);
#8583=ADVANCED_FACE('',(#655),#8285,.F.);
#8584=ADVANCED_FACE('',(#656),#461,.F.);
#8585=ADVANCED_FACE('',(#657),#8286,.F.);
#8586=ADVANCED_FACE('',(#658),#8287,.F.);
#8587=ADVANCED_FACE('',(#659),#462,.T.);
#8588=ADVANCED_FACE('',(#660),#8288,.F.);
#8589=ADVANCED_FACE('',(#661),#463,.T.);
#8590=ADVANCED_FACE('',(#662),#8289,.F.);
#8591=ADVANCED_FACE('',(#663),#464,.T.);
#8592=ADVANCED_FACE('',(#664),#8290,.F.);
#8593=ADVANCED_FACE('',(#665),#8291,.F.);
#8594=ADVANCED_FACE('',(#666),#465,.F.);
#8595=ADVANCED_FACE('',(#667),#8292,.F.);
#8596=ADVANCED_FACE('',(#668),#466,.F.);
#8597=ADVANCED_FACE('',(#669),#8293,.F.);
#8598=ADVANCED_FACE('',(#670),#467,.T.);
#8599=ADVANCED_FACE('',(#671),#468,.T.);
#8600=ADVANCED_FACE('',(#672),#469,.T.);
#8601=ADVANCED_FACE('',(#673),#470,.T.);
#8602=ADVANCED_FACE('',(#674),#8294,.F.);
#8603=ADVANCED_FACE('',(#675),#43,.F.);
#8604=ADVANCED_FACE('',(#676),#8295,.F.);
#8605=ADVANCED_FACE('',(#677),#44,.F.);
#8606=ADVANCED_FACE('',(#678),#8296,.F.);
#8607=ADVANCED_FACE('',(#679),#45,.T.);
#8608=ADVANCED_FACE('',(#680),#8297,.F.);
#8609=ADVANCED_FACE('',(#681),#46,.T.);
#8610=ADVANCED_FACE('',(#682),#8298,.F.);
#8611=ADVANCED_FACE('',(#683),#47,.T.);
#8612=ADVANCED_FACE('',(#684),#8299,.F.);
#8613=ADVANCED_FACE('',(#685),#48,.T.);
#8614=ADVANCED_FACE('',(#686),#8300,.F.);
#8615=ADVANCED_FACE('',(#687),#49,.T.);
#8616=ADVANCED_FACE('',(#688),#8301,.F.);
#8617=ADVANCED_FACE('',(#689),#50,.F.);
#8618=ADVANCED_FACE('',(#690),#8302,.F.);
#8619=ADVANCED_FACE('',(#691),#51,.F.);
#8620=ADVANCED_FACE('',(#692),#8303,.F.);
#8621=ADVANCED_FACE('',(#693),#52,.T.);
#8622=ADVANCED_FACE('',(#694),#8304,.F.);
#8623=ADVANCED_FACE('',(#695),#471,.F.);
#8624=ADVANCED_FACE('',(#696),#8305,.F.);
#8625=ADVANCED_FACE('',(#697),#472,.F.);
#8626=ADVANCED_FACE('',(#698),#8306,.F.);
#8627=ADVANCED_FACE('',(#699),#8307,.F.);
#8628=ADVANCED_FACE('',(#700),#473,.T.);
#8629=ADVANCED_FACE('',(#701),#8308,.F.);
#8630=ADVANCED_FACE('',(#702),#474,.T.);
#8631=ADVANCED_FACE('',(#703),#8309,.F.);
#8632=ADVANCED_FACE('',(#704),#475,.T.);
#8633=ADVANCED_FACE('',(#705),#8310,.F.);
#8634=ADVANCED_FACE('',(#706),#8311,.F.);
#8635=ADVANCED_FACE('',(#707),#476,.F.);
#8636=ADVANCED_FACE('',(#708),#8312,.F.);
#8637=ADVANCED_FACE('',(#709),#477,.F.);
#8638=ADVANCED_FACE('',(#710),#8313,.F.);
#8639=ADVANCED_FACE('',(#711),#478,.F.);
#8640=ADVANCED_FACE('',(#712),#8314,.F.);
#8641=ADVANCED_FACE('',(#713),#479,.T.);
#8642=ADVANCED_FACE('',(#714),#480,.T.);
#8643=ADVANCED_FACE('',(#715),#481,.T.);
#8644=ADVANCED_FACE('',(#716),#482,.T.);
#8645=ADVANCED_FACE('',(#717),#53,.T.);
#8646=ADVANCED_FACE('',(#718),#8315,.F.);
#8647=ADVANCED_FACE('',(#719),#54,.F.);
#8648=ADVANCED_FACE('',(#720),#8316,.T.);
#8649=ADVANCED_FACE('',(#721),#483,.F.);
#8650=ADVANCED_FACE('',(#722),#8317,.T.);
#8651=ADVANCED_FACE('',(#723),#8318,.T.);
#8652=ADVANCED_FACE('',(#724),#484,.F.);
#8653=ADVANCED_FACE('',(#725),#8319,.T.);
#8654=ADVANCED_FACE('',(#726),#485,.F.);
#8655=ADVANCED_FACE('',(#727),#8320,.T.);
#8656=ADVANCED_FACE('',(#728),#8321,.T.);
#8657=ADVANCED_FACE('',(#729),#486,.T.);
#8658=ADVANCED_FACE('',(#730),#8322,.T.);
#8659=ADVANCED_FACE('',(#731),#487,.T.);
#8660=ADVANCED_FACE('',(#732),#8323,.T.);
#8661=ADVANCED_FACE('',(#733),#488,.T.);
#8662=ADVANCED_FACE('',(#734),#8324,.T.);
#8663=ADVANCED_FACE('',(#735),#8325,.T.);
#8664=ADVANCED_FACE('',(#736),#489,.F.);
#8665=ADVANCED_FACE('',(#737),#8326,.T.);
#8666=ADVANCED_FACE('',(#738),#490,.F.);
#8667=ADVANCED_FACE('',(#739),#8327,.T.);
#8668=ADVANCED_FACE('',(#740),#8328,.T.);
#8669=ADVANCED_FACE('',(#741),#491,.T.);
#8670=ADVANCED_FACE('',(#742),#492,.T.);
#8671=ADVANCED_FACE('',(#743),#493,.T.);
#8672=ADVANCED_FACE('',(#744),#494,.T.);
#8673=ADVANCED_FACE('',(#745),#8329,.T.);
#8674=ADVANCED_FACE('',(#746),#55,.F.);
#8675=ADVANCED_FACE('',(#747),#8330,.T.);
#8676=ADVANCED_FACE('',(#748),#56,.F.);
#8677=ADVANCED_FACE('',(#749),#8331,.T.);
#8678=ADVANCED_FACE('',(#750),#57,.T.);
#8679=ADVANCED_FACE('',(#751),#8332,.T.);
#8680=ADVANCED_FACE('',(#752),#58,.T.);
#8681=ADVANCED_FACE('',(#753),#8333,.T.);
#8682=ADVANCED_FACE('',(#754),#59,.T.);
#8683=ADVANCED_FACE('',(#755),#8334,.T.);
#8684=ADVANCED_FACE('',(#756),#60,.T.);
#8685=ADVANCED_FACE('',(#757),#8335,.T.);
#8686=ADVANCED_FACE('',(#758),#61,.T.);
#8687=ADVANCED_FACE('',(#759),#8336,.T.);
#8688=ADVANCED_FACE('',(#760),#62,.F.);
#8689=ADVANCED_FACE('',(#761),#8337,.T.);
#8690=ADVANCED_FACE('',(#762),#63,.F.);
#8691=ADVANCED_FACE('',(#763),#8338,.T.);
#8692=ADVANCED_FACE('',(#764),#64,.T.);
#8693=ADVANCED_FACE('',(#765),#8339,.T.);
#8694=ADVANCED_FACE('',(#766),#8340,.T.);
#8695=ADVANCED_FACE('',(#767),#8341,.T.);
#8696=ADVANCED_FACE('',(#768),#495,.F.);
#8697=ADVANCED_FACE('',(#769),#8342,.T.);
#8698=ADVANCED_FACE('',(#770),#496,.F.);
#8699=ADVANCED_FACE('',(#771),#8343,.T.);
#8700=ADVANCED_FACE('',(#772),#8344,.T.);
#8701=ADVANCED_FACE('',(#773),#497,.T.);
#8702=ADVANCED_FACE('',(#774),#8345,.T.);
#8703=ADVANCED_FACE('',(#775),#498,.T.);
#8704=ADVANCED_FACE('',(#776),#8346,.T.);
#8705=ADVANCED_FACE('',(#777),#499,.T.);
#8706=ADVANCED_FACE('',(#778),#8347,.T.);
#8707=ADVANCED_FACE('',(#779),#8348,.T.);
#8708=ADVANCED_FACE('',(#780),#500,.F.);
#8709=ADVANCED_FACE('',(#781),#8349,.T.);
#8710=ADVANCED_FACE('',(#782),#501,.F.);
#8711=ADVANCED_FACE('',(#783),#8350,.T.);
#8712=ADVANCED_FACE('',(#784),#8351,.T.);
#8713=ADVANCED_FACE('',(#785),#502,.F.);
#8714=ADVANCED_FACE('',(#786),#8352,.T.);
#8715=ADVANCED_FACE('',(#787),#503,.T.);
#8716=ADVANCED_FACE('',(#788),#504,.T.);
#8717=ADVANCED_FACE('',(#789),#505,.T.);
#8718=ADVANCED_FACE('',(#790),#506,.T.);
#8719=ADVANCED_FACE('',(#791),#65,.T.);
#8720=ADVANCED_FACE('',(#792),#8353,.T.);
#8721=ADVANCED_FACE('',(#793),#66,.F.);
#8722=ADVANCED_FACE('',(#794),#8354,.T.);
#8723=ADVANCED_FACE('',(#795),#8355,.F.);
#8724=ADVANCED_FACE('',(#796),#8356,.T.);
#8725=ADVANCED_FACE('',(#797),#8357,.F.);
#8726=ADVANCED_FACE('',(#798),#507,.F.);
#8727=ADVANCED_FACE('',(#799),#8358,.F.);
#8728=ADVANCED_FACE('',(#800),#508,.F.);
#8729=ADVANCED_FACE('',(#801),#8359,.F.);
#8730=ADVANCED_FACE('',(#802),#509,.F.);
#8731=ADVANCED_FACE('',(#803),#8360,.F.);
#8732=ADVANCED_FACE('',(#804),#8361,.F.);
#8733=ADVANCED_FACE('',(#805),#510,.T.);
#8734=ADVANCED_FACE('',(#806),#8362,.F.);
#8735=ADVANCED_FACE('',(#807),#511,.T.);
#8736=ADVANCED_FACE('',(#808),#8363,.F.);
#8737=ADVANCED_FACE('',(#809),#512,.T.);
#8738=ADVANCED_FACE('',(#810),#8364,.F.);
#8739=ADVANCED_FACE('',(#811),#8365,.F.);
#8740=ADVANCED_FACE('',(#812),#513,.F.);
#8741=ADVANCED_FACE('',(#813),#8366,.F.);
#8742=ADVANCED_FACE('',(#814),#514,.F.);
#8743=ADVANCED_FACE('',(#815),#8367,.F.);
#8744=ADVANCED_FACE('',(#816),#515,.T.);
#8745=ADVANCED_FACE('',(#817),#516,.T.);
#8746=ADVANCED_FACE('',(#818),#517,.T.);
#8747=ADVANCED_FACE('',(#819),#518,.T.);
#8748=ADVANCED_FACE('',(#820),#8368,.F.);
#8749=ADVANCED_FACE('',(#821),#67,.F.);
#8750=ADVANCED_FACE('',(#822),#8369,.F.);
#8751=ADVANCED_FACE('',(#823),#68,.F.);
#8752=ADVANCED_FACE('',(#824),#8370,.F.);
#8753=ADVANCED_FACE('',(#825),#69,.T.);
#8754=ADVANCED_FACE('',(#826),#8371,.F.);
#8755=ADVANCED_FACE('',(#827),#70,.T.);
#8756=ADVANCED_FACE('',(#828),#8372,.F.);
#8757=ADVANCED_FACE('',(#829),#71,.T.);
#8758=ADVANCED_FACE('',(#830),#8373,.F.);
#8759=ADVANCED_FACE('',(#831),#72,.T.);
#8760=ADVANCED_FACE('',(#832),#8374,.F.);
#8761=ADVANCED_FACE('',(#833),#73,.T.);
#8762=ADVANCED_FACE('',(#834),#8375,.F.);
#8763=ADVANCED_FACE('',(#835),#74,.F.);
#8764=ADVANCED_FACE('',(#836),#8376,.F.);
#8765=ADVANCED_FACE('',(#837),#75,.F.);
#8766=ADVANCED_FACE('',(#838),#8377,.F.);
#8767=ADVANCED_FACE('',(#839),#76,.T.);
#8768=ADVANCED_FACE('',(#840),#8378,.F.);
#8769=ADVANCED_FACE('',(#841),#519,.F.);
#8770=ADVANCED_FACE('',(#842),#8379,.F.);
#8771=ADVANCED_FACE('',(#843),#520,.F.);
#8772=ADVANCED_FACE('',(#844),#8380,.F.);
#8773=ADVANCED_FACE('',(#845),#8381,.F.);
#8774=ADVANCED_FACE('',(#846),#521,.T.);
#8775=ADVANCED_FACE('',(#847),#8382,.F.);
#8776=ADVANCED_FACE('',(#848),#522,.T.);
#8777=ADVANCED_FACE('',(#849),#8383,.F.);
#8778=ADVANCED_FACE('',(#850),#523,.T.);
#8779=ADVANCED_FACE('',(#851),#8384,.F.);
#8780=ADVANCED_FACE('',(#852),#8385,.F.);
#8781=ADVANCED_FACE('',(#853),#524,.F.);
#8782=ADVANCED_FACE('',(#854),#8386,.F.);
#8783=ADVANCED_FACE('',(#855),#525,.F.);
#8784=ADVANCED_FACE('',(#856),#8387,.F.);
#8785=ADVANCED_FACE('',(#857),#526,.F.);
#8786=ADVANCED_FACE('',(#858),#8388,.F.);
#8787=ADVANCED_FACE('',(#859),#527,.T.);
#8788=ADVANCED_FACE('',(#860),#528,.T.);
#8789=ADVANCED_FACE('',(#861),#529,.T.);
#8790=ADVANCED_FACE('',(#862),#530,.T.);
#8791=ADVANCED_FACE('',(#863),#77,.T.);
#8792=ADVANCED_FACE('',(#864),#8389,.F.);
#8793=ADVANCED_FACE('',(#865),#78,.F.);
#8794=ADVANCED_FACE('',(#866),#8390,.T.);
#8795=ADVANCED_FACE('',(#867),#531,.F.);
#8796=ADVANCED_FACE('',(#868),#8391,.T.);
#8797=ADVANCED_FACE('',(#869),#8392,.T.);
#8798=ADVANCED_FACE('',(#870),#532,.F.);
#8799=ADVANCED_FACE('',(#871),#8393,.T.);
#8800=ADVANCED_FACE('',(#872),#533,.F.);
#8801=ADVANCED_FACE('',(#873),#8394,.T.);
#8802=ADVANCED_FACE('',(#874),#8395,.T.);
#8803=ADVANCED_FACE('',(#875),#534,.T.);
#8804=ADVANCED_FACE('',(#876),#8396,.T.);
#8805=ADVANCED_FACE('',(#877),#535,.T.);
#8806=ADVANCED_FACE('',(#878),#8397,.T.);
#8807=ADVANCED_FACE('',(#879),#536,.T.);
#8808=ADVANCED_FACE('',(#880),#8398,.T.);
#8809=ADVANCED_FACE('',(#881),#8399,.T.);
#8810=ADVANCED_FACE('',(#882),#537,.F.);
#8811=ADVANCED_FACE('',(#883),#8400,.T.);
#8812=ADVANCED_FACE('',(#884),#538,.F.);
#8813=ADVANCED_FACE('',(#885),#8401,.T.);
#8814=ADVANCED_FACE('',(#886),#8402,.T.);
#8815=ADVANCED_FACE('',(#887),#539,.T.);
#8816=ADVANCED_FACE('',(#888),#540,.T.);
#8817=ADVANCED_FACE('',(#889),#541,.T.);
#8818=ADVANCED_FACE('',(#890),#542,.T.);
#8819=ADVANCED_FACE('',(#891),#8403,.T.);
#8820=ADVANCED_FACE('',(#892),#79,.F.);
#8821=ADVANCED_FACE('',(#893),#8404,.T.);
#8822=ADVANCED_FACE('',(#894),#80,.F.);
#8823=ADVANCED_FACE('',(#895),#8405,.T.);
#8824=ADVANCED_FACE('',(#896),#81,.T.);
#8825=ADVANCED_FACE('',(#897),#8406,.T.);
#8826=ADVANCED_FACE('',(#898),#82,.T.);
#8827=ADVANCED_FACE('',(#899),#8407,.T.);
#8828=ADVANCED_FACE('',(#900),#83,.T.);
#8829=ADVANCED_FACE('',(#901),#8408,.T.);
#8830=ADVANCED_FACE('',(#902),#84,.T.);
#8831=ADVANCED_FACE('',(#903),#8409,.T.);
#8832=ADVANCED_FACE('',(#904),#85,.T.);
#8833=ADVANCED_FACE('',(#905),#8410,.T.);
#8834=ADVANCED_FACE('',(#906),#86,.F.);
#8835=ADVANCED_FACE('',(#907),#8411,.T.);
#8836=ADVANCED_FACE('',(#908),#87,.F.);
#8837=ADVANCED_FACE('',(#909),#8412,.T.);
#8838=ADVANCED_FACE('',(#910),#88,.T.);
#8839=ADVANCED_FACE('',(#911),#8413,.T.);
#8840=ADVANCED_FACE('',(#912),#8414,.T.);
#8841=ADVANCED_FACE('',(#913),#8415,.T.);
#8842=ADVANCED_FACE('',(#914),#543,.F.);
#8843=ADVANCED_FACE('',(#915),#8416,.T.);
#8844=ADVANCED_FACE('',(#916),#544,.F.);
#8845=ADVANCED_FACE('',(#917),#8417,.T.);
#8846=ADVANCED_FACE('',(#918),#8418,.T.);
#8847=ADVANCED_FACE('',(#919),#545,.T.);
#8848=ADVANCED_FACE('',(#920),#8419,.T.);
#8849=ADVANCED_FACE('',(#921),#546,.T.);
#8850=ADVANCED_FACE('',(#922),#8420,.T.);
#8851=ADVANCED_FACE('',(#923),#547,.T.);
#8852=ADVANCED_FACE('',(#924),#8421,.T.);
#8853=ADVANCED_FACE('',(#925),#8422,.T.);
#8854=ADVANCED_FACE('',(#926),#548,.F.);
#8855=ADVANCED_FACE('',(#927),#8423,.T.);
#8856=ADVANCED_FACE('',(#928),#549,.F.);
#8857=ADVANCED_FACE('',(#929),#8424,.T.);
#8858=ADVANCED_FACE('',(#930),#8425,.T.);
#8859=ADVANCED_FACE('',(#931),#550,.F.);
#8860=ADVANCED_FACE('',(#932),#8426,.T.);
#8861=ADVANCED_FACE('',(#933),#551,.T.);
#8862=ADVANCED_FACE('',(#934),#552,.T.);
#8863=ADVANCED_FACE('',(#935),#553,.T.);
#8864=ADVANCED_FACE('',(#936),#554,.T.);
#8865=ADVANCED_FACE('',(#937),#89,.T.);
#8866=ADVANCED_FACE('',(#938),#8427,.T.);
#8867=ADVANCED_FACE('',(#939),#90,.F.);
#8868=ADVANCED_FACE('',(#940),#8428,.T.);
#8869=ADVANCED_FACE('',(#941),#8429,.F.);
#8870=ADVANCED_FACE('',(#942),#8430,.T.);
#8871=ADVANCED_FACE('',(#943),#8431,.F.);
#8872=ADVANCED_FACE('',(#944),#555,.F.);
#8873=ADVANCED_FACE('',(#945),#8432,.F.);
#8874=ADVANCED_FACE('',(#946),#556,.F.);
#8875=ADVANCED_FACE('',(#947),#8433,.F.);
#8876=ADVANCED_FACE('',(#948),#557,.F.);
#8877=ADVANCED_FACE('',(#949),#8434,.F.);
#8878=ADVANCED_FACE('',(#950),#8435,.F.);
#8879=ADVANCED_FACE('',(#951),#558,.T.);
#8880=ADVANCED_FACE('',(#952),#8436,.F.);
#8881=ADVANCED_FACE('',(#953),#559,.T.);
#8882=ADVANCED_FACE('',(#954),#8437,.F.);
#8883=ADVANCED_FACE('',(#955),#560,.T.);
#8884=ADVANCED_FACE('',(#956),#8438,.F.);
#8885=ADVANCED_FACE('',(#957),#8439,.F.);
#8886=ADVANCED_FACE('',(#958),#561,.F.);
#8887=ADVANCED_FACE('',(#959),#8440,.F.);
#8888=ADVANCED_FACE('',(#960),#562,.F.);
#8889=ADVANCED_FACE('',(#961),#8441,.F.);
#8890=ADVANCED_FACE('',(#962),#563,.T.);
#8891=ADVANCED_FACE('',(#963),#564,.T.);
#8892=ADVANCED_FACE('',(#964),#565,.T.);
#8893=ADVANCED_FACE('',(#965),#566,.T.);
#8894=ADVANCED_FACE('',(#966),#8442,.F.);
#8895=ADVANCED_FACE('',(#967),#91,.F.);
#8896=ADVANCED_FACE('',(#968),#8443,.F.);
#8897=ADVANCED_FACE('',(#969),#92,.F.);
#8898=ADVANCED_FACE('',(#970),#8444,.F.);
#8899=ADVANCED_FACE('',(#971),#93,.T.);
#8900=ADVANCED_FACE('',(#972),#8445,.F.);
#8901=ADVANCED_FACE('',(#973),#94,.T.);
#8902=ADVANCED_FACE('',(#974),#8446,.F.);
#8903=ADVANCED_FACE('',(#975),#95,.T.);
#8904=ADVANCED_FACE('',(#976),#8447,.F.);
#8905=ADVANCED_FACE('',(#977),#96,.T.);
#8906=ADVANCED_FACE('',(#978),#8448,.F.);
#8907=ADVANCED_FACE('',(#979),#97,.T.);
#8908=ADVANCED_FACE('',(#980),#8449,.F.);
#8909=ADVANCED_FACE('',(#981),#98,.F.);
#8910=ADVANCED_FACE('',(#982),#8450,.F.);
#8911=ADVANCED_FACE('',(#983),#99,.F.);
#8912=ADVANCED_FACE('',(#984),#8451,.F.);
#8913=ADVANCED_FACE('',(#985),#100,.T.);
#8914=ADVANCED_FACE('',(#986),#8452,.F.);
#8915=ADVANCED_FACE('',(#987),#567,.F.);
#8916=ADVANCED_FACE('',(#988),#8453,.F.);
#8917=ADVANCED_FACE('',(#989),#568,.F.);
#8918=ADVANCED_FACE('',(#990),#8454,.F.);
#8919=ADVANCED_FACE('',(#991),#8455,.F.);
#8920=ADVANCED_FACE('',(#992),#569,.T.);
#8921=ADVANCED_FACE('',(#993),#8456,.F.);
#8922=ADVANCED_FACE('',(#994),#570,.T.);
#8923=ADVANCED_FACE('',(#995),#8457,.F.);
#8924=ADVANCED_FACE('',(#996),#571,.T.);
#8925=ADVANCED_FACE('',(#997),#8458,.F.);
#8926=ADVANCED_FACE('',(#998),#8459,.F.);
#8927=ADVANCED_FACE('',(#999),#572,.F.);
#8928=ADVANCED_FACE('',(#1000),#8460,.F.);
#8929=ADVANCED_FACE('',(#1001),#573,.F.);
#8930=ADVANCED_FACE('',(#1002),#8461,.F.);
#8931=ADVANCED_FACE('',(#1003),#574,.F.);
#8932=ADVANCED_FACE('',(#1004),#8462,.F.);
#8933=ADVANCED_FACE('',(#1005),#575,.T.);
#8934=ADVANCED_FACE('',(#1006),#576,.T.);
#8935=ADVANCED_FACE('',(#1007),#577,.T.);
#8936=ADVANCED_FACE('',(#1008),#578,.T.);
#8937=ADVANCED_FACE('',(#1009),#101,.T.);
#8938=ADVANCED_FACE('',(#1010),#8463,.F.);
#8939=ADVANCED_FACE('',(#1011),#102,.F.);
#8940=ADVANCED_FACE('',(#1012),#8464,.T.);
#8941=ADVANCED_FACE('',(#1013),#579,.F.);
#8942=ADVANCED_FACE('',(#1014),#8465,.T.);
#8943=ADVANCED_FACE('',(#1015),#8466,.T.);
#8944=ADVANCED_FACE('',(#1016),#580,.F.);
#8945=ADVANCED_FACE('',(#1017),#8467,.T.);
#8946=ADVANCED_FACE('',(#1018),#581,.F.);
#8947=ADVANCED_FACE('',(#1019),#8468,.T.);
#8948=ADVANCED_FACE('',(#1020),#8469,.T.);
#8949=ADVANCED_FACE('',(#1021),#582,.T.);
#8950=ADVANCED_FACE('',(#1022),#8470,.T.);
#8951=ADVANCED_FACE('',(#1023),#583,.T.);
#8952=ADVANCED_FACE('',(#1024),#8471,.T.);
#8953=ADVANCED_FACE('',(#1025),#584,.T.);
#8954=ADVANCED_FACE('',(#1026),#8472,.T.);
#8955=ADVANCED_FACE('',(#1027),#8473,.T.);
#8956=ADVANCED_FACE('',(#1028),#585,.F.);
#8957=ADVANCED_FACE('',(#1029),#8474,.T.);
#8958=ADVANCED_FACE('',(#1030),#586,.F.);
#8959=ADVANCED_FACE('',(#1031),#8475,.T.);
#8960=ADVANCED_FACE('',(#1032),#8476,.T.);
#8961=ADVANCED_FACE('',(#1033),#587,.T.);
#8962=ADVANCED_FACE('',(#1034),#588,.T.);
#8963=ADVANCED_FACE('',(#1035),#589,.T.);
#8964=ADVANCED_FACE('',(#1036),#590,.T.);
#8965=ADVANCED_FACE('',(#1037),#8477,.T.);
#8966=ADVANCED_FACE('',(#1038),#103,.F.);
#8967=ADVANCED_FACE('',(#1039),#8478,.T.);
#8968=ADVANCED_FACE('',(#1040),#104,.F.);
#8969=ADVANCED_FACE('',(#1041),#8479,.T.);
#8970=ADVANCED_FACE('',(#1042),#105,.T.);
#8971=ADVANCED_FACE('',(#1043),#8480,.T.);
#8972=ADVANCED_FACE('',(#1044),#106,.T.);
#8973=ADVANCED_FACE('',(#1045),#8481,.T.);
#8974=ADVANCED_FACE('',(#1046),#107,.T.);
#8975=ADVANCED_FACE('',(#1047),#8482,.T.);
#8976=ADVANCED_FACE('',(#1048),#108,.T.);
#8977=ADVANCED_FACE('',(#1049),#8483,.T.);
#8978=ADVANCED_FACE('',(#1050),#109,.T.);
#8979=ADVANCED_FACE('',(#1051),#8484,.T.);
#8980=ADVANCED_FACE('',(#1052),#110,.F.);
#8981=ADVANCED_FACE('',(#1053),#8485,.T.);
#8982=ADVANCED_FACE('',(#1054),#111,.F.);
#8983=ADVANCED_FACE('',(#1055),#8486,.T.);
#8984=ADVANCED_FACE('',(#1056),#112,.T.);
#8985=ADVANCED_FACE('',(#1057),#8487,.T.);
#8986=ADVANCED_FACE('',(#1058),#8488,.T.);
#8987=ADVANCED_FACE('',(#1059),#8489,.T.);
#8988=ADVANCED_FACE('',(#1060),#591,.F.);
#8989=ADVANCED_FACE('',(#1061),#8490,.T.);
#8990=ADVANCED_FACE('',(#1062),#592,.F.);
#8991=ADVANCED_FACE('',(#1063),#8491,.T.);
#8992=ADVANCED_FACE('',(#1064),#8492,.T.);
#8993=ADVANCED_FACE('',(#1065),#593,.T.);
#8994=ADVANCED_FACE('',(#1066),#8493,.T.);
#8995=ADVANCED_FACE('',(#1067),#594,.T.);
#8996=ADVANCED_FACE('',(#1068),#8494,.T.);
#8997=ADVANCED_FACE('',(#1069),#595,.T.);
#8998=ADVANCED_FACE('',(#1070),#8495,.T.);
#8999=ADVANCED_FACE('',(#1071),#8496,.T.);
#9000=ADVANCED_FACE('',(#1072),#596,.F.);
#9001=ADVANCED_FACE('',(#1073),#8497,.T.);
#9002=ADVANCED_FACE('',(#1074),#597,.F.);
#9003=ADVANCED_FACE('',(#1075),#8498,.T.);
#9004=ADVANCED_FACE('',(#1076),#8499,.T.);
#9005=ADVANCED_FACE('',(#1077),#598,.F.);
#9006=ADVANCED_FACE('',(#1078),#8500,.T.);
#9007=ADVANCED_FACE('',(#1079),#599,.T.);
#9008=ADVANCED_FACE('',(#1080),#600,.T.);
#9009=ADVANCED_FACE('',(#1081),#601,.T.);
#9010=ADVANCED_FACE('',(#1082),#602,.T.);
#9011=ADVANCED_FACE('',(#1083),#113,.T.);
#9012=ADVANCED_FACE('',(#1084),#8501,.T.);
#9013=ADVANCED_FACE('',(#1085),#114,.F.);
#9014=ADVANCED_FACE('',(#1086),#8502,.T.);
#9015=ADVANCED_FACE('',(#1087),#8503,.F.);
#9016=ADVANCED_FACE('',(#1088),#8504,.T.);
#9017=ADVANCED_FACE('',(#1089),#8505,.F.);
#9018=ADVANCED_FACE('',(#1090),#603,.F.);
#9019=ADVANCED_FACE('',(#1091),#8506,.F.);
#9020=ADVANCED_FACE('',(#1092),#604,.F.);
#9021=ADVANCED_FACE('',(#1093),#8507,.F.);
#9022=ADVANCED_FACE('',(#1094),#605,.F.);
#9023=ADVANCED_FACE('',(#1095),#8508,.F.);
#9024=ADVANCED_FACE('',(#1096),#8509,.F.);
#9025=ADVANCED_FACE('',(#1097),#606,.T.);
#9026=ADVANCED_FACE('',(#1098),#8510,.F.);
#9027=ADVANCED_FACE('',(#1099),#607,.T.);
#9028=ADVANCED_FACE('',(#1100),#8511,.F.);
#9029=ADVANCED_FACE('',(#1101),#608,.T.);
#9030=ADVANCED_FACE('',(#1102),#8512,.F.);
#9031=ADVANCED_FACE('',(#1103),#8513,.F.);
#9032=ADVANCED_FACE('',(#1104),#609,.F.);
#9033=ADVANCED_FACE('',(#1105),#8514,.F.);
#9034=ADVANCED_FACE('',(#1106),#610,.F.);
#9035=ADVANCED_FACE('',(#1107),#8515,.F.);
#9036=ADVANCED_FACE('',(#1108),#611,.T.);
#9037=ADVANCED_FACE('',(#1109),#612,.T.);
#9038=ADVANCED_FACE('',(#1110),#613,.T.);
#9039=ADVANCED_FACE('',(#1111),#614,.T.);
#9040=ADVANCED_FACE('',(#1112),#8516,.F.);
#9041=ADVANCED_FACE('',(#1113),#115,.F.);
#9042=ADVANCED_FACE('',(#1114),#8517,.F.);
#9043=ADVANCED_FACE('',(#1115),#116,.F.);
#9044=ADVANCED_FACE('',(#1116),#8518,.F.);
#9045=ADVANCED_FACE('',(#1117),#117,.T.);
#9046=ADVANCED_FACE('',(#1118),#8519,.F.);
#9047=ADVANCED_FACE('',(#1119),#118,.T.);
#9048=ADVANCED_FACE('',(#1120),#8520,.F.);
#9049=ADVANCED_FACE('',(#1121),#119,.T.);
#9050=ADVANCED_FACE('',(#1122),#8521,.F.);
#9051=ADVANCED_FACE('',(#1123),#120,.T.);
#9052=ADVANCED_FACE('',(#1124),#8522,.F.);
#9053=ADVANCED_FACE('',(#1125),#121,.T.);
#9054=ADVANCED_FACE('',(#1126),#8523,.F.);
#9055=ADVANCED_FACE('',(#1127),#122,.F.);
#9056=ADVANCED_FACE('',(#1128),#8524,.F.);
#9057=ADVANCED_FACE('',(#1129),#123,.F.);
#9058=ADVANCED_FACE('',(#1130),#8525,.F.);
#9059=ADVANCED_FACE('',(#1131),#124,.T.);
#9060=ADVANCED_FACE('',(#1132),#8526,.F.);
#9061=ADVANCED_FACE('',(#1133),#615,.F.);
#9062=ADVANCED_FACE('',(#1134),#8527,.F.);
#9063=ADVANCED_FACE('',(#1135),#616,.F.);
#9064=ADVANCED_FACE('',(#1136),#8528,.F.);
#9065=ADVANCED_FACE('',(#1137),#8529,.F.);
#9066=ADVANCED_FACE('',(#1138),#617,.T.);
#9067=ADVANCED_FACE('',(#1139),#8530,.F.);
#9068=ADVANCED_FACE('',(#1140),#618,.T.);
#9069=ADVANCED_FACE('',(#1141),#8531,.F.);
#9070=ADVANCED_FACE('',(#1142),#619,.T.);
#9071=ADVANCED_FACE('',(#1143),#8532,.F.);
#9072=ADVANCED_FACE('',(#1144),#8533,.F.);
#9073=ADVANCED_FACE('',(#1145),#620,.F.);
#9074=ADVANCED_FACE('',(#1146),#8534,.F.);
#9075=ADVANCED_FACE('',(#1147),#621,.F.);
#9076=ADVANCED_FACE('',(#1148),#8535,.F.);
#9077=ADVANCED_FACE('',(#1149),#622,.F.);
#9078=ADVANCED_FACE('',(#1150),#8536,.F.);
#9079=ADVANCED_FACE('',(#1151),#623,.T.);
#9080=ADVANCED_FACE('',(#1152),#624,.T.);
#9081=ADVANCED_FACE('',(#1153),#625,.T.);
#9082=ADVANCED_FACE('',(#1154),#626,.T.);
#9083=ADVANCED_FACE('',(#1155),#125,.T.);
#9084=ADVANCED_FACE('',(#1156),#8537,.F.);
#9085=ADVANCED_FACE('',(#1157),#126,.F.);
#9086=ADVANCED_FACE('',(#1158),#8538,.T.);
#9087=ADVANCED_FACE('',(#1159),#627,.F.);
#9088=ADVANCED_FACE('',(#1160),#8539,.T.);
#9089=ADVANCED_FACE('',(#1161),#8540,.T.);
#9090=ADVANCED_FACE('',(#1162),#628,.F.);
#9091=ADVANCED_FACE('',(#1163),#8541,.T.);
#9092=ADVANCED_FACE('',(#1164),#629,.F.);
#9093=ADVANCED_FACE('',(#1165),#8542,.T.);
#9094=ADVANCED_FACE('',(#1166),#8543,.T.);
#9095=ADVANCED_FACE('',(#1167),#630,.T.);
#9096=ADVANCED_FACE('',(#1168),#8544,.T.);
#9097=ADVANCED_FACE('',(#1169),#631,.T.);
#9098=ADVANCED_FACE('',(#1170),#8545,.T.);
#9099=ADVANCED_FACE('',(#1171),#632,.T.);
#9100=ADVANCED_FACE('',(#1172),#8546,.T.);
#9101=ADVANCED_FACE('',(#1173),#8547,.T.);
#9102=ADVANCED_FACE('',(#1174),#633,.F.);
#9103=ADVANCED_FACE('',(#1175),#8548,.T.);
#9104=ADVANCED_FACE('',(#1176),#634,.F.);
#9105=ADVANCED_FACE('',(#1177),#8549,.T.);
#9106=ADVANCED_FACE('',(#1178),#8550,.T.);
#9107=ADVANCED_FACE('',(#1179),#635,.T.);
#9108=ADVANCED_FACE('',(#1180),#636,.T.);
#9109=ADVANCED_FACE('',(#1181),#637,.T.);
#9110=ADVANCED_FACE('',(#1182),#638,.T.);
#9111=ADVANCED_FACE('',(#1183),#8551,.T.);
#9112=ADVANCED_FACE('',(#1184),#127,.F.);
#9113=ADVANCED_FACE('',(#1185),#8552,.T.);
#9114=ADVANCED_FACE('',(#1186),#128,.F.);
#9115=ADVANCED_FACE('',(#1187),#8553,.T.);
#9116=ADVANCED_FACE('',(#1188),#129,.T.);
#9117=ADVANCED_FACE('',(#1189),#8554,.T.);
#9118=ADVANCED_FACE('',(#1190),#130,.T.);
#9119=ADVANCED_FACE('',(#1191),#8555,.T.);
#9120=ADVANCED_FACE('',(#1192),#131,.T.);
#9121=ADVANCED_FACE('',(#1193),#8556,.T.);
#9122=ADVANCED_FACE('',(#1194),#132,.T.);
#9123=ADVANCED_FACE('',(#1195),#8557,.T.);
#9124=ADVANCED_FACE('',(#1196),#133,.T.);
#9125=ADVANCED_FACE('',(#1197),#8558,.T.);
#9126=ADVANCED_FACE('',(#1198),#134,.F.);
#9127=ADVANCED_FACE('',(#1199),#8559,.T.);
#9128=ADVANCED_FACE('',(#1200),#135,.F.);
#9129=ADVANCED_FACE('',(#1201),#8560,.T.);
#9130=ADVANCED_FACE('',(#1202),#136,.T.);
#9131=ADVANCED_FACE('',(#1203),#8561,.T.);
#9132=ADVANCED_FACE('',(#1204),#8562,.T.);
#9133=ADVANCED_FACE('',(#1205),#8563,.T.);
#9134=ADVANCED_FACE('',(#1206),#639,.F.);
#9135=ADVANCED_FACE('',(#1207),#8564,.T.);
#9136=ADVANCED_FACE('',(#1208),#640,.F.);
#9137=ADVANCED_FACE('',(#1209),#8565,.T.);
#9138=ADVANCED_FACE('',(#1210),#8566,.T.);
#9139=ADVANCED_FACE('',(#1211),#641,.T.);
#9140=ADVANCED_FACE('',(#1212),#8567,.T.);
#9141=ADVANCED_FACE('',(#1213),#642,.T.);
#9142=ADVANCED_FACE('',(#1214),#8568,.T.);
#9143=ADVANCED_FACE('',(#1215),#643,.T.);
#9144=ADVANCED_FACE('',(#1216),#8569,.T.);
#9145=ADVANCED_FACE('',(#1217),#8570,.T.);
#9146=ADVANCED_FACE('',(#1218),#644,.F.);
#9147=ADVANCED_FACE('',(#1219),#8571,.T.);
#9148=ADVANCED_FACE('',(#1220),#645,.F.);
#9149=ADVANCED_FACE('',(#1221),#8572,.T.);
#9150=ADVANCED_FACE('',(#1222),#8573,.T.);
#9151=ADVANCED_FACE('',(#1223),#646,.F.);
#9152=ADVANCED_FACE('',(#1224),#8574,.T.);
#9153=ADVANCED_FACE('',(#1225),#647,.T.);
#9154=ADVANCED_FACE('',(#1226),#648,.T.);
#9155=ADVANCED_FACE('',(#1227),#649,.T.);
#9156=ADVANCED_FACE('',(#1228),#650,.T.);
#9157=ADVANCED_FACE('',(#1229),#137,.T.);
#9158=ADVANCED_FACE('',(#1230),#8575,.T.);
#9159=ADVANCED_FACE('',(#1231),#138,.F.);
#9160=ADVANCED_FACE('',(#1232),#8576,.T.);
#9161=ADVANCED_FACE('',(#1233),#8577,.F.);
#9162=ADVANCED_FACE('',(#1234),#8578,.T.);
#9163=CLOSED_SHELL('',(#8579,#8580,#8581,#8582,#8583,#8584,#8585,#8586,
#8587,#8588,#8589,#8590,#8591,#8592,#8593,#8594,#8595,#8596,#8597,#8598,
#8599,#8600,#8601,#8602,#8603,#8604,#8605,#8606,#8607,#8608,#8609,#8610,
#8611,#8612,#8613,#8614,#8615,#8616,#8617,#8618,#8619,#8620,#8621,#8622,
#8623,#8624,#8625,#8626,#8627,#8628,#8629,#8630,#8631,#8632,#8633,#8634,
#8635,#8636,#8637,#8638,#8639,#8640,#8641,#8642,#8643,#8644,#8645,#8646,
#8647,#8648,#8649,#8650,#8651,#8652,#8653,#8654,#8655,#8656,#8657,#8658,
#8659,#8660,#8661,#8662,#8663,#8664,#8665,#8666,#8667,#8668,#8669,#8670,
#8671,#8672,#8673,#8674,#8675,#8676,#8677,#8678,#8679,#8680,#8681,#8682,
#8683,#8684,#8685,#8686,#8687,#8688,#8689,#8690,#8691,#8692,#8693,#8694,
#8695,#8696,#8697,#8698,#8699,#8700,#8701,#8702,#8703,#8704,#8705,#8706,
#8707,#8708,#8709,#8710,#8711,#8712,#8713,#8714,#8715,#8716,#8717,#8718,
#8719,#8720,#8721,#8722,#8723,#8724));
#9164=CLOSED_SHELL('',(#8725,#8726,#8727,#8728,#8729,#8730,#8731,#8732,
#8733,#8734,#8735,#8736,#8737,#8738,#8739,#8740,#8741,#8742,#8743,#8744,
#8745,#8746,#8747,#8748,#8749,#8750,#8751,#8752,#8753,#8754,#8755,#8756,
#8757,#8758,#8759,#8760,#8761,#8762,#8763,#8764,#8765,#8766,#8767,#8768,
#8769,#8770,#8771,#8772,#8773,#8774,#8775,#8776,#8777,#8778,#8779,#8780,
#8781,#8782,#8783,#8784,#8785,#8786,#8787,#8788,#8789,#8790,#8791,#8792,
#8793,#8794,#8795,#8796,#8797,#8798,#8799,#8800,#8801,#8802,#8803,#8804,
#8805,#8806,#8807,#8808,#8809,#8810,#8811,#8812,#8813,#8814,#8815,#8816,
#8817,#8818,#8819,#8820,#8821,#8822,#8823,#8824,#8825,#8826,#8827,#8828,
#8829,#8830,#8831,#8832,#8833,#8834,#8835,#8836,#8837,#8838,#8839,#8840,
#8841,#8842,#8843,#8844,#8845,#8846,#8847,#8848,#8849,#8850,#8851,#8852,
#8853,#8854,#8855,#8856,#8857,#8858,#8859,#8860,#8861,#8862,#8863,#8864,
#8865,#8866,#8867,#8868,#8869,#8870));
#9165=CLOSED_SHELL('',(#8871,#8872,#8873,#8874,#8875,#8876,#8877,#8878,
#8879,#8880,#8881,#8882,#8883,#8884,#8885,#8886,#8887,#8888,#8889,#8890,
#8891,#8892,#8893,#8894,#8895,#8896,#8897,#8898,#8899,#8900,#8901,#8902,
#8903,#8904,#8905,#8906,#8907,#8908,#8909,#8910,#8911,#8912,#8913,#8914,
#8915,#8916,#8917,#8918,#8919,#8920,#8921,#8922,#8923,#8924,#8925,#8926,
#8927,#8928,#8929,#8930,#8931,#8932,#8933,#8934,#8935,#8936,#8937,#8938,
#8939,#8940,#8941,#8942,#8943,#8944,#8945,#8946,#8947,#8948,#8949,#8950,
#8951,#8952,#8953,#8954,#8955,#8956,#8957,#8958,#8959,#8960,#8961,#8962,
#8963,#8964,#8965,#8966,#8967,#8968,#8969,#8970,#8971,#8972,#8973,#8974,
#8975,#8976,#8977,#8978,#8979,#8980,#8981,#8982,#8983,#8984,#8985,#8986,
#8987,#8988,#8989,#8990,#8991,#8992,#8993,#8994,#8995,#8996,#8997,#8998,
#8999,#9000,#9001,#9002,#9003,#9004,#9005,#9006,#9007,#9008,#9009,#9010,
#9011,#9012,#9013,#9014,#9015,#9016));
#9166=CLOSED_SHELL('',(#9017,#9018,#9019,#9020,#9021,#9022,#9023,#9024,
#9025,#9026,#9027,#9028,#9029,#9030,#9031,#9032,#9033,#9034,#9035,#9036,
#9037,#9038,#9039,#9040,#9041,#9042,#9043,#9044,#9045,#9046,#9047,#9048,
#9049,#9050,#9051,#9052,#9053,#9054,#9055,#9056,#9057,#9058,#9059,#9060,
#9061,#9062,#9063,#9064,#9065,#9066,#9067,#9068,#9069,#9070,#9071,#9072,
#9073,#9074,#9075,#9076,#9077,#9078,#9079,#9080,#9081,#9082,#9083,#9084,
#9085,#9086,#9087,#9088,#9089,#9090,#9091,#9092,#9093,#9094,#9095,#9096,
#9097,#9098,#9099,#9100,#9101,#9102,#9103,#9104,#9105,#9106,#9107,#9108,
#9109,#9110,#9111,#9112,#9113,#9114,#9115,#9116,#9117,#9118,#9119,#9120,
#9121,#9122,#9123,#9124,#9125,#9126,#9127,#9128,#9129,#9130,#9131,#9132,
#9133,#9134,#9135,#9136,#9137,#9138,#9139,#9140,#9141,#9142,#9143,#9144,
#9145,#9146,#9147,#9148,#9149,#9150,#9151,#9152,#9153,#9154,#9155,#9156,
#9157,#9158,#9159,#9160,#9161,#9162));
#9167=DERIVED_UNIT_ELEMENT(#9175,1.);
#9168=DERIVED_UNIT_ELEMENT(#15501,-3.);
#9169=DERIVED_UNIT_ELEMENT(#9175,1.);
#9170=DERIVED_UNIT_ELEMENT(#15501,-3.);
#9171=DERIVED_UNIT_ELEMENT(#9175,1.);
#9172=DERIVED_UNIT_ELEMENT(#15501,-3.);
#9173=DERIVED_UNIT_ELEMENT(#9175,1.);
#9174=DERIVED_UNIT_ELEMENT(#15501,-3.);
#9175=(
MASS_UNIT()
NAMED_UNIT(*)
SI_UNIT(.KILO.,.GRAM.)
);
#9176=DERIVED_UNIT((#9167,#9168));
#9177=DERIVED_UNIT((#9169,#9170));
#9178=DERIVED_UNIT((#9171,#9172));
#9179=DERIVED_UNIT((#9173,#9174));
#9180=MEASURE_REPRESENTATION_ITEM('density measure',
POSITIVE_RATIO_MEASURE(1060.),#9176);
#9181=MEASURE_REPRESENTATION_ITEM('density measure',
POSITIVE_RATIO_MEASURE(1060.),#9177);
#9182=MEASURE_REPRESENTATION_ITEM('density measure',
POSITIVE_RATIO_MEASURE(1060.),#9178);
#9183=MEASURE_REPRESENTATION_ITEM('density measure',
POSITIVE_RATIO_MEASURE(1060.),#9179);
#9184=PROPERTY_DEFINITION_REPRESENTATION(#9204,#9192);
#9185=PROPERTY_DEFINITION_REPRESENTATION(#9205,#9193);
#9186=PROPERTY_DEFINITION_REPRESENTATION(#9206,#9194);
#9187=PROPERTY_DEFINITION_REPRESENTATION(#9207,#9195);
#9188=PROPERTY_DEFINITION_REPRESENTATION(#9208,#9196);
#9189=PROPERTY_DEFINITION_REPRESENTATION(#9209,#9197);
#9190=PROPERTY_DEFINITION_REPRESENTATION(#9210,#9198);
#9191=PROPERTY_DEFINITION_REPRESENTATION(#9211,#9199);
#9192=REPRESENTATION('material name',(#9200),#15495);
#9193=REPRESENTATION('density',(#9180),#15495);
#9194=REPRESENTATION('material name',(#9201),#15496);
#9195=REPRESENTATION('density',(#9181),#15496);
#9196=REPRESENTATION('material name',(#9202),#15497);
#9197=REPRESENTATION('density',(#9182),#15497);
#9198=REPRESENTATION('material name',(#9203),#15498);
#9199=REPRESENTATION('density',(#9183),#15498);
#9200=DESCRIPTIVE_REPRESENTATION_ITEM('ABS Plastic','ABS Plastic');
#9201=DESCRIPTIVE_REPRESENTATION_ITEM('ABS Plastic','ABS Plastic');
#9202=DESCRIPTIVE_REPRESENTATION_ITEM('ABS Plastic','ABS Plastic');
#9203=DESCRIPTIVE_REPRESENTATION_ITEM('ABS Plastic','ABS Plastic');
#9204=PROPERTY_DEFINITION('material property','material name',#15525);
#9205=PROPERTY_DEFINITION('material property','density of part',#15525);
#9206=PROPERTY_DEFINITION('material property','material name',#15526);
#9207=PROPERTY_DEFINITION('material property','density of part',#15526);
#9208=PROPERTY_DEFINITION('material property','material name',#15527);
#9209=PROPERTY_DEFINITION('material property','density of part',#15527);
#9210=PROPERTY_DEFINITION('material property','material name',#15528);
#9211=PROPERTY_DEFINITION('material property','density of part',#15528);
#9212=AXIS2_PLACEMENT_3D('',#12911,#10125,#10126);
#9213=AXIS2_PLACEMENT_3D('',#12912,#10127,#10128);
#9214=AXIS2_PLACEMENT_3D('',#12913,#10129,#10130);
#9215=AXIS2_PLACEMENT_3D('',#12922,#10135,#10136);
#9216=AXIS2_PLACEMENT_3D('',#12924,#10137,#10138);
#9217=AXIS2_PLACEMENT_3D('',#12927,#10140,#10141);
#9218=AXIS2_PLACEMENT_3D('',#12928,#10142,#10143);
#9219=AXIS2_PLACEMENT_3D('',#12937,#10148,#10149);
#9220=AXIS2_PLACEMENT_3D('',#12939,#10150,#10151);
#9221=AXIS2_PLACEMENT_3D('',#12942,#10153,#10154);
#9222=AXIS2_PLACEMENT_3D('',#12943,#10155,#10156);
#9223=AXIS2_PLACEMENT_3D('',#12949,#10160,#10161);
#9224=AXIS2_PLACEMENT_3D('',#12951,#10162,#10163);
#9225=AXIS2_PLACEMENT_3D('',#12954,#10165,#10166);
#9226=AXIS2_PLACEMENT_3D('',#12955,#10167,#10168);
#9227=AXIS2_PLACEMENT_3D('',#12960,#10172,#10173);
#9228=AXIS2_PLACEMENT_3D('',#12969,#10178,#10179);
#9229=AXIS2_PLACEMENT_3D('',#12971,#10180,#10181);
#9230=AXIS2_PLACEMENT_3D('',#12974,#10183,#10184);
#9231=AXIS2_PLACEMENT_3D('',#12975,#10185,#10186);
#9232=AXIS2_PLACEMENT_3D('',#12981,#10190,#10191);
#9233=AXIS2_PLACEMENT_3D('',#12983,#10192,#10193);
#9234=AXIS2_PLACEMENT_3D('',#12986,#10195,#10196);
#9235=AXIS2_PLACEMENT_3D('',#12987,#10197,#10198);
#9236=AXIS2_PLACEMENT_3D('',#12993,#10202,#10203);
#9237=AXIS2_PLACEMENT_3D('',#12995,#10204,#10205);
#9238=AXIS2_PLACEMENT_3D('',#12998,#10207,#10208);
#9239=AXIS2_PLACEMENT_3D('',#12999,#10209,#10210);
#9240=AXIS2_PLACEMENT_3D('',#13004,#10214,#10215);
#9241=AXIS2_PLACEMENT_3D('',#13013,#10220,#10221);
#9242=AXIS2_PLACEMENT_3D('',#13015,#10222,#10223);
#9243=AXIS2_PLACEMENT_3D('',#13018,#10225,#10226);
#9244=AXIS2_PLACEMENT_3D('',#13019,#10227,#10228);
#9245=AXIS2_PLACEMENT_3D('',#13025,#10232,#10233);
#9246=AXIS2_PLACEMENT_3D('',#13027,#10234,#10235);
#9247=AXIS2_PLACEMENT_3D('',#13030,#10237,#10238);
#9248=AXIS2_PLACEMENT_3D('',#13031,#10239,#10240);
#9249=AXIS2_PLACEMENT_3D('',#13036,#10244,#10245);
#9250=AXIS2_PLACEMENT_3D('',#13039,#10247,#10248);
#9251=AXIS2_PLACEMENT_3D('',#13040,#10249,#10250);
#9252=AXIS2_PLACEMENT_3D('',#13041,#10251,#10252);
#9253=AXIS2_PLACEMENT_3D('',#13042,#10253,#10254);
#9254=AXIS2_PLACEMENT_3D('',#13043,#10255,#10256);
#9255=AXIS2_PLACEMENT_3D('',#13044,#10257,#10258);
#9256=AXIS2_PLACEMENT_3D('',#13045,#10259,#10260);
#9257=AXIS2_PLACEMENT_3D('',#13046,#10261,#10262);
#9258=AXIS2_PLACEMENT_3D('',#13052,#10266,#10267);
#9259=AXIS2_PLACEMENT_3D('',#13054,#10268,#10269);
#9260=AXIS2_PLACEMENT_3D('',#13056,#10271,#10272);
#9261=AXIS2_PLACEMENT_3D('',#13060,#10275,#10276);
#9262=AXIS2_PLACEMENT_3D('',#13062,#10277,#10278);
#9263=AXIS2_PLACEMENT_3D('',#13064,#10280,#10281);
#9264=AXIS2_PLACEMENT_3D('',#13068,#10284,#10285);
#9265=AXIS2_PLACEMENT_3D('',#13070,#10286,#10287);
#9266=AXIS2_PLACEMENT_3D('',#13072,#10289,#10290);
#9267=AXIS2_PLACEMENT_3D('',#13076,#10293,#10294);
#9268=AXIS2_PLACEMENT_3D('',#13078,#10295,#10296);
#9269=AXIS2_PLACEMENT_3D('',#13080,#10298,#10299);
#9270=AXIS2_PLACEMENT_3D('',#13084,#10302,#10303);
#9271=AXIS2_PLACEMENT_3D('',#13086,#10304,#10305);
#9272=AXIS2_PLACEMENT_3D('',#13088,#10307,#10308);
#9273=AXIS2_PLACEMENT_3D('',#13092,#10311,#10312);
#9274=AXIS2_PLACEMENT_3D('',#13094,#10313,#10314);
#9275=AXIS2_PLACEMENT_3D('',#13096,#10316,#10317);
#9276=AXIS2_PLACEMENT_3D('',#13100,#10320,#10321);
#9277=AXIS2_PLACEMENT_3D('',#13102,#10322,#10323);
#9278=AXIS2_PLACEMENT_3D('',#13104,#10325,#10326);
#9279=AXIS2_PLACEMENT_3D('',#13108,#10329,#10330);
#9280=AXIS2_PLACEMENT_3D('',#13110,#10331,#10332);
#9281=AXIS2_PLACEMENT_3D('',#13112,#10334,#10335);
#9282=AXIS2_PLACEMENT_3D('',#13116,#10338,#10339);
#9283=AXIS2_PLACEMENT_3D('',#13118,#10340,#10341);
#9284=AXIS2_PLACEMENT_3D('',#13120,#10343,#10344);
#9285=AXIS2_PLACEMENT_3D('',#13124,#10347,#10348);
#9286=AXIS2_PLACEMENT_3D('',#13126,#10349,#10350);
#9287=AXIS2_PLACEMENT_3D('',#13128,#10352,#10353);
#9288=AXIS2_PLACEMENT_3D('',#13134,#10357,#10358);
#9289=AXIS2_PLACEMENT_3D('',#13136,#10359,#10360);
#9290=AXIS2_PLACEMENT_3D('',#13138,#10362,#10363);
#9291=AXIS2_PLACEMENT_3D('',#13142,#10366,#10367);
#9292=AXIS2_PLACEMENT_3D('',#13144,#10368,#10369);
#9293=AXIS2_PLACEMENT_3D('',#13146,#10371,#10372);
#9294=AXIS2_PLACEMENT_3D('',#13150,#10375,#10376);
#9295=AXIS2_PLACEMENT_3D('',#13156,#10380,#10381);
#9296=AXIS2_PLACEMENT_3D('',#13158,#10382,#10383);
#9297=AXIS2_PLACEMENT_3D('',#13160,#10385,#10386);
#9298=AXIS2_PLACEMENT_3D('',#13164,#10389,#10390);
#9299=AXIS2_PLACEMENT_3D('',#13166,#10391,#10392);
#9300=AXIS2_PLACEMENT_3D('',#13168,#10394,#10395);
#9301=AXIS2_PLACEMENT_3D('',#13172,#10398,#10399);
#9302=AXIS2_PLACEMENT_3D('',#13174,#10400,#10401);
#9303=AXIS2_PLACEMENT_3D('',#13176,#10403,#10404);
#9304=AXIS2_PLACEMENT_3D('',#13179,#10407,#10408);
#9305=AXIS2_PLACEMENT_3D('',#13185,#10412,#10413);
#9306=AXIS2_PLACEMENT_3D('',#13187,#10414,#10415);
#9307=AXIS2_PLACEMENT_3D('',#13189,#10417,#10418);
#9308=AXIS2_PLACEMENT_3D('',#13193,#10421,#10422);
#9309=AXIS2_PLACEMENT_3D('',#13195,#10423,#10424);
#9310=AXIS2_PLACEMENT_3D('',#13197,#10426,#10427);
#9311=AXIS2_PLACEMENT_3D('',#13200,#10430,#10431);
#9312=AXIS2_PLACEMENT_3D('',#13205,#10433,#10434);
#9313=AXIS2_PLACEMENT_3D('',#13208,#10436,#10437);
#9314=AXIS2_PLACEMENT_3D('',#13209,#10438,#10439);
#9315=AXIS2_PLACEMENT_3D('',#13214,#10443,#10444);
#9316=AXIS2_PLACEMENT_3D('',#13215,#10445,#10446);
#9317=AXIS2_PLACEMENT_3D('',#13216,#10447,#10448);
#9318=AXIS2_PLACEMENT_3D('',#13217,#10449,#10450);
#9319=AXIS2_PLACEMENT_3D('',#13218,#10451,#10452);
#9320=AXIS2_PLACEMENT_3D('',#13220,#10454,#10455);
#9321=AXIS2_PLACEMENT_3D('',#13222,#10457,#10458);
#9322=AXIS2_PLACEMENT_3D('',#13224,#10460,#10461);
#9323=AXIS2_PLACEMENT_3D('',#13226,#10463,#10464);
#9324=AXIS2_PLACEMENT_3D('',#13235,#10469,#10470);
#9325=AXIS2_PLACEMENT_3D('',#13237,#10471,#10472);
#9326=AXIS2_PLACEMENT_3D('',#13240,#10474,#10475);
#9327=AXIS2_PLACEMENT_3D('',#13241,#10476,#10477);
#9328=AXIS2_PLACEMENT_3D('',#13244,#10480,#10481);
#9329=AXIS2_PLACEMENT_3D('',#13253,#10486,#10487);
#9330=AXIS2_PLACEMENT_3D('',#13255,#10488,#10489);
#9331=AXIS2_PLACEMENT_3D('',#13258,#10491,#10492);
#9332=AXIS2_PLACEMENT_3D('',#13259,#10493,#10494);
#9333=AXIS2_PLACEMENT_3D('',#13265,#10498,#10499);
#9334=AXIS2_PLACEMENT_3D('',#13267,#10500,#10501);
#9335=AXIS2_PLACEMENT_3D('',#13270,#10503,#10504);
#9336=AXIS2_PLACEMENT_3D('',#13271,#10505,#10506);
#9337=AXIS2_PLACEMENT_3D('',#13276,#10510,#10511);
#9338=AXIS2_PLACEMENT_3D('',#13285,#10516,#10517);
#9339=AXIS2_PLACEMENT_3D('',#13287,#10518,#10519);
#9340=AXIS2_PLACEMENT_3D('',#13290,#10521,#10522);
#9341=AXIS2_PLACEMENT_3D('',#13291,#10523,#10524);
#9342=AXIS2_PLACEMENT_3D('',#13297,#10528,#10529);
#9343=AXIS2_PLACEMENT_3D('',#13299,#10530,#10531);
#9344=AXIS2_PLACEMENT_3D('',#13302,#10533,#10534);
#9345=AXIS2_PLACEMENT_3D('',#13303,#10535,#10536);
#9346=AXIS2_PLACEMENT_3D('',#13309,#10540,#10541);
#9347=AXIS2_PLACEMENT_3D('',#13311,#10542,#10543);
#9348=AXIS2_PLACEMENT_3D('',#13314,#10545,#10546);
#9349=AXIS2_PLACEMENT_3D('',#13315,#10547,#10548);
#9350=AXIS2_PLACEMENT_3D('',#13320,#10552,#10553);
#9351=AXIS2_PLACEMENT_3D('',#13329,#10558,#10559);
#9352=AXIS2_PLACEMENT_3D('',#13331,#10560,#10561);
#9353=AXIS2_PLACEMENT_3D('',#13334,#10563,#10564);
#9354=AXIS2_PLACEMENT_3D('',#13335,#10565,#10566);
#9355=AXIS2_PLACEMENT_3D('',#13341,#10570,#10571);
#9356=AXIS2_PLACEMENT_3D('',#13343,#10572,#10573);
#9357=AXIS2_PLACEMENT_3D('',#13346,#10575,#10576);
#9358=AXIS2_PLACEMENT_3D('',#13347,#10577,#10578);
#9359=AXIS2_PLACEMENT_3D('',#13352,#10582,#10583);
#9360=AXIS2_PLACEMENT_3D('',#13357,#10587,#10588);
#9361=AXIS2_PLACEMENT_3D('',#13358,#10589,#10590);
#9362=AXIS2_PLACEMENT_3D('',#13359,#10591,#10592);
#9363=AXIS2_PLACEMENT_3D('',#13360,#10593,#10594);
#9364=AXIS2_PLACEMENT_3D('',#13361,#10595,#10596);
#9365=AXIS2_PLACEMENT_3D('',#13362,#10597,#10598);
#9366=AXIS2_PLACEMENT_3D('',#13363,#10599,#10600);
#9367=AXIS2_PLACEMENT_3D('',#13364,#10601,#10602);
#9368=AXIS2_PLACEMENT_3D('',#13365,#10603,#10604);
#9369=AXIS2_PLACEMENT_3D('',#13371,#10608,#10609);
#9370=AXIS2_PLACEMENT_3D('',#13374,#10611,#10612);
#9371=AXIS2_PLACEMENT_3D('',#13375,#10613,#10614);
#9372=AXIS2_PLACEMENT_3D('',#13379,#10617,#10618);
#9373=AXIS2_PLACEMENT_3D('',#13382,#10620,#10621);
#9374=AXIS2_PLACEMENT_3D('',#13383,#10622,#10623);
#9375=AXIS2_PLACEMENT_3D('',#13387,#10626,#10627);
#9376=AXIS2_PLACEMENT_3D('',#13390,#10629,#10630);
#9377=AXIS2_PLACEMENT_3D('',#13391,#10631,#10632);
#9378=AXIS2_PLACEMENT_3D('',#13395,#10635,#10636);
#9379=AXIS2_PLACEMENT_3D('',#13398,#10638,#10639);
#9380=AXIS2_PLACEMENT_3D('',#13399,#10640,#10641);
#9381=AXIS2_PLACEMENT_3D('',#13403,#10644,#10645);
#9382=AXIS2_PLACEMENT_3D('',#13406,#10647,#10648);
#9383=AXIS2_PLACEMENT_3D('',#13407,#10649,#10650);
#9384=AXIS2_PLACEMENT_3D('',#13411,#10653,#10654);
#9385=AXIS2_PLACEMENT_3D('',#13414,#10656,#10657);
#9386=AXIS2_PLACEMENT_3D('',#13415,#10658,#10659);
#9387=AXIS2_PLACEMENT_3D('',#13419,#10662,#10663);
#9388=AXIS2_PLACEMENT_3D('',#13422,#10665,#10666);
#9389=AXIS2_PLACEMENT_3D('',#13423,#10667,#10668);
#9390=AXIS2_PLACEMENT_3D('',#13427,#10671,#10672);
#9391=AXIS2_PLACEMENT_3D('',#13430,#10674,#10675);
#9392=AXIS2_PLACEMENT_3D('',#13431,#10676,#10677);
#9393=AXIS2_PLACEMENT_3D('',#13435,#10680,#10681);
#9394=AXIS2_PLACEMENT_3D('',#13438,#10683,#10684);
#9395=AXIS2_PLACEMENT_3D('',#13439,#10685,#10686);
#9396=AXIS2_PLACEMENT_3D('',#13443,#10689,#10690);
#9397=AXIS2_PLACEMENT_3D('',#13446,#10692,#10693);
#9398=AXIS2_PLACEMENT_3D('',#13447,#10694,#10695);
#9399=AXIS2_PLACEMENT_3D('',#13449,#10697,#10698);
#9400=AXIS2_PLACEMENT_3D('',#13453,#10701,#10702);
#9401=AXIS2_PLACEMENT_3D('',#13459,#10706,#10707);
#9402=AXIS2_PLACEMENT_3D('',#13462,#10709,#10710);
#9403=AXIS2_PLACEMENT_3D('',#13463,#10711,#10712);
#9404=AXIS2_PLACEMENT_3D('',#13467,#10715,#10716);
#9405=AXIS2_PLACEMENT_3D('',#13470,#10718,#10719);
#9406=AXIS2_PLACEMENT_3D('',#13471,#10720,#10721);
#9407=AXIS2_PLACEMENT_3D('',#13474,#10724,#10725);
#9408=AXIS2_PLACEMENT_3D('',#13480,#10729,#10730);
#9409=AXIS2_PLACEMENT_3D('',#13483,#10732,#10733);
#9410=AXIS2_PLACEMENT_3D('',#13484,#10734,#10735);
#9411=AXIS2_PLACEMENT_3D('',#13488,#10738,#10739);
#9412=AXIS2_PLACEMENT_3D('',#13491,#10741,#10742);
#9413=AXIS2_PLACEMENT_3D('',#13492,#10743,#10744);
#9414=AXIS2_PLACEMENT_3D('',#13496,#10747,#10748);
#9415=AXIS2_PLACEMENT_3D('',#13499,#10750,#10751);
#9416=AXIS2_PLACEMENT_3D('',#13500,#10752,#10753);
#9417=AXIS2_PLACEMENT_3D('',#13503,#10756,#10757);
#9418=AXIS2_PLACEMENT_3D('',#13509,#10761,#10762);
#9419=AXIS2_PLACEMENT_3D('',#13512,#10764,#10765);
#9420=AXIS2_PLACEMENT_3D('',#13513,#10766,#10767);
#9421=AXIS2_PLACEMENT_3D('',#13517,#10770,#10771);
#9422=AXIS2_PLACEMENT_3D('',#13520,#10773,#10774);
#9423=AXIS2_PLACEMENT_3D('',#13521,#10775,#10776);
#9424=AXIS2_PLACEMENT_3D('',#13524,#10779,#10780);
#9425=AXIS2_PLACEMENT_3D('',#13530,#10784,#10785);
#9426=AXIS2_PLACEMENT_3D('',#13532,#10786,#10787);
#9427=AXIS2_PLACEMENT_3D('',#13535,#10789,#10790);
#9428=AXIS2_PLACEMENT_3D('',#13536,#10791,#10792);
#9429=AXIS2_PLACEMENT_3D('',#13541,#10796,#10797);
#9430=AXIS2_PLACEMENT_3D('',#13542,#10798,#10799);
#9431=AXIS2_PLACEMENT_3D('',#13543,#10800,#10801);
#9432=AXIS2_PLACEMENT_3D('',#13544,#10802,#10803);
#9433=AXIS2_PLACEMENT_3D('',#13545,#10804,#10805);
#9434=AXIS2_PLACEMENT_3D('',#13546,#10806,#10807);
#9435=AXIS2_PLACEMENT_3D('',#13548,#10809,#10810);
#9436=AXIS2_PLACEMENT_3D('',#13550,#10812,#10813);
#9437=AXIS2_PLACEMENT_3D('',#13552,#10815,#10816);
#9438=AXIS2_PLACEMENT_3D('',#13553,#10817,#10818);
#9439=AXIS2_PLACEMENT_3D('',#13554,#10819,#10820);
#9440=AXIS2_PLACEMENT_3D('',#13555,#10821,#10822);
#9441=AXIS2_PLACEMENT_3D('',#13556,#10823,#10824);
#9442=AXIS2_PLACEMENT_3D('',#13565,#10829,#10830);
#9443=AXIS2_PLACEMENT_3D('',#13567,#10831,#10832);
#9444=AXIS2_PLACEMENT_3D('',#13570,#10834,#10835);
#9445=AXIS2_PLACEMENT_3D('',#13571,#10836,#10837);
#9446=AXIS2_PLACEMENT_3D('',#13580,#10842,#10843);
#9447=AXIS2_PLACEMENT_3D('',#13582,#10844,#10845);
#9448=AXIS2_PLACEMENT_3D('',#13585,#10847,#10848);
#9449=AXIS2_PLACEMENT_3D('',#13586,#10849,#10850);
#9450=AXIS2_PLACEMENT_3D('',#13592,#10854,#10855);
#9451=AXIS2_PLACEMENT_3D('',#13594,#10856,#10857);
#9452=AXIS2_PLACEMENT_3D('',#13597,#10859,#10860);
#9453=AXIS2_PLACEMENT_3D('',#13598,#10861,#10862);
#9454=AXIS2_PLACEMENT_3D('',#13603,#10866,#10867);
#9455=AXIS2_PLACEMENT_3D('',#13612,#10872,#10873);
#9456=AXIS2_PLACEMENT_3D('',#13614,#10874,#10875);
#9457=AXIS2_PLACEMENT_3D('',#13617,#10877,#10878);
#9458=AXIS2_PLACEMENT_3D('',#13618,#10879,#10880);
#9459=AXIS2_PLACEMENT_3D('',#13624,#10884,#10885);
#9460=AXIS2_PLACEMENT_3D('',#13626,#10886,#10887);
#9461=AXIS2_PLACEMENT_3D('',#13629,#10889,#10890);
#9462=AXIS2_PLACEMENT_3D('',#13630,#10891,#10892);
#9463=AXIS2_PLACEMENT_3D('',#13636,#10896,#10897);
#9464=AXIS2_PLACEMENT_3D('',#13638,#10898,#10899);
#9465=AXIS2_PLACEMENT_3D('',#13641,#10901,#10902);
#9466=AXIS2_PLACEMENT_3D('',#13642,#10903,#10904);
#9467=AXIS2_PLACEMENT_3D('',#13647,#10908,#10909);
#9468=AXIS2_PLACEMENT_3D('',#13656,#10914,#10915);
#9469=AXIS2_PLACEMENT_3D('',#13658,#10916,#10917);
#9470=AXIS2_PLACEMENT_3D('',#13661,#10919,#10920);
#9471=AXIS2_PLACEMENT_3D('',#13662,#10921,#10922);
#9472=AXIS2_PLACEMENT_3D('',#13668,#10926,#10927);
#9473=AXIS2_PLACEMENT_3D('',#13670,#10928,#10929);
#9474=AXIS2_PLACEMENT_3D('',#13673,#10931,#10932);
#9475=AXIS2_PLACEMENT_3D('',#13674,#10933,#10934);
#9476=AXIS2_PLACEMENT_3D('',#13679,#10938,#10939);
#9477=AXIS2_PLACEMENT_3D('',#13682,#10941,#10942);
#9478=AXIS2_PLACEMENT_3D('',#13683,#10943,#10944);
#9479=AXIS2_PLACEMENT_3D('',#13684,#10945,#10946);
#9480=AXIS2_PLACEMENT_3D('',#13685,#10947,#10948);
#9481=AXIS2_PLACEMENT_3D('',#13686,#10949,#10950);
#9482=AXIS2_PLACEMENT_3D('',#13687,#10951,#10952);
#9483=AXIS2_PLACEMENT_3D('',#13688,#10953,#10954);
#9484=AXIS2_PLACEMENT_3D('',#13689,#10955,#10956);
#9485=AXIS2_PLACEMENT_3D('',#13695,#10960,#10961);
#9486=AXIS2_PLACEMENT_3D('',#13697,#10962,#10963);
#9487=AXIS2_PLACEMENT_3D('',#13699,#10965,#10966);
#9488=AXIS2_PLACEMENT_3D('',#13703,#10969,#10970);
#9489=AXIS2_PLACEMENT_3D('',#13705,#10971,#10972);
#9490=AXIS2_PLACEMENT_3D('',#13707,#10974,#10975);
#9491=AXIS2_PLACEMENT_3D('',#13711,#10978,#10979);
#9492=AXIS2_PLACEMENT_3D('',#13713,#10980,#10981);
#9493=AXIS2_PLACEMENT_3D('',#13715,#10983,#10984);
#9494=AXIS2_PLACEMENT_3D('',#13719,#10987,#10988);
#9495=AXIS2_PLACEMENT_3D('',#13721,#10989,#10990);
#9496=AXIS2_PLACEMENT_3D('',#13723,#10992,#10993);
#9497=AXIS2_PLACEMENT_3D('',#13727,#10996,#10997);
#9498=AXIS2_PLACEMENT_3D('',#13729,#10998,#10999);
#9499=AXIS2_PLACEMENT_3D('',#13731,#11001,#11002);
#9500=AXIS2_PLACEMENT_3D('',#13735,#11005,#11006);
#9501=AXIS2_PLACEMENT_3D('',#13737,#11007,#11008);
#9502=AXIS2_PLACEMENT_3D('',#13739,#11010,#11011);
#9503=AXIS2_PLACEMENT_3D('',#13743,#11014,#11015);
#9504=AXIS2_PLACEMENT_3D('',#13745,#11016,#11017);
#9505=AXIS2_PLACEMENT_3D('',#13747,#11019,#11020);
#9506=AXIS2_PLACEMENT_3D('',#13751,#11023,#11024);
#9507=AXIS2_PLACEMENT_3D('',#13753,#11025,#11026);
#9508=AXIS2_PLACEMENT_3D('',#13755,#11028,#11029);
#9509=AXIS2_PLACEMENT_3D('',#13759,#11032,#11033);
#9510=AXIS2_PLACEMENT_3D('',#13761,#11034,#11035);
#9511=AXIS2_PLACEMENT_3D('',#13763,#11037,#11038);
#9512=AXIS2_PLACEMENT_3D('',#13767,#11041,#11042);
#9513=AXIS2_PLACEMENT_3D('',#13769,#11043,#11044);
#9514=AXIS2_PLACEMENT_3D('',#13771,#11046,#11047);
#9515=AXIS2_PLACEMENT_3D('',#13777,#11051,#11052);
#9516=AXIS2_PLACEMENT_3D('',#13779,#11053,#11054);
#9517=AXIS2_PLACEMENT_3D('',#13781,#11056,#11057);
#9518=AXIS2_PLACEMENT_3D('',#13785,#11060,#11061);
#9519=AXIS2_PLACEMENT_3D('',#13787,#11062,#11063);
#9520=AXIS2_PLACEMENT_3D('',#13789,#11065,#11066);
#9521=AXIS2_PLACEMENT_3D('',#13793,#11069,#11070);
#9522=AXIS2_PLACEMENT_3D('',#13799,#11074,#11075);
#9523=AXIS2_PLACEMENT_3D('',#13801,#11076,#11077);
#9524=AXIS2_PLACEMENT_3D('',#13803,#11079,#11080);
#9525=AXIS2_PLACEMENT_3D('',#13807,#11083,#11084);
#9526=AXIS2_PLACEMENT_3D('',#13809,#11085,#11086);
#9527=AXIS2_PLACEMENT_3D('',#13811,#11088,#11089);
#9528=AXIS2_PLACEMENT_3D('',#13815,#11092,#11093);
#9529=AXIS2_PLACEMENT_3D('',#13817,#11094,#11095);
#9530=AXIS2_PLACEMENT_3D('',#13819,#11097,#11098);
#9531=AXIS2_PLACEMENT_3D('',#13822,#11101,#11102);
#9532=AXIS2_PLACEMENT_3D('',#13828,#11106,#11107);
#9533=AXIS2_PLACEMENT_3D('',#13830,#11108,#11109);
#9534=AXIS2_PLACEMENT_3D('',#13832,#11111,#11112);
#9535=AXIS2_PLACEMENT_3D('',#13836,#11115,#11116);
#9536=AXIS2_PLACEMENT_3D('',#13838,#11117,#11118);
#9537=AXIS2_PLACEMENT_3D('',#13840,#11120,#11121);
#9538=AXIS2_PLACEMENT_3D('',#13843,#11124,#11125);
#9539=AXIS2_PLACEMENT_3D('',#13848,#11127,#11128);
#9540=AXIS2_PLACEMENT_3D('',#13851,#11130,#11131);
#9541=AXIS2_PLACEMENT_3D('',#13852,#11132,#11133);
#9542=AXIS2_PLACEMENT_3D('',#13857,#11137,#11138);
#9543=AXIS2_PLACEMENT_3D('',#13858,#11139,#11140);
#9544=AXIS2_PLACEMENT_3D('',#13859,#11141,#11142);
#9545=AXIS2_PLACEMENT_3D('',#13860,#11143,#11144);
#9546=AXIS2_PLACEMENT_3D('',#13861,#11145,#11146);
#9547=AXIS2_PLACEMENT_3D('',#13863,#11148,#11149);
#9548=AXIS2_PLACEMENT_3D('',#13865,#11151,#11152);
#9549=AXIS2_PLACEMENT_3D('',#13867,#11154,#11155);
#9550=AXIS2_PLACEMENT_3D('',#13869,#11157,#11158);
#9551=AXIS2_PLACEMENT_3D('',#13878,#11163,#11164);
#9552=AXIS2_PLACEMENT_3D('',#13880,#11165,#11166);
#9553=AXIS2_PLACEMENT_3D('',#13883,#11168,#11169);
#9554=AXIS2_PLACEMENT_3D('',#13884,#11170,#11171);
#9555=AXIS2_PLACEMENT_3D('',#13887,#11174,#11175);
#9556=AXIS2_PLACEMENT_3D('',#13896,#11180,#11181);
#9557=AXIS2_PLACEMENT_3D('',#13898,#11182,#11183);
#9558=AXIS2_PLACEMENT_3D('',#13901,#11185,#11186);
#9559=AXIS2_PLACEMENT_3D('',#13902,#11187,#11188);
#9560=AXIS2_PLACEMENT_3D('',#13908,#11192,#11193);
#9561=AXIS2_PLACEMENT_3D('',#13910,#11194,#11195);
#9562=AXIS2_PLACEMENT_3D('',#13913,#11197,#11198);
#9563=AXIS2_PLACEMENT_3D('',#13914,#11199,#11200);
#9564=AXIS2_PLACEMENT_3D('',#13919,#11204,#11205);
#9565=AXIS2_PLACEMENT_3D('',#13928,#11210,#11211);
#9566=AXIS2_PLACEMENT_3D('',#13930,#11212,#11213);
#9567=AXIS2_PLACEMENT_3D('',#13933,#11215,#11216);
#9568=AXIS2_PLACEMENT_3D('',#13934,#11217,#11218);
#9569=AXIS2_PLACEMENT_3D('',#13940,#11222,#11223);
#9570=AXIS2_PLACEMENT_3D('',#13942,#11224,#11225);
#9571=AXIS2_PLACEMENT_3D('',#13945,#11227,#11228);
#9572=AXIS2_PLACEMENT_3D('',#13946,#11229,#11230);
#9573=AXIS2_PLACEMENT_3D('',#13952,#11234,#11235);
#9574=AXIS2_PLACEMENT_3D('',#13954,#11236,#11237);
#9575=AXIS2_PLACEMENT_3D('',#13957,#11239,#11240);
#9576=AXIS2_PLACEMENT_3D('',#13958,#11241,#11242);
#9577=AXIS2_PLACEMENT_3D('',#13963,#11246,#11247);
#9578=AXIS2_PLACEMENT_3D('',#13972,#11252,#11253);
#9579=AXIS2_PLACEMENT_3D('',#13974,#11254,#11255);
#9580=AXIS2_PLACEMENT_3D('',#13977,#11257,#11258);
#9581=AXIS2_PLACEMENT_3D('',#13978,#11259,#11260);
#9582=AXIS2_PLACEMENT_3D('',#13984,#11264,#11265);
#9583=AXIS2_PLACEMENT_3D('',#13986,#11266,#11267);
#9584=AXIS2_PLACEMENT_3D('',#13989,#11269,#11270);
#9585=AXIS2_PLACEMENT_3D('',#13990,#11271,#11272);
#9586=AXIS2_PLACEMENT_3D('',#13995,#11276,#11277);
#9587=AXIS2_PLACEMENT_3D('',#14000,#11281,#11282);
#9588=AXIS2_PLACEMENT_3D('',#14001,#11283,#11284);
#9589=AXIS2_PLACEMENT_3D('',#14002,#11285,#11286);
#9590=AXIS2_PLACEMENT_3D('',#14003,#11287,#11288);
#9591=AXIS2_PLACEMENT_3D('',#14004,#11289,#11290);
#9592=AXIS2_PLACEMENT_3D('',#14005,#11291,#11292);
#9593=AXIS2_PLACEMENT_3D('',#14006,#11293,#11294);
#9594=AXIS2_PLACEMENT_3D('',#14007,#11295,#11296);
#9595=AXIS2_PLACEMENT_3D('',#14008,#11297,#11298);
#9596=AXIS2_PLACEMENT_3D('',#14014,#11302,#11303);
#9597=AXIS2_PLACEMENT_3D('',#14017,#11305,#11306);
#9598=AXIS2_PLACEMENT_3D('',#14018,#11307,#11308);
#9599=AXIS2_PLACEMENT_3D('',#14022,#11311,#11312);
#9600=AXIS2_PLACEMENT_3D('',#14025,#11314,#11315);
#9601=AXIS2_PLACEMENT_3D('',#14026,#11316,#11317);
#9602=AXIS2_PLACEMENT_3D('',#14030,#11320,#11321);
#9603=AXIS2_PLACEMENT_3D('',#14033,#11323,#11324);
#9604=AXIS2_PLACEMENT_3D('',#14034,#11325,#11326);
#9605=AXIS2_PLACEMENT_3D('',#14038,#11329,#11330);
#9606=AXIS2_PLACEMENT_3D('',#14041,#11332,#11333);
#9607=AXIS2_PLACEMENT_3D('',#14042,#11334,#11335);
#9608=AXIS2_PLACEMENT_3D('',#14046,#11338,#11339);
#9609=AXIS2_PLACEMENT_3D('',#14049,#11341,#11342);
#9610=AXIS2_PLACEMENT_3D('',#14050,#11343,#11344);
#9611=AXIS2_PLACEMENT_3D('',#14054,#11347,#11348);
#9612=AXIS2_PLACEMENT_3D('',#14057,#11350,#11351);
#9613=AXIS2_PLACEMENT_3D('',#14058,#11352,#11353);
#9614=AXIS2_PLACEMENT_3D('',#14062,#11356,#11357);
#9615=AXIS2_PLACEMENT_3D('',#14065,#11359,#11360);
#9616=AXIS2_PLACEMENT_3D('',#14066,#11361,#11362);
#9617=AXIS2_PLACEMENT_3D('',#14070,#11365,#11366);
#9618=AXIS2_PLACEMENT_3D('',#14073,#11368,#11369);
#9619=AXIS2_PLACEMENT_3D('',#14074,#11370,#11371);
#9620=AXIS2_PLACEMENT_3D('',#14078,#11374,#11375);
#9621=AXIS2_PLACEMENT_3D('',#14081,#11377,#11378);
#9622=AXIS2_PLACEMENT_3D('',#14082,#11379,#11380);
#9623=AXIS2_PLACEMENT_3D('',#14086,#11383,#11384);
#9624=AXIS2_PLACEMENT_3D('',#14089,#11386,#11387);
#9625=AXIS2_PLACEMENT_3D('',#14090,#11388,#11389);
#9626=AXIS2_PLACEMENT_3D('',#14092,#11391,#11392);
#9627=AXIS2_PLACEMENT_3D('',#14096,#11395,#11396);
#9628=AXIS2_PLACEMENT_3D('',#14102,#11400,#11401);
#9629=AXIS2_PLACEMENT_3D('',#14105,#11403,#11404);
#9630=AXIS2_PLACEMENT_3D('',#14106,#11405,#11406);
#9631=AXIS2_PLACEMENT_3D('',#14110,#11409,#11410);
#9632=AXIS2_PLACEMENT_3D('',#14113,#11412,#11413);
#9633=AXIS2_PLACEMENT_3D('',#14114,#11414,#11415);
#9634=AXIS2_PLACEMENT_3D('',#14117,#11418,#11419);
#9635=AXIS2_PLACEMENT_3D('',#14123,#11423,#11424);
#9636=AXIS2_PLACEMENT_3D('',#14126,#11426,#11427);
#9637=AXIS2_PLACEMENT_3D('',#14127,#11428,#11429);
#9638=AXIS2_PLACEMENT_3D('',#14131,#11432,#11433);
#9639=AXIS2_PLACEMENT_3D('',#14134,#11435,#11436);
#9640=AXIS2_PLACEMENT_3D('',#14135,#11437,#11438);
#9641=AXIS2_PLACEMENT_3D('',#14139,#11441,#11442);
#9642=AXIS2_PLACEMENT_3D('',#14142,#11444,#11445);
#9643=AXIS2_PLACEMENT_3D('',#14143,#11446,#11447);
#9644=AXIS2_PLACEMENT_3D('',#14146,#11450,#11451);
#9645=AXIS2_PLACEMENT_3D('',#14152,#11455,#11456);
#9646=AXIS2_PLACEMENT_3D('',#14155,#11458,#11459);
#9647=AXIS2_PLACEMENT_3D('',#14156,#11460,#11461);
#9648=AXIS2_PLACEMENT_3D('',#14160,#11464,#11465);
#9649=AXIS2_PLACEMENT_3D('',#14163,#11467,#11468);
#9650=AXIS2_PLACEMENT_3D('',#14164,#11469,#11470);
#9651=AXIS2_PLACEMENT_3D('',#14167,#11473,#11474);
#9652=AXIS2_PLACEMENT_3D('',#14173,#11478,#11479);
#9653=AXIS2_PLACEMENT_3D('',#14175,#11480,#11481);
#9654=AXIS2_PLACEMENT_3D('',#14178,#11483,#11484);
#9655=AXIS2_PLACEMENT_3D('',#14179,#11485,#11486);
#9656=AXIS2_PLACEMENT_3D('',#14184,#11490,#11491);
#9657=AXIS2_PLACEMENT_3D('',#14185,#11492,#11493);
#9658=AXIS2_PLACEMENT_3D('',#14186,#11494,#11495);
#9659=AXIS2_PLACEMENT_3D('',#14187,#11496,#11497);
#9660=AXIS2_PLACEMENT_3D('',#14188,#11498,#11499);
#9661=AXIS2_PLACEMENT_3D('',#14189,#11500,#11501);
#9662=AXIS2_PLACEMENT_3D('',#14191,#11503,#11504);
#9663=AXIS2_PLACEMENT_3D('',#14193,#11506,#11507);
#9664=AXIS2_PLACEMENT_3D('',#14195,#11509,#11510);
#9665=AXIS2_PLACEMENT_3D('',#14196,#11511,#11512);
#9666=AXIS2_PLACEMENT_3D('',#14197,#11513,#11514);
#9667=AXIS2_PLACEMENT_3D('',#14198,#11515,#11516);
#9668=AXIS2_PLACEMENT_3D('',#14199,#11517,#11518);
#9669=AXIS2_PLACEMENT_3D('',#14208,#11523,#11524);
#9670=AXIS2_PLACEMENT_3D('',#14210,#11525,#11526);
#9671=AXIS2_PLACEMENT_3D('',#14213,#11528,#11529);
#9672=AXIS2_PLACEMENT_3D('',#14214,#11530,#11531);
#9673=AXIS2_PLACEMENT_3D('',#14223,#11536,#11537);
#9674=AXIS2_PLACEMENT_3D('',#14225,#11538,#11539);
#9675=AXIS2_PLACEMENT_3D('',#14228,#11541,#11542);
#9676=AXIS2_PLACEMENT_3D('',#14229,#11543,#11544);
#9677=AXIS2_PLACEMENT_3D('',#14235,#11548,#11549);
#9678=AXIS2_PLACEMENT_3D('',#14237,#11550,#11551);
#9679=AXIS2_PLACEMENT_3D('',#14240,#11553,#11554);
#9680=AXIS2_PLACEMENT_3D('',#14241,#11555,#11556);
#9681=AXIS2_PLACEMENT_3D('',#14246,#11560,#11561);
#9682=AXIS2_PLACEMENT_3D('',#14255,#11566,#11567);
#9683=AXIS2_PLACEMENT_3D('',#14257,#11568,#11569);
#9684=AXIS2_PLACEMENT_3D('',#14260,#11571,#11572);
#9685=AXIS2_PLACEMENT_3D('',#14261,#11573,#11574);
#9686=AXIS2_PLACEMENT_3D('',#14267,#11578,#11579);
#9687=AXIS2_PLACEMENT_3D('',#14269,#11580,#11581);
#9688=AXIS2_PLACEMENT_3D('',#14272,#11583,#11584);
#9689=AXIS2_PLACEMENT_3D('',#14273,#11585,#11586);
#9690=AXIS2_PLACEMENT_3D('',#14279,#11590,#11591);
#9691=AXIS2_PLACEMENT_3D('',#14281,#11592,#11593);
#9692=AXIS2_PLACEMENT_3D('',#14284,#11595,#11596);
#9693=AXIS2_PLACEMENT_3D('',#14285,#11597,#11598);
#9694=AXIS2_PLACEMENT_3D('',#14290,#11602,#11603);
#9695=AXIS2_PLACEMENT_3D('',#14299,#11608,#11609);
#9696=AXIS2_PLACEMENT_3D('',#14301,#11610,#11611);
#9697=AXIS2_PLACEMENT_3D('',#14304,#11613,#11614);
#9698=AXIS2_PLACEMENT_3D('',#14305,#11615,#11616);
#9699=AXIS2_PLACEMENT_3D('',#14311,#11620,#11621);
#9700=AXIS2_PLACEMENT_3D('',#14313,#11622,#11623);
#9701=AXIS2_PLACEMENT_3D('',#14316,#11625,#11626);
#9702=AXIS2_PLACEMENT_3D('',#14317,#11627,#11628);
#9703=AXIS2_PLACEMENT_3D('',#14322,#11632,#11633);
#9704=AXIS2_PLACEMENT_3D('',#14325,#11635,#11636);
#9705=AXIS2_PLACEMENT_3D('',#14326,#11637,#11638);
#9706=AXIS2_PLACEMENT_3D('',#14327,#11639,#11640);
#9707=AXIS2_PLACEMENT_3D('',#14328,#11641,#11642);
#9708=AXIS2_PLACEMENT_3D('',#14329,#11643,#11644);
#9709=AXIS2_PLACEMENT_3D('',#14330,#11645,#11646);
#9710=AXIS2_PLACEMENT_3D('',#14331,#11647,#11648);
#9711=AXIS2_PLACEMENT_3D('',#14332,#11649,#11650);
#9712=AXIS2_PLACEMENT_3D('',#14338,#11654,#11655);
#9713=AXIS2_PLACEMENT_3D('',#14340,#11656,#11657);
#9714=AXIS2_PLACEMENT_3D('',#14342,#11659,#11660);
#9715=AXIS2_PLACEMENT_3D('',#14346,#11663,#11664);
#9716=AXIS2_PLACEMENT_3D('',#14348,#11665,#11666);
#9717=AXIS2_PLACEMENT_3D('',#14350,#11668,#11669);
#9718=AXIS2_PLACEMENT_3D('',#14354,#11672,#11673);
#9719=AXIS2_PLACEMENT_3D('',#14356,#11674,#11675);
#9720=AXIS2_PLACEMENT_3D('',#14358,#11677,#11678);
#9721=AXIS2_PLACEMENT_3D('',#14362,#11681,#11682);
#9722=AXIS2_PLACEMENT_3D('',#14364,#11683,#11684);
#9723=AXIS2_PLACEMENT_3D('',#14366,#11686,#11687);
#9724=AXIS2_PLACEMENT_3D('',#14370,#11690,#11691);
#9725=AXIS2_PLACEMENT_3D('',#14372,#11692,#11693);
#9726=AXIS2_PLACEMENT_3D('',#14374,#11695,#11696);
#9727=AXIS2_PLACEMENT_3D('',#14378,#11699,#11700);
#9728=AXIS2_PLACEMENT_3D('',#14380,#11701,#11702);
#9729=AXIS2_PLACEMENT_3D('',#14382,#11704,#11705);
#9730=AXIS2_PLACEMENT_3D('',#14386,#11708,#11709);
#9731=AXIS2_PLACEMENT_3D('',#14388,#11710,#11711);
#9732=AXIS2_PLACEMENT_3D('',#14390,#11713,#11714);
#9733=AXIS2_PLACEMENT_3D('',#14394,#11717,#11718);
#9734=AXIS2_PLACEMENT_3D('',#14396,#11719,#11720);
#9735=AXIS2_PLACEMENT_3D('',#14398,#11722,#11723);
#9736=AXIS2_PLACEMENT_3D('',#14402,#11726,#11727);
#9737=AXIS2_PLACEMENT_3D('',#14404,#11728,#11729);
#9738=AXIS2_PLACEMENT_3D('',#14406,#11731,#11732);
#9739=AXIS2_PLACEMENT_3D('',#14410,#11735,#11736);
#9740=AXIS2_PLACEMENT_3D('',#14412,#11737,#11738);
#9741=AXIS2_PLACEMENT_3D('',#14414,#11740,#11741);
#9742=AXIS2_PLACEMENT_3D('',#14420,#11745,#11746);
#9743=AXIS2_PLACEMENT_3D('',#14422,#11747,#11748);
#9744=AXIS2_PLACEMENT_3D('',#14424,#11750,#11751);
#9745=AXIS2_PLACEMENT_3D('',#14428,#11754,#11755);
#9746=AXIS2_PLACEMENT_3D('',#14430,#11756,#11757);
#9747=AXIS2_PLACEMENT_3D('',#14432,#11759,#11760);
#9748=AXIS2_PLACEMENT_3D('',#14436,#11763,#11764);
#9749=AXIS2_PLACEMENT_3D('',#14442,#11768,#11769);
#9750=AXIS2_PLACEMENT_3D('',#14444,#11770,#11771);
#9751=AXIS2_PLACEMENT_3D('',#14446,#11773,#11774);
#9752=AXIS2_PLACEMENT_3D('',#14450,#11777,#11778);
#9753=AXIS2_PLACEMENT_3D('',#14452,#11779,#11780);
#9754=AXIS2_PLACEMENT_3D('',#14454,#11782,#11783);
#9755=AXIS2_PLACEMENT_3D('',#14458,#11786,#11787);
#9756=AXIS2_PLACEMENT_3D('',#14460,#11788,#11789);
#9757=AXIS2_PLACEMENT_3D('',#14462,#11791,#11792);
#9758=AXIS2_PLACEMENT_3D('',#14465,#11795,#11796);
#9759=AXIS2_PLACEMENT_3D('',#14471,#11800,#11801);
#9760=AXIS2_PLACEMENT_3D('',#14473,#11802,#11803);
#9761=AXIS2_PLACEMENT_3D('',#14475,#11805,#11806);
#9762=AXIS2_PLACEMENT_3D('',#14479,#11809,#11810);
#9763=AXIS2_PLACEMENT_3D('',#14481,#11811,#11812);
#9764=AXIS2_PLACEMENT_3D('',#14483,#11814,#11815);
#9765=AXIS2_PLACEMENT_3D('',#14486,#11818,#11819);
#9766=AXIS2_PLACEMENT_3D('',#14491,#11821,#11822);
#9767=AXIS2_PLACEMENT_3D('',#14494,#11824,#11825);
#9768=AXIS2_PLACEMENT_3D('',#14495,#11826,#11827);
#9769=AXIS2_PLACEMENT_3D('',#14500,#11831,#11832);
#9770=AXIS2_PLACEMENT_3D('',#14501,#11833,#11834);
#9771=AXIS2_PLACEMENT_3D('',#14502,#11835,#11836);
#9772=AXIS2_PLACEMENT_3D('',#14503,#11837,#11838);
#9773=AXIS2_PLACEMENT_3D('',#14504,#11839,#11840);
#9774=AXIS2_PLACEMENT_3D('',#14506,#11842,#11843);
#9775=AXIS2_PLACEMENT_3D('',#14508,#11845,#11846);
#9776=AXIS2_PLACEMENT_3D('',#14510,#11848,#11849);
#9777=AXIS2_PLACEMENT_3D('',#14512,#11851,#11852);
#9778=AXIS2_PLACEMENT_3D('',#14521,#11857,#11858);
#9779=AXIS2_PLACEMENT_3D('',#14523,#11859,#11860);
#9780=AXIS2_PLACEMENT_3D('',#14526,#11862,#11863);
#9781=AXIS2_PLACEMENT_3D('',#14527,#11864,#11865);
#9782=AXIS2_PLACEMENT_3D('',#14530,#11868,#11869);
#9783=AXIS2_PLACEMENT_3D('',#14539,#11874,#11875);
#9784=AXIS2_PLACEMENT_3D('',#14541,#11876,#11877);
#9785=AXIS2_PLACEMENT_3D('',#14544,#11879,#11880);
#9786=AXIS2_PLACEMENT_3D('',#14545,#11881,#11882);
#9787=AXIS2_PLACEMENT_3D('',#14551,#11886,#11887);
#9788=AXIS2_PLACEMENT_3D('',#14553,#11888,#11889);
#9789=AXIS2_PLACEMENT_3D('',#14556,#11891,#11892);
#9790=AXIS2_PLACEMENT_3D('',#14557,#11893,#11894);
#9791=AXIS2_PLACEMENT_3D('',#14562,#11898,#11899);
#9792=AXIS2_PLACEMENT_3D('',#14571,#11904,#11905);
#9793=AXIS2_PLACEMENT_3D('',#14573,#11906,#11907);
#9794=AXIS2_PLACEMENT_3D('',#14576,#11909,#11910);
#9795=AXIS2_PLACEMENT_3D('',#14577,#11911,#11912);
#9796=AXIS2_PLACEMENT_3D('',#14583,#11916,#11917);
#9797=AXIS2_PLACEMENT_3D('',#14585,#11918,#11919);
#9798=AXIS2_PLACEMENT_3D('',#14588,#11921,#11922);
#9799=AXIS2_PLACEMENT_3D('',#14589,#11923,#11924);
#9800=AXIS2_PLACEMENT_3D('',#14595,#11928,#11929);
#9801=AXIS2_PLACEMENT_3D('',#14597,#11930,#11931);
#9802=AXIS2_PLACEMENT_3D('',#14600,#11933,#11934);
#9803=AXIS2_PLACEMENT_3D('',#14601,#11935,#11936);
#9804=AXIS2_PLACEMENT_3D('',#14606,#11940,#11941);
#9805=AXIS2_PLACEMENT_3D('',#14615,#11946,#11947);
#9806=AXIS2_PLACEMENT_3D('',#14617,#11948,#11949);
#9807=AXIS2_PLACEMENT_3D('',#14620,#11951,#11952);
#9808=AXIS2_PLACEMENT_3D('',#14621,#11953,#11954);
#9809=AXIS2_PLACEMENT_3D('',#14627,#11958,#11959);
#9810=AXIS2_PLACEMENT_3D('',#14629,#11960,#11961);
#9811=AXIS2_PLACEMENT_3D('',#14632,#11963,#11964);
#9812=AXIS2_PLACEMENT_3D('',#14633,#11965,#11966);
#9813=AXIS2_PLACEMENT_3D('',#14638,#11970,#11971);
#9814=AXIS2_PLACEMENT_3D('',#14643,#11975,#11976);
#9815=AXIS2_PLACEMENT_3D('',#14644,#11977,#11978);
#9816=AXIS2_PLACEMENT_3D('',#14645,#11979,#11980);
#9817=AXIS2_PLACEMENT_3D('',#14646,#11981,#11982);
#9818=AXIS2_PLACEMENT_3D('',#14647,#11983,#11984);
#9819=AXIS2_PLACEMENT_3D('',#14648,#11985,#11986);
#9820=AXIS2_PLACEMENT_3D('',#14649,#11987,#11988);
#9821=AXIS2_PLACEMENT_3D('',#14650,#11989,#11990);
#9822=AXIS2_PLACEMENT_3D('',#14651,#11991,#11992);
#9823=AXIS2_PLACEMENT_3D('',#14657,#11996,#11997);
#9824=AXIS2_PLACEMENT_3D('',#14660,#11999,#12000);
#9825=AXIS2_PLACEMENT_3D('',#14661,#12001,#12002);
#9826=AXIS2_PLACEMENT_3D('',#14665,#12005,#12006);
#9827=AXIS2_PLACEMENT_3D('',#14668,#12008,#12009);
#9828=AXIS2_PLACEMENT_3D('',#14669,#12010,#12011);
#9829=AXIS2_PLACEMENT_3D('',#14673,#12014,#12015);
#9830=AXIS2_PLACEMENT_3D('',#14676,#12017,#12018);
#9831=AXIS2_PLACEMENT_3D('',#14677,#12019,#12020);
#9832=AXIS2_PLACEMENT_3D('',#14681,#12023,#12024);
#9833=AXIS2_PLACEMENT_3D('',#14684,#12026,#12027);
#9834=AXIS2_PLACEMENT_3D('',#14685,#12028,#12029);
#9835=AXIS2_PLACEMENT_3D('',#14689,#12032,#12033);
#9836=AXIS2_PLACEMENT_3D('',#14692,#12035,#12036);
#9837=AXIS2_PLACEMENT_3D('',#14693,#12037,#12038);
#9838=AXIS2_PLACEMENT_3D('',#14697,#12041,#12042);
#9839=AXIS2_PLACEMENT_3D('',#14700,#12044,#12045);
#9840=AXIS2_PLACEMENT_3D('',#14701,#12046,#12047);
#9841=AXIS2_PLACEMENT_3D('',#14705,#12050,#12051);
#9842=AXIS2_PLACEMENT_3D('',#14708,#12053,#12054);
#9843=AXIS2_PLACEMENT_3D('',#14709,#12055,#12056);
#9844=AXIS2_PLACEMENT_3D('',#14713,#12059,#12060);
#9845=AXIS2_PLACEMENT_3D('',#14716,#12062,#12063);
#9846=AXIS2_PLACEMENT_3D('',#14717,#12064,#12065);
#9847=AXIS2_PLACEMENT_3D('',#14721,#12068,#12069);
#9848=AXIS2_PLACEMENT_3D('',#14724,#12071,#12072);
#9849=AXIS2_PLACEMENT_3D('',#14725,#12073,#12074);
#9850=AXIS2_PLACEMENT_3D('',#14729,#12077,#12078);
#9851=AXIS2_PLACEMENT_3D('',#14732,#12080,#12081);
#9852=AXIS2_PLACEMENT_3D('',#14733,#12082,#12083);
#9853=AXIS2_PLACEMENT_3D('',#14735,#12085,#12086);
#9854=AXIS2_PLACEMENT_3D('',#14739,#12089,#12090);
#9855=AXIS2_PLACEMENT_3D('',#14745,#12094,#12095);
#9856=AXIS2_PLACEMENT_3D('',#14748,#12097,#12098);
#9857=AXIS2_PLACEMENT_3D('',#14749,#12099,#12100);
#9858=AXIS2_PLACEMENT_3D('',#14753,#12103,#12104);
#9859=AXIS2_PLACEMENT_3D('',#14756,#12106,#12107);
#9860=AXIS2_PLACEMENT_3D('',#14757,#12108,#12109);
#9861=AXIS2_PLACEMENT_3D('',#14760,#12112,#12113);
#9862=AXIS2_PLACEMENT_3D('',#14766,#12117,#12118);
#9863=AXIS2_PLACEMENT_3D('',#14769,#12120,#12121);
#9864=AXIS2_PLACEMENT_3D('',#14770,#12122,#12123);
#9865=AXIS2_PLACEMENT_3D('',#14774,#12126,#12127);
#9866=AXIS2_PLACEMENT_3D('',#14777,#12129,#12130);
#9867=AXIS2_PLACEMENT_3D('',#14778,#12131,#12132);
#9868=AXIS2_PLACEMENT_3D('',#14782,#12135,#12136);
#9869=AXIS2_PLACEMENT_3D('',#14785,#12138,#12139);
#9870=AXIS2_PLACEMENT_3D('',#14786,#12140,#12141);
#9871=AXIS2_PLACEMENT_3D('',#14789,#12144,#12145);
#9872=AXIS2_PLACEMENT_3D('',#14795,#12149,#12150);
#9873=AXIS2_PLACEMENT_3D('',#14798,#12152,#12153);
#9874=AXIS2_PLACEMENT_3D('',#14799,#12154,#12155);
#9875=AXIS2_PLACEMENT_3D('',#14803,#12158,#12159);
#9876=AXIS2_PLACEMENT_3D('',#14806,#12161,#12162);
#9877=AXIS2_PLACEMENT_3D('',#14807,#12163,#12164);
#9878=AXIS2_PLACEMENT_3D('',#14810,#12167,#12168);
#9879=AXIS2_PLACEMENT_3D('',#14816,#12172,#12173);
#9880=AXIS2_PLACEMENT_3D('',#14818,#12174,#12175);
#9881=AXIS2_PLACEMENT_3D('',#14821,#12177,#12178);
#9882=AXIS2_PLACEMENT_3D('',#14822,#12179,#12180);
#9883=AXIS2_PLACEMENT_3D('',#14827,#12184,#12185);
#9884=AXIS2_PLACEMENT_3D('',#14828,#12186,#12187);
#9885=AXIS2_PLACEMENT_3D('',#14829,#12188,#12189);
#9886=AXIS2_PLACEMENT_3D('',#14830,#12190,#12191);
#9887=AXIS2_PLACEMENT_3D('',#14831,#12192,#12193);
#9888=AXIS2_PLACEMENT_3D('',#14832,#12194,#12195);
#9889=AXIS2_PLACEMENT_3D('',#14834,#12197,#12198);
#9890=AXIS2_PLACEMENT_3D('',#14836,#12200,#12201);
#9891=AXIS2_PLACEMENT_3D('',#14838,#12203,#12204);
#9892=AXIS2_PLACEMENT_3D('',#14839,#12205,#12206);
#9893=AXIS2_PLACEMENT_3D('',#14840,#12207,#12208);
#9894=AXIS2_PLACEMENT_3D('',#14841,#12209,#12210);
#9895=AXIS2_PLACEMENT_3D('',#14842,#12211,#12212);
#9896=AXIS2_PLACEMENT_3D('',#14851,#12217,#12218);
#9897=AXIS2_PLACEMENT_3D('',#14853,#12219,#12220);
#9898=AXIS2_PLACEMENT_3D('',#14856,#12222,#12223);
#9899=AXIS2_PLACEMENT_3D('',#14857,#12224,#12225);
#9900=AXIS2_PLACEMENT_3D('',#14866,#12230,#12231);
#9901=AXIS2_PLACEMENT_3D('',#14868,#12232,#12233);
#9902=AXIS2_PLACEMENT_3D('',#14871,#12235,#12236);
#9903=AXIS2_PLACEMENT_3D('',#14872,#12237,#12238);
#9904=AXIS2_PLACEMENT_3D('',#14878,#12242,#12243);
#9905=AXIS2_PLACEMENT_3D('',#14880,#12244,#12245);
#9906=AXIS2_PLACEMENT_3D('',#14883,#12247,#12248);
#9907=AXIS2_PLACEMENT_3D('',#14884,#12249,#12250);
#9908=AXIS2_PLACEMENT_3D('',#14889,#12254,#12255);
#9909=AXIS2_PLACEMENT_3D('',#14898,#12260,#12261);
#9910=AXIS2_PLACEMENT_3D('',#14900,#12262,#12263);
#9911=AXIS2_PLACEMENT_3D('',#14903,#12265,#12266);
#9912=AXIS2_PLACEMENT_3D('',#14904,#12267,#12268);
#9913=AXIS2_PLACEMENT_3D('',#14910,#12272,#12273);
#9914=AXIS2_PLACEMENT_3D('',#14912,#12274,#12275);
#9915=AXIS2_PLACEMENT_3D('',#14915,#12277,#12278);
#9916=AXIS2_PLACEMENT_3D('',#14916,#12279,#12280);
#9917=AXIS2_PLACEMENT_3D('',#14922,#12284,#12285);
#9918=AXIS2_PLACEMENT_3D('',#14924,#12286,#12287);
#9919=AXIS2_PLACEMENT_3D('',#14927,#12289,#12290);
#9920=AXIS2_PLACEMENT_3D('',#14928,#12291,#12292);
#9921=AXIS2_PLACEMENT_3D('',#14933,#12296,#12297);
#9922=AXIS2_PLACEMENT_3D('',#14942,#12302,#12303);
#9923=AXIS2_PLACEMENT_3D('',#14944,#12304,#12305);
#9924=AXIS2_PLACEMENT_3D('',#14947,#12307,#12308);
#9925=AXIS2_PLACEMENT_3D('',#14948,#12309,#12310);
#9926=AXIS2_PLACEMENT_3D('',#14954,#12314,#12315);
#9927=AXIS2_PLACEMENT_3D('',#14956,#12316,#12317);
#9928=AXIS2_PLACEMENT_3D('',#14959,#12319,#12320);
#9929=AXIS2_PLACEMENT_3D('',#14960,#12321,#12322);
#9930=AXIS2_PLACEMENT_3D('',#14965,#12326,#12327);
#9931=AXIS2_PLACEMENT_3D('',#14968,#12329,#12330);
#9932=AXIS2_PLACEMENT_3D('',#14969,#12331,#12332);
#9933=AXIS2_PLACEMENT_3D('',#14970,#12333,#12334);
#9934=AXIS2_PLACEMENT_3D('',#14971,#12335,#12336);
#9935=AXIS2_PLACEMENT_3D('',#14972,#12337,#12338);
#9936=AXIS2_PLACEMENT_3D('',#14973,#12339,#12340);
#9937=AXIS2_PLACEMENT_3D('',#14974,#12341,#12342);
#9938=AXIS2_PLACEMENT_3D('',#14975,#12343,#12344);
#9939=AXIS2_PLACEMENT_3D('',#14981,#12348,#12349);
#9940=AXIS2_PLACEMENT_3D('',#14983,#12350,#12351);
#9941=AXIS2_PLACEMENT_3D('',#14985,#12353,#12354);
#9942=AXIS2_PLACEMENT_3D('',#14989,#12357,#12358);
#9943=AXIS2_PLACEMENT_3D('',#14991,#12359,#12360);
#9944=AXIS2_PLACEMENT_3D('',#14993,#12362,#12363);
#9945=AXIS2_PLACEMENT_3D('',#14997,#12366,#12367);
#9946=AXIS2_PLACEMENT_3D('',#14999,#12368,#12369);
#9947=AXIS2_PLACEMENT_3D('',#15001,#12371,#12372);
#9948=AXIS2_PLACEMENT_3D('',#15005,#12375,#12376);
#9949=AXIS2_PLACEMENT_3D('',#15007,#12377,#12378);
#9950=AXIS2_PLACEMENT_3D('',#15009,#12380,#12381);
#9951=AXIS2_PLACEMENT_3D('',#15013,#12384,#12385);
#9952=AXIS2_PLACEMENT_3D('',#15015,#12386,#12387);
#9953=AXIS2_PLACEMENT_3D('',#15017,#12389,#12390);
#9954=AXIS2_PLACEMENT_3D('',#15021,#12393,#12394);
#9955=AXIS2_PLACEMENT_3D('',#15023,#12395,#12396);
#9956=AXIS2_PLACEMENT_3D('',#15025,#12398,#12399);
#9957=AXIS2_PLACEMENT_3D('',#15029,#12402,#12403);
#9958=AXIS2_PLACEMENT_3D('',#15031,#12404,#12405);
#9959=AXIS2_PLACEMENT_3D('',#15033,#12407,#12408);
#9960=AXIS2_PLACEMENT_3D('',#15037,#12411,#12412);
#9961=AXIS2_PLACEMENT_3D('',#15039,#12413,#12414);
#9962=AXIS2_PLACEMENT_3D('',#15041,#12416,#12417);
#9963=AXIS2_PLACEMENT_3D('',#15045,#12420,#12421);
#9964=AXIS2_PLACEMENT_3D('',#15047,#12422,#12423);
#9965=AXIS2_PLACEMENT_3D('',#15049,#12425,#12426);
#9966=AXIS2_PLACEMENT_3D('',#15053,#12429,#12430);
#9967=AXIS2_PLACEMENT_3D('',#15055,#12431,#12432);
#9968=AXIS2_PLACEMENT_3D('',#15057,#12434,#12435);
#9969=AXIS2_PLACEMENT_3D('',#15063,#12439,#12440);
#9970=AXIS2_PLACEMENT_3D('',#15065,#12441,#12442);
#9971=AXIS2_PLACEMENT_3D('',#15067,#12444,#12445);
#9972=AXIS2_PLACEMENT_3D('',#15071,#12448,#12449);
#9973=AXIS2_PLACEMENT_3D('',#15073,#12450,#12451);
#9974=AXIS2_PLACEMENT_3D('',#15075,#12453,#12454);
#9975=AXIS2_PLACEMENT_3D('',#15079,#12457,#12458);
#9976=AXIS2_PLACEMENT_3D('',#15085,#12462,#12463);
#9977=AXIS2_PLACEMENT_3D('',#15087,#12464,#12465);
#9978=AXIS2_PLACEMENT_3D('',#15089,#12467,#12468);
#9979=AXIS2_PLACEMENT_3D('',#15093,#12471,#12472);
#9980=AXIS2_PLACEMENT_3D('',#15095,#12473,#12474);
#9981=AXIS2_PLACEMENT_3D('',#15097,#12476,#12477);
#9982=AXIS2_PLACEMENT_3D('',#15101,#12480,#12481);
#9983=AXIS2_PLACEMENT_3D('',#15103,#12482,#12483);
#9984=AXIS2_PLACEMENT_3D('',#15105,#12485,#12486);
#9985=AXIS2_PLACEMENT_3D('',#15108,#12489,#12490);
#9986=AXIS2_PLACEMENT_3D('',#15114,#12494,#12495);
#9987=AXIS2_PLACEMENT_3D('',#15116,#12496,#12497);
#9988=AXIS2_PLACEMENT_3D('',#15118,#12499,#12500);
#9989=AXIS2_PLACEMENT_3D('',#15122,#12503,#12504);
#9990=AXIS2_PLACEMENT_3D('',#15124,#12505,#12506);
#9991=AXIS2_PLACEMENT_3D('',#15126,#12508,#12509);
#9992=AXIS2_PLACEMENT_3D('',#15129,#12512,#12513);
#9993=AXIS2_PLACEMENT_3D('',#15134,#12515,#12516);
#9994=AXIS2_PLACEMENT_3D('',#15137,#12518,#12519);
#9995=AXIS2_PLACEMENT_3D('',#15138,#12520,#12521);
#9996=AXIS2_PLACEMENT_3D('',#15143,#12525,#12526);
#9997=AXIS2_PLACEMENT_3D('',#15144,#12527,#12528);
#9998=AXIS2_PLACEMENT_3D('',#15145,#12529,#12530);
#9999=AXIS2_PLACEMENT_3D('',#15146,#12531,#12532);
#10000=AXIS2_PLACEMENT_3D('',#15147,#12533,#12534);
#10001=AXIS2_PLACEMENT_3D('',#15149,#12536,#12537);
#10002=AXIS2_PLACEMENT_3D('',#15151,#12539,#12540);
#10003=AXIS2_PLACEMENT_3D('',#15153,#12542,#12543);
#10004=AXIS2_PLACEMENT_3D('',#15155,#12545,#12546);
#10005=AXIS2_PLACEMENT_3D('',#15164,#12551,#12552);
#10006=AXIS2_PLACEMENT_3D('',#15166,#12553,#12554);
#10007=AXIS2_PLACEMENT_3D('',#15169,#12556,#12557);
#10008=AXIS2_PLACEMENT_3D('',#15170,#12558,#12559);
#10009=AXIS2_PLACEMENT_3D('',#15173,#12562,#12563);
#10010=AXIS2_PLACEMENT_3D('',#15182,#12568,#12569);
#10011=AXIS2_PLACEMENT_3D('',#15184,#12570,#12571);
#10012=AXIS2_PLACEMENT_3D('',#15187,#12573,#12574);
#10013=AXIS2_PLACEMENT_3D('',#15188,#12575,#12576);
#10014=AXIS2_PLACEMENT_3D('',#15194,#12580,#12581);
#10015=AXIS2_PLACEMENT_3D('',#15196,#12582,#12583);
#10016=AXIS2_PLACEMENT_3D('',#15199,#12585,#12586);
#10017=AXIS2_PLACEMENT_3D('',#15200,#12587,#12588);
#10018=AXIS2_PLACEMENT_3D('',#15205,#12592,#12593);
#10019=AXIS2_PLACEMENT_3D('',#15214,#12598,#12599);
#10020=AXIS2_PLACEMENT_3D('',#15216,#12600,#12601);
#10021=AXIS2_PLACEMENT_3D('',#15219,#12603,#12604);
#10022=AXIS2_PLACEMENT_3D('',#15220,#12605,#12606);
#10023=AXIS2_PLACEMENT_3D('',#15226,#12610,#12611);
#10024=AXIS2_PLACEMENT_3D('',#15228,#12612,#12613);
#10025=AXIS2_PLACEMENT_3D('',#15231,#12615,#12616);
#10026=AXIS2_PLACEMENT_3D('',#15232,#12617,#12618);
#10027=AXIS2_PLACEMENT_3D('',#15238,#12622,#12623);
#10028=AXIS2_PLACEMENT_3D('',#15240,#12624,#12625);
#10029=AXIS2_PLACEMENT_3D('',#15243,#12627,#12628);
#10030=AXIS2_PLACEMENT_3D('',#15244,#12629,#12630);
#10031=AXIS2_PLACEMENT_3D('',#15249,#12634,#12635);
#10032=AXIS2_PLACEMENT_3D('',#15258,#12640,#12641);
#10033=AXIS2_PLACEMENT_3D('',#15260,#12642,#12643);
#10034=AXIS2_PLACEMENT_3D('',#15263,#12645,#12646);
#10035=AXIS2_PLACEMENT_3D('',#15264,#12647,#12648);
#10036=AXIS2_PLACEMENT_3D('',#15270,#12652,#12653);
#10037=AXIS2_PLACEMENT_3D('',#15272,#12654,#12655);
#10038=AXIS2_PLACEMENT_3D('',#15275,#12657,#12658);
#10039=AXIS2_PLACEMENT_3D('',#15276,#12659,#12660);
#10040=AXIS2_PLACEMENT_3D('',#15281,#12664,#12665);
#10041=AXIS2_PLACEMENT_3D('',#15286,#12669,#12670);
#10042=AXIS2_PLACEMENT_3D('',#15287,#12671,#12672);
#10043=AXIS2_PLACEMENT_3D('',#15288,#12673,#12674);
#10044=AXIS2_PLACEMENT_3D('',#15289,#12675,#12676);
#10045=AXIS2_PLACEMENT_3D('',#15290,#12677,#12678);
#10046=AXIS2_PLACEMENT_3D('',#15291,#12679,#12680);
#10047=AXIS2_PLACEMENT_3D('',#15292,#12681,#12682);
#10048=AXIS2_PLACEMENT_3D('',#15293,#12683,#12684);
#10049=AXIS2_PLACEMENT_3D('',#15294,#12685,#12686);
#10050=AXIS2_PLACEMENT_3D('',#15300,#12690,#12691);
#10051=AXIS2_PLACEMENT_3D('',#15303,#12693,#12694);
#10052=AXIS2_PLACEMENT_3D('',#15304,#12695,#12696);
#10053=AXIS2_PLACEMENT_3D('',#15308,#12699,#12700);
#10054=AXIS2_PLACEMENT_3D('',#15311,#12702,#12703);
#10055=AXIS2_PLACEMENT_3D('',#15312,#12704,#12705);
#10056=AXIS2_PLACEMENT_3D('',#15316,#12708,#12709);
#10057=AXIS2_PLACEMENT_3D('',#15319,#12711,#12712);
#10058=AXIS2_PLACEMENT_3D('',#15320,#12713,#12714);
#10059=AXIS2_PLACEMENT_3D('',#15324,#12717,#12718);
#10060=AXIS2_PLACEMENT_3D('',#15327,#12720,#12721);
#10061=AXIS2_PLACEMENT_3D('',#15328,#12722,#12723);
#10062=AXIS2_PLACEMENT_3D('',#15332,#12726,#12727);
#10063=AXIS2_PLACEMENT_3D('',#15335,#12729,#12730);
#10064=AXIS2_PLACEMENT_3D('',#15336,#12731,#12732);
#10065=AXIS2_PLACEMENT_3D('',#15340,#12735,#12736);
#10066=AXIS2_PLACEMENT_3D('',#15343,#12738,#12739);
#10067=AXIS2_PLACEMENT_3D('',#15344,#12740,#12741);
#10068=AXIS2_PLACEMENT_3D('',#15348,#12744,#12745);
#10069=AXIS2_PLACEMENT_3D('',#15351,#12747,#12748);
#10070=AXIS2_PLACEMENT_3D('',#15352,#12749,#12750);
#10071=AXIS2_PLACEMENT_3D('',#15356,#12753,#12754);
#10072=AXIS2_PLACEMENT_3D('',#15359,#12756,#12757);
#10073=AXIS2_PLACEMENT_3D('',#15360,#12758,#12759);
#10074=AXIS2_PLACEMENT_3D('',#15364,#12762,#12763);
#10075=AXIS2_PLACEMENT_3D('',#15367,#12765,#12766);
#10076=AXIS2_PLACEMENT_3D('',#15368,#12767,#12768);
#10077=AXIS2_PLACEMENT_3D('',#15372,#12771,#12772);
#10078=AXIS2_PLACEMENT_3D('',#15375,#12774,#12775);
#10079=AXIS2_PLACEMENT_3D('',#15376,#12776,#12777);
#10080=AXIS2_PLACEMENT_3D('',#15378,#12779,#12780);
#10081=AXIS2_PLACEMENT_3D('',#15382,#12783,#12784);
#10082=AXIS2_PLACEMENT_3D('',#15388,#12788,#12789);
#10083=AXIS2_PLACEMENT_3D('',#15391,#12791,#12792);
#10084=AXIS2_PLACEMENT_3D('',#15392,#12793,#12794);
#10085=AXIS2_PLACEMENT_3D('',#15396,#12797,#12798);
#10086=AXIS2_PLACEMENT_3D('',#15399,#12800,#12801);
#10087=AXIS2_PLACEMENT_3D('',#15400,#12802,#12803);
#10088=AXIS2_PLACEMENT_3D('',#15403,#12806,#12807);
#10089=AXIS2_PLACEMENT_3D('',#15409,#12811,#12812);
#10090=AXIS2_PLACEMENT_3D('',#15412,#12814,#12815);
#10091=AXIS2_PLACEMENT_3D('',#15413,#12816,#12817);
#10092=AXIS2_PLACEMENT_3D('',#15417,#12820,#12821);
#10093=AXIS2_PLACEMENT_3D('',#15420,#12823,#12824);
#10094=AXIS2_PLACEMENT_3D('',#15421,#12825,#12826);
#10095=AXIS2_PLACEMENT_3D('',#15425,#12829,#12830);
#10096=AXIS2_PLACEMENT_3D('',#15428,#12832,#12833);
#10097=AXIS2_PLACEMENT_3D('',#15429,#12834,#12835);
#10098=AXIS2_PLACEMENT_3D('',#15432,#12838,#12839);
#10099=AXIS2_PLACEMENT_3D('',#15438,#12843,#12844);
#10100=AXIS2_PLACEMENT_3D('',#15441,#12846,#12847);
#10101=AXIS2_PLACEMENT_3D('',#15442,#12848,#12849);
#10102=AXIS2_PLACEMENT_3D('',#15446,#12852,#12853);
#10103=AXIS2_PLACEMENT_3D('',#15449,#12855,#12856);
#10104=AXIS2_PLACEMENT_3D('',#15450,#12857,#12858);
#10105=AXIS2_PLACEMENT_3D('',#15453,#12861,#12862);
#10106=AXIS2_PLACEMENT_3D('',#15459,#12866,#12867);
#10107=AXIS2_PLACEMENT_3D('',#15461,#12868,#12869);
#10108=AXIS2_PLACEMENT_3D('',#15464,#12871,#12872);
#10109=AXIS2_PLACEMENT_3D('',#15465,#12873,#12874);
#10110=AXIS2_PLACEMENT_3D('',#15470,#12878,#12879);
#10111=AXIS2_PLACEMENT_3D('',#15471,#12880,#12881);
#10112=AXIS2_PLACEMENT_3D('',#15472,#12882,#12883);
#10113=AXIS2_PLACEMENT_3D('',#15473,#12884,#12885);
#10114=AXIS2_PLACEMENT_3D('',#15474,#12886,#12887);
#10115=AXIS2_PLACEMENT_3D('',#15475,#12888,#12889);
#10116=AXIS2_PLACEMENT_3D('',#15477,#12891,#12892);
#10117=AXIS2_PLACEMENT_3D('',#15479,#12894,#12895);
#10118=AXIS2_PLACEMENT_3D('',#15481,#12897,#12898);
#10119=AXIS2_PLACEMENT_3D('',#15482,#12899,#12900);
#10120=AXIS2_PLACEMENT_3D('',#15483,#12901,#12902);
#10121=AXIS2_PLACEMENT_3D('',#15484,#12903,#12904);
#10122=AXIS2_PLACEMENT_3D('',#15485,#12905,#12906);
#10123=AXIS2_PLACEMENT_3D('',#15486,#12907,#12908);
#10124=AXIS2_PLACEMENT_3D('',#15487,#12909,#12910);
#10125=DIRECTION('axis',(0.,0.,1.));
#10126=DIRECTION('refdir',(1.,0.,0.));
#10127=DIRECTION('axis',(0.,0.,1.));
#10128=DIRECTION('refdir',(1.,0.,0.));
#10129=DIRECTION('center_axis',(0.707106781186548,-0.707106781186547,1.31564167220674E-15));
#10130=DIRECTION('ref_axis',(-1.72701359386135E-15,1.33584702196638E-16,
1.));
#10131=DIRECTION('',(-0.707106781186547,-0.707106781186548,2.05707422214075E-15));
#10132=DIRECTION('',(0.,1.86059829605799E-15,1.));
#10133=DIRECTION('',(0.707106781186546,0.707106781186549,-2.30240116881008E-15));
#10134=DIRECTION('',(0.,-1.86059829605799E-15,-1.));
#10135=DIRECTION('center_axis',(-1.,0.,0.));
#10136=DIRECTION('ref_axis',(0.,-0.707106781186547,0.707106781186548));
#10137=DIRECTION('center_axis',(1.,0.,0.));
#10138=DIRECTION('ref_axis',(0.,-0.707106781186547,0.707106781186548));
#10139=DIRECTION('',(-0.707106781186546,9.44586487860283E-17,0.707106781186549));
#10140=DIRECTION('center_axis',(-1.,0.,0.));
#10141=DIRECTION('ref_axis',(0.,-0.707106781186547,0.707106781186548));
#10142=DIRECTION('center_axis',(0.707106781186547,-7.48663839904265E-16,
-0.707106781186548));
#10143=DIRECTION('ref_axis',(0.707106781186548,9.4458648786028E-17,0.707106781186547));
#10144=DIRECTION('',(-0.707106781186548,-9.4458648786028E-17,-0.707106781186547));
#10145=DIRECTION('',(0.,-1.,1.05877055605093E-15));
#10146=DIRECTION('',(0.707106781186548,9.4458648786028E-17,0.707106781186547));
#10147=DIRECTION('',(0.,1.,-1.05877055605093E-15));
#10148=DIRECTION('center_axis',(-1.,0.,0.));
#10149=DIRECTION('ref_axis',(0.,-0.707106781186548,-0.707106781186547));
#10150=DIRECTION('center_axis',(1.,0.,0.));
#10151=DIRECTION('ref_axis',(0.,-0.707106781186548,-0.707106781186547));
#10152=DIRECTION('',(-0.707106781186547,-0.707106781186548,9.44586487860282E-17));
#10153=DIRECTION('center_axis',(-1.,0.,0.));
#10154=DIRECTION('ref_axis',(0.,-0.707106781186548,-0.707106781186547));
#10155=DIRECTION('center_axis',(0.707106781186548,-0.707106781186547,9.44586487860281E-17));
#10156=DIRECTION('ref_axis',(0.,1.33584702196638E-16,1.));
#10157=DIRECTION('',(-0.707106781186547,-0.707106781186548,9.44586487860282E-17));
#10158=DIRECTION('',(0.,1.33584702196638E-16,1.));
#10159=DIRECTION('',(0.,-1.33584702196638E-16,-1.));
#10160=DIRECTION('center_axis',(-1.,0.,0.));
#10161=DIRECTION('ref_axis',(0.,-0.707106781186548,0.707106781186547));
#10162=DIRECTION('center_axis',(1.,0.,0.));
#10163=DIRECTION('ref_axis',(0.,-0.707106781186548,0.707106781186547));
#10164=DIRECTION('',(-0.707106781186548,9.44586487860281E-17,0.707106781186547));
#10165=DIRECTION('center_axis',(-1.,0.,0.));
#10166=DIRECTION('ref_axis',(0.,-0.707106781186548,0.707106781186547));
#10167=DIRECTION('center_axis',(0.707106781186548,3.9289761483739E-16,0.707106781186547));
#10168=DIRECTION('ref_axis',(-0.707106781186547,9.44586487860282E-17,0.707106781186548));
#10169=DIRECTION('',(-0.707106781186547,9.44586487860282E-17,0.707106781186548));
#10170=DIRECTION('',(0.,1.,-5.55641135527077E-16));
#10171=DIRECTION('',(0.,-1.,5.55641135527077E-16));
#10172=DIRECTION('center_axis',(0.707106781186548,-6.23703297780558E-16,
-0.707106781186547));
#10173=DIRECTION('ref_axis',(0.707106781186547,9.44586487860282E-17,0.707106781186548));
#10174=DIRECTION('',(-0.707106781186549,-9.44586487860279E-17,-0.707106781186546));
#10175=DIRECTION('',(0.,-1.,8.82049662618091E-16));
#10176=DIRECTION('',(0.707106781186549,9.44586487860279E-17,0.707106781186546));
#10177=DIRECTION('',(0.,1.,-8.82049662618091E-16));
#10178=DIRECTION('center_axis',(1.,0.,0.));
#10179=DIRECTION('ref_axis',(0.,-0.707106781186545,0.70710678118655));
#10180=DIRECTION('center_axis',(-1.,0.,0.));
#10181=DIRECTION('ref_axis',(0.,-0.707106781186545,0.70710678118655));
#10182=DIRECTION('',(-0.707106781186549,0.707106781186546,-9.44586487860279E-17));
#10183=DIRECTION('center_axis',(1.,0.,0.));
#10184=DIRECTION('ref_axis',(0.,-0.707106781186545,0.70710678118655));
#10185=DIRECTION('center_axis',(0.707106781186548,0.707106781186547,-9.44586487860281E-17));
#10186=DIRECTION('ref_axis',(0.,1.33584702196638E-16,1.));
#10187=DIRECTION('',(-0.707106781186547,0.707106781186548,-9.44586487860282E-17));
#10188=DIRECTION('',(0.,-1.33584702196638E-16,-1.));
#10189=DIRECTION('',(0.,1.33584702196638E-16,1.));
#10190=DIRECTION('center_axis',(1.,0.,0.));
#10191=DIRECTION('ref_axis',(0.,-0.707106781186547,-0.707106781186548));
#10192=DIRECTION('center_axis',(-1.,0.,0.));
#10193=DIRECTION('ref_axis',(0.,-0.707106781186547,-0.707106781186548));
#10194=DIRECTION('',(-0.707106781186547,9.44586487860282E-17,0.707106781186548));
#10195=DIRECTION('center_axis',(1.,0.,0.));
#10196=DIRECTION('ref_axis',(0.,-0.707106781186547,-0.707106781186548));
#10197=DIRECTION('center_axis',(0.707106781186548,4.21561244345148E-16,
0.707106781186547));
#10198=DIRECTION('ref_axis',(-0.707106781186547,9.44586487860282E-17,0.707106781186548));
#10199=DIRECTION('',(-0.707106781186546,9.44586487860283E-17,0.707106781186549));
#10200=DIRECTION('',(0.,1.,-5.96177629123786E-16));
#10201=DIRECTION('',(0.,-1.,5.96177629123786E-16));
#10202=DIRECTION('center_axis',(1.,0.,0.));
#10203=DIRECTION('ref_axis',(0.,0.707106781186547,-0.707106781186548));
#10204=DIRECTION('center_axis',(-1.,0.,0.));
#10205=DIRECTION('ref_axis',(0.,0.707106781186546,-0.707106781186548));
#10206=DIRECTION('',(-0.707106781186548,-0.707106781186547,1.07576643546339E-15));
#10207=DIRECTION('center_axis',(1.,0.,0.));
#10208=DIRECTION('ref_axis',(0.,0.707106781186547,-0.707106781186548));
#10209=DIRECTION('center_axis',(0.707106781186547,-0.707106781186548,1.14118695457521E-15));
#10210=DIRECTION('ref_axis',(-1.48029736616688E-15,1.33584702196638E-16,
1.));
#10211=DIRECTION('',(-0.707106781186549,-0.707106781186546,1.07576643546339E-15));
#10212=DIRECTION('',(0.,1.61388206836351E-15,1.));
#10213=DIRECTION('',(0.,-1.61388206836351E-15,-1.));
#10214=DIRECTION('center_axis',(0.707106781186548,0.707106781186548,-5.07640874755443E-16));
#10215=DIRECTION('ref_axis',(5.84327907697451E-16,1.33584702196638E-16,
1.));
#10216=DIRECTION('',(-0.707106781186547,0.707106781186547,-9.44586487860281E-17));
#10217=DIRECTION('',(0.,-7.17912609894089E-16,-1.));
#10218=DIRECTION('',(0.707106781186547,-0.707106781186547,9.44586487860281E-17));
#10219=DIRECTION('',(0.,7.17912609894089E-16,1.));
#10220=DIRECTION('center_axis',(-1.,0.,0.));
#10221=DIRECTION('ref_axis',(0.,0.707106781186547,-0.707106781186548));
#10222=DIRECTION('center_axis',(1.,0.,0.));
#10223=DIRECTION('ref_axis',(0.,0.707106781186547,-0.707106781186548));
#10224=DIRECTION('',(-0.707106781186549,-5.85112542124709E-16,-0.707106781186546));
#10225=DIRECTION('center_axis',(-1.,0.,0.));
#10226=DIRECTION('ref_axis',(0.,0.707106781186547,-0.707106781186548));
#10227=DIRECTION('center_axis',(0.707106781186548,-3.47699367928572E-16,
-0.707106781186547));
#10228=DIRECTION('ref_axis',(0.707106781186547,9.44586487860282E-17,0.707106781186548));
#10229=DIRECTION('',(-0.707106781186547,-9.44586487860282E-17,-0.707106781186548));
#10230=DIRECTION('',(0.,-1.,4.9172116175314E-16));
#10231=DIRECTION('',(0.,1.,-4.9172116175314E-16));
#10232=DIRECTION('center_axis',(-1.,0.,0.));
#10233=DIRECTION('ref_axis',(0.,-0.707106781186548,-0.707106781186548));
#10234=DIRECTION('center_axis',(1.,0.,0.));
#10235=DIRECTION('ref_axis',(0.,-0.707106781186548,-0.707106781186547));
#10236=DIRECTION('',(-0.707106781186546,-0.707106781186549,9.44586487860283E-17));
#10237=DIRECTION('center_axis',(-1.,0.,0.));
#10238=DIRECTION('ref_axis',(0.,-0.707106781186548,-0.707106781186547));
#10239=DIRECTION('center_axis',(0.707106781186548,-0.707106781186547,1.74718755266369E-15));
#10240=DIRECTION('ref_axis',(-2.3373116307898E-15,1.33584702196638E-16,
1.));
#10241=DIRECTION('',(-0.707106781186547,-0.707106781186548,9.44586487860282E-17));
#10242=DIRECTION('',(0.,2.47089633298644E-15,1.));
#10243=DIRECTION('',(0.,-2.47089633298644E-15,-1.));
#10244=DIRECTION('center_axis',(1.,0.,0.));
#10245=DIRECTION('ref_axis',(0.,-0.707106781186546,0.707106781186549));
#10246=DIRECTION('',(-0.707106781186547,3.96195244552651E-16,-0.707106781186548));
#10247=DIRECTION('center_axis',(1.,0.,0.));
#10248=DIRECTION('ref_axis',(0.,-0.707106781186546,0.707106781186549));
#10249=DIRECTION('center_axis',(1.,0.,0.));
#10250=DIRECTION('ref_axis',(0.,0.70710678118655,0.707106781186545));
#10251=DIRECTION('center_axis',(1.,0.,0.));
#10252=DIRECTION('ref_axis',(0.,0.70710678118655,0.707106781186545));
#10253=DIRECTION('center_axis',(1.,0.,0.));
#10254=DIRECTION('ref_axis',(0.,0.707106781186547,0.707106781186548));
#10255=DIRECTION('center_axis',(1.,0.,0.));
#10256=DIRECTION('ref_axis',(0.,0.707106781186547,0.707106781186548));
#10257=DIRECTION('center_axis',(1.,0.,0.));
#10258=DIRECTION('ref_axis',(0.,0.70710678118655,-0.707106781186545));
#10259=DIRECTION('center_axis',(1.,0.,0.));
#10260=DIRECTION('ref_axis',(0.,0.70710678118655,-0.707106781186545));
#10261=DIRECTION('center_axis',(0.,5.55641135527077E-16,1.));
#10262=DIRECTION('ref_axis',(0.,-1.,5.55641135527077E-16));
#10263=DIRECTION('',(1.,0.,0.));
#10264=DIRECTION('',(0.,-1.,5.55641135527077E-16));
#10265=DIRECTION('',(-1.,0.,0.));
#10266=DIRECTION('center_axis',(-1.,0.,0.));
#10267=DIRECTION('ref_axis',(0.,-0.707106781186548,0.707106781186547));
#10268=DIRECTION('center_axis',(1.,0.,0.));
#10269=DIRECTION('ref_axis',(0.,-0.707106781186548,0.707106781186547));
#10270=DIRECTION('',(1.,0.,0.));
#10271=DIRECTION('center_axis',(0.,-1.,1.33584702196638E-16));
#10272=DIRECTION('ref_axis',(0.,-1.33584702196638E-16,-1.));
#10273=DIRECTION('',(0.,-1.33584702196638E-16,-1.));
#10274=DIRECTION('',(-1.,0.,0.));
#10275=DIRECTION('center_axis',(-1.,0.,0.));
#10276=DIRECTION('ref_axis',(0.,-0.707106781186548,-0.707106781186547));
#10277=DIRECTION('center_axis',(1.,0.,0.));
#10278=DIRECTION('ref_axis',(0.,-0.707106781186548,-0.707106781186547));
#10279=DIRECTION('',(1.,0.,0.));
#10280=DIRECTION('center_axis',(0.,-1.05877055605093E-15,-1.));
#10281=DIRECTION('ref_axis',(0.,1.,-1.05877055605093E-15));
#10282=DIRECTION('',(0.,1.,-1.05877055605093E-15));
#10283=DIRECTION('',(-1.,0.,0.));
#10284=DIRECTION('center_axis',(-1.,0.,0.));
#10285=DIRECTION('ref_axis',(0.,0.707106781186547,0.707106781186548));
#10286=DIRECTION('center_axis',(-1.,0.,0.));
#10287=DIRECTION('ref_axis',(0.,0.707106781186547,0.707106781186548));
#10288=DIRECTION('',(1.,0.,0.));
#10289=DIRECTION('center_axis',(0.,-1.,1.61388206836351E-15));
#10290=DIRECTION('ref_axis',(0.,-1.61388206836351E-15,-1.));
#10291=DIRECTION('',(0.,-1.61388206836351E-15,-1.));
#10292=DIRECTION('',(-1.,0.,0.));
#10293=DIRECTION('center_axis',(-1.,0.,0.));
#10294=DIRECTION('ref_axis',(0.,0.707106781186547,-0.707106781186548));
#10295=DIRECTION('center_axis',(-1.,0.,0.));
#10296=DIRECTION('ref_axis',(0.,0.707106781186547,-0.707106781186548));
#10297=DIRECTION('',(1.,0.,0.));
#10298=DIRECTION('center_axis',(0.,5.96177629123786E-16,1.));
#10299=DIRECTION('ref_axis',(0.,-1.,5.96177629123786E-16));
#10300=DIRECTION('',(0.,-1.,5.96177629123786E-16));
#10301=DIRECTION('',(-1.,0.,0.));
#10302=DIRECTION('center_axis',(-1.,0.,0.));
#10303=DIRECTION('ref_axis',(0.,-0.707106781186547,-0.707106781186548));
#10304=DIRECTION('center_axis',(-1.,0.,0.));
#10305=DIRECTION('ref_axis',(0.,-0.707106781186547,-0.707106781186548));
#10306=DIRECTION('',(1.,0.,0.));
#10307=DIRECTION('center_axis',(0.,1.,-1.33584702196638E-16));
#10308=DIRECTION('ref_axis',(0.,1.33584702196638E-16,1.));
#10309=DIRECTION('',(0.,1.33584702196638E-16,1.));
#10310=DIRECTION('',(-1.,0.,0.));
#10311=DIRECTION('center_axis',(-1.,0.,0.));
#10312=DIRECTION('ref_axis',(0.,-0.707106781186545,0.70710678118655));
#10313=DIRECTION('center_axis',(-1.,0.,0.));
#10314=DIRECTION('ref_axis',(0.,-0.707106781186545,0.70710678118655));
#10315=DIRECTION('',(1.,0.,0.));
#10316=DIRECTION('center_axis',(0.,-8.82049662618091E-16,-1.));
#10317=DIRECTION('ref_axis',(0.,1.,-8.82049662618091E-16));
#10318=DIRECTION('',(0.,1.,-8.82049662618091E-16));
#10319=DIRECTION('',(-1.,0.,0.));
#10320=DIRECTION('center_axis',(-1.,0.,0.));
#10321=DIRECTION('ref_axis',(0.,0.707106781186552,0.707106781186543));
#10322=DIRECTION('center_axis',(-1.,0.,0.));
#10323=DIRECTION('ref_axis',(0.,0.70710678118655,0.707106781186545));
#10324=DIRECTION('',(1.,0.,0.));
#10325=DIRECTION('center_axis',(0.,-1.,2.47089633298644E-15));
#10326=DIRECTION('ref_axis',(0.,-2.47089633298644E-15,-1.));
#10327=DIRECTION('',(0.,-2.47089633298644E-15,-1.));
#10328=DIRECTION('',(-1.,0.,0.));
#10329=DIRECTION('center_axis',(-1.,0.,0.));
#10330=DIRECTION('ref_axis',(0.,-0.707106781186548,-0.707106781186547));
#10331=DIRECTION('center_axis',(1.,0.,0.));
#10332=DIRECTION('ref_axis',(0.,-0.707106781186548,-0.707106781186547));
#10333=DIRECTION('',(1.,0.,0.));
#10334=DIRECTION('center_axis',(0.,-4.9172116175314E-16,-1.));
#10335=DIRECTION('ref_axis',(0.,1.,-4.9172116175314E-16));
#10336=DIRECTION('',(0.,1.,-4.9172116175314E-16));
#10337=DIRECTION('',(-1.,0.,0.));
#10338=DIRECTION('center_axis',(-1.,0.,0.));
#10339=DIRECTION('ref_axis',(0.,0.707106781186547,-0.707106781186548));
#10340=DIRECTION('center_axis',(1.,0.,0.));
#10341=DIRECTION('ref_axis',(0.,0.707106781186547,-0.707106781186548));
#10342=DIRECTION('',(1.,0.,0.));
#10343=DIRECTION('center_axis',(0.,1.,-7.17912609894089E-16));
#10344=DIRECTION('ref_axis',(0.,7.17912609894089E-16,1.));
#10345=DIRECTION('',(0.,7.17912609894089E-16,1.));
#10346=DIRECTION('',(-1.,0.,0.));
#10347=DIRECTION('center_axis',(-1.,0.,0.));
#10348=DIRECTION('ref_axis',(0.,-0.707106781186547,0.707106781186548));
#10349=DIRECTION('center_axis',(-1.,0.,0.));
#10350=DIRECTION('ref_axis',(0.,-0.707106781186546,0.707106781186549));
#10351=DIRECTION('',(1.,0.,0.));
#10352=DIRECTION('center_axis',(-0.707106781186548,-0.707106781186548,1.74718755266369E-15));
#10353=DIRECTION('ref_axis',(-2.3373116307898E-15,-1.33584702196638E-16,
-1.));
#10354=DIRECTION('',(0.707106781186548,-0.707106781186548,9.44586487860281E-17));
#10355=DIRECTION('',(-0.707106781186548,0.707106781186548,-9.44586487860281E-17));
#10356=DIRECTION('',(0.,2.47089633298644E-15,1.));
#10357=DIRECTION('center_axis',(1.,0.,0.));
#10358=DIRECTION('ref_axis',(0.,-0.707106781186548,-0.707106781186548));
#10359=DIRECTION('center_axis',(-1.,0.,0.));
#10360=DIRECTION('ref_axis',(0.,-0.707106781186548,-0.707106781186547));
#10361=DIRECTION('',(0.707106781186548,-9.44586487860281E-17,-0.707106781186548));
#10362=DIRECTION('center_axis',(-0.707106781186548,-3.47699367928573E-16,
-0.707106781186548));
#10363=DIRECTION('ref_axis',(0.707106781186548,-9.44586487860281E-17,-0.707106781186548));
#10364=DIRECTION('',(0.707106781186548,-5.85112542124707E-16,-0.707106781186548));
#10365=DIRECTION('',(0.,-1.,4.9172116175314E-16));
#10366=DIRECTION('center_axis',(1.,0.,0.));
#10367=DIRECTION('ref_axis',(0.,0.707106781186547,-0.707106781186548));
#10368=DIRECTION('center_axis',(-1.,0.,0.));
#10369=DIRECTION('ref_axis',(0.,0.707106781186547,-0.707106781186548));
#10370=DIRECTION('',(0.707106781186547,0.707106781186548,-9.44586487860282E-17));
#10371=DIRECTION('center_axis',(-0.707106781186547,0.707106781186548,-5.07640874755443E-16));
#10372=DIRECTION('ref_axis',(5.84327907697451E-16,-1.33584702196638E-16,
-1.));
#10373=DIRECTION('',(0.707106781186548,0.707106781186547,-9.44586487860281E-17));
#10374=DIRECTION('',(0.,-7.17912609894089E-16,-1.));
#10375=DIRECTION('center_axis',(-0.707106781186547,-0.707106781186548,1.14118695457521E-15));
#10376=DIRECTION('ref_axis',(-1.48029736616688E-15,-1.33584702196638E-16,
-1.));
#10377=DIRECTION('',(0.707106781186548,-0.707106781186547,9.4458648786028E-17));
#10378=DIRECTION('',(-0.70710678118655,0.707106781186545,-1.07576643546339E-15));
#10379=DIRECTION('',(0.,1.61388206836351E-15,1.));
#10380=DIRECTION('center_axis',(-1.,0.,0.));
#10381=DIRECTION('ref_axis',(0.,0.707106781186547,-0.707106781186548));
#10382=DIRECTION('center_axis',(1.,0.,0.));
#10383=DIRECTION('ref_axis',(0.,0.707106781186546,-0.707106781186548));
#10384=DIRECTION('',(0.707106781186548,4.01968979549547E-15,0.707106781186547));
#10385=DIRECTION('center_axis',(-0.707106781186548,4.21561244345148E-16,
0.707106781186548));
#10386=DIRECTION('ref_axis',(-0.707106781186548,-9.44586487860281E-17,-0.707106781186548));
#10387=DIRECTION('',(0.707106781186546,9.44586487860283E-17,0.707106781186548));
#10388=DIRECTION('',(0.,1.,-5.96177629123786E-16));
#10389=DIRECTION('center_axis',(-1.,0.,0.));
#10390=DIRECTION('ref_axis',(0.,-0.707106781186547,-0.707106781186548));
#10391=DIRECTION('center_axis',(1.,0.,0.));
#10392=DIRECTION('ref_axis',(0.,-0.707106781186547,-0.707106781186548));
#10393=DIRECTION('',(0.707106781186548,0.707106781186548,8.8684913789133E-16));
#10394=DIRECTION('center_axis',(-0.707106781186548,0.707106781186548,-9.44586487860282E-17));
#10395=DIRECTION('ref_axis',(0.,-1.33584702196638E-16,-1.));
#10396=DIRECTION('',(0.707106781186548,0.707106781186548,-9.44586487860281E-17));
#10397=DIRECTION('',(0.,-1.33584702196638E-16,-1.));
#10398=DIRECTION('center_axis',(-1.,0.,0.));
#10399=DIRECTION('ref_axis',(0.,-0.707106781186545,0.70710678118655));
#10400=DIRECTION('center_axis',(1.,0.,0.));
#10401=DIRECTION('ref_axis',(0.,-0.707106781186545,0.70710678118655));
#10402=DIRECTION('',(0.707106781186544,-9.44586487860287E-17,-0.707106781186551));
#10403=DIRECTION('center_axis',(-0.707106781186548,-6.23703297780559E-16,
-0.707106781186548));
#10404=DIRECTION('ref_axis',(0.707106781186548,-9.44586487860281E-17,-0.707106781186548));
#10405=DIRECTION('',(0.70710678118655,-9.44586487860279E-17,-0.707106781186545));
#10406=DIRECTION('',(0.,-1.,8.82049662618091E-16));
#10407=DIRECTION('center_axis',(-0.707106781186548,3.9289761483739E-16,
0.707106781186547));
#10408=DIRECTION('ref_axis',(-0.707106781186547,-9.44586487860281E-17,-0.707106781186548));
#10409=DIRECTION('',(0.707106781186547,9.44586487860281E-17,0.707106781186548));
#10410=DIRECTION('',(-0.707106781186547,-9.44586487860281E-17,-0.707106781186548));
#10411=DIRECTION('',(0.,1.,-5.55641135527077E-16));
#10412=DIRECTION('center_axis',(1.,0.,0.));
#10413=DIRECTION('ref_axis',(0.,-0.707106781186548,0.707106781186547));
#10414=DIRECTION('center_axis',(-1.,0.,0.));
#10415=DIRECTION('ref_axis',(0.,-0.707106781186548,0.707106781186547));
#10416=DIRECTION('',(0.707106781186548,-0.707106781186548,-2.82048245486416E-17));
#10417=DIRECTION('center_axis',(-0.707106781186548,-0.707106781186548,9.44586487860282E-17));
#10418=DIRECTION('ref_axis',(0.,-1.33584702196638E-16,-1.));
#10419=DIRECTION('',(0.707106781186548,-0.707106781186548,9.44586487860281E-17));
#10420=DIRECTION('',(0.,1.33584702196638E-16,1.));
#10421=DIRECTION('center_axis',(1.,0.,0.));
#10422=DIRECTION('ref_axis',(0.,-0.707106781186548,-0.707106781186547));
#10423=DIRECTION('center_axis',(-1.,0.,0.));
#10424=DIRECTION('ref_axis',(0.,-0.707106781186548,-0.707106781186547));
#10425=DIRECTION('',(0.707106781186549,-9.4458648786028E-17,-0.707106781186546));
#10426=DIRECTION('center_axis',(-0.707106781186547,-7.48663839904265E-16,
-0.707106781186548));
#10427=DIRECTION('ref_axis',(0.707106781186548,-9.4458648786028E-17,-0.707106781186547));
#10428=DIRECTION('',(0.707106781186548,-9.4458648786028E-17,-0.707106781186547));
#10429=DIRECTION('',(0.,-1.,1.05877055605093E-15));
#10430=DIRECTION('center_axis',(1.,0.,0.));
#10431=DIRECTION('ref_axis',(0.,-0.707106781186547,0.707106781186548));
#10432=DIRECTION('',(0.707106781186546,9.44586487860283E-17,0.707106781186548));
#10433=DIRECTION('center_axis',(-1.,0.,0.));
#10434=DIRECTION('ref_axis',(0.,-0.707106781186547,0.707106781186548));
#10435=DIRECTION('',(0.707106781186548,-0.707106781186548,2.05707422214074E-15));
#10436=DIRECTION('center_axis',(1.,0.,0.));
#10437=DIRECTION('ref_axis',(0.,-0.707106781186547,0.707106781186548));
#10438=DIRECTION('center_axis',(-0.707106781186548,-0.707106781186548,1.31564167220674E-15));
#10439=DIRECTION('ref_axis',(-1.72701359386135E-15,-1.33584702196638E-16,
-1.));
#10440=DIRECTION('',(0.707106781186546,-0.707106781186548,2.30240116881008E-15));
#10441=DIRECTION('',(0.,-1.86059829605799E-15,-1.));
#10442=DIRECTION('',(0.,1.86059829605799E-15,1.));
#10443=DIRECTION('center_axis',(-1.,0.,0.));
#10444=DIRECTION('ref_axis',(0.,0.70710678118655,-0.707106781186545));
#10445=DIRECTION('center_axis',(-1.,0.,0.));
#10446=DIRECTION('ref_axis',(0.,0.70710678118655,-0.707106781186545));
#10447=DIRECTION('center_axis',(-1.,0.,0.));
#10448=DIRECTION('ref_axis',(0.,0.707106781186547,0.707106781186548));
#10449=DIRECTION('center_axis',(-1.,0.,0.));
#10450=DIRECTION('ref_axis',(0.,0.70710678118655,0.707106781186545));
#10451=DIRECTION('center_axis',(-1.,0.,0.));
#10452=DIRECTION('ref_axis',(0.,-0.707106781186546,0.707106781186549));
#10453=DIRECTION('',(-0.707106781186548,-3.96195244552651E-16,0.707106781186548));
#10454=DIRECTION('center_axis',(-1.,0.,0.));
#10455=DIRECTION('ref_axis',(0.,0.707106781186549,-0.707106781186546));
#10456=DIRECTION('',(-1.,0.,0.));
#10457=DIRECTION('center_axis',(0.,-1.,1.86059829605799E-15));
#10458=DIRECTION('ref_axis',(0.,-1.86059829605799E-15,-1.));
#10459=DIRECTION('',(1.,0.,0.));
#10460=DIRECTION('center_axis',(-1.,0.,0.));
#10461=DIRECTION('ref_axis',(0.,-0.707106781186547,0.707106781186548));
#10462=DIRECTION('',(-1.,0.,0.));
#10463=DIRECTION('center_axis',(-0.707106781186548,-0.707106781186547,-1.22118302342071E-15));
#10464=DIRECTION('ref_axis',(-1.72701359386135E-15,0.,1.));
#10465=DIRECTION('',(-0.707106781186547,0.707106781186548,1.96261557335472E-15));
#10466=DIRECTION('',(0.,1.72701359386135E-15,-1.));
#10467=DIRECTION('',(0.707106781186546,-0.707106781186549,-2.20794252002405E-15));
#10468=DIRECTION('',(0.,-1.72701359386135E-15,1.));
#10469=DIRECTION('center_axis',(-1.,0.,0.));
#10470=DIRECTION('ref_axis',(0.,0.707106781186547,0.707106781186547));
#10471=DIRECTION('center_axis',(1.,0.,0.));
#10472=DIRECTION('ref_axis',(0.,0.707106781186548,0.707106781186548));
#10473=DIRECTION('',(-0.707106781186546,0.,0.707106781186549));
#10474=DIRECTION('center_axis',(-1.,0.,0.));
#10475=DIRECTION('ref_axis',(0.,0.707106781186548,0.707106781186548));
#10476=DIRECTION('center_axis',(-0.707106781186548,-2.5529958677785E-16,
-0.707106781186547));
#10477=DIRECTION('ref_axis',(-0.707106781186547,0.,0.707106781186548));
#10478=DIRECTION('',(0.,-1.,-2.27463435892845E-16));
#10479=DIRECTION('',(0.,-1.,3.61048138089483E-16));
#10480=DIRECTION('center_axis',(-0.707106781186547,-6.54205191118237E-16,
0.707106781186548));
#10481=DIRECTION('ref_axis',(0.707106781186548,0.,0.707106781186547));
#10482=DIRECTION('',(-0.707106781186548,0.,-0.707106781186547));
#10483=DIRECTION('',(0.,-1.,-9.25185853854292E-16));
#10484=DIRECTION('',(0.707106781186548,0.,0.707106781186547));
#10485=DIRECTION('',(0.,1.,9.25185853854292E-16));
#10486=DIRECTION('center_axis',(-1.,0.,0.));
#10487=DIRECTION('ref_axis',(0.,0.707106781186547,-0.707106781186547));
#10488=DIRECTION('center_axis',(1.,0.,0.));
#10489=DIRECTION('ref_axis',(0.,0.707106781186548,-0.707106781186548));
#10490=DIRECTION('',(-0.707106781186547,0.707106781186548,0.));
#10491=DIRECTION('center_axis',(-1.,0.,0.));
#10492=DIRECTION('ref_axis',(0.,0.707106781186548,-0.707106781186548));
#10493=DIRECTION('center_axis',(-0.707106781186548,-0.707106781186547,0.));
#10494=DIRECTION('ref_axis',(0.,0.,1.));
#10495=DIRECTION('',(-0.707106781186547,0.707106781186548,0.));
#10496=DIRECTION('',(0.,0.,-1.));
#10497=DIRECTION('',(0.,0.,1.));
#10498=DIRECTION('center_axis',(-1.,0.,0.));
#10499=DIRECTION('ref_axis',(0.,0.707106781186548,0.707106781186547));
#10500=DIRECTION('center_axis',(1.,0.,0.));
#10501=DIRECTION('ref_axis',(0.,0.707106781186548,0.707106781186547));
#10502=DIRECTION('',(-0.707106781186548,0.,0.707106781186547));
#10503=DIRECTION('center_axis',(-1.,0.,0.));
#10504=DIRECTION('ref_axis',(0.,0.707106781186548,0.707106781186547));
#10505=DIRECTION('center_axis',(-0.707106781186548,2.98438966051362E-16,
-0.707106781186547));
#10506=DIRECTION('ref_axis',(-0.707106781186547,0.,0.707106781186548));
#10507=DIRECTION('',(-0.707106781186547,0.,0.707106781186548));
#10508=DIRECTION('',(0.,1.,4.22056433330439E-16));
#10509=DIRECTION('',(0.,-1.,-4.22056433330439E-16));
#10510=DIRECTION('center_axis',(-0.707106781186548,-5.2924464899453E-16,
0.707106781186547));
#10511=DIRECTION('ref_axis',(0.707106781186547,0.,0.707106781186548));
#10512=DIRECTION('',(-0.707106781186549,0.,-0.707106781186546));
#10513=DIRECTION('',(0.,-1.,-7.48464960421453E-16));
#10514=DIRECTION('',(0.707106781186549,0.,0.707106781186546));
#10515=DIRECTION('',(0.,1.,7.48464960421453E-16));
#10516=DIRECTION('center_axis',(1.,0.,0.));
#10517=DIRECTION('ref_axis',(0.,0.707106781186545,0.70710678118655));
#10518=DIRECTION('center_axis',(-1.,0.,0.));
#10519=DIRECTION('ref_axis',(0.,0.707106781186545,0.70710678118655));
#10520=DIRECTION('',(-0.707106781186549,-0.707106781186546,0.));
#10521=DIRECTION('center_axis',(1.,0.,0.));
#10522=DIRECTION('ref_axis',(0.,0.707106781186545,0.70710678118655));
#10523=DIRECTION('center_axis',(-0.707106781186548,0.707106781186547,0.));
#10524=DIRECTION('ref_axis',(0.,0.,1.));
#10525=DIRECTION('',(-0.707106781186547,-0.707106781186548,0.));
#10526=DIRECTION('',(0.,0.,1.));
#10527=DIRECTION('',(0.,0.,-1.));
#10528=DIRECTION('center_axis',(1.,0.,0.));
#10529=DIRECTION('ref_axis',(0.,0.707106781186547,-0.707106781186548));
#10530=DIRECTION('center_axis',(-1.,0.,0.));
#10531=DIRECTION('ref_axis',(0.,0.707106781186547,-0.707106781186548));
#10532=DIRECTION('',(-0.707106781186547,0.,0.707106781186548));
#10533=DIRECTION('center_axis',(1.,0.,0.));
#10534=DIRECTION('ref_axis',(0.,0.707106781186547,-0.707106781186548));
#10535=DIRECTION('center_axis',(-0.707106781186548,3.2710259555912E-16,
-0.707106781186547));
#10536=DIRECTION('ref_axis',(-0.707106781186547,0.,0.707106781186548));
#10537=DIRECTION('',(-0.707106781186546,0.,0.707106781186549));
#10538=DIRECTION('',(0.,1.,4.62592926927148E-16));
#10539=DIRECTION('',(0.,-1.,-4.62592926927148E-16));
#10540=DIRECTION('center_axis',(1.,0.,0.));
#10541=DIRECTION('ref_axis',(0.,-0.707106781186547,-0.707106781186548));
#10542=DIRECTION('center_axis',(-1.,0.,0.));
#10543=DIRECTION('ref_axis',(0.,-0.707106781186547,-0.707106781186548));
#10544=DIRECTION('',(-0.707106781186548,0.707106781186547,9.8130778667736E-16));
#10545=DIRECTION('center_axis',(1.,0.,0.));
#10546=DIRECTION('ref_axis',(0.,-0.707106781186547,-0.707106781186548));
#10547=DIRECTION('center_axis',(-0.707106781186547,-0.707106781186548,-1.04672830578918E-15));
#10548=DIRECTION('ref_axis',(-1.48029736616688E-15,0.,1.));
#10549=DIRECTION('',(-0.707106781186549,0.707106781186546,9.81307786677362E-16));
#10550=DIRECTION('',(0.,1.48029736616688E-15,-1.));
#10551=DIRECTION('',(0.,-1.48029736616688E-15,1.));
#10552=DIRECTION('center_axis',(-0.707106781186548,0.707106781186548,4.13182225969414E-16));
#10553=DIRECTION('ref_axis',(5.84327907697451E-16,0.,1.));
#10554=DIRECTION('',(-0.707106781186547,-0.707106781186547,0.));
#10555=DIRECTION('',(0.,-5.84327907697451E-16,1.));
#10556=DIRECTION('',(0.707106781186547,0.707106781186547,0.));
#10557=DIRECTION('',(0.,5.84327907697451E-16,-1.));
#10558=DIRECTION('center_axis',(-1.,0.,0.));
#10559=DIRECTION('ref_axis',(0.,-0.707106781186547,-0.707106781186547));
#10560=DIRECTION('center_axis',(1.,0.,0.));
#10561=DIRECTION('ref_axis',(0.,-0.707106781186548,-0.707106781186548));
#10562=DIRECTION('',(-0.707106781186549,4.90653893338681E-16,-0.707106781186546));
#10563=DIRECTION('center_axis',(-1.,0.,0.));
#10564=DIRECTION('ref_axis',(0.,-0.707106781186547,-0.707106781186547));
#10565=DIRECTION('center_axis',(-0.707106781186548,-2.53240719142544E-16,
0.707106781186547));
#10566=DIRECTION('ref_axis',(0.707106781186547,0.,0.707106781186548));
#10567=DIRECTION('',(-0.707106781186547,0.,-0.707106781186548));
#10568=DIRECTION('',(0.,-1.,-3.58136459556502E-16));
#10569=DIRECTION('',(0.,1.,3.58136459556502E-16));
#10570=DIRECTION('center_axis',(-1.,0.,0.));
#10571=DIRECTION('ref_axis',(0.,0.707106781186547,-0.707106781186547));
#10572=DIRECTION('center_axis',(1.,0.,0.));
#10573=DIRECTION('ref_axis',(0.,0.707106781186548,-0.707106781186548));
#10574=DIRECTION('',(-0.707106781186546,0.707106781186549,0.));
#10575=DIRECTION('center_axis',(-1.,0.,0.));
#10576=DIRECTION('ref_axis',(0.,0.707106781186548,-0.707106781186548));
#10577=DIRECTION('center_axis',(-0.707106781186548,-0.707106781186547,-1.65272890387766E-15));
#10578=DIRECTION('ref_axis',(-2.3373116307898E-15,0.,1.));
#10579=DIRECTION('',(-0.707106781186547,0.707106781186548,0.));
#10580=DIRECTION('',(0.,2.3373116307898E-15,-1.));
#10581=DIRECTION('',(0.,-2.3373116307898E-15,1.));
#10582=DIRECTION('center_axis',(-0.707106781186548,0.,0.707106781186547));
#10583=DIRECTION('ref_axis',(0.707106781186547,0.,0.707106781186548));
#10584=DIRECTION('',(0.,-1.,1.33584702196638E-16));
#10585=DIRECTION('',(-0.707106781186547,-4.90653893338679E-16,-0.707106781186548));
#10586=DIRECTION('',(0.,-1.,0.));
#10587=DIRECTION('center_axis',(1.,0.,0.));
#10588=DIRECTION('ref_axis',(0.,0.707106781186546,0.707106781186549));
#10589=DIRECTION('center_axis',(-1.,0.,0.));
#10590=DIRECTION('ref_axis',(0.,0.707106781186546,0.707106781186549));
#10591=DIRECTION('center_axis',(1.,0.,0.));
#10592=DIRECTION('ref_axis',(0.,-0.70710678118655,0.707106781186545));
#10593=DIRECTION('center_axis',(-1.,0.,0.));
#10594=DIRECTION('ref_axis',(0.,-0.70710678118655,0.707106781186545));
#10595=DIRECTION('center_axis',(1.,0.,0.));
#10596=DIRECTION('ref_axis',(0.,-0.707106781186547,0.707106781186548));
#10597=DIRECTION('center_axis',(-1.,0.,0.));
#10598=DIRECTION('ref_axis',(0.,-0.707106781186547,0.707106781186548));
#10599=DIRECTION('center_axis',(1.,0.,0.));
#10600=DIRECTION('ref_axis',(0.,-0.70710678118655,-0.707106781186545));
#10601=DIRECTION('center_axis',(-1.,0.,0.));
#10602=DIRECTION('ref_axis',(0.,-0.70710678118655,-0.707106781186545));
#10603=DIRECTION('center_axis',(0.,4.22056433330439E-16,-1.));
#10604=DIRECTION('ref_axis',(0.,1.,4.22056433330439E-16));
#10605=DIRECTION('',(-1.,0.,0.));
#10606=DIRECTION('',(0.,1.,4.22056433330439E-16));
#10607=DIRECTION('',(1.,0.,0.));
#10608=DIRECTION('center_axis',(1.,0.,0.));
#10609=DIRECTION('ref_axis',(0.,0.707106781186548,0.707106781186547));
#10610=DIRECTION('',(1.,0.,0.));
#10611=DIRECTION('center_axis',(-1.,0.,0.));
#10612=DIRECTION('ref_axis',(0.,0.707106781186548,0.707106781186547));
#10613=DIRECTION('center_axis',(0.,-1.,0.));
#10614=DIRECTION('ref_axis',(0.,0.,-1.));
#10615=DIRECTION('',(-1.,0.,0.));
#10616=DIRECTION('',(0.,0.,-1.));
#10617=DIRECTION('center_axis',(1.,0.,0.));
#10618=DIRECTION('ref_axis',(0.,0.707106781186548,-0.707106781186548));
#10619=DIRECTION('',(1.,0.,0.));
#10620=DIRECTION('center_axis',(-1.,0.,0.));
#10621=DIRECTION('ref_axis',(0.,0.707106781186548,-0.707106781186548));
#10622=DIRECTION('center_axis',(0.,-9.25185853854292E-16,1.));
#10623=DIRECTION('ref_axis',(0.,-1.,-9.25185853854292E-16));
#10624=DIRECTION('',(-1.,0.,0.));
#10625=DIRECTION('',(0.,-1.,-9.25185853854292E-16));
#10626=DIRECTION('center_axis',(1.,0.,0.));
#10627=DIRECTION('ref_axis',(0.,-0.707106781186546,0.707106781186549));
#10628=DIRECTION('',(1.,0.,0.));
#10629=DIRECTION('center_axis',(1.,0.,0.));
#10630=DIRECTION('ref_axis',(0.,-0.707106781186547,0.707106781186548));
#10631=DIRECTION('center_axis',(0.,-1.,-1.48029736616688E-15));
#10632=DIRECTION('ref_axis',(0.,1.48029736616688E-15,-1.));
#10633=DIRECTION('',(-1.,0.,0.));
#10634=DIRECTION('',(0.,1.48029736616688E-15,-1.));
#10635=DIRECTION('center_axis',(1.,0.,0.));
#10636=DIRECTION('ref_axis',(0.,-0.707106781186547,-0.707106781186548));
#10637=DIRECTION('',(1.,0.,0.));
#10638=DIRECTION('center_axis',(1.,0.,0.));
#10639=DIRECTION('ref_axis',(0.,-0.707106781186547,-0.707106781186548));
#10640=DIRECTION('center_axis',(0.,4.62592926927148E-16,-1.));
#10641=DIRECTION('ref_axis',(0.,1.,4.62592926927148E-16));
#10642=DIRECTION('',(-1.,0.,0.));
#10643=DIRECTION('',(0.,1.,4.62592926927148E-16));
#10644=DIRECTION('center_axis',(1.,0.,0.));
#10645=DIRECTION('ref_axis',(0.,0.707106781186547,-0.707106781186548));
#10646=DIRECTION('',(1.,0.,0.));
#10647=DIRECTION('center_axis',(1.,0.,0.));
#10648=DIRECTION('ref_axis',(0.,0.707106781186547,-0.707106781186548));
#10649=DIRECTION('center_axis',(0.,1.,0.));
#10650=DIRECTION('ref_axis',(0.,0.,1.));
#10651=DIRECTION('',(-1.,0.,0.));
#10652=DIRECTION('',(0.,0.,1.));
#10653=DIRECTION('center_axis',(1.,0.,0.));
#10654=DIRECTION('ref_axis',(0.,0.707106781186545,0.70710678118655));
#10655=DIRECTION('',(1.,0.,0.));
#10656=DIRECTION('center_axis',(1.,0.,0.));
#10657=DIRECTION('ref_axis',(0.,0.707106781186545,0.70710678118655));
#10658=DIRECTION('center_axis',(0.,-7.48464960421453E-16,1.));
#10659=DIRECTION('ref_axis',(0.,-1.,-7.48464960421453E-16));
#10660=DIRECTION('',(-1.,0.,0.));
#10661=DIRECTION('',(0.,-1.,-7.48464960421453E-16));
#10662=DIRECTION('center_axis',(1.,0.,0.));
#10663=DIRECTION('ref_axis',(0.,-0.707106781186551,0.707106781186544));
#10664=DIRECTION('',(1.,0.,0.));
#10665=DIRECTION('center_axis',(1.,0.,0.));
#10666=DIRECTION('ref_axis',(0.,-0.70710678118655,0.707106781186545));
#10667=DIRECTION('center_axis',(0.,-1.,-2.3373116307898E-15));
#10668=DIRECTION('ref_axis',(0.,2.3373116307898E-15,-1.));
#10669=DIRECTION('',(-1.,0.,0.));
#10670=DIRECTION('',(0.,2.3373116307898E-15,-1.));
#10671=DIRECTION('center_axis',(1.,0.,0.));
#10672=DIRECTION('ref_axis',(0.,0.707106781186548,-0.707106781186548));
#10673=DIRECTION('',(1.,0.,0.));
#10674=DIRECTION('center_axis',(-1.,0.,0.));
#10675=DIRECTION('ref_axis',(0.,0.707106781186548,-0.707106781186548));
#10676=DIRECTION('center_axis',(0.,-3.58136459556502E-16,1.));
#10677=DIRECTION('ref_axis',(0.,-1.,-3.58136459556502E-16));
#10678=DIRECTION('',(-1.,0.,0.));
#10679=DIRECTION('',(0.,-1.,-3.58136459556502E-16));
#10680=DIRECTION('center_axis',(1.,0.,0.));
#10681=DIRECTION('ref_axis',(0.,-0.707106781186548,-0.707106781186548));
#10682=DIRECTION('',(1.,0.,0.));
#10683=DIRECTION('center_axis',(-1.,0.,0.));
#10684=DIRECTION('ref_axis',(0.,-0.707106781186548,-0.707106781186548));
#10685=DIRECTION('center_axis',(0.,1.,5.84327907697451E-16));
#10686=DIRECTION('ref_axis',(0.,-5.84327907697451E-16,1.));
#10687=DIRECTION('',(-1.,0.,0.));
#10688=DIRECTION('',(0.,-5.84327907697451E-16,1.));
#10689=DIRECTION('center_axis',(1.,0.,0.));
#10690=DIRECTION('ref_axis',(0.,0.707106781186547,0.707106781186548));
#10691=DIRECTION('',(1.,0.,0.));
#10692=DIRECTION('center_axis',(1.,0.,0.));
#10693=DIRECTION('ref_axis',(0.,0.707106781186546,0.707106781186549));
#10694=DIRECTION('center_axis',(0.,0.,1.));
#10695=DIRECTION('ref_axis',(0.,-1.,0.));
#10696=DIRECTION('',(0.,1.,-1.33584702196638E-16));
#10697=DIRECTION('center_axis',(0.707106781186548,0.,0.707106781186548));
#10698=DIRECTION('ref_axis',(0.707106781186548,0.,-0.707106781186548));
#10699=DIRECTION('',(0.,-1.,1.33584702196638E-16));
#10700=DIRECTION('',(-0.707106781186548,4.90653893338679E-16,0.707106781186548));
#10701=DIRECTION('center_axis',(0.707106781186548,-0.707106781186548,-1.65272890387766E-15));
#10702=DIRECTION('ref_axis',(-2.3373116307898E-15,0.,-1.));
#10703=DIRECTION('',(0.707106781186548,0.707106781186548,0.));
#10704=DIRECTION('',(0.,-2.3373116307898E-15,1.));
#10705=DIRECTION('',(-0.707106781186548,-0.707106781186548,0.));
#10706=DIRECTION('center_axis',(1.,0.,0.));
#10707=DIRECTION('ref_axis',(0.,0.707106781186547,-0.707106781186547));
#10708=DIRECTION('',(0.707106781186548,0.,-0.707106781186548));
#10709=DIRECTION('center_axis',(1.,0.,0.));
#10710=DIRECTION('ref_axis',(0.,0.707106781186548,-0.707106781186548));
#10711=DIRECTION('center_axis',(0.707106781186548,-2.53240719142544E-16,
0.707106781186548));
#10712=DIRECTION('ref_axis',(0.707106781186548,0.,-0.707106781186548));
#10713=DIRECTION('',(0.707106781186548,4.90653893338679E-16,-0.707106781186548));
#10714=DIRECTION('',(0.,1.,3.58136459556502E-16));
#10715=DIRECTION('center_axis',(1.,0.,0.));
#10716=DIRECTION('ref_axis',(0.,-0.707106781186547,-0.707106781186547));
#10717=DIRECTION('',(0.707106781186547,-0.707106781186548,0.));
#10718=DIRECTION('center_axis',(1.,0.,0.));
#10719=DIRECTION('ref_axis',(0.,-0.707106781186547,-0.707106781186547));
#10720=DIRECTION('center_axis',(0.707106781186547,0.707106781186548,4.13182225969415E-16));
#10721=DIRECTION('ref_axis',(5.84327907697451E-16,0.,-1.));
#10722=DIRECTION('',(0.707106781186548,-0.707106781186547,0.));
#10723=DIRECTION('',(0.,5.84327907697451E-16,-1.));
#10724=DIRECTION('center_axis',(0.707106781186547,-0.707106781186548,-1.04672830578918E-15));
#10725=DIRECTION('ref_axis',(-1.48029736616688E-15,0.,-1.));
#10726=DIRECTION('',(0.707106781186548,0.707106781186547,0.));
#10727=DIRECTION('',(0.,-1.48029736616688E-15,1.));
#10728=DIRECTION('',(-0.70710678118655,-0.707106781186545,-9.81307786677361E-16));
#10729=DIRECTION('center_axis',(-1.,0.,0.));
#10730=DIRECTION('ref_axis',(0.,-0.707106781186547,-0.707106781186548));
#10731=DIRECTION('',(0.707106781186548,-3.92523114670944E-15,0.707106781186547));
#10732=DIRECTION('center_axis',(-1.,0.,0.));
#10733=DIRECTION('ref_axis',(0.,-0.707106781186547,-0.707106781186548));
#10734=DIRECTION('center_axis',(0.707106781186548,3.2710259555912E-16,-0.707106781186548));
#10735=DIRECTION('ref_axis',(-0.707106781186548,0.,-0.707106781186548));
#10736=DIRECTION('',(0.707106781186546,0.,0.707106781186548));
#10737=DIRECTION('',(0.,-1.,-4.62592926927148E-16));
#10738=DIRECTION('center_axis',(-1.,0.,0.));
#10739=DIRECTION('ref_axis',(0.,0.707106781186547,-0.707106781186548));
#10740=DIRECTION('',(0.707106781186548,-0.707106781186548,9.81307786677358E-16));
#10741=DIRECTION('center_axis',(-1.,0.,0.));
#10742=DIRECTION('ref_axis',(0.,0.707106781186547,-0.707106781186548));
#10743=DIRECTION('center_axis',(0.707106781186548,0.707106781186548,0.));
#10744=DIRECTION('ref_axis',(0.,0.,-1.));
#10745=DIRECTION('',(0.707106781186548,-0.707106781186548,0.));
#10746=DIRECTION('',(0.,0.,-1.));
#10747=DIRECTION('center_axis',(-1.,0.,0.));
#10748=DIRECTION('ref_axis',(0.,0.707106781186545,0.70710678118655));
#10749=DIRECTION('',(0.707106781186544,0.,-0.707106781186551));
#10750=DIRECTION('center_axis',(-1.,0.,0.));
#10751=DIRECTION('ref_axis',(0.,0.707106781186545,0.70710678118655));
#10752=DIRECTION('center_axis',(0.707106781186548,-5.2924464899453E-16,
0.707106781186548));
#10753=DIRECTION('ref_axis',(0.707106781186548,0.,-0.707106781186548));
#10754=DIRECTION('',(0.70710678118655,0.,-0.707106781186545));
#10755=DIRECTION('',(0.,1.,7.48464960421453E-16));
#10756=DIRECTION('center_axis',(0.707106781186548,2.98438966051362E-16,
-0.707106781186547));
#10757=DIRECTION('ref_axis',(-0.707106781186547,0.,-0.707106781186548));
#10758=DIRECTION('',(0.707106781186547,0.,0.707106781186548));
#10759=DIRECTION('',(0.,-1.,-4.22056433330439E-16));
#10760=DIRECTION('',(-0.707106781186547,0.,-0.707106781186548));
#10761=DIRECTION('center_axis',(1.,0.,0.));
#10762=DIRECTION('ref_axis',(0.,0.707106781186548,0.707106781186547));
#10763=DIRECTION('',(0.707106781186548,0.707106781186548,-1.2266347333467E-16));
#10764=DIRECTION('center_axis',(1.,0.,0.));
#10765=DIRECTION('ref_axis',(0.,0.707106781186548,0.707106781186547));
#10766=DIRECTION('center_axis',(0.707106781186548,-0.707106781186548,0.));
#10767=DIRECTION('ref_axis',(0.,0.,-1.));
#10768=DIRECTION('',(0.707106781186548,0.707106781186548,0.));
#10769=DIRECTION('',(0.,0.,1.));
#10770=DIRECTION('center_axis',(1.,0.,0.));
#10771=DIRECTION('ref_axis',(0.,0.707106781186547,-0.707106781186547));
#10772=DIRECTION('',(0.707106781186549,0.,-0.707106781186546));
#10773=DIRECTION('center_axis',(1.,0.,0.));
#10774=DIRECTION('ref_axis',(0.,0.707106781186548,-0.707106781186548));
#10775=DIRECTION('center_axis',(0.707106781186547,-6.54205191118237E-16,
0.707106781186548));
#10776=DIRECTION('ref_axis',(0.707106781186548,0.,-0.707106781186547));
#10777=DIRECTION('',(0.707106781186548,0.,-0.707106781186547));
#10778=DIRECTION('',(0.,1.,9.25185853854292E-16));
#10779=DIRECTION('center_axis',(0.707106781186548,-2.5529958677785E-16,
-0.707106781186548));
#10780=DIRECTION('ref_axis',(-0.707106781186548,0.,-0.707106781186548));
#10781=DIRECTION('',(0.,1.,-3.61048138089483E-16));
#10782=DIRECTION('',(0.707106781186546,0.,0.707106781186548));
#10783=DIRECTION('',(0.,1.,2.27463435892845E-16));
#10784=DIRECTION('center_axis',(1.,0.,0.));
#10785=DIRECTION('ref_axis',(0.,0.707106781186547,0.707106781186547));
#10786=DIRECTION('center_axis',(-1.,0.,0.));
#10787=DIRECTION('ref_axis',(0.,0.707106781186548,0.707106781186548));
#10788=DIRECTION('',(0.707106781186548,0.707106781186548,1.96261557335472E-15));
#10789=DIRECTION('center_axis',(1.,0.,0.));
#10790=DIRECTION('ref_axis',(0.,0.707106781186548,0.707106781186548));
#10791=DIRECTION('center_axis',(0.707106781186548,-0.707106781186548,-1.22118302342071E-15));
#10792=DIRECTION('ref_axis',(-1.72701359386135E-15,0.,-1.));
#10793=DIRECTION('',(0.707106781186546,0.707106781186548,2.20794252002405E-15));
#10794=DIRECTION('',(0.,-1.72701359386135E-15,1.));
#10795=DIRECTION('',(0.,1.72701359386135E-15,-1.));
#10796=DIRECTION('center_axis',(-1.,0.,0.));
#10797=DIRECTION('ref_axis',(0.,-0.70710678118655,-0.707106781186545));
#10798=DIRECTION('center_axis',(1.,0.,0.));
#10799=DIRECTION('ref_axis',(0.,-0.70710678118655,-0.707106781186545));
#10800=DIRECTION('center_axis',(-1.,0.,0.));
#10801=DIRECTION('ref_axis',(0.,-0.707106781186547,0.707106781186548));
#10802=DIRECTION('center_axis',(-1.,0.,0.));
#10803=DIRECTION('ref_axis',(0.,-0.70710678118655,0.707106781186545));
#10804=DIRECTION('center_axis',(-1.,0.,0.));
#10805=DIRECTION('ref_axis',(0.,0.707106781186546,0.707106781186549));
#10806=DIRECTION('center_axis',(1.,0.,0.));
#10807=DIRECTION('ref_axis',(0.,-0.707106781186549,-0.707106781186546));
#10808=DIRECTION('',(-1.,0.,0.));
#10809=DIRECTION('center_axis',(0.,-1.,-1.72701359386135E-15));
#10810=DIRECTION('ref_axis',(0.,1.72701359386135E-15,-1.));
#10811=DIRECTION('',(1.,0.,0.));
#10812=DIRECTION('center_axis',(1.,0.,0.));
#10813=DIRECTION('ref_axis',(0.,0.707106781186548,0.707106781186548));
#10814=DIRECTION('',(-1.,0.,0.));
#10815=DIRECTION('center_axis',(0.,-3.61048138089483E-16,-1.));
#10816=DIRECTION('ref_axis',(0.,1.,-3.61048138089483E-16));
#10817=DIRECTION('center_axis',(1.,0.,0.));
#10818=DIRECTION('ref_axis',(0.,0.,-1.));
#10819=DIRECTION('center_axis',(1.,0.,0.));
#10820=DIRECTION('ref_axis',(0.,0.,-1.));
#10821=DIRECTION('axis',(0.,0.,1.));
#10822=DIRECTION('refdir',(1.,0.,0.));
#10823=DIRECTION('center_axis',(0.707106781186548,-0.707106781186547,1.31564167220674E-15));
#10824=DIRECTION('ref_axis',(-1.72701359386135E-15,1.33584702196638E-16,
1.));
#10825=DIRECTION('',(-0.707106781186547,-0.707106781186548,2.05707422214075E-15));
#10826=DIRECTION('',(0.,1.86059829605799E-15,1.));
#10827=DIRECTION('',(0.707106781186546,0.707106781186549,-2.30240116881008E-15));
#10828=DIRECTION('',(0.,-1.86059829605799E-15,-1.));
#10829=DIRECTION('center_axis',(-1.,0.,0.));
#10830=DIRECTION('ref_axis',(0.,-0.707106781186547,0.707106781186548));
#10831=DIRECTION('center_axis',(1.,0.,0.));
#10832=DIRECTION('ref_axis',(0.,-0.707106781186547,0.707106781186548));
#10833=DIRECTION('',(-0.707106781186546,9.44586487860283E-17,0.707106781186549));
#10834=DIRECTION('center_axis',(-1.,0.,0.));
#10835=DIRECTION('ref_axis',(0.,-0.707106781186547,0.707106781186548));
#10836=DIRECTION('center_axis',(0.707106781186547,-7.48663839904265E-16,
-0.707106781186548));
#10837=DIRECTION('ref_axis',(0.707106781186548,9.4458648786028E-17,0.707106781186547));
#10838=DIRECTION('',(-0.707106781186548,-9.4458648786028E-17,-0.707106781186547));
#10839=DIRECTION('',(0.,-1.,1.05877055605093E-15));
#10840=DIRECTION('',(0.707106781186548,9.4458648786028E-17,0.707106781186547));
#10841=DIRECTION('',(0.,1.,-1.05877055605093E-15));
#10842=DIRECTION('center_axis',(-1.,0.,0.));
#10843=DIRECTION('ref_axis',(0.,-0.707106781186548,-0.707106781186547));
#10844=DIRECTION('center_axis',(1.,0.,0.));
#10845=DIRECTION('ref_axis',(0.,-0.707106781186548,-0.707106781186547));
#10846=DIRECTION('',(-0.707106781186547,-0.707106781186548,9.44586487860282E-17));
#10847=DIRECTION('center_axis',(-1.,0.,0.));
#10848=DIRECTION('ref_axis',(0.,-0.707106781186548,-0.707106781186547));
#10849=DIRECTION('center_axis',(0.707106781186548,-0.707106781186547,9.44586487860281E-17));
#10850=DIRECTION('ref_axis',(0.,1.33584702196638E-16,1.));
#10851=DIRECTION('',(-0.707106781186547,-0.707106781186548,9.44586487860282E-17));
#10852=DIRECTION('',(0.,1.33584702196638E-16,1.));
#10853=DIRECTION('',(0.,-1.33584702196638E-16,-1.));
#10854=DIRECTION('center_axis',(-1.,0.,0.));
#10855=DIRECTION('ref_axis',(0.,-0.707106781186548,0.707106781186547));
#10856=DIRECTION('center_axis',(1.,0.,0.));
#10857=DIRECTION('ref_axis',(0.,-0.707106781186548,0.707106781186547));
#10858=DIRECTION('',(-0.707106781186548,9.44586487860281E-17,0.707106781186547));
#10859=DIRECTION('center_axis',(-1.,0.,0.));
#10860=DIRECTION('ref_axis',(0.,-0.707106781186548,0.707106781186547));
#10861=DIRECTION('center_axis',(0.707106781186548,3.9289761483739E-16,0.707106781186547));
#10862=DIRECTION('ref_axis',(-0.707106781186547,9.44586487860282E-17,0.707106781186548));
#10863=DIRECTION('',(-0.707106781186547,9.44586487860282E-17,0.707106781186548));
#10864=DIRECTION('',(0.,1.,-5.55641135527077E-16));
#10865=DIRECTION('',(0.,-1.,5.55641135527077E-16));
#10866=DIRECTION('center_axis',(0.707106781186548,-6.23703297780558E-16,
-0.707106781186547));
#10867=DIRECTION('ref_axis',(0.707106781186547,9.44586487860282E-17,0.707106781186548));
#10868=DIRECTION('',(-0.707106781186549,-9.44586487860279E-17,-0.707106781186546));
#10869=DIRECTION('',(0.,-1.,8.82049662618091E-16));
#10870=DIRECTION('',(0.707106781186549,9.44586487860279E-17,0.707106781186546));
#10871=DIRECTION('',(0.,1.,-8.82049662618091E-16));
#10872=DIRECTION('center_axis',(1.,0.,0.));
#10873=DIRECTION('ref_axis',(0.,-0.707106781186545,0.70710678118655));
#10874=DIRECTION('center_axis',(-1.,0.,0.));
#10875=DIRECTION('ref_axis',(0.,-0.707106781186545,0.70710678118655));
#10876=DIRECTION('',(-0.707106781186549,0.707106781186546,-9.44586487860279E-17));
#10877=DIRECTION('center_axis',(1.,0.,0.));
#10878=DIRECTION('ref_axis',(0.,-0.707106781186545,0.70710678118655));
#10879=DIRECTION('center_axis',(0.707106781186548,0.707106781186547,-9.44586487860281E-17));
#10880=DIRECTION('ref_axis',(0.,1.33584702196638E-16,1.));
#10881=DIRECTION('',(-0.707106781186547,0.707106781186548,-9.44586487860282E-17));
#10882=DIRECTION('',(0.,-1.33584702196638E-16,-1.));
#10883=DIRECTION('',(0.,1.33584702196638E-16,1.));
#10884=DIRECTION('center_axis',(1.,0.,0.));
#10885=DIRECTION('ref_axis',(0.,-0.707106781186547,-0.707106781186548));
#10886=DIRECTION('center_axis',(-1.,0.,0.));
#10887=DIRECTION('ref_axis',(0.,-0.707106781186547,-0.707106781186548));
#10888=DIRECTION('',(-0.707106781186547,9.44586487860282E-17,0.707106781186548));
#10889=DIRECTION('center_axis',(1.,0.,0.));
#10890=DIRECTION('ref_axis',(0.,-0.707106781186547,-0.707106781186548));
#10891=DIRECTION('center_axis',(0.707106781186548,4.21561244345148E-16,
0.707106781186547));
#10892=DIRECTION('ref_axis',(-0.707106781186547,9.44586487860282E-17,0.707106781186548));
#10893=DIRECTION('',(-0.707106781186546,9.44586487860283E-17,0.707106781186549));
#10894=DIRECTION('',(0.,1.,-5.96177629123786E-16));
#10895=DIRECTION('',(0.,-1.,5.96177629123786E-16));
#10896=DIRECTION('center_axis',(1.,0.,0.));
#10897=DIRECTION('ref_axis',(0.,0.707106781186547,-0.707106781186548));
#10898=DIRECTION('center_axis',(-1.,0.,0.));
#10899=DIRECTION('ref_axis',(0.,0.707106781186546,-0.707106781186548));
#10900=DIRECTION('',(-0.707106781186548,-0.707106781186547,1.07576643546339E-15));
#10901=DIRECTION('center_axis',(1.,0.,0.));
#10902=DIRECTION('ref_axis',(0.,0.707106781186547,-0.707106781186548));
#10903=DIRECTION('center_axis',(0.707106781186547,-0.707106781186548,1.14118695457521E-15));
#10904=DIRECTION('ref_axis',(-1.48029736616688E-15,1.33584702196638E-16,
1.));
#10905=DIRECTION('',(-0.707106781186549,-0.707106781186546,1.07576643546339E-15));
#10906=DIRECTION('',(0.,1.61388206836351E-15,1.));
#10907=DIRECTION('',(0.,-1.61388206836351E-15,-1.));
#10908=DIRECTION('center_axis',(0.707106781186548,0.707106781186548,-5.07640874755443E-16));
#10909=DIRECTION('ref_axis',(5.84327907697451E-16,1.33584702196638E-16,
1.));
#10910=DIRECTION('',(-0.707106781186547,0.707106781186547,-9.44586487860281E-17));
#10911=DIRECTION('',(0.,-7.17912609894089E-16,-1.));
#10912=DIRECTION('',(0.707106781186547,-0.707106781186547,9.44586487860281E-17));
#10913=DIRECTION('',(0.,7.17912609894089E-16,1.));
#10914=DIRECTION('center_axis',(-1.,0.,0.));
#10915=DIRECTION('ref_axis',(0.,0.707106781186547,-0.707106781186548));
#10916=DIRECTION('center_axis',(1.,0.,0.));
#10917=DIRECTION('ref_axis',(0.,0.707106781186547,-0.707106781186548));
#10918=DIRECTION('',(-0.707106781186549,-5.85112542124709E-16,-0.707106781186546));
#10919=DIRECTION('center_axis',(-1.,0.,0.));
#10920=DIRECTION('ref_axis',(0.,0.707106781186547,-0.707106781186548));
#10921=DIRECTION('center_axis',(0.707106781186548,-3.47699367928572E-16,
-0.707106781186547));
#10922=DIRECTION('ref_axis',(0.707106781186547,9.44586487860282E-17,0.707106781186548));
#10923=DIRECTION('',(-0.707106781186547,-9.44586487860282E-17,-0.707106781186548));
#10924=DIRECTION('',(0.,-1.,4.9172116175314E-16));
#10925=DIRECTION('',(0.,1.,-4.9172116175314E-16));
#10926=DIRECTION('center_axis',(-1.,0.,0.));
#10927=DIRECTION('ref_axis',(0.,-0.707106781186548,-0.707106781186547));
#10928=DIRECTION('center_axis',(1.,0.,0.));
#10929=DIRECTION('ref_axis',(0.,-0.707106781186548,-0.707106781186547));
#10930=DIRECTION('',(-0.707106781186547,-0.707106781186548,9.44586487860282E-17));
#10931=DIRECTION('center_axis',(-1.,0.,0.));
#10932=DIRECTION('ref_axis',(0.,-0.707106781186548,-0.707106781186547));
#10933=DIRECTION('center_axis',(0.707106781186548,-0.707106781186547,1.74718755266369E-15));
#10934=DIRECTION('ref_axis',(-2.3373116307898E-15,1.33584702196638E-16,
1.));
#10935=DIRECTION('',(-0.707106781186547,-0.707106781186548,9.44586487860282E-17));
#10936=DIRECTION('',(0.,2.47089633298644E-15,1.));
#10937=DIRECTION('',(0.,-2.47089633298644E-15,-1.));
#10938=DIRECTION('center_axis',(1.,0.,0.));
#10939=DIRECTION('ref_axis',(0.,-0.707106781186546,0.707106781186549));
#10940=DIRECTION('',(-0.707106781186547,3.96195244552651E-16,-0.707106781186548));
#10941=DIRECTION('center_axis',(1.,0.,0.));
#10942=DIRECTION('ref_axis',(0.,-0.707106781186546,0.707106781186549));
#10943=DIRECTION('center_axis',(1.,0.,0.));
#10944=DIRECTION('ref_axis',(0.,0.707106781186548,0.707106781186547));
#10945=DIRECTION('center_axis',(1.,0.,0.));
#10946=DIRECTION('ref_axis',(0.,0.707106781186548,0.707106781186547));
#10947=DIRECTION('center_axis',(1.,0.,0.));
#10948=DIRECTION('ref_axis',(0.,0.707106781186547,0.707106781186548));
#10949=DIRECTION('center_axis',(1.,0.,0.));
#10950=DIRECTION('ref_axis',(0.,0.707106781186547,0.707106781186548));
#10951=DIRECTION('center_axis',(1.,0.,0.));
#10952=DIRECTION('ref_axis',(0.,0.70710678118655,-0.707106781186545));
#10953=DIRECTION('center_axis',(1.,0.,0.));
#10954=DIRECTION('ref_axis',(0.,0.70710678118655,-0.707106781186545));
#10955=DIRECTION('center_axis',(0.,5.55641135527077E-16,1.));
#10956=DIRECTION('ref_axis',(0.,-1.,5.55641135527077E-16));
#10957=DIRECTION('',(1.,0.,0.));
#10958=DIRECTION('',(0.,-1.,5.55641135527077E-16));
#10959=DIRECTION('',(-1.,0.,0.));
#10960=DIRECTION('center_axis',(-1.,0.,0.));
#10961=DIRECTION('ref_axis',(0.,-0.707106781186548,0.707106781186547));
#10962=DIRECTION('center_axis',(1.,0.,0.));
#10963=DIRECTION('ref_axis',(0.,-0.707106781186548,0.707106781186547));
#10964=DIRECTION('',(1.,0.,0.));
#10965=DIRECTION('center_axis',(0.,-1.,1.33584702196638E-16));
#10966=DIRECTION('ref_axis',(0.,-1.33584702196638E-16,-1.));
#10967=DIRECTION('',(0.,-1.33584702196638E-16,-1.));
#10968=DIRECTION('',(-1.,0.,0.));
#10969=DIRECTION('center_axis',(-1.,0.,0.));
#10970=DIRECTION('ref_axis',(0.,-0.707106781186548,-0.707106781186547));
#10971=DIRECTION('center_axis',(1.,0.,0.));
#10972=DIRECTION('ref_axis',(0.,-0.707106781186548,-0.707106781186547));
#10973=DIRECTION('',(1.,0.,0.));
#10974=DIRECTION('center_axis',(0.,-1.05877055605093E-15,-1.));
#10975=DIRECTION('ref_axis',(0.,1.,-1.05877055605093E-15));
#10976=DIRECTION('',(0.,1.,-1.05877055605093E-15));
#10977=DIRECTION('',(-1.,0.,0.));
#10978=DIRECTION('center_axis',(-1.,0.,0.));
#10979=DIRECTION('ref_axis',(0.,0.707106781186547,0.707106781186548));
#10980=DIRECTION('center_axis',(-1.,0.,0.));
#10981=DIRECTION('ref_axis',(0.,0.707106781186547,0.707106781186548));
#10982=DIRECTION('',(1.,0.,0.));
#10983=DIRECTION('center_axis',(0.,-1.,1.61388206836351E-15));
#10984=DIRECTION('ref_axis',(0.,-1.61388206836351E-15,-1.));
#10985=DIRECTION('',(0.,-1.61388206836351E-15,-1.));
#10986=DIRECTION('',(-1.,0.,0.));
#10987=DIRECTION('center_axis',(-1.,0.,0.));
#10988=DIRECTION('ref_axis',(0.,0.707106781186547,-0.707106781186548));
#10989=DIRECTION('center_axis',(-1.,0.,0.));
#10990=DIRECTION('ref_axis',(0.,0.707106781186547,-0.707106781186548));
#10991=DIRECTION('',(1.,0.,0.));
#10992=DIRECTION('center_axis',(0.,5.96177629123786E-16,1.));
#10993=DIRECTION('ref_axis',(0.,-1.,5.96177629123786E-16));
#10994=DIRECTION('',(0.,-1.,5.96177629123786E-16));
#10995=DIRECTION('',(-1.,0.,0.));
#10996=DIRECTION('center_axis',(-1.,0.,0.));
#10997=DIRECTION('ref_axis',(0.,-0.707106781186547,-0.707106781186548));
#10998=DIRECTION('center_axis',(-1.,0.,0.));
#10999=DIRECTION('ref_axis',(0.,-0.707106781186547,-0.707106781186548));
#11000=DIRECTION('',(1.,0.,0.));
#11001=DIRECTION('center_axis',(0.,1.,-1.33584702196638E-16));
#11002=DIRECTION('ref_axis',(0.,1.33584702196638E-16,1.));
#11003=DIRECTION('',(0.,1.33584702196638E-16,1.));
#11004=DIRECTION('',(-1.,0.,0.));
#11005=DIRECTION('center_axis',(-1.,0.,0.));
#11006=DIRECTION('ref_axis',(0.,-0.707106781186545,0.70710678118655));
#11007=DIRECTION('center_axis',(-1.,0.,0.));
#11008=DIRECTION('ref_axis',(0.,-0.707106781186545,0.70710678118655));
#11009=DIRECTION('',(1.,0.,0.));
#11010=DIRECTION('center_axis',(0.,-8.82049662618091E-16,-1.));
#11011=DIRECTION('ref_axis',(0.,1.,-8.82049662618091E-16));
#11012=DIRECTION('',(0.,1.,-8.82049662618091E-16));
#11013=DIRECTION('',(-1.,0.,0.));
#11014=DIRECTION('center_axis',(-1.,0.,0.));
#11015=DIRECTION('ref_axis',(0.,0.707106781186548,0.707106781186547));
#11016=DIRECTION('center_axis',(-1.,0.,0.));
#11017=DIRECTION('ref_axis',(0.,0.707106781186548,0.707106781186547));
#11018=DIRECTION('',(1.,0.,0.));
#11019=DIRECTION('center_axis',(0.,-1.,2.47089633298644E-15));
#11020=DIRECTION('ref_axis',(0.,-2.47089633298644E-15,-1.));
#11021=DIRECTION('',(0.,-2.47089633298644E-15,-1.));
#11022=DIRECTION('',(-1.,0.,0.));
#11023=DIRECTION('center_axis',(-1.,0.,0.));
#11024=DIRECTION('ref_axis',(0.,-0.707106781186548,-0.707106781186547));
#11025=DIRECTION('center_axis',(1.,0.,0.));
#11026=DIRECTION('ref_axis',(0.,-0.707106781186548,-0.707106781186547));
#11027=DIRECTION('',(1.,0.,0.));
#11028=DIRECTION('center_axis',(0.,-4.9172116175314E-16,-1.));
#11029=DIRECTION('ref_axis',(0.,1.,-4.9172116175314E-16));
#11030=DIRECTION('',(0.,1.,-4.9172116175314E-16));
#11031=DIRECTION('',(-1.,0.,0.));
#11032=DIRECTION('center_axis',(-1.,0.,0.));
#11033=DIRECTION('ref_axis',(0.,0.707106781186547,-0.707106781186548));
#11034=DIRECTION('center_axis',(1.,0.,0.));
#11035=DIRECTION('ref_axis',(0.,0.707106781186547,-0.707106781186548));
#11036=DIRECTION('',(1.,0.,0.));
#11037=DIRECTION('center_axis',(0.,1.,-7.17912609894089E-16));
#11038=DIRECTION('ref_axis',(0.,7.17912609894089E-16,1.));
#11039=DIRECTION('',(0.,7.17912609894089E-16,1.));
#11040=DIRECTION('',(-1.,0.,0.));
#11041=DIRECTION('center_axis',(-1.,0.,0.));
#11042=DIRECTION('ref_axis',(0.,-0.707106781186547,0.707106781186548));
#11043=DIRECTION('center_axis',(-1.,0.,0.));
#11044=DIRECTION('ref_axis',(0.,-0.707106781186546,0.707106781186549));
#11045=DIRECTION('',(1.,0.,0.));
#11046=DIRECTION('center_axis',(-0.707106781186548,-0.707106781186548,1.74718755266369E-15));
#11047=DIRECTION('ref_axis',(-2.3373116307898E-15,-1.33584702196638E-16,
-1.));
#11048=DIRECTION('',(0.707106781186548,-0.707106781186548,9.44586487860281E-17));
#11049=DIRECTION('',(-0.707106781186548,0.707106781186548,-9.44586487860281E-17));
#11050=DIRECTION('',(0.,2.47089633298644E-15,1.));
#11051=DIRECTION('center_axis',(1.,0.,0.));
#11052=DIRECTION('ref_axis',(0.,-0.707106781186548,-0.707106781186547));
#11053=DIRECTION('center_axis',(-1.,0.,0.));
#11054=DIRECTION('ref_axis',(0.,-0.707106781186548,-0.707106781186547));
#11055=DIRECTION('',(0.707106781186548,-9.44586487860281E-17,-0.707106781186548));
#11056=DIRECTION('center_axis',(-0.707106781186548,-3.47699367928573E-16,
-0.707106781186548));
#11057=DIRECTION('ref_axis',(0.707106781186548,-9.44586487860281E-17,-0.707106781186548));
#11058=DIRECTION('',(0.707106781186548,-5.85112542124707E-16,-0.707106781186548));
#11059=DIRECTION('',(0.,-1.,4.9172116175314E-16));
#11060=DIRECTION('center_axis',(1.,0.,0.));
#11061=DIRECTION('ref_axis',(0.,0.707106781186547,-0.707106781186548));
#11062=DIRECTION('center_axis',(-1.,0.,0.));
#11063=DIRECTION('ref_axis',(0.,0.707106781186547,-0.707106781186548));
#11064=DIRECTION('',(0.707106781186547,0.707106781186548,-9.44586487860282E-17));
#11065=DIRECTION('center_axis',(-0.707106781186547,0.707106781186548,-5.07640874755443E-16));
#11066=DIRECTION('ref_axis',(5.84327907697451E-16,-1.33584702196638E-16,
-1.));
#11067=DIRECTION('',(0.707106781186548,0.707106781186547,-9.44586487860281E-17));
#11068=DIRECTION('',(0.,-7.17912609894089E-16,-1.));
#11069=DIRECTION('center_axis',(-0.707106781186547,-0.707106781186548,1.14118695457521E-15));
#11070=DIRECTION('ref_axis',(-1.48029736616688E-15,-1.33584702196638E-16,
-1.));
#11071=DIRECTION('',(0.707106781186548,-0.707106781186547,9.4458648786028E-17));
#11072=DIRECTION('',(-0.70710678118655,0.707106781186545,-1.07576643546339E-15));
#11073=DIRECTION('',(0.,1.61388206836351E-15,1.));
#11074=DIRECTION('center_axis',(-1.,0.,0.));
#11075=DIRECTION('ref_axis',(0.,0.707106781186547,-0.707106781186548));
#11076=DIRECTION('center_axis',(1.,0.,0.));
#11077=DIRECTION('ref_axis',(0.,0.707106781186546,-0.707106781186548));
#11078=DIRECTION('',(0.707106781186548,4.01968979549547E-15,0.707106781186547));
#11079=DIRECTION('center_axis',(-0.707106781186548,4.21561244345148E-16,
0.707106781186548));
#11080=DIRECTION('ref_axis',(-0.707106781186548,-9.44586487860281E-17,-0.707106781186548));
#11081=DIRECTION('',(0.707106781186546,9.44586487860283E-17,0.707106781186548));
#11082=DIRECTION('',(0.,1.,-5.96177629123786E-16));
#11083=DIRECTION('center_axis',(-1.,0.,0.));
#11084=DIRECTION('ref_axis',(0.,-0.707106781186547,-0.707106781186548));
#11085=DIRECTION('center_axis',(1.,0.,0.));
#11086=DIRECTION('ref_axis',(0.,-0.707106781186547,-0.707106781186548));
#11087=DIRECTION('',(0.707106781186548,0.707106781186548,8.8684913789133E-16));
#11088=DIRECTION('center_axis',(-0.707106781186548,0.707106781186548,-9.44586487860282E-17));
#11089=DIRECTION('ref_axis',(0.,-1.33584702196638E-16,-1.));
#11090=DIRECTION('',(0.707106781186548,0.707106781186548,-9.44586487860281E-17));
#11091=DIRECTION('',(0.,-1.33584702196638E-16,-1.));
#11092=DIRECTION('center_axis',(-1.,0.,0.));
#11093=DIRECTION('ref_axis',(0.,-0.707106781186545,0.70710678118655));
#11094=DIRECTION('center_axis',(1.,0.,0.));
#11095=DIRECTION('ref_axis',(0.,-0.707106781186545,0.70710678118655));
#11096=DIRECTION('',(0.707106781186544,-9.44586487860287E-17,-0.707106781186551));
#11097=DIRECTION('center_axis',(-0.707106781186548,-6.23703297780559E-16,
-0.707106781186548));
#11098=DIRECTION('ref_axis',(0.707106781186548,-9.44586487860281E-17,-0.707106781186548));
#11099=DIRECTION('',(0.70710678118655,-9.44586487860279E-17,-0.707106781186545));
#11100=DIRECTION('',(0.,-1.,8.82049662618091E-16));
#11101=DIRECTION('center_axis',(-0.707106781186548,3.9289761483739E-16,
0.707106781186547));
#11102=DIRECTION('ref_axis',(-0.707106781186547,-9.44586487860281E-17,-0.707106781186548));
#11103=DIRECTION('',(0.707106781186547,9.44586487860281E-17,0.707106781186548));
#11104=DIRECTION('',(-0.707106781186547,-9.44586487860281E-17,-0.707106781186548));
#11105=DIRECTION('',(0.,1.,-5.55641135527077E-16));
#11106=DIRECTION('center_axis',(1.,0.,0.));
#11107=DIRECTION('ref_axis',(0.,-0.707106781186548,0.707106781186547));
#11108=DIRECTION('center_axis',(-1.,0.,0.));
#11109=DIRECTION('ref_axis',(0.,-0.707106781186548,0.707106781186547));
#11110=DIRECTION('',(0.707106781186548,-0.707106781186548,-2.82048245486416E-17));
#11111=DIRECTION('center_axis',(-0.707106781186548,-0.707106781186548,9.44586487860282E-17));
#11112=DIRECTION('ref_axis',(0.,-1.33584702196638E-16,-1.));
#11113=DIRECTION('',(0.707106781186548,-0.707106781186548,9.44586487860281E-17));
#11114=DIRECTION('',(0.,1.33584702196638E-16,1.));
#11115=DIRECTION('center_axis',(1.,0.,0.));
#11116=DIRECTION('ref_axis',(0.,-0.707106781186548,-0.707106781186547));
#11117=DIRECTION('center_axis',(-1.,0.,0.));
#11118=DIRECTION('ref_axis',(0.,-0.707106781186548,-0.707106781186547));
#11119=DIRECTION('',(0.707106781186549,-9.4458648786028E-17,-0.707106781186546));
#11120=DIRECTION('center_axis',(-0.707106781186547,-7.48663839904265E-16,
-0.707106781186548));
#11121=DIRECTION('ref_axis',(0.707106781186548,-9.4458648786028E-17,-0.707106781186547));
#11122=DIRECTION('',(0.707106781186548,-9.4458648786028E-17,-0.707106781186547));
#11123=DIRECTION('',(0.,-1.,1.05877055605093E-15));
#11124=DIRECTION('center_axis',(1.,0.,0.));
#11125=DIRECTION('ref_axis',(0.,-0.707106781186547,0.707106781186548));
#11126=DIRECTION('',(0.707106781186546,9.44586487860283E-17,0.707106781186548));
#11127=DIRECTION('center_axis',(-1.,0.,0.));
#11128=DIRECTION('ref_axis',(0.,-0.707106781186547,0.707106781186548));
#11129=DIRECTION('',(0.707106781186548,-0.707106781186548,2.05707422214074E-15));
#11130=DIRECTION('center_axis',(1.,0.,0.));
#11131=DIRECTION('ref_axis',(0.,-0.707106781186547,0.707106781186548));
#11132=DIRECTION('center_axis',(-0.707106781186548,-0.707106781186548,1.31564167220674E-15));
#11133=DIRECTION('ref_axis',(-1.72701359386135E-15,-1.33584702196638E-16,
-1.));
#11134=DIRECTION('',(0.707106781186546,-0.707106781186548,2.30240116881008E-15));
#11135=DIRECTION('',(0.,-1.86059829605799E-15,-1.));
#11136=DIRECTION('',(0.,1.86059829605799E-15,1.));
#11137=DIRECTION('center_axis',(-1.,0.,0.));
#11138=DIRECTION('ref_axis',(0.,0.70710678118655,-0.707106781186545));
#11139=DIRECTION('center_axis',(-1.,0.,0.));
#11140=DIRECTION('ref_axis',(0.,0.70710678118655,-0.707106781186545));
#11141=DIRECTION('center_axis',(-1.,0.,0.));
#11142=DIRECTION('ref_axis',(0.,0.707106781186547,0.707106781186548));
#11143=DIRECTION('center_axis',(-1.,0.,0.));
#11144=DIRECTION('ref_axis',(0.,0.707106781186548,0.707106781186547));
#11145=DIRECTION('center_axis',(-1.,0.,0.));
#11146=DIRECTION('ref_axis',(0.,-0.707106781186546,0.707106781186549));
#11147=DIRECTION('',(-0.707106781186548,-3.96195244552651E-16,0.707106781186548));
#11148=DIRECTION('center_axis',(-1.,0.,0.));
#11149=DIRECTION('ref_axis',(0.,0.707106781186549,-0.707106781186546));
#11150=DIRECTION('',(-1.,0.,0.));
#11151=DIRECTION('center_axis',(0.,-1.,1.86059829605799E-15));
#11152=DIRECTION('ref_axis',(0.,-1.86059829605799E-15,-1.));
#11153=DIRECTION('',(1.,0.,0.));
#11154=DIRECTION('center_axis',(-1.,0.,0.));
#11155=DIRECTION('ref_axis',(0.,-0.707106781186547,0.707106781186548));
#11156=DIRECTION('',(-1.,0.,0.));
#11157=DIRECTION('center_axis',(-0.707106781186548,-0.707106781186547,-1.22118302342071E-15));
#11158=DIRECTION('ref_axis',(-1.72701359386135E-15,0.,1.));
#11159=DIRECTION('',(-0.707106781186547,0.707106781186548,1.96261557335472E-15));
#11160=DIRECTION('',(0.,1.72701359386135E-15,-1.));
#11161=DIRECTION('',(0.707106781186546,-0.707106781186549,-2.20794252002405E-15));
#11162=DIRECTION('',(0.,-1.72701359386135E-15,1.));
#11163=DIRECTION('center_axis',(-1.,0.,0.));
#11164=DIRECTION('ref_axis',(0.,0.707106781186547,0.707106781186547));
#11165=DIRECTION('center_axis',(1.,0.,0.));
#11166=DIRECTION('ref_axis',(0.,0.707106781186548,0.707106781186548));
#11167=DIRECTION('',(-0.707106781186546,0.,0.707106781186549));
#11168=DIRECTION('center_axis',(-1.,0.,0.));
#11169=DIRECTION('ref_axis',(0.,0.707106781186548,0.707106781186548));
#11170=DIRECTION('center_axis',(-0.707106781186548,-2.5529958677785E-16,
-0.707106781186547));
#11171=DIRECTION('ref_axis',(-0.707106781186547,0.,0.707106781186548));
#11172=DIRECTION('',(0.,-1.,-2.27463435892845E-16));
#11173=DIRECTION('',(0.,-1.,3.61048138089483E-16));
#11174=DIRECTION('center_axis',(-0.707106781186547,-6.54205191118237E-16,
0.707106781186548));
#11175=DIRECTION('ref_axis',(0.707106781186548,0.,0.707106781186547));
#11176=DIRECTION('',(-0.707106781186548,0.,-0.707106781186547));
#11177=DIRECTION('',(0.,-1.,-9.25185853854292E-16));
#11178=DIRECTION('',(0.707106781186548,0.,0.707106781186547));
#11179=DIRECTION('',(0.,1.,9.25185853854292E-16));
#11180=DIRECTION('center_axis',(-1.,0.,0.));
#11181=DIRECTION('ref_axis',(0.,0.707106781186547,-0.707106781186547));
#11182=DIRECTION('center_axis',(1.,0.,0.));
#11183=DIRECTION('ref_axis',(0.,0.707106781186548,-0.707106781186548));
#11184=DIRECTION('',(-0.707106781186547,0.707106781186548,0.));
#11185=DIRECTION('center_axis',(-1.,0.,0.));
#11186=DIRECTION('ref_axis',(0.,0.707106781186548,-0.707106781186548));
#11187=DIRECTION('center_axis',(-0.707106781186548,-0.707106781186547,0.));
#11188=DIRECTION('ref_axis',(0.,0.,1.));
#11189=DIRECTION('',(-0.707106781186547,0.707106781186548,0.));
#11190=DIRECTION('',(0.,0.,-1.));
#11191=DIRECTION('',(0.,0.,1.));
#11192=DIRECTION('center_axis',(-1.,0.,0.));
#11193=DIRECTION('ref_axis',(0.,0.707106781186548,0.707106781186547));
#11194=DIRECTION('center_axis',(1.,0.,0.));
#11195=DIRECTION('ref_axis',(0.,0.707106781186548,0.707106781186547));
#11196=DIRECTION('',(-0.707106781186548,0.,0.707106781186547));
#11197=DIRECTION('center_axis',(-1.,0.,0.));
#11198=DIRECTION('ref_axis',(0.,0.707106781186548,0.707106781186547));
#11199=DIRECTION('center_axis',(-0.707106781186548,2.98438966051362E-16,
-0.707106781186547));
#11200=DIRECTION('ref_axis',(-0.707106781186547,0.,0.707106781186548));
#11201=DIRECTION('',(-0.707106781186547,0.,0.707106781186548));
#11202=DIRECTION('',(0.,1.,4.22056433330439E-16));
#11203=DIRECTION('',(0.,-1.,-4.22056433330439E-16));
#11204=DIRECTION('center_axis',(-0.707106781186548,-5.2924464899453E-16,
0.707106781186547));
#11205=DIRECTION('ref_axis',(0.707106781186547,0.,0.707106781186548));
#11206=DIRECTION('',(-0.707106781186549,0.,-0.707106781186546));
#11207=DIRECTION('',(0.,-1.,-7.48464960421453E-16));
#11208=DIRECTION('',(0.707106781186549,0.,0.707106781186546));
#11209=DIRECTION('',(0.,1.,7.48464960421453E-16));
#11210=DIRECTION('center_axis',(1.,0.,0.));
#11211=DIRECTION('ref_axis',(0.,0.707106781186545,0.70710678118655));
#11212=DIRECTION('center_axis',(-1.,0.,0.));
#11213=DIRECTION('ref_axis',(0.,0.707106781186545,0.70710678118655));
#11214=DIRECTION('',(-0.707106781186549,-0.707106781186546,0.));
#11215=DIRECTION('center_axis',(1.,0.,0.));
#11216=DIRECTION('ref_axis',(0.,0.707106781186545,0.70710678118655));
#11217=DIRECTION('center_axis',(-0.707106781186548,0.707106781186547,0.));
#11218=DIRECTION('ref_axis',(0.,0.,1.));
#11219=DIRECTION('',(-0.707106781186547,-0.707106781186548,0.));
#11220=DIRECTION('',(0.,0.,1.));
#11221=DIRECTION('',(0.,0.,-1.));
#11222=DIRECTION('center_axis',(1.,0.,0.));
#11223=DIRECTION('ref_axis',(0.,0.707106781186547,-0.707106781186548));
#11224=DIRECTION('center_axis',(-1.,0.,0.));
#11225=DIRECTION('ref_axis',(0.,0.707106781186547,-0.707106781186548));
#11226=DIRECTION('',(-0.707106781186547,0.,0.707106781186548));
#11227=DIRECTION('center_axis',(1.,0.,0.));
#11228=DIRECTION('ref_axis',(0.,0.707106781186547,-0.707106781186548));
#11229=DIRECTION('center_axis',(-0.707106781186548,3.2710259555912E-16,
-0.707106781186547));
#11230=DIRECTION('ref_axis',(-0.707106781186547,0.,0.707106781186548));
#11231=DIRECTION('',(-0.707106781186546,0.,0.707106781186549));
#11232=DIRECTION('',(0.,1.,4.62592926927148E-16));
#11233=DIRECTION('',(0.,-1.,-4.62592926927148E-16));
#11234=DIRECTION('center_axis',(1.,0.,0.));
#11235=DIRECTION('ref_axis',(0.,-0.707106781186547,-0.707106781186548));
#11236=DIRECTION('center_axis',(-1.,0.,0.));
#11237=DIRECTION('ref_axis',(0.,-0.707106781186547,-0.707106781186548));
#11238=DIRECTION('',(-0.707106781186548,0.707106781186547,9.8130778667736E-16));
#11239=DIRECTION('center_axis',(1.,0.,0.));
#11240=DIRECTION('ref_axis',(0.,-0.707106781186547,-0.707106781186548));
#11241=DIRECTION('center_axis',(-0.707106781186547,-0.707106781186548,-1.04672830578918E-15));
#11242=DIRECTION('ref_axis',(-1.48029736616688E-15,0.,1.));
#11243=DIRECTION('',(-0.707106781186549,0.707106781186546,9.81307786677362E-16));
#11244=DIRECTION('',(0.,1.48029736616688E-15,-1.));
#11245=DIRECTION('',(0.,-1.48029736616688E-15,1.));
#11246=DIRECTION('center_axis',(-0.707106781186548,0.707106781186548,4.13182225969414E-16));
#11247=DIRECTION('ref_axis',(5.84327907697451E-16,0.,1.));
#11248=DIRECTION('',(-0.707106781186547,-0.707106781186547,0.));
#11249=DIRECTION('',(0.,-5.84327907697451E-16,1.));
#11250=DIRECTION('',(0.707106781186547,0.707106781186547,0.));
#11251=DIRECTION('',(0.,5.84327907697451E-16,-1.));
#11252=DIRECTION('center_axis',(-1.,0.,0.));
#11253=DIRECTION('ref_axis',(0.,-0.707106781186547,-0.707106781186547));
#11254=DIRECTION('center_axis',(1.,0.,0.));
#11255=DIRECTION('ref_axis',(0.,-0.707106781186548,-0.707106781186548));
#11256=DIRECTION('',(-0.707106781186549,4.90653893338681E-16,-0.707106781186546));
#11257=DIRECTION('center_axis',(-1.,0.,0.));
#11258=DIRECTION('ref_axis',(0.,-0.707106781186547,-0.707106781186547));
#11259=DIRECTION('center_axis',(-0.707106781186548,-2.53240719142544E-16,
0.707106781186547));
#11260=DIRECTION('ref_axis',(0.707106781186547,0.,0.707106781186548));
#11261=DIRECTION('',(-0.707106781186547,0.,-0.707106781186548));
#11262=DIRECTION('',(0.,-1.,-3.58136459556502E-16));
#11263=DIRECTION('',(0.,1.,3.58136459556502E-16));
#11264=DIRECTION('center_axis',(-1.,0.,0.));
#11265=DIRECTION('ref_axis',(0.,0.707106781186547,-0.707106781186547));
#11266=DIRECTION('center_axis',(1.,0.,0.));
#11267=DIRECTION('ref_axis',(0.,0.707106781186548,-0.707106781186548));
#11268=DIRECTION('',(-0.707106781186547,0.707106781186548,0.));
#11269=DIRECTION('center_axis',(-1.,0.,0.));
#11270=DIRECTION('ref_axis',(0.,0.707106781186547,-0.707106781186547));
#11271=DIRECTION('center_axis',(-0.707106781186548,-0.707106781186547,-1.65272890387766E-15));
#11272=DIRECTION('ref_axis',(-2.3373116307898E-15,0.,1.));
#11273=DIRECTION('',(-0.707106781186547,0.707106781186548,0.));
#11274=DIRECTION('',(0.,2.3373116307898E-15,-1.));
#11275=DIRECTION('',(0.,-2.3373116307898E-15,1.));
#11276=DIRECTION('center_axis',(-0.707106781186548,0.,0.707106781186547));
#11277=DIRECTION('ref_axis',(0.707106781186547,0.,0.707106781186548));
#11278=DIRECTION('',(0.,-1.,1.33584702196638E-16));
#11279=DIRECTION('',(-0.707106781186547,-4.90653893338679E-16,-0.707106781186548));
#11280=DIRECTION('',(0.,-1.,0.));
#11281=DIRECTION('center_axis',(1.,0.,0.));
#11282=DIRECTION('ref_axis',(0.,0.707106781186546,0.707106781186549));
#11283=DIRECTION('center_axis',(-1.,0.,0.));
#11284=DIRECTION('ref_axis',(0.,0.707106781186546,0.707106781186549));
#11285=DIRECTION('center_axis',(1.,0.,0.));
#11286=DIRECTION('ref_axis',(0.,-0.707106781186548,0.707106781186548));
#11287=DIRECTION('center_axis',(-1.,0.,0.));
#11288=DIRECTION('ref_axis',(0.,-0.707106781186548,0.707106781186548));
#11289=DIRECTION('center_axis',(1.,0.,0.));
#11290=DIRECTION('ref_axis',(0.,-0.707106781186547,0.707106781186548));
#11291=DIRECTION('center_axis',(-1.,0.,0.));
#11292=DIRECTION('ref_axis',(0.,-0.707106781186547,0.707106781186548));
#11293=DIRECTION('center_axis',(1.,0.,0.));
#11294=DIRECTION('ref_axis',(0.,-0.70710678118655,-0.707106781186545));
#11295=DIRECTION('center_axis',(-1.,0.,0.));
#11296=DIRECTION('ref_axis',(0.,-0.70710678118655,-0.707106781186545));
#11297=DIRECTION('center_axis',(0.,4.22056433330439E-16,-1.));
#11298=DIRECTION('ref_axis',(0.,1.,4.22056433330439E-16));
#11299=DIRECTION('',(-1.,0.,0.));
#11300=DIRECTION('',(0.,1.,4.22056433330439E-16));
#11301=DIRECTION('',(1.,0.,0.));
#11302=DIRECTION('center_axis',(1.,0.,0.));
#11303=DIRECTION('ref_axis',(0.,0.707106781186548,0.707106781186547));
#11304=DIRECTION('',(1.,0.,0.));
#11305=DIRECTION('center_axis',(-1.,0.,0.));
#11306=DIRECTION('ref_axis',(0.,0.707106781186548,0.707106781186547));
#11307=DIRECTION('center_axis',(0.,-1.,0.));
#11308=DIRECTION('ref_axis',(0.,0.,-1.));
#11309=DIRECTION('',(-1.,0.,0.));
#11310=DIRECTION('',(0.,0.,-1.));
#11311=DIRECTION('center_axis',(1.,0.,0.));
#11312=DIRECTION('ref_axis',(0.,0.707106781186548,-0.707106781186548));
#11313=DIRECTION('',(1.,0.,0.));
#11314=DIRECTION('center_axis',(-1.,0.,0.));
#11315=DIRECTION('ref_axis',(0.,0.707106781186548,-0.707106781186548));
#11316=DIRECTION('center_axis',(0.,-9.25185853854292E-16,1.));
#11317=DIRECTION('ref_axis',(0.,-1.,-9.25185853854292E-16));
#11318=DIRECTION('',(-1.,0.,0.));
#11319=DIRECTION('',(0.,-1.,-9.25185853854292E-16));
#11320=DIRECTION('center_axis',(1.,0.,0.));
#11321=DIRECTION('ref_axis',(0.,-0.707106781186546,0.707106781186549));
#11322=DIRECTION('',(1.,0.,0.));
#11323=DIRECTION('center_axis',(1.,0.,0.));
#11324=DIRECTION('ref_axis',(0.,-0.707106781186547,0.707106781186548));
#11325=DIRECTION('center_axis',(0.,-1.,-1.48029736616688E-15));
#11326=DIRECTION('ref_axis',(0.,1.48029736616688E-15,-1.));
#11327=DIRECTION('',(-1.,0.,0.));
#11328=DIRECTION('',(0.,1.48029736616688E-15,-1.));
#11329=DIRECTION('center_axis',(1.,0.,0.));
#11330=DIRECTION('ref_axis',(0.,-0.707106781186547,-0.707106781186548));
#11331=DIRECTION('',(1.,0.,0.));
#11332=DIRECTION('center_axis',(1.,0.,0.));
#11333=DIRECTION('ref_axis',(0.,-0.707106781186547,-0.707106781186548));
#11334=DIRECTION('center_axis',(0.,4.62592926927148E-16,-1.));
#11335=DIRECTION('ref_axis',(0.,1.,4.62592926927148E-16));
#11336=DIRECTION('',(-1.,0.,0.));
#11337=DIRECTION('',(0.,1.,4.62592926927148E-16));
#11338=DIRECTION('center_axis',(1.,0.,0.));
#11339=DIRECTION('ref_axis',(0.,0.707106781186547,-0.707106781186548));
#11340=DIRECTION('',(1.,0.,0.));
#11341=DIRECTION('center_axis',(1.,0.,0.));
#11342=DIRECTION('ref_axis',(0.,0.707106781186547,-0.707106781186548));
#11343=DIRECTION('center_axis',(0.,1.,0.));
#11344=DIRECTION('ref_axis',(0.,0.,1.));
#11345=DIRECTION('',(-1.,0.,0.));
#11346=DIRECTION('',(0.,0.,1.));
#11347=DIRECTION('center_axis',(1.,0.,0.));
#11348=DIRECTION('ref_axis',(0.,0.707106781186545,0.70710678118655));
#11349=DIRECTION('',(1.,0.,0.));
#11350=DIRECTION('center_axis',(1.,0.,0.));
#11351=DIRECTION('ref_axis',(0.,0.707106781186545,0.70710678118655));
#11352=DIRECTION('center_axis',(0.,-7.48464960421453E-16,1.));
#11353=DIRECTION('ref_axis',(0.,-1.,-7.48464960421453E-16));
#11354=DIRECTION('',(-1.,0.,0.));
#11355=DIRECTION('',(0.,-1.,-7.48464960421453E-16));
#11356=DIRECTION('center_axis',(1.,0.,0.));
#11357=DIRECTION('ref_axis',(0.,-0.707106781186548,0.707106781186548));
#11358=DIRECTION('',(1.,0.,0.));
#11359=DIRECTION('center_axis',(1.,0.,0.));
#11360=DIRECTION('ref_axis',(0.,-0.707106781186548,0.707106781186548));
#11361=DIRECTION('center_axis',(0.,-1.,-2.3373116307898E-15));
#11362=DIRECTION('ref_axis',(0.,2.3373116307898E-15,-1.));
#11363=DIRECTION('',(-1.,0.,0.));
#11364=DIRECTION('',(0.,2.3373116307898E-15,-1.));
#11365=DIRECTION('center_axis',(1.,0.,0.));
#11366=DIRECTION('ref_axis',(0.,0.707106781186548,-0.707106781186548));
#11367=DIRECTION('',(1.,0.,0.));
#11368=DIRECTION('center_axis',(-1.,0.,0.));
#11369=DIRECTION('ref_axis',(0.,0.707106781186548,-0.707106781186548));
#11370=DIRECTION('center_axis',(0.,-3.58136459556502E-16,1.));
#11371=DIRECTION('ref_axis',(0.,-1.,-3.58136459556502E-16));
#11372=DIRECTION('',(-1.,0.,0.));
#11373=DIRECTION('',(0.,-1.,-3.58136459556502E-16));
#11374=DIRECTION('center_axis',(1.,0.,0.));
#11375=DIRECTION('ref_axis',(0.,-0.707106781186548,-0.707106781186548));
#11376=DIRECTION('',(1.,0.,0.));
#11377=DIRECTION('center_axis',(-1.,0.,0.));
#11378=DIRECTION('ref_axis',(0.,-0.707106781186548,-0.707106781186548));
#11379=DIRECTION('center_axis',(0.,1.,5.84327907697451E-16));
#11380=DIRECTION('ref_axis',(0.,-5.84327907697451E-16,1.));
#11381=DIRECTION('',(-1.,0.,0.));
#11382=DIRECTION('',(0.,-5.84327907697451E-16,1.));
#11383=DIRECTION('center_axis',(1.,0.,0.));
#11384=DIRECTION('ref_axis',(0.,0.707106781186547,0.707106781186548));
#11385=DIRECTION('',(1.,0.,0.));
#11386=DIRECTION('center_axis',(1.,0.,0.));
#11387=DIRECTION('ref_axis',(0.,0.707106781186546,0.707106781186549));
#11388=DIRECTION('center_axis',(0.,0.,1.));
#11389=DIRECTION('ref_axis',(0.,-1.,0.));
#11390=DIRECTION('',(0.,1.,-1.33584702196638E-16));
#11391=DIRECTION('center_axis',(0.707106781186548,0.,0.707106781186548));
#11392=DIRECTION('ref_axis',(0.707106781186548,0.,-0.707106781186548));
#11393=DIRECTION('',(0.,-1.,1.33584702196638E-16));
#11394=DIRECTION('',(-0.707106781186548,4.90653893338679E-16,0.707106781186548));
#11395=DIRECTION('center_axis',(0.707106781186548,-0.707106781186548,-1.65272890387766E-15));
#11396=DIRECTION('ref_axis',(-2.3373116307898E-15,0.,-1.));
#11397=DIRECTION('',(0.707106781186548,0.707106781186548,0.));
#11398=DIRECTION('',(0.,-2.3373116307898E-15,1.));
#11399=DIRECTION('',(-0.707106781186548,-0.707106781186548,0.));
#11400=DIRECTION('center_axis',(1.,0.,0.));
#11401=DIRECTION('ref_axis',(0.,0.707106781186547,-0.707106781186547));
#11402=DIRECTION('',(0.707106781186548,0.,-0.707106781186548));
#11403=DIRECTION('center_axis',(1.,0.,0.));
#11404=DIRECTION('ref_axis',(0.,0.707106781186547,-0.707106781186547));
#11405=DIRECTION('center_axis',(0.707106781186548,-2.53240719142544E-16,
0.707106781186548));
#11406=DIRECTION('ref_axis',(0.707106781186548,0.,-0.707106781186548));
#11407=DIRECTION('',(0.707106781186548,4.90653893338679E-16,-0.707106781186548));
#11408=DIRECTION('',(0.,1.,3.58136459556502E-16));
#11409=DIRECTION('center_axis',(1.,0.,0.));
#11410=DIRECTION('ref_axis',(0.,-0.707106781186547,-0.707106781186547));
#11411=DIRECTION('',(0.707106781186547,-0.707106781186548,0.));
#11412=DIRECTION('center_axis',(1.,0.,0.));
#11413=DIRECTION('ref_axis',(0.,-0.707106781186547,-0.707106781186547));
#11414=DIRECTION('center_axis',(0.707106781186547,0.707106781186548,4.13182225969415E-16));
#11415=DIRECTION('ref_axis',(5.84327907697451E-16,0.,-1.));
#11416=DIRECTION('',(0.707106781186548,-0.707106781186547,0.));
#11417=DIRECTION('',(0.,5.84327907697451E-16,-1.));
#11418=DIRECTION('center_axis',(0.707106781186547,-0.707106781186548,-1.04672830578918E-15));
#11419=DIRECTION('ref_axis',(-1.48029736616688E-15,0.,-1.));
#11420=DIRECTION('',(0.707106781186548,0.707106781186547,0.));
#11421=DIRECTION('',(0.,-1.48029736616688E-15,1.));
#11422=DIRECTION('',(-0.70710678118655,-0.707106781186545,-9.81307786677361E-16));
#11423=DIRECTION('center_axis',(-1.,0.,0.));
#11424=DIRECTION('ref_axis',(0.,-0.707106781186547,-0.707106781186548));
#11425=DIRECTION('',(0.707106781186548,-3.92523114670944E-15,0.707106781186547));
#11426=DIRECTION('center_axis',(-1.,0.,0.));
#11427=DIRECTION('ref_axis',(0.,-0.707106781186547,-0.707106781186548));
#11428=DIRECTION('center_axis',(0.707106781186548,3.2710259555912E-16,-0.707106781186548));
#11429=DIRECTION('ref_axis',(-0.707106781186548,0.,-0.707106781186548));
#11430=DIRECTION('',(0.707106781186546,0.,0.707106781186548));
#11431=DIRECTION('',(0.,-1.,-4.62592926927148E-16));
#11432=DIRECTION('center_axis',(-1.,0.,0.));
#11433=DIRECTION('ref_axis',(0.,0.707106781186547,-0.707106781186548));
#11434=DIRECTION('',(0.707106781186548,-0.707106781186548,9.81307786677358E-16));
#11435=DIRECTION('center_axis',(-1.,0.,0.));
#11436=DIRECTION('ref_axis',(0.,0.707106781186547,-0.707106781186548));
#11437=DIRECTION('center_axis',(0.707106781186548,0.707106781186548,0.));
#11438=DIRECTION('ref_axis',(0.,0.,-1.));
#11439=DIRECTION('',(0.707106781186548,-0.707106781186548,0.));
#11440=DIRECTION('',(0.,0.,-1.));
#11441=DIRECTION('center_axis',(-1.,0.,0.));
#11442=DIRECTION('ref_axis',(0.,0.707106781186545,0.70710678118655));
#11443=DIRECTION('',(0.707106781186544,0.,-0.707106781186551));
#11444=DIRECTION('center_axis',(-1.,0.,0.));
#11445=DIRECTION('ref_axis',(0.,0.707106781186545,0.70710678118655));
#11446=DIRECTION('center_axis',(0.707106781186548,-5.2924464899453E-16,
0.707106781186548));
#11447=DIRECTION('ref_axis',(0.707106781186548,0.,-0.707106781186548));
#11448=DIRECTION('',(0.70710678118655,0.,-0.707106781186545));
#11449=DIRECTION('',(0.,1.,7.48464960421453E-16));
#11450=DIRECTION('center_axis',(0.707106781186548,2.98438966051362E-16,
-0.707106781186547));
#11451=DIRECTION('ref_axis',(-0.707106781186547,0.,-0.707106781186548));
#11452=DIRECTION('',(0.707106781186547,0.,0.707106781186548));
#11453=DIRECTION('',(0.,-1.,-4.22056433330439E-16));
#11454=DIRECTION('',(-0.707106781186547,0.,-0.707106781186548));
#11455=DIRECTION('center_axis',(1.,0.,0.));
#11456=DIRECTION('ref_axis',(0.,0.707106781186548,0.707106781186547));
#11457=DIRECTION('',(0.707106781186548,0.707106781186548,-1.2266347333467E-16));
#11458=DIRECTION('center_axis',(1.,0.,0.));
#11459=DIRECTION('ref_axis',(0.,0.707106781186548,0.707106781186547));
#11460=DIRECTION('center_axis',(0.707106781186548,-0.707106781186548,0.));
#11461=DIRECTION('ref_axis',(0.,0.,-1.));
#11462=DIRECTION('',(0.707106781186548,0.707106781186548,0.));
#11463=DIRECTION('',(0.,0.,1.));
#11464=DIRECTION('center_axis',(1.,0.,0.));
#11465=DIRECTION('ref_axis',(0.,0.707106781186547,-0.707106781186547));
#11466=DIRECTION('',(0.707106781186549,0.,-0.707106781186546));
#11467=DIRECTION('center_axis',(1.,0.,0.));
#11468=DIRECTION('ref_axis',(0.,0.707106781186548,-0.707106781186548));
#11469=DIRECTION('center_axis',(0.707106781186547,-6.54205191118237E-16,
0.707106781186548));
#11470=DIRECTION('ref_axis',(0.707106781186548,0.,-0.707106781186547));
#11471=DIRECTION('',(0.707106781186548,0.,-0.707106781186547));
#11472=DIRECTION('',(0.,1.,9.25185853854292E-16));
#11473=DIRECTION('center_axis',(0.707106781186548,-2.5529958677785E-16,
-0.707106781186548));
#11474=DIRECTION('ref_axis',(-0.707106781186548,0.,-0.707106781186548));
#11475=DIRECTION('',(0.,1.,-3.61048138089483E-16));
#11476=DIRECTION('',(0.707106781186546,0.,0.707106781186548));
#11477=DIRECTION('',(0.,1.,2.27463435892845E-16));
#11478=DIRECTION('center_axis',(1.,0.,0.));
#11479=DIRECTION('ref_axis',(0.,0.707106781186547,0.707106781186547));
#11480=DIRECTION('center_axis',(-1.,0.,0.));
#11481=DIRECTION('ref_axis',(0.,0.707106781186548,0.707106781186548));
#11482=DIRECTION('',(0.707106781186548,0.707106781186548,1.96261557335472E-15));
#11483=DIRECTION('center_axis',(1.,0.,0.));
#11484=DIRECTION('ref_axis',(0.,0.707106781186548,0.707106781186548));
#11485=DIRECTION('center_axis',(0.707106781186548,-0.707106781186548,-1.22118302342071E-15));
#11486=DIRECTION('ref_axis',(-1.72701359386135E-15,0.,-1.));
#11487=DIRECTION('',(0.707106781186546,0.707106781186548,2.20794252002405E-15));
#11488=DIRECTION('',(0.,-1.72701359386135E-15,1.));
#11489=DIRECTION('',(0.,1.72701359386135E-15,-1.));
#11490=DIRECTION('center_axis',(-1.,0.,0.));
#11491=DIRECTION('ref_axis',(0.,-0.70710678118655,-0.707106781186545));
#11492=DIRECTION('center_axis',(1.,0.,0.));
#11493=DIRECTION('ref_axis',(0.,-0.70710678118655,-0.707106781186545));
#11494=DIRECTION('center_axis',(-1.,0.,0.));
#11495=DIRECTION('ref_axis',(0.,-0.707106781186547,0.707106781186548));
#11496=DIRECTION('center_axis',(-1.,0.,0.));
#11497=DIRECTION('ref_axis',(0.,-0.707106781186548,0.707106781186548));
#11498=DIRECTION('center_axis',(-1.,0.,0.));
#11499=DIRECTION('ref_axis',(0.,0.707106781186546,0.707106781186549));
#11500=DIRECTION('center_axis',(1.,0.,0.));
#11501=DIRECTION('ref_axis',(0.,-0.707106781186549,-0.707106781186546));
#11502=DIRECTION('',(-1.,0.,0.));
#11503=DIRECTION('center_axis',(0.,-1.,-1.72701359386135E-15));
#11504=DIRECTION('ref_axis',(0.,1.72701359386135E-15,-1.));
#11505=DIRECTION('',(1.,0.,0.));
#11506=DIRECTION('center_axis',(1.,0.,0.));
#11507=DIRECTION('ref_axis',(0.,0.707106781186548,0.707106781186548));
#11508=DIRECTION('',(-1.,0.,0.));
#11509=DIRECTION('center_axis',(0.,-3.61048138089483E-16,-1.));
#11510=DIRECTION('ref_axis',(0.,1.,-3.61048138089483E-16));
#11511=DIRECTION('center_axis',(1.,0.,0.));
#11512=DIRECTION('ref_axis',(0.,0.,-1.));
#11513=DIRECTION('center_axis',(1.,0.,0.));
#11514=DIRECTION('ref_axis',(0.,0.,-1.));
#11515=DIRECTION('axis',(0.,0.,1.));
#11516=DIRECTION('refdir',(1.,0.,0.));
#11517=DIRECTION('center_axis',(0.707106781186548,-0.707106781186547,1.31564167220674E-15));
#11518=DIRECTION('ref_axis',(-1.72701359386135E-15,1.33584702196638E-16,
1.));
#11519=DIRECTION('',(-0.707106781186547,-0.707106781186548,2.05707422214075E-15));
#11520=DIRECTION('',(0.,1.86059829605799E-15,1.));
#11521=DIRECTION('',(0.707106781186546,0.707106781186549,-2.30240116881008E-15));
#11522=DIRECTION('',(0.,-1.86059829605799E-15,-1.));
#11523=DIRECTION('center_axis',(-1.,0.,0.));
#11524=DIRECTION('ref_axis',(0.,-0.707106781186547,0.707106781186548));
#11525=DIRECTION('center_axis',(1.,0.,0.));
#11526=DIRECTION('ref_axis',(0.,-0.707106781186547,0.707106781186548));
#11527=DIRECTION('',(-0.707106781186546,9.44586487860283E-17,0.707106781186549));
#11528=DIRECTION('center_axis',(-1.,0.,0.));
#11529=DIRECTION('ref_axis',(0.,-0.707106781186547,0.707106781186548));
#11530=DIRECTION('center_axis',(0.707106781186547,-7.48663839904265E-16,
-0.707106781186548));
#11531=DIRECTION('ref_axis',(0.707106781186548,9.4458648786028E-17,0.707106781186547));
#11532=DIRECTION('',(-0.707106781186548,-9.4458648786028E-17,-0.707106781186547));
#11533=DIRECTION('',(0.,-1.,1.05877055605093E-15));
#11534=DIRECTION('',(0.707106781186548,9.4458648786028E-17,0.707106781186547));
#11535=DIRECTION('',(0.,1.,-1.05877055605093E-15));
#11536=DIRECTION('center_axis',(-1.,0.,0.));
#11537=DIRECTION('ref_axis',(0.,-0.707106781186548,-0.707106781186547));
#11538=DIRECTION('center_axis',(1.,0.,0.));
#11539=DIRECTION('ref_axis',(0.,-0.707106781186548,-0.707106781186547));
#11540=DIRECTION('',(-0.707106781186547,-0.707106781186548,9.44586487860282E-17));
#11541=DIRECTION('center_axis',(-1.,0.,0.));
#11542=DIRECTION('ref_axis',(0.,-0.707106781186548,-0.707106781186547));
#11543=DIRECTION('center_axis',(0.707106781186548,-0.707106781186547,9.44586487860281E-17));
#11544=DIRECTION('ref_axis',(0.,1.33584702196638E-16,1.));
#11545=DIRECTION('',(-0.707106781186547,-0.707106781186548,9.44586487860282E-17));
#11546=DIRECTION('',(0.,1.33584702196638E-16,1.));
#11547=DIRECTION('',(0.,-1.33584702196638E-16,-1.));
#11548=DIRECTION('center_axis',(-1.,0.,0.));
#11549=DIRECTION('ref_axis',(0.,-0.707106781186548,0.707106781186547));
#11550=DIRECTION('center_axis',(1.,0.,0.));
#11551=DIRECTION('ref_axis',(0.,-0.707106781186548,0.707106781186547));
#11552=DIRECTION('',(-0.707106781186548,9.44586487860281E-17,0.707106781186547));
#11553=DIRECTION('center_axis',(-1.,0.,0.));
#11554=DIRECTION('ref_axis',(0.,-0.707106781186548,0.707106781186547));
#11555=DIRECTION('center_axis',(0.707106781186548,3.9289761483739E-16,0.707106781186547));
#11556=DIRECTION('ref_axis',(-0.707106781186547,9.44586487860282E-17,0.707106781186548));
#11557=DIRECTION('',(-0.707106781186547,9.44586487860282E-17,0.707106781186548));
#11558=DIRECTION('',(0.,1.,-5.55641135527077E-16));
#11559=DIRECTION('',(0.,-1.,5.55641135527077E-16));
#11560=DIRECTION('center_axis',(0.707106781186548,-6.23703297780558E-16,
-0.707106781186547));
#11561=DIRECTION('ref_axis',(0.707106781186547,9.44586487860282E-17,0.707106781186548));
#11562=DIRECTION('',(-0.707106781186549,-9.44586487860279E-17,-0.707106781186546));
#11563=DIRECTION('',(0.,-1.,8.82049662618091E-16));
#11564=DIRECTION('',(0.707106781186549,9.44586487860279E-17,0.707106781186546));
#11565=DIRECTION('',(0.,1.,-8.82049662618091E-16));
#11566=DIRECTION('center_axis',(1.,0.,0.));
#11567=DIRECTION('ref_axis',(0.,-0.707106781186545,0.70710678118655));
#11568=DIRECTION('center_axis',(-1.,0.,0.));
#11569=DIRECTION('ref_axis',(0.,-0.707106781186545,0.70710678118655));
#11570=DIRECTION('',(-0.707106781186549,0.707106781186546,-9.44586487860279E-17));
#11571=DIRECTION('center_axis',(1.,0.,0.));
#11572=DIRECTION('ref_axis',(0.,-0.707106781186545,0.70710678118655));
#11573=DIRECTION('center_axis',(0.707106781186548,0.707106781186547,-9.44586487860281E-17));
#11574=DIRECTION('ref_axis',(0.,1.33584702196638E-16,1.));
#11575=DIRECTION('',(-0.707106781186547,0.707106781186548,-9.44586487860282E-17));
#11576=DIRECTION('',(0.,-1.33584702196638E-16,-1.));
#11577=DIRECTION('',(0.,1.33584702196638E-16,1.));
#11578=DIRECTION('center_axis',(1.,0.,0.));
#11579=DIRECTION('ref_axis',(0.,-0.707106781186547,-0.707106781186548));
#11580=DIRECTION('center_axis',(-1.,0.,0.));
#11581=DIRECTION('ref_axis',(0.,-0.707106781186547,-0.707106781186548));
#11582=DIRECTION('',(-0.707106781186547,9.44586487860282E-17,0.707106781186548));
#11583=DIRECTION('center_axis',(1.,0.,0.));
#11584=DIRECTION('ref_axis',(0.,-0.707106781186547,-0.707106781186548));
#11585=DIRECTION('center_axis',(0.707106781186548,4.21561244345148E-16,
0.707106781186547));
#11586=DIRECTION('ref_axis',(-0.707106781186547,9.44586487860282E-17,0.707106781186548));
#11587=DIRECTION('',(-0.707106781186546,9.44586487860283E-17,0.707106781186549));
#11588=DIRECTION('',(0.,1.,-5.96177629123786E-16));
#11589=DIRECTION('',(0.,-1.,5.96177629123786E-16));
#11590=DIRECTION('center_axis',(1.,0.,0.));
#11591=DIRECTION('ref_axis',(0.,0.707106781186547,-0.707106781186548));
#11592=DIRECTION('center_axis',(-1.,0.,0.));
#11593=DIRECTION('ref_axis',(0.,0.707106781186546,-0.707106781186548));
#11594=DIRECTION('',(-0.707106781186548,-0.707106781186547,1.07576643546339E-15));
#11595=DIRECTION('center_axis',(1.,0.,0.));
#11596=DIRECTION('ref_axis',(0.,0.707106781186547,-0.707106781186548));
#11597=DIRECTION('center_axis',(0.707106781186547,-0.707106781186548,1.14118695457521E-15));
#11598=DIRECTION('ref_axis',(-1.48029736616688E-15,1.33584702196638E-16,
1.));
#11599=DIRECTION('',(-0.707106781186549,-0.707106781186546,1.07576643546339E-15));
#11600=DIRECTION('',(0.,1.61388206836351E-15,1.));
#11601=DIRECTION('',(0.,-1.61388206836351E-15,-1.));
#11602=DIRECTION('center_axis',(0.707106781186548,0.707106781186548,-5.07640874755443E-16));
#11603=DIRECTION('ref_axis',(5.84327907697451E-16,1.33584702196638E-16,
1.));
#11604=DIRECTION('',(-0.707106781186547,0.707106781186547,-9.44586487860281E-17));
#11605=DIRECTION('',(0.,-7.17912609894089E-16,-1.));
#11606=DIRECTION('',(0.707106781186547,-0.707106781186548,9.44586487860282E-17));
#11607=DIRECTION('',(0.,7.17912609894089E-16,1.));
#11608=DIRECTION('center_axis',(-1.,0.,0.));
#11609=DIRECTION('ref_axis',(0.,0.707106781186547,-0.707106781186548));
#11610=DIRECTION('center_axis',(1.,0.,0.));
#11611=DIRECTION('ref_axis',(0.,0.707106781186547,-0.707106781186548));
#11612=DIRECTION('',(-0.707106781186547,-5.85112542124708E-16,-0.707106781186548));
#11613=DIRECTION('center_axis',(-1.,0.,0.));
#11614=DIRECTION('ref_axis',(0.,0.707106781186547,-0.707106781186548));
#11615=DIRECTION('center_axis',(0.707106781186548,-3.47699367928572E-16,
-0.707106781186547));
#11616=DIRECTION('ref_axis',(0.707106781186547,9.44586487860282E-17,0.707106781186548));
#11617=DIRECTION('',(-0.707106781186547,-9.44586487860282E-17,-0.707106781186548));
#11618=DIRECTION('',(0.,-1.,4.9172116175314E-16));
#11619=DIRECTION('',(0.,1.,-4.9172116175314E-16));
#11620=DIRECTION('center_axis',(-1.,0.,0.));
#11621=DIRECTION('ref_axis',(0.,-0.707106781186548,-0.707106781186547));
#11622=DIRECTION('center_axis',(1.,0.,0.));
#11623=DIRECTION('ref_axis',(0.,-0.707106781186548,-0.707106781186547));
#11624=DIRECTION('',(-0.707106781186547,-0.707106781186548,9.44586487860282E-17));
#11625=DIRECTION('center_axis',(-1.,0.,0.));
#11626=DIRECTION('ref_axis',(0.,-0.707106781186548,-0.707106781186547));
#11627=DIRECTION('center_axis',(0.707106781186548,-0.707106781186547,1.74718755266369E-15));
#11628=DIRECTION('ref_axis',(-2.3373116307898E-15,1.33584702196638E-16,
1.));
#11629=DIRECTION('',(-0.707106781186547,-0.707106781186548,9.44586487860282E-17));
#11630=DIRECTION('',(0.,2.47089633298644E-15,1.));
#11631=DIRECTION('',(0.,-2.47089633298644E-15,-1.));
#11632=DIRECTION('center_axis',(1.,0.,0.));
#11633=DIRECTION('ref_axis',(0.,-0.707106781186546,0.707106781186549));
#11634=DIRECTION('',(-0.707106781186547,1.50868297883312E-16,-0.707106781186548));
#11635=DIRECTION('center_axis',(1.,0.,0.));
#11636=DIRECTION('ref_axis',(0.,-0.707106781186546,0.707106781186549));
#11637=DIRECTION('center_axis',(1.,0.,0.));
#11638=DIRECTION('ref_axis',(0.,0.707106781186548,0.707106781186547));
#11639=DIRECTION('center_axis',(1.,0.,0.));
#11640=DIRECTION('ref_axis',(0.,0.707106781186548,0.707106781186547));
#11641=DIRECTION('center_axis',(1.,0.,0.));
#11642=DIRECTION('ref_axis',(0.,0.707106781186547,0.707106781186548));
#11643=DIRECTION('center_axis',(1.,0.,0.));
#11644=DIRECTION('ref_axis',(0.,0.707106781186547,0.707106781186548));
#11645=DIRECTION('center_axis',(1.,0.,0.));
#11646=DIRECTION('ref_axis',(0.,0.70710678118655,-0.707106781186545));
#11647=DIRECTION('center_axis',(1.,0.,0.));
#11648=DIRECTION('ref_axis',(0.,0.70710678118655,-0.707106781186545));
#11649=DIRECTION('center_axis',(0.,5.55641135527077E-16,1.));
#11650=DIRECTION('ref_axis',(0.,-1.,5.55641135527077E-16));
#11651=DIRECTION('',(1.,0.,0.));
#11652=DIRECTION('',(0.,-1.,5.55641135527077E-16));
#11653=DIRECTION('',(-1.,0.,0.));
#11654=DIRECTION('center_axis',(-1.,0.,0.));
#11655=DIRECTION('ref_axis',(0.,-0.707106781186548,0.707106781186547));
#11656=DIRECTION('center_axis',(1.,0.,0.));
#11657=DIRECTION('ref_axis',(0.,-0.707106781186548,0.707106781186547));
#11658=DIRECTION('',(1.,0.,0.));
#11659=DIRECTION('center_axis',(0.,-1.,1.33584702196638E-16));
#11660=DIRECTION('ref_axis',(0.,-1.33584702196638E-16,-1.));
#11661=DIRECTION('',(0.,-1.33584702196638E-16,-1.));
#11662=DIRECTION('',(-1.,0.,0.));
#11663=DIRECTION('center_axis',(-1.,0.,0.));
#11664=DIRECTION('ref_axis',(0.,-0.707106781186548,-0.707106781186547));
#11665=DIRECTION('center_axis',(1.,0.,0.));
#11666=DIRECTION('ref_axis',(0.,-0.707106781186548,-0.707106781186547));
#11667=DIRECTION('',(1.,0.,0.));
#11668=DIRECTION('center_axis',(0.,-1.05877055605093E-15,-1.));
#11669=DIRECTION('ref_axis',(0.,1.,-1.05877055605093E-15));
#11670=DIRECTION('',(0.,1.,-1.05877055605093E-15));
#11671=DIRECTION('',(-1.,0.,0.));
#11672=DIRECTION('center_axis',(-1.,0.,0.));
#11673=DIRECTION('ref_axis',(0.,0.707106781186547,0.707106781186548));
#11674=DIRECTION('center_axis',(-1.,0.,0.));
#11675=DIRECTION('ref_axis',(0.,0.707106781186547,0.707106781186548));
#11676=DIRECTION('',(1.,0.,0.));
#11677=DIRECTION('center_axis',(0.,-1.,1.61388206836351E-15));
#11678=DIRECTION('ref_axis',(0.,-1.61388206836351E-15,-1.));
#11679=DIRECTION('',(0.,-1.61388206836351E-15,-1.));
#11680=DIRECTION('',(-1.,0.,0.));
#11681=DIRECTION('center_axis',(-1.,0.,0.));
#11682=DIRECTION('ref_axis',(0.,0.707106781186547,-0.707106781186548));
#11683=DIRECTION('center_axis',(-1.,0.,0.));
#11684=DIRECTION('ref_axis',(0.,0.707106781186547,-0.707106781186548));
#11685=DIRECTION('',(1.,0.,0.));
#11686=DIRECTION('center_axis',(0.,5.96177629123786E-16,1.));
#11687=DIRECTION('ref_axis',(0.,-1.,5.96177629123786E-16));
#11688=DIRECTION('',(0.,-1.,5.96177629123786E-16));
#11689=DIRECTION('',(-1.,0.,0.));
#11690=DIRECTION('center_axis',(-1.,0.,0.));
#11691=DIRECTION('ref_axis',(0.,-0.707106781186547,-0.707106781186548));
#11692=DIRECTION('center_axis',(-1.,0.,0.));
#11693=DIRECTION('ref_axis',(0.,-0.707106781186547,-0.707106781186548));
#11694=DIRECTION('',(1.,0.,0.));
#11695=DIRECTION('center_axis',(0.,1.,-1.33584702196638E-16));
#11696=DIRECTION('ref_axis',(0.,1.33584702196638E-16,1.));
#11697=DIRECTION('',(0.,1.33584702196638E-16,1.));
#11698=DIRECTION('',(-1.,0.,0.));
#11699=DIRECTION('center_axis',(-1.,0.,0.));
#11700=DIRECTION('ref_axis',(0.,-0.707106781186545,0.70710678118655));
#11701=DIRECTION('center_axis',(-1.,0.,0.));
#11702=DIRECTION('ref_axis',(0.,-0.707106781186545,0.70710678118655));
#11703=DIRECTION('',(1.,0.,0.));
#11704=DIRECTION('center_axis',(0.,-8.82049662618091E-16,-1.));
#11705=DIRECTION('ref_axis',(0.,1.,-8.82049662618091E-16));
#11706=DIRECTION('',(0.,1.,-8.82049662618091E-16));
#11707=DIRECTION('',(-1.,0.,0.));
#11708=DIRECTION('center_axis',(-1.,0.,0.));
#11709=DIRECTION('ref_axis',(0.,0.707106781186548,0.707106781186547));
#11710=DIRECTION('center_axis',(-1.,0.,0.));
#11711=DIRECTION('ref_axis',(0.,0.707106781186548,0.707106781186547));
#11712=DIRECTION('',(1.,0.,0.));
#11713=DIRECTION('center_axis',(0.,-1.,2.47089633298644E-15));
#11714=DIRECTION('ref_axis',(0.,-2.47089633298644E-15,-1.));
#11715=DIRECTION('',(0.,-2.47089633298644E-15,-1.));
#11716=DIRECTION('',(-1.,0.,0.));
#11717=DIRECTION('center_axis',(-1.,0.,0.));
#11718=DIRECTION('ref_axis',(0.,-0.707106781186548,-0.707106781186547));
#11719=DIRECTION('center_axis',(1.,0.,0.));
#11720=DIRECTION('ref_axis',(0.,-0.707106781186548,-0.707106781186547));
#11721=DIRECTION('',(1.,0.,0.));
#11722=DIRECTION('center_axis',(0.,-4.9172116175314E-16,-1.));
#11723=DIRECTION('ref_axis',(0.,1.,-4.9172116175314E-16));
#11724=DIRECTION('',(0.,1.,-4.9172116175314E-16));
#11725=DIRECTION('',(-1.,0.,0.));
#11726=DIRECTION('center_axis',(-1.,0.,0.));
#11727=DIRECTION('ref_axis',(0.,0.707106781186547,-0.707106781186548));
#11728=DIRECTION('center_axis',(1.,0.,0.));
#11729=DIRECTION('ref_axis',(0.,0.707106781186547,-0.707106781186548));
#11730=DIRECTION('',(1.,0.,0.));
#11731=DIRECTION('center_axis',(0.,1.,-7.17912609894089E-16));
#11732=DIRECTION('ref_axis',(0.,7.17912609894089E-16,1.));
#11733=DIRECTION('',(0.,7.17912609894089E-16,1.));
#11734=DIRECTION('',(-1.,0.,0.));
#11735=DIRECTION('center_axis',(-1.,0.,0.));
#11736=DIRECTION('ref_axis',(0.,-0.707106781186547,0.707106781186548));
#11737=DIRECTION('center_axis',(-1.,0.,0.));
#11738=DIRECTION('ref_axis',(0.,-0.707106781186546,0.707106781186549));
#11739=DIRECTION('',(1.,0.,0.));
#11740=DIRECTION('center_axis',(-0.707106781186548,-0.707106781186548,1.74718755266369E-15));
#11741=DIRECTION('ref_axis',(-2.3373116307898E-15,-1.33584702196638E-16,
-1.));
#11742=DIRECTION('',(0.707106781186548,-0.707106781186548,9.44586487860281E-17));
#11743=DIRECTION('',(-0.707106781186548,0.707106781186548,-9.44586487860281E-17));
#11744=DIRECTION('',(0.,2.47089633298644E-15,1.));
#11745=DIRECTION('center_axis',(1.,0.,0.));
#11746=DIRECTION('ref_axis',(0.,-0.707106781186548,-0.707106781186547));
#11747=DIRECTION('center_axis',(-1.,0.,0.));
#11748=DIRECTION('ref_axis',(0.,-0.707106781186548,-0.707106781186547));
#11749=DIRECTION('',(0.707106781186548,-9.44586487860281E-17,-0.707106781186548));
#11750=DIRECTION('center_axis',(-0.707106781186548,-3.47699367928573E-16,
-0.707106781186548));
#11751=DIRECTION('ref_axis',(0.707106781186548,-9.44586487860281E-17,-0.707106781186548));
#11752=DIRECTION('',(0.707106781186548,3.96195244552651E-16,-0.707106781186548));
#11753=DIRECTION('',(0.,-1.,4.9172116175314E-16));
#11754=DIRECTION('center_axis',(1.,0.,0.));
#11755=DIRECTION('ref_axis',(0.,0.707106781186547,-0.707106781186548));
#11756=DIRECTION('center_axis',(-1.,0.,0.));
#11757=DIRECTION('ref_axis',(0.,0.707106781186547,-0.707106781186548));
#11758=DIRECTION('',(0.707106781186547,0.707106781186548,-9.44586487860282E-17));
#11759=DIRECTION('center_axis',(-0.707106781186547,0.707106781186548,-5.07640874755443E-16));
#11760=DIRECTION('ref_axis',(5.84327907697451E-16,-1.33584702196638E-16,
-1.));
#11761=DIRECTION('',(0.707106781186548,0.707106781186547,-9.44586487860281E-17));
#11762=DIRECTION('',(0.,-7.17912609894089E-16,-1.));
#11763=DIRECTION('center_axis',(-0.707106781186547,-0.707106781186548,1.14118695457521E-15));
#11764=DIRECTION('ref_axis',(-1.48029736616688E-15,-1.33584702196638E-16,
-1.));
#11765=DIRECTION('',(0.707106781186548,-0.707106781186547,9.4458648786028E-17));
#11766=DIRECTION('',(-0.70710678118655,0.707106781186545,-1.07576643546339E-15));
#11767=DIRECTION('',(0.,1.61388206836351E-15,1.));
#11768=DIRECTION('center_axis',(-1.,0.,0.));
#11769=DIRECTION('ref_axis',(0.,0.707106781186547,-0.707106781186548));
#11770=DIRECTION('center_axis',(1.,0.,0.));
#11771=DIRECTION('ref_axis',(0.,0.707106781186546,-0.707106781186548));
#11772=DIRECTION('',(0.707106781186548,4.01968979549547E-15,0.707106781186547));
#11773=DIRECTION('center_axis',(-0.707106781186548,4.21561244345148E-16,
0.707106781186548));
#11774=DIRECTION('ref_axis',(-0.707106781186548,-9.44586487860281E-17,-0.707106781186548));
#11775=DIRECTION('',(0.707106781186546,9.44586487860283E-17,0.707106781186548));
#11776=DIRECTION('',(0.,1.,-5.96177629123786E-16));
#11777=DIRECTION('center_axis',(-1.,0.,0.));
#11778=DIRECTION('ref_axis',(0.,-0.707106781186547,-0.707106781186548));
#11779=DIRECTION('center_axis',(1.,0.,0.));
#11780=DIRECTION('ref_axis',(0.,-0.707106781186547,-0.707106781186548));
#11781=DIRECTION('',(0.707106781186548,0.707106781186548,8.8684913789133E-16));
#11782=DIRECTION('center_axis',(-0.707106781186548,0.707106781186548,-9.44586487860282E-17));
#11783=DIRECTION('ref_axis',(0.,-1.33584702196638E-16,-1.));
#11784=DIRECTION('',(0.707106781186548,0.707106781186548,-9.44586487860281E-17));
#11785=DIRECTION('',(0.,-1.33584702196638E-16,-1.));
#11786=DIRECTION('center_axis',(-1.,0.,0.));
#11787=DIRECTION('ref_axis',(0.,-0.707106781186545,0.70710678118655));
#11788=DIRECTION('center_axis',(1.,0.,0.));
#11789=DIRECTION('ref_axis',(0.,-0.707106781186545,0.70710678118655));
#11790=DIRECTION('',(0.707106781186544,-9.44586487860287E-17,-0.707106781186551));
#11791=DIRECTION('center_axis',(-0.707106781186548,-6.23703297780559E-16,
-0.707106781186548));
#11792=DIRECTION('ref_axis',(0.707106781186548,-9.44586487860281E-17,-0.707106781186548));
#11793=DIRECTION('',(0.70710678118655,-9.44586487860279E-17,-0.707106781186545));
#11794=DIRECTION('',(0.,-1.,8.82049662618091E-16));
#11795=DIRECTION('center_axis',(-0.707106781186548,3.9289761483739E-16,
0.707106781186547));
#11796=DIRECTION('ref_axis',(-0.707106781186547,-9.44586487860281E-17,-0.707106781186548));
#11797=DIRECTION('',(0.707106781186547,9.44586487860281E-17,0.707106781186548));
#11798=DIRECTION('',(-0.707106781186547,-9.44586487860281E-17,-0.707106781186548));
#11799=DIRECTION('',(0.,1.,-5.55641135527077E-16));
#11800=DIRECTION('center_axis',(1.,0.,0.));
#11801=DIRECTION('ref_axis',(0.,-0.707106781186548,0.707106781186547));
#11802=DIRECTION('center_axis',(-1.,0.,0.));
#11803=DIRECTION('ref_axis',(0.,-0.707106781186548,0.707106781186547));
#11804=DIRECTION('',(0.707106781186548,-0.707106781186548,-2.82048245486416E-17));
#11805=DIRECTION('center_axis',(-0.707106781186548,-0.707106781186548,9.44586487860282E-17));
#11806=DIRECTION('ref_axis',(0.,-1.33584702196638E-16,-1.));
#11807=DIRECTION('',(0.707106781186548,-0.707106781186548,9.44586487860281E-17));
#11808=DIRECTION('',(0.,1.33584702196638E-16,1.));
#11809=DIRECTION('center_axis',(1.,0.,0.));
#11810=DIRECTION('ref_axis',(0.,-0.707106781186548,-0.707106781186547));
#11811=DIRECTION('center_axis',(-1.,0.,0.));
#11812=DIRECTION('ref_axis',(0.,-0.707106781186548,-0.707106781186547));
#11813=DIRECTION('',(0.707106781186549,-9.4458648786028E-17,-0.707106781186546));
#11814=DIRECTION('center_axis',(-0.707106781186547,-7.48663839904265E-16,
-0.707106781186548));
#11815=DIRECTION('ref_axis',(0.707106781186548,-9.4458648786028E-17,-0.707106781186547));
#11816=DIRECTION('',(0.707106781186548,-9.4458648786028E-17,-0.707106781186547));
#11817=DIRECTION('',(0.,-1.,1.05877055605093E-15));
#11818=DIRECTION('center_axis',(1.,0.,0.));
#11819=DIRECTION('ref_axis',(0.,-0.707106781186547,0.707106781186548));
#11820=DIRECTION('',(0.707106781186546,9.44586487860283E-17,0.707106781186548));
#11821=DIRECTION('center_axis',(-1.,0.,0.));
#11822=DIRECTION('ref_axis',(0.,-0.707106781186547,0.707106781186548));
#11823=DIRECTION('',(0.707106781186548,-0.707106781186548,2.05707422214074E-15));
#11824=DIRECTION('center_axis',(1.,0.,0.));
#11825=DIRECTION('ref_axis',(0.,-0.707106781186547,0.707106781186548));
#11826=DIRECTION('center_axis',(-0.707106781186548,-0.707106781186548,1.31564167220674E-15));
#11827=DIRECTION('ref_axis',(-1.72701359386135E-15,-1.33584702196638E-16,
-1.));
#11828=DIRECTION('',(0.707106781186546,-0.707106781186548,2.30240116881008E-15));
#11829=DIRECTION('',(0.,-1.86059829605799E-15,-1.));
#11830=DIRECTION('',(0.,1.86059829605799E-15,1.));
#11831=DIRECTION('center_axis',(-1.,0.,0.));
#11832=DIRECTION('ref_axis',(0.,0.70710678118655,-0.707106781186545));
#11833=DIRECTION('center_axis',(-1.,0.,0.));
#11834=DIRECTION('ref_axis',(0.,0.70710678118655,-0.707106781186545));
#11835=DIRECTION('center_axis',(-1.,0.,0.));
#11836=DIRECTION('ref_axis',(0.,0.707106781186547,0.707106781186548));
#11837=DIRECTION('center_axis',(-1.,0.,0.));
#11838=DIRECTION('ref_axis',(0.,0.707106781186548,0.707106781186547));
#11839=DIRECTION('center_axis',(-1.,0.,0.));
#11840=DIRECTION('ref_axis',(0.,-0.707106781186546,0.707106781186549));
#11841=DIRECTION('',(-0.707106781186548,-1.50868297883311E-16,0.707106781186548));
#11842=DIRECTION('center_axis',(-1.,0.,0.));
#11843=DIRECTION('ref_axis',(0.,0.707106781186549,-0.707106781186546));
#11844=DIRECTION('',(-1.,0.,0.));
#11845=DIRECTION('center_axis',(0.,-1.,1.86059829605799E-15));
#11846=DIRECTION('ref_axis',(0.,-1.86059829605799E-15,-1.));
#11847=DIRECTION('',(1.,0.,0.));
#11848=DIRECTION('center_axis',(-1.,0.,0.));
#11849=DIRECTION('ref_axis',(0.,-0.707106781186547,0.707106781186548));
#11850=DIRECTION('',(-1.,0.,0.));
#11851=DIRECTION('center_axis',(-0.707106781186548,-0.707106781186547,-1.22118302342071E-15));
#11852=DIRECTION('ref_axis',(-1.72701359386135E-15,0.,1.));
#11853=DIRECTION('',(-0.707106781186547,0.707106781186548,1.96261557335472E-15));
#11854=DIRECTION('',(0.,1.72701359386135E-15,-1.));
#11855=DIRECTION('',(0.707106781186546,-0.707106781186549,-2.20794252002405E-15));
#11856=DIRECTION('',(0.,-1.72701359386135E-15,1.));
#11857=DIRECTION('center_axis',(-1.,0.,0.));
#11858=DIRECTION('ref_axis',(0.,0.707106781186547,0.707106781186547));
#11859=DIRECTION('center_axis',(1.,0.,0.));
#11860=DIRECTION('ref_axis',(0.,0.707106781186548,0.707106781186548));
#11861=DIRECTION('',(-0.707106781186546,0.,0.707106781186549));
#11862=DIRECTION('center_axis',(-1.,0.,0.));
#11863=DIRECTION('ref_axis',(0.,0.707106781186548,0.707106781186548));
#11864=DIRECTION('center_axis',(-0.707106781186548,-2.5529958677785E-16,
-0.707106781186547));
#11865=DIRECTION('ref_axis',(-0.707106781186547,0.,0.707106781186548));
#11866=DIRECTION('',(0.,-1.,-2.27463435892845E-16));
#11867=DIRECTION('',(0.,-1.,3.61048138089483E-16));
#11868=DIRECTION('center_axis',(-0.707106781186547,-6.54205191118237E-16,
0.707106781186548));
#11869=DIRECTION('ref_axis',(0.707106781186548,0.,0.707106781186547));
#11870=DIRECTION('',(-0.707106781186548,0.,-0.707106781186547));
#11871=DIRECTION('',(0.,-1.,-9.25185853854292E-16));
#11872=DIRECTION('',(0.707106781186548,0.,0.707106781186547));
#11873=DIRECTION('',(0.,1.,9.25185853854292E-16));
#11874=DIRECTION('center_axis',(-1.,0.,0.));
#11875=DIRECTION('ref_axis',(0.,0.707106781186547,-0.707106781186547));
#11876=DIRECTION('center_axis',(1.,0.,0.));
#11877=DIRECTION('ref_axis',(0.,0.707106781186548,-0.707106781186548));
#11878=DIRECTION('',(-0.707106781186547,0.707106781186548,0.));
#11879=DIRECTION('center_axis',(-1.,0.,0.));
#11880=DIRECTION('ref_axis',(0.,0.707106781186548,-0.707106781186548));
#11881=DIRECTION('center_axis',(-0.707106781186548,-0.707106781186547,0.));
#11882=DIRECTION('ref_axis',(0.,0.,1.));
#11883=DIRECTION('',(-0.707106781186547,0.707106781186548,0.));
#11884=DIRECTION('',(0.,0.,-1.));
#11885=DIRECTION('',(0.,0.,1.));
#11886=DIRECTION('center_axis',(-1.,0.,0.));
#11887=DIRECTION('ref_axis',(0.,0.707106781186548,0.707106781186547));
#11888=DIRECTION('center_axis',(1.,0.,0.));
#11889=DIRECTION('ref_axis',(0.,0.707106781186548,0.707106781186547));
#11890=DIRECTION('',(-0.707106781186548,0.,0.707106781186547));
#11891=DIRECTION('center_axis',(-1.,0.,0.));
#11892=DIRECTION('ref_axis',(0.,0.707106781186548,0.707106781186547));
#11893=DIRECTION('center_axis',(-0.707106781186548,2.98438966051362E-16,
-0.707106781186547));
#11894=DIRECTION('ref_axis',(-0.707106781186547,0.,0.707106781186548));
#11895=DIRECTION('',(-0.707106781186547,0.,0.707106781186548));
#11896=DIRECTION('',(0.,1.,4.22056433330439E-16));
#11897=DIRECTION('',(0.,-1.,-4.22056433330439E-16));
#11898=DIRECTION('center_axis',(-0.707106781186548,-5.2924464899453E-16,
0.707106781186547));
#11899=DIRECTION('ref_axis',(0.707106781186547,0.,0.707106781186548));
#11900=DIRECTION('',(-0.707106781186549,0.,-0.707106781186546));
#11901=DIRECTION('',(0.,-1.,-7.48464960421453E-16));
#11902=DIRECTION('',(0.707106781186549,0.,0.707106781186546));
#11903=DIRECTION('',(0.,1.,7.48464960421453E-16));
#11904=DIRECTION('center_axis',(1.,0.,0.));
#11905=DIRECTION('ref_axis',(0.,0.707106781186545,0.70710678118655));
#11906=DIRECTION('center_axis',(-1.,0.,0.));
#11907=DIRECTION('ref_axis',(0.,0.707106781186545,0.70710678118655));
#11908=DIRECTION('',(-0.707106781186549,-0.707106781186546,0.));
#11909=DIRECTION('center_axis',(1.,0.,0.));
#11910=DIRECTION('ref_axis',(0.,0.707106781186545,0.70710678118655));
#11911=DIRECTION('center_axis',(-0.707106781186548,0.707106781186547,0.));
#11912=DIRECTION('ref_axis',(0.,0.,1.));
#11913=DIRECTION('',(-0.707106781186547,-0.707106781186548,0.));
#11914=DIRECTION('',(0.,0.,1.));
#11915=DIRECTION('',(0.,0.,-1.));
#11916=DIRECTION('center_axis',(1.,0.,0.));
#11917=DIRECTION('ref_axis',(0.,0.707106781186547,-0.707106781186548));
#11918=DIRECTION('center_axis',(-1.,0.,0.));
#11919=DIRECTION('ref_axis',(0.,0.707106781186547,-0.707106781186548));
#11920=DIRECTION('',(-0.707106781186547,0.,0.707106781186548));
#11921=DIRECTION('center_axis',(1.,0.,0.));
#11922=DIRECTION('ref_axis',(0.,0.707106781186547,-0.707106781186548));
#11923=DIRECTION('center_axis',(-0.707106781186548,3.2710259555912E-16,
-0.707106781186547));
#11924=DIRECTION('ref_axis',(-0.707106781186547,0.,0.707106781186548));
#11925=DIRECTION('',(-0.707106781186546,0.,0.707106781186549));
#11926=DIRECTION('',(0.,1.,4.62592926927148E-16));
#11927=DIRECTION('',(0.,-1.,-4.62592926927148E-16));
#11928=DIRECTION('center_axis',(1.,0.,0.));
#11929=DIRECTION('ref_axis',(0.,-0.707106781186547,-0.707106781186548));
#11930=DIRECTION('center_axis',(-1.,0.,0.));
#11931=DIRECTION('ref_axis',(0.,-0.707106781186547,-0.707106781186548));
#11932=DIRECTION('',(-0.707106781186548,0.707106781186547,9.8130778667736E-16));
#11933=DIRECTION('center_axis',(1.,0.,0.));
#11934=DIRECTION('ref_axis',(0.,-0.707106781186547,-0.707106781186548));
#11935=DIRECTION('center_axis',(-0.707106781186547,-0.707106781186548,-1.04672830578918E-15));
#11936=DIRECTION('ref_axis',(-1.48029736616688E-15,0.,1.));
#11937=DIRECTION('',(-0.707106781186549,0.707106781186546,9.81307786677362E-16));
#11938=DIRECTION('',(0.,1.48029736616688E-15,-1.));
#11939=DIRECTION('',(0.,-1.48029736616688E-15,1.));
#11940=DIRECTION('center_axis',(-0.707106781186548,0.707106781186548,4.13182225969414E-16));
#11941=DIRECTION('ref_axis',(5.84327907697451E-16,0.,1.));
#11942=DIRECTION('',(-0.707106781186547,-0.707106781186547,0.));
#11943=DIRECTION('',(0.,-5.84327907697451E-16,1.));
#11944=DIRECTION('',(0.707106781186547,0.707106781186548,0.));
#11945=DIRECTION('',(0.,5.84327907697451E-16,-1.));
#11946=DIRECTION('center_axis',(-1.,0.,0.));
#11947=DIRECTION('ref_axis',(0.,-0.707106781186548,-0.707106781186548));
#11948=DIRECTION('center_axis',(1.,0.,0.));
#11949=DIRECTION('ref_axis',(0.,-0.707106781186548,-0.707106781186548));
#11950=DIRECTION('',(-0.707106781186547,4.90653893338679E-16,-0.707106781186548));
#11951=DIRECTION('center_axis',(-1.,0.,0.));
#11952=DIRECTION('ref_axis',(0.,-0.707106781186547,-0.707106781186547));
#11953=DIRECTION('center_axis',(-0.707106781186548,-2.53240719142544E-16,
0.707106781186547));
#11954=DIRECTION('ref_axis',(0.707106781186547,0.,0.707106781186548));
#11955=DIRECTION('',(-0.707106781186547,0.,-0.707106781186548));
#11956=DIRECTION('',(0.,-1.,-3.58136459556502E-16));
#11957=DIRECTION('',(0.,1.,3.58136459556502E-16));
#11958=DIRECTION('center_axis',(-1.,0.,0.));
#11959=DIRECTION('ref_axis',(0.,0.707106781186547,-0.707106781186547));
#11960=DIRECTION('center_axis',(1.,0.,0.));
#11961=DIRECTION('ref_axis',(0.,0.707106781186548,-0.707106781186548));
#11962=DIRECTION('',(-0.707106781186547,0.707106781186548,0.));
#11963=DIRECTION('center_axis',(-1.,0.,0.));
#11964=DIRECTION('ref_axis',(0.,0.707106781186547,-0.707106781186547));
#11965=DIRECTION('center_axis',(-0.707106781186548,-0.707106781186547,-1.65272890387766E-15));
#11966=DIRECTION('ref_axis',(-2.3373116307898E-15,0.,1.));
#11967=DIRECTION('',(-0.707106781186547,0.707106781186548,0.));
#11968=DIRECTION('',(0.,2.3373116307898E-15,-1.));
#11969=DIRECTION('',(0.,-2.3373116307898E-15,1.));
#11970=DIRECTION('center_axis',(-0.707106781186548,0.,0.707106781186547));
#11971=DIRECTION('ref_axis',(0.707106781186547,0.,0.707106781186548));
#11972=DIRECTION('',(0.,-1.,1.33584702196638E-16));
#11973=DIRECTION('',(-0.707106781186547,-2.4532694666934E-16,-0.707106781186548));
#11974=DIRECTION('',(0.,-1.,0.));
#11975=DIRECTION('center_axis',(1.,0.,0.));
#11976=DIRECTION('ref_axis',(0.,0.707106781186546,0.707106781186549));
#11977=DIRECTION('center_axis',(-1.,0.,0.));
#11978=DIRECTION('ref_axis',(0.,0.707106781186546,0.707106781186549));
#11979=DIRECTION('center_axis',(1.,0.,0.));
#11980=DIRECTION('ref_axis',(0.,-0.707106781186548,0.707106781186548));
#11981=DIRECTION('center_axis',(-1.,0.,0.));
#11982=DIRECTION('ref_axis',(0.,-0.707106781186548,0.707106781186548));
#11983=DIRECTION('center_axis',(1.,0.,0.));
#11984=DIRECTION('ref_axis',(0.,-0.707106781186547,0.707106781186548));
#11985=DIRECTION('center_axis',(-1.,0.,0.));
#11986=DIRECTION('ref_axis',(0.,-0.707106781186547,0.707106781186548));
#11987=DIRECTION('center_axis',(1.,0.,0.));
#11988=DIRECTION('ref_axis',(0.,-0.70710678118655,-0.707106781186545));
#11989=DIRECTION('center_axis',(-1.,0.,0.));
#11990=DIRECTION('ref_axis',(0.,-0.70710678118655,-0.707106781186545));
#11991=DIRECTION('center_axis',(0.,4.22056433330439E-16,-1.));
#11992=DIRECTION('ref_axis',(0.,1.,4.22056433330439E-16));
#11993=DIRECTION('',(-1.,0.,0.));
#11994=DIRECTION('',(0.,1.,4.22056433330439E-16));
#11995=DIRECTION('',(1.,0.,0.));
#11996=DIRECTION('center_axis',(1.,0.,0.));
#11997=DIRECTION('ref_axis',(0.,0.707106781186548,0.707106781186547));
#11998=DIRECTION('',(1.,0.,0.));
#11999=DIRECTION('center_axis',(-1.,0.,0.));
#12000=DIRECTION('ref_axis',(0.,0.707106781186548,0.707106781186547));
#12001=DIRECTION('center_axis',(0.,-1.,0.));
#12002=DIRECTION('ref_axis',(0.,0.,-1.));
#12003=DIRECTION('',(-1.,0.,0.));
#12004=DIRECTION('',(0.,0.,-1.));
#12005=DIRECTION('center_axis',(1.,0.,0.));
#12006=DIRECTION('ref_axis',(0.,0.707106781186548,-0.707106781186548));
#12007=DIRECTION('',(1.,0.,0.));
#12008=DIRECTION('center_axis',(-1.,0.,0.));
#12009=DIRECTION('ref_axis',(0.,0.707106781186548,-0.707106781186548));
#12010=DIRECTION('center_axis',(0.,-9.25185853854292E-16,1.));
#12011=DIRECTION('ref_axis',(0.,-1.,-9.25185853854292E-16));
#12012=DIRECTION('',(-1.,0.,0.));
#12013=DIRECTION('',(0.,-1.,-9.25185853854292E-16));
#12014=DIRECTION('center_axis',(1.,0.,0.));
#12015=DIRECTION('ref_axis',(0.,-0.707106781186546,0.707106781186549));
#12016=DIRECTION('',(1.,0.,0.));
#12017=DIRECTION('center_axis',(1.,0.,0.));
#12018=DIRECTION('ref_axis',(0.,-0.707106781186547,0.707106781186548));
#12019=DIRECTION('center_axis',(0.,-1.,-1.48029736616688E-15));
#12020=DIRECTION('ref_axis',(0.,1.48029736616688E-15,-1.));
#12021=DIRECTION('',(-1.,0.,0.));
#12022=DIRECTION('',(0.,1.48029736616688E-15,-1.));
#12023=DIRECTION('center_axis',(1.,0.,0.));
#12024=DIRECTION('ref_axis',(0.,-0.707106781186547,-0.707106781186548));
#12025=DIRECTION('',(1.,0.,0.));
#12026=DIRECTION('center_axis',(1.,0.,0.));
#12027=DIRECTION('ref_axis',(0.,-0.707106781186547,-0.707106781186548));
#12028=DIRECTION('center_axis',(0.,4.62592926927148E-16,-1.));
#12029=DIRECTION('ref_axis',(0.,1.,4.62592926927148E-16));
#12030=DIRECTION('',(-1.,0.,0.));
#12031=DIRECTION('',(0.,1.,4.62592926927148E-16));
#12032=DIRECTION('center_axis',(1.,0.,0.));
#12033=DIRECTION('ref_axis',(0.,0.707106781186547,-0.707106781186548));
#12034=DIRECTION('',(1.,0.,0.));
#12035=DIRECTION('center_axis',(1.,0.,0.));
#12036=DIRECTION('ref_axis',(0.,0.707106781186547,-0.707106781186548));
#12037=DIRECTION('center_axis',(0.,1.,0.));
#12038=DIRECTION('ref_axis',(0.,0.,1.));
#12039=DIRECTION('',(-1.,0.,0.));
#12040=DIRECTION('',(0.,0.,1.));
#12041=DIRECTION('center_axis',(1.,0.,0.));
#12042=DIRECTION('ref_axis',(0.,0.707106781186545,0.70710678118655));
#12043=DIRECTION('',(1.,0.,0.));
#12044=DIRECTION('center_axis',(1.,0.,0.));
#12045=DIRECTION('ref_axis',(0.,0.707106781186545,0.70710678118655));
#12046=DIRECTION('center_axis',(0.,-7.48464960421453E-16,1.));
#12047=DIRECTION('ref_axis',(0.,-1.,-7.48464960421453E-16));
#12048=DIRECTION('',(-1.,0.,0.));
#12049=DIRECTION('',(0.,-1.,-7.48464960421453E-16));
#12050=DIRECTION('center_axis',(1.,0.,0.));
#12051=DIRECTION('ref_axis',(0.,-0.707106781186548,0.707106781186548));
#12052=DIRECTION('',(1.,0.,0.));
#12053=DIRECTION('center_axis',(1.,0.,0.));
#12054=DIRECTION('ref_axis',(0.,-0.707106781186548,0.707106781186548));
#12055=DIRECTION('center_axis',(0.,-1.,-2.3373116307898E-15));
#12056=DIRECTION('ref_axis',(0.,2.3373116307898E-15,-1.));
#12057=DIRECTION('',(-1.,0.,0.));
#12058=DIRECTION('',(0.,2.3373116307898E-15,-1.));
#12059=DIRECTION('center_axis',(1.,0.,0.));
#12060=DIRECTION('ref_axis',(0.,0.707106781186548,-0.707106781186548));
#12061=DIRECTION('',(1.,0.,0.));
#12062=DIRECTION('center_axis',(-1.,0.,0.));
#12063=DIRECTION('ref_axis',(0.,0.707106781186548,-0.707106781186548));
#12064=DIRECTION('center_axis',(0.,-3.58136459556502E-16,1.));
#12065=DIRECTION('ref_axis',(0.,-1.,-3.58136459556502E-16));
#12066=DIRECTION('',(-1.,0.,0.));
#12067=DIRECTION('',(0.,-1.,-3.58136459556502E-16));
#12068=DIRECTION('center_axis',(1.,0.,0.));
#12069=DIRECTION('ref_axis',(0.,-0.707106781186548,-0.707106781186548));
#12070=DIRECTION('',(1.,0.,0.));
#12071=DIRECTION('center_axis',(-1.,0.,0.));
#12072=DIRECTION('ref_axis',(0.,-0.707106781186548,-0.707106781186548));
#12073=DIRECTION('center_axis',(0.,1.,5.84327907697451E-16));
#12074=DIRECTION('ref_axis',(0.,-5.84327907697451E-16,1.));
#12075=DIRECTION('',(-1.,0.,0.));
#12076=DIRECTION('',(0.,-5.84327907697451E-16,1.));
#12077=DIRECTION('center_axis',(1.,0.,0.));
#12078=DIRECTION('ref_axis',(0.,0.707106781186547,0.707106781186548));
#12079=DIRECTION('',(1.,0.,0.));
#12080=DIRECTION('center_axis',(1.,0.,0.));
#12081=DIRECTION('ref_axis',(0.,0.707106781186546,0.707106781186549));
#12082=DIRECTION('center_axis',(0.,0.,1.));
#12083=DIRECTION('ref_axis',(0.,-1.,0.));
#12084=DIRECTION('',(0.,1.,-1.33584702196638E-16));
#12085=DIRECTION('center_axis',(0.707106781186548,0.,0.707106781186548));
#12086=DIRECTION('ref_axis',(0.707106781186548,0.,-0.707106781186548));
#12087=DIRECTION('',(0.,-1.,1.33584702196638E-16));
#12088=DIRECTION('',(-0.707106781186548,2.4532694666934E-16,0.707106781186548));
#12089=DIRECTION('center_axis',(0.707106781186548,-0.707106781186548,-1.65272890387766E-15));
#12090=DIRECTION('ref_axis',(-2.3373116307898E-15,0.,-1.));
#12091=DIRECTION('',(0.707106781186548,0.707106781186548,0.));
#12092=DIRECTION('',(0.,-2.3373116307898E-15,1.));
#12093=DIRECTION('',(-0.707106781186548,-0.707106781186548,0.));
#12094=DIRECTION('center_axis',(1.,0.,0.));
#12095=DIRECTION('ref_axis',(0.,0.707106781186547,-0.707106781186547));
#12096=DIRECTION('',(0.707106781186548,0.,-0.707106781186548));
#12097=DIRECTION('center_axis',(1.,0.,0.));
#12098=DIRECTION('ref_axis',(0.,0.707106781186547,-0.707106781186547));
#12099=DIRECTION('center_axis',(0.707106781186548,-2.53240719142544E-16,
0.707106781186548));
#12100=DIRECTION('ref_axis',(0.707106781186548,0.,-0.707106781186548));
#12101=DIRECTION('',(0.707106781186548,-4.90653893338679E-16,-0.707106781186548));
#12102=DIRECTION('',(0.,1.,3.58136459556502E-16));
#12103=DIRECTION('center_axis',(1.,0.,0.));
#12104=DIRECTION('ref_axis',(0.,-0.707106781186548,-0.707106781186548));
#12105=DIRECTION('',(0.707106781186547,-0.707106781186548,0.));
#12106=DIRECTION('center_axis',(1.,0.,0.));
#12107=DIRECTION('ref_axis',(0.,-0.707106781186547,-0.707106781186547));
#12108=DIRECTION('center_axis',(0.707106781186547,0.707106781186548,4.13182225969415E-16));
#12109=DIRECTION('ref_axis',(5.84327907697451E-16,0.,-1.));
#12110=DIRECTION('',(0.707106781186548,-0.707106781186547,0.));
#12111=DIRECTION('',(0.,5.84327907697451E-16,-1.));
#12112=DIRECTION('center_axis',(0.707106781186547,-0.707106781186548,-1.04672830578918E-15));
#12113=DIRECTION('ref_axis',(-1.48029736616688E-15,0.,-1.));
#12114=DIRECTION('',(0.707106781186548,0.707106781186547,0.));
#12115=DIRECTION('',(0.,-1.48029736616688E-15,1.));
#12116=DIRECTION('',(-0.70710678118655,-0.707106781186545,-9.81307786677361E-16));
#12117=DIRECTION('center_axis',(-1.,0.,0.));
#12118=DIRECTION('ref_axis',(0.,-0.707106781186547,-0.707106781186548));
#12119=DIRECTION('',(0.707106781186548,-3.92523114670944E-15,0.707106781186547));
#12120=DIRECTION('center_axis',(-1.,0.,0.));
#12121=DIRECTION('ref_axis',(0.,-0.707106781186547,-0.707106781186548));
#12122=DIRECTION('center_axis',(0.707106781186548,3.2710259555912E-16,-0.707106781186548));
#12123=DIRECTION('ref_axis',(-0.707106781186548,0.,-0.707106781186548));
#12124=DIRECTION('',(0.707106781186546,0.,0.707106781186548));
#12125=DIRECTION('',(0.,-1.,-4.62592926927148E-16));
#12126=DIRECTION('center_axis',(-1.,0.,0.));
#12127=DIRECTION('ref_axis',(0.,0.707106781186547,-0.707106781186548));
#12128=DIRECTION('',(0.707106781186548,-0.707106781186548,9.81307786677358E-16));
#12129=DIRECTION('center_axis',(-1.,0.,0.));
#12130=DIRECTION('ref_axis',(0.,0.707106781186547,-0.707106781186548));
#12131=DIRECTION('center_axis',(0.707106781186548,0.707106781186548,0.));
#12132=DIRECTION('ref_axis',(0.,0.,-1.));
#12133=DIRECTION('',(0.707106781186548,-0.707106781186548,0.));
#12134=DIRECTION('',(0.,0.,-1.));
#12135=DIRECTION('center_axis',(-1.,0.,0.));
#12136=DIRECTION('ref_axis',(0.,0.707106781186545,0.70710678118655));
#12137=DIRECTION('',(0.707106781186544,0.,-0.707106781186551));
#12138=DIRECTION('center_axis',(-1.,0.,0.));
#12139=DIRECTION('ref_axis',(0.,0.707106781186545,0.70710678118655));
#12140=DIRECTION('center_axis',(0.707106781186548,-5.2924464899453E-16,
0.707106781186548));
#12141=DIRECTION('ref_axis',(0.707106781186548,0.,-0.707106781186548));
#12142=DIRECTION('',(0.70710678118655,0.,-0.707106781186545));
#12143=DIRECTION('',(0.,1.,7.48464960421453E-16));
#12144=DIRECTION('center_axis',(0.707106781186548,2.98438966051362E-16,
-0.707106781186547));
#12145=DIRECTION('ref_axis',(-0.707106781186547,0.,-0.707106781186548));
#12146=DIRECTION('',(0.707106781186547,0.,0.707106781186548));
#12147=DIRECTION('',(0.,-1.,-4.22056433330439E-16));
#12148=DIRECTION('',(-0.707106781186547,0.,-0.707106781186548));
#12149=DIRECTION('center_axis',(1.,0.,0.));
#12150=DIRECTION('ref_axis',(0.,0.707106781186548,0.707106781186547));
#12151=DIRECTION('',(0.707106781186548,0.707106781186548,-1.2266347333467E-16));
#12152=DIRECTION('center_axis',(1.,0.,0.));
#12153=DIRECTION('ref_axis',(0.,0.707106781186548,0.707106781186547));
#12154=DIRECTION('center_axis',(0.707106781186548,-0.707106781186548,0.));
#12155=DIRECTION('ref_axis',(0.,0.,-1.));
#12156=DIRECTION('',(0.707106781186548,0.707106781186548,0.));
#12157=DIRECTION('',(0.,0.,1.));
#12158=DIRECTION('center_axis',(1.,0.,0.));
#12159=DIRECTION('ref_axis',(0.,0.707106781186547,-0.707106781186547));
#12160=DIRECTION('',(0.707106781186549,0.,-0.707106781186546));
#12161=DIRECTION('center_axis',(1.,0.,0.));
#12162=DIRECTION('ref_axis',(0.,0.707106781186548,-0.707106781186548));
#12163=DIRECTION('center_axis',(0.707106781186547,-6.54205191118237E-16,
0.707106781186548));
#12164=DIRECTION('ref_axis',(0.707106781186548,0.,-0.707106781186547));
#12165=DIRECTION('',(0.707106781186548,0.,-0.707106781186547));
#12166=DIRECTION('',(0.,1.,9.25185853854292E-16));
#12167=DIRECTION('center_axis',(0.707106781186548,-2.5529958677785E-16,
-0.707106781186548));
#12168=DIRECTION('ref_axis',(-0.707106781186548,0.,-0.707106781186548));
#12169=DIRECTION('',(0.,1.,-3.61048138089483E-16));
#12170=DIRECTION('',(0.707106781186546,0.,0.707106781186548));
#12171=DIRECTION('',(0.,1.,2.27463435892845E-16));
#12172=DIRECTION('center_axis',(1.,0.,0.));
#12173=DIRECTION('ref_axis',(0.,0.707106781186547,0.707106781186547));
#12174=DIRECTION('center_axis',(-1.,0.,0.));
#12175=DIRECTION('ref_axis',(0.,0.707106781186548,0.707106781186548));
#12176=DIRECTION('',(0.707106781186548,0.707106781186548,1.96261557335472E-15));
#12177=DIRECTION('center_axis',(1.,0.,0.));
#12178=DIRECTION('ref_axis',(0.,0.707106781186548,0.707106781186548));
#12179=DIRECTION('center_axis',(0.707106781186548,-0.707106781186548,-1.22118302342071E-15));
#12180=DIRECTION('ref_axis',(-1.72701359386135E-15,0.,-1.));
#12181=DIRECTION('',(0.707106781186546,0.707106781186548,2.20794252002405E-15));
#12182=DIRECTION('',(0.,-1.72701359386135E-15,1.));
#12183=DIRECTION('',(0.,1.72701359386135E-15,-1.));
#12184=DIRECTION('center_axis',(-1.,0.,0.));
#12185=DIRECTION('ref_axis',(0.,-0.70710678118655,-0.707106781186545));
#12186=DIRECTION('center_axis',(1.,0.,0.));
#12187=DIRECTION('ref_axis',(0.,-0.70710678118655,-0.707106781186545));
#12188=DIRECTION('center_axis',(-1.,0.,0.));
#12189=DIRECTION('ref_axis',(0.,-0.707106781186547,0.707106781186548));
#12190=DIRECTION('center_axis',(-1.,0.,0.));
#12191=DIRECTION('ref_axis',(0.,-0.707106781186548,0.707106781186548));
#12192=DIRECTION('center_axis',(-1.,0.,0.));
#12193=DIRECTION('ref_axis',(0.,0.707106781186546,0.707106781186549));
#12194=DIRECTION('center_axis',(1.,0.,0.));
#12195=DIRECTION('ref_axis',(0.,-0.707106781186549,-0.707106781186546));
#12196=DIRECTION('',(-1.,0.,0.));
#12197=DIRECTION('center_axis',(0.,-1.,-1.72701359386135E-15));
#12198=DIRECTION('ref_axis',(0.,1.72701359386135E-15,-1.));
#12199=DIRECTION('',(1.,0.,0.));
#12200=DIRECTION('center_axis',(1.,0.,0.));
#12201=DIRECTION('ref_axis',(0.,0.707106781186548,0.707106781186548));
#12202=DIRECTION('',(-1.,0.,0.));
#12203=DIRECTION('center_axis',(0.,-3.61048138089483E-16,-1.));
#12204=DIRECTION('ref_axis',(0.,1.,-3.61048138089483E-16));
#12205=DIRECTION('center_axis',(1.,0.,0.));
#12206=DIRECTION('ref_axis',(0.,0.,-1.));
#12207=DIRECTION('center_axis',(1.,0.,0.));
#12208=DIRECTION('ref_axis',(0.,0.,-1.));
#12209=DIRECTION('axis',(0.,0.,1.));
#12210=DIRECTION('refdir',(1.,0.,0.));
#12211=DIRECTION('center_axis',(0.707106781186548,-0.707106781186547,1.31564167220674E-15));
#12212=DIRECTION('ref_axis',(-1.72701359386135E-15,1.33584702196638E-16,
1.));
#12213=DIRECTION('',(-0.707106781186547,-0.707106781186548,2.05707422214075E-15));
#12214=DIRECTION('',(0.,1.86059829605799E-15,1.));
#12215=DIRECTION('',(0.707106781186546,0.707106781186549,-2.30240116881008E-15));
#12216=DIRECTION('',(0.,-1.86059829605799E-15,-1.));
#12217=DIRECTION('center_axis',(-1.,0.,0.));
#12218=DIRECTION('ref_axis',(0.,-0.707106781186547,0.707106781186548));
#12219=DIRECTION('center_axis',(1.,0.,0.));
#12220=DIRECTION('ref_axis',(0.,-0.707106781186547,0.707106781186548));
#12221=DIRECTION('',(-0.707106781186546,9.44586487860283E-17,0.707106781186549));
#12222=DIRECTION('center_axis',(-1.,0.,0.));
#12223=DIRECTION('ref_axis',(0.,-0.707106781186547,0.707106781186548));
#12224=DIRECTION('center_axis',(0.707106781186547,-7.48663839904265E-16,
-0.707106781186548));
#12225=DIRECTION('ref_axis',(0.707106781186548,9.4458648786028E-17,0.707106781186547));
#12226=DIRECTION('',(-0.707106781186548,-9.4458648786028E-17,-0.707106781186547));
#12227=DIRECTION('',(0.,-1.,1.05877055605093E-15));
#12228=DIRECTION('',(0.707106781186548,9.4458648786028E-17,0.707106781186547));
#12229=DIRECTION('',(0.,1.,-1.05877055605093E-15));
#12230=DIRECTION('center_axis',(-1.,0.,0.));
#12231=DIRECTION('ref_axis',(0.,-0.707106781186548,-0.707106781186547));
#12232=DIRECTION('center_axis',(1.,0.,0.));
#12233=DIRECTION('ref_axis',(0.,-0.707106781186548,-0.707106781186547));
#12234=DIRECTION('',(-0.707106781186547,-0.707106781186548,9.44586487860282E-17));
#12235=DIRECTION('center_axis',(-1.,0.,0.));
#12236=DIRECTION('ref_axis',(0.,-0.707106781186548,-0.707106781186547));
#12237=DIRECTION('center_axis',(0.707106781186548,-0.707106781186547,9.44586487860281E-17));
#12238=DIRECTION('ref_axis',(0.,1.33584702196638E-16,1.));
#12239=DIRECTION('',(-0.707106781186547,-0.707106781186548,9.44586487860282E-17));
#12240=DIRECTION('',(0.,1.33584702196638E-16,1.));
#12241=DIRECTION('',(0.,-1.33584702196638E-16,-1.));
#12242=DIRECTION('center_axis',(-1.,0.,0.));
#12243=DIRECTION('ref_axis',(0.,-0.707106781186548,0.707106781186547));
#12244=DIRECTION('center_axis',(1.,0.,0.));
#12245=DIRECTION('ref_axis',(0.,-0.707106781186548,0.707106781186547));
#12246=DIRECTION('',(-0.707106781186548,9.44586487860281E-17,0.707106781186547));
#12247=DIRECTION('center_axis',(-1.,0.,0.));
#12248=DIRECTION('ref_axis',(0.,-0.707106781186548,0.707106781186547));
#12249=DIRECTION('center_axis',(0.707106781186548,3.9289761483739E-16,0.707106781186547));
#12250=DIRECTION('ref_axis',(-0.707106781186547,9.44586487860282E-17,0.707106781186548));
#12251=DIRECTION('',(-0.707106781186547,9.44586487860282E-17,0.707106781186548));
#12252=DIRECTION('',(0.,1.,-5.55641135527077E-16));
#12253=DIRECTION('',(0.,-1.,5.55641135527077E-16));
#12254=DIRECTION('center_axis',(0.707106781186548,-6.23703297780558E-16,
-0.707106781186547));
#12255=DIRECTION('ref_axis',(0.707106781186547,9.44586487860282E-17,0.707106781186548));
#12256=DIRECTION('',(-0.707106781186549,-9.44586487860279E-17,-0.707106781186546));
#12257=DIRECTION('',(0.,-1.,8.82049662618091E-16));
#12258=DIRECTION('',(0.707106781186547,9.44586487860282E-17,0.707106781186548));
#12259=DIRECTION('',(0.,1.,-8.82049662618091E-16));
#12260=DIRECTION('center_axis',(1.,0.,0.));
#12261=DIRECTION('ref_axis',(0.,-0.707106781186545,0.70710678118655));
#12262=DIRECTION('center_axis',(-1.,0.,0.));
#12263=DIRECTION('ref_axis',(0.,-0.707106781186545,0.70710678118655));
#12264=DIRECTION('',(-0.707106781186549,0.707106781186546,-9.44586487860279E-17));
#12265=DIRECTION('center_axis',(1.,0.,0.));
#12266=DIRECTION('ref_axis',(0.,-0.707106781186545,0.70710678118655));
#12267=DIRECTION('center_axis',(0.707106781186548,0.707106781186547,-9.44586487860281E-17));
#12268=DIRECTION('ref_axis',(0.,1.33584702196638E-16,1.));
#12269=DIRECTION('',(-0.707106781186547,0.707106781186548,-9.44586487860282E-17));
#12270=DIRECTION('',(0.,-1.33584702196638E-16,-1.));
#12271=DIRECTION('',(0.,1.33584702196638E-16,1.));
#12272=DIRECTION('center_axis',(1.,0.,0.));
#12273=DIRECTION('ref_axis',(0.,-0.707106781186547,-0.707106781186548));
#12274=DIRECTION('center_axis',(-1.,0.,0.));
#12275=DIRECTION('ref_axis',(0.,-0.707106781186547,-0.707106781186548));
#12276=DIRECTION('',(-0.707106781186547,9.44586487860282E-17,0.707106781186548));
#12277=DIRECTION('center_axis',(1.,0.,0.));
#12278=DIRECTION('ref_axis',(0.,-0.707106781186547,-0.707106781186548));
#12279=DIRECTION('center_axis',(0.707106781186548,4.21561244345148E-16,
0.707106781186547));
#12280=DIRECTION('ref_axis',(-0.707106781186547,9.44586487860282E-17,0.707106781186548));
#12281=DIRECTION('',(-0.707106781186546,9.44586487860283E-17,0.707106781186549));
#12282=DIRECTION('',(0.,1.,-5.96177629123786E-16));
#12283=DIRECTION('',(0.,-1.,5.96177629123786E-16));
#12284=DIRECTION('center_axis',(1.,0.,0.));
#12285=DIRECTION('ref_axis',(0.,0.707106781186547,-0.707106781186548));
#12286=DIRECTION('center_axis',(-1.,0.,0.));
#12287=DIRECTION('ref_axis',(0.,0.707106781186546,-0.707106781186548));
#12288=DIRECTION('',(-0.707106781186548,-0.707106781186547,1.07576643546339E-15));
#12289=DIRECTION('center_axis',(1.,0.,0.));
#12290=DIRECTION('ref_axis',(0.,0.707106781186547,-0.707106781186548));
#12291=DIRECTION('center_axis',(0.707106781186547,-0.707106781186548,1.14118695457521E-15));
#12292=DIRECTION('ref_axis',(-1.48029736616688E-15,1.33584702196638E-16,
1.));
#12293=DIRECTION('',(-0.707106781186549,-0.707106781186546,1.07576643546339E-15));
#12294=DIRECTION('',(0.,1.61388206836351E-15,1.));
#12295=DIRECTION('',(0.,-1.61388206836351E-15,-1.));
#12296=DIRECTION('center_axis',(0.707106781186548,0.707106781186548,-5.07640874755443E-16));
#12297=DIRECTION('ref_axis',(5.84327907697451E-16,1.33584702196638E-16,
1.));
#12298=DIRECTION('',(-0.707106781186547,0.707106781186547,-9.44586487860281E-17));
#12299=DIRECTION('',(0.,-7.17912609894089E-16,-1.));
#12300=DIRECTION('',(0.707106781186547,-0.707106781186548,9.44586487860282E-17));
#12301=DIRECTION('',(0.,7.17912609894089E-16,1.));
#12302=DIRECTION('center_axis',(-1.,0.,0.));
#12303=DIRECTION('ref_axis',(0.,0.707106781186547,-0.707106781186548));
#12304=DIRECTION('center_axis',(1.,0.,0.));
#12305=DIRECTION('ref_axis',(0.,0.707106781186547,-0.707106781186548));
#12306=DIRECTION('',(-0.707106781186547,-5.85112542124708E-16,-0.707106781186548));
#12307=DIRECTION('center_axis',(-1.,0.,0.));
#12308=DIRECTION('ref_axis',(0.,0.707106781186547,-0.707106781186548));
#12309=DIRECTION('center_axis',(0.707106781186548,-3.47699367928572E-16,
-0.707106781186547));
#12310=DIRECTION('ref_axis',(0.707106781186547,9.44586487860282E-17,0.707106781186548));
#12311=DIRECTION('',(-0.707106781186547,-9.44586487860282E-17,-0.707106781186548));
#12312=DIRECTION('',(0.,-1.,4.9172116175314E-16));
#12313=DIRECTION('',(0.,1.,-4.9172116175314E-16));
#12314=DIRECTION('center_axis',(-1.,0.,0.));
#12315=DIRECTION('ref_axis',(0.,-0.707106781186548,-0.707106781186547));
#12316=DIRECTION('center_axis',(1.,0.,0.));
#12317=DIRECTION('ref_axis',(0.,-0.707106781186548,-0.707106781186547));
#12318=DIRECTION('',(-0.707106781186549,-0.707106781186546,9.44586487860279E-17));
#12319=DIRECTION('center_axis',(-1.,0.,0.));
#12320=DIRECTION('ref_axis',(0.,-0.707106781186548,-0.707106781186547));
#12321=DIRECTION('center_axis',(0.707106781186548,-0.707106781186547,1.74718755266369E-15));
#12322=DIRECTION('ref_axis',(-2.3373116307898E-15,1.33584702196638E-16,
1.));
#12323=DIRECTION('',(-0.707106781186547,-0.707106781186548,9.44586487860282E-17));
#12324=DIRECTION('',(0.,2.47089633298644E-15,1.));
#12325=DIRECTION('',(0.,-2.47089633298644E-15,-1.));
#12326=DIRECTION('center_axis',(1.,0.,0.));
#12327=DIRECTION('ref_axis',(0.,-0.707106781186546,0.707106781186549));
#12328=DIRECTION('',(-0.707106781186547,1.50868297883312E-16,-0.707106781186548));
#12329=DIRECTION('center_axis',(1.,0.,0.));
#12330=DIRECTION('ref_axis',(0.,-0.707106781186546,0.707106781186549));
#12331=DIRECTION('center_axis',(1.,0.,0.));
#12332=DIRECTION('ref_axis',(0.,0.707106781186545,0.70710678118655));
#12333=DIRECTION('center_axis',(1.,0.,0.));
#12334=DIRECTION('ref_axis',(0.,0.707106781186545,0.70710678118655));
#12335=DIRECTION('center_axis',(1.,0.,0.));
#12336=DIRECTION('ref_axis',(0.,0.707106781186547,0.707106781186548));
#12337=DIRECTION('center_axis',(1.,0.,0.));
#12338=DIRECTION('ref_axis',(0.,0.707106781186547,0.707106781186548));
#12339=DIRECTION('center_axis',(1.,0.,0.));
#12340=DIRECTION('ref_axis',(0.,0.70710678118655,-0.707106781186545));
#12341=DIRECTION('center_axis',(1.,0.,0.));
#12342=DIRECTION('ref_axis',(0.,0.70710678118655,-0.707106781186545));
#12343=DIRECTION('center_axis',(0.,5.55641135527077E-16,1.));
#12344=DIRECTION('ref_axis',(0.,-1.,5.55641135527077E-16));
#12345=DIRECTION('',(1.,0.,0.));
#12346=DIRECTION('',(0.,-1.,5.55641135527077E-16));
#12347=DIRECTION('',(-1.,0.,0.));
#12348=DIRECTION('center_axis',(-1.,0.,0.));
#12349=DIRECTION('ref_axis',(0.,-0.707106781186548,0.707106781186547));
#12350=DIRECTION('center_axis',(1.,0.,0.));
#12351=DIRECTION('ref_axis',(0.,-0.707106781186548,0.707106781186547));
#12352=DIRECTION('',(1.,0.,0.));
#12353=DIRECTION('center_axis',(0.,-1.,1.33584702196638E-16));
#12354=DIRECTION('ref_axis',(0.,-1.33584702196638E-16,-1.));
#12355=DIRECTION('',(0.,-1.33584702196638E-16,-1.));
#12356=DIRECTION('',(-1.,0.,0.));
#12357=DIRECTION('center_axis',(-1.,0.,0.));
#12358=DIRECTION('ref_axis',(0.,-0.707106781186548,-0.707106781186547));
#12359=DIRECTION('center_axis',(1.,0.,0.));
#12360=DIRECTION('ref_axis',(0.,-0.707106781186548,-0.707106781186547));
#12361=DIRECTION('',(1.,0.,0.));
#12362=DIRECTION('center_axis',(0.,-1.05877055605093E-15,-1.));
#12363=DIRECTION('ref_axis',(0.,1.,-1.05877055605093E-15));
#12364=DIRECTION('',(0.,1.,-1.05877055605093E-15));
#12365=DIRECTION('',(-1.,0.,0.));
#12366=DIRECTION('center_axis',(-1.,0.,0.));
#12367=DIRECTION('ref_axis',(0.,0.707106781186547,0.707106781186548));
#12368=DIRECTION('center_axis',(-1.,0.,0.));
#12369=DIRECTION('ref_axis',(0.,0.707106781186547,0.707106781186548));
#12370=DIRECTION('',(1.,0.,0.));
#12371=DIRECTION('center_axis',(0.,-1.,1.61388206836351E-15));
#12372=DIRECTION('ref_axis',(0.,-1.61388206836351E-15,-1.));
#12373=DIRECTION('',(0.,-1.61388206836351E-15,-1.));
#12374=DIRECTION('',(-1.,0.,0.));
#12375=DIRECTION('center_axis',(-1.,0.,0.));
#12376=DIRECTION('ref_axis',(0.,0.707106781186547,-0.707106781186548));
#12377=DIRECTION('center_axis',(-1.,0.,0.));
#12378=DIRECTION('ref_axis',(0.,0.707106781186547,-0.707106781186548));
#12379=DIRECTION('',(1.,0.,0.));
#12380=DIRECTION('center_axis',(0.,5.96177629123786E-16,1.));
#12381=DIRECTION('ref_axis',(0.,-1.,5.96177629123786E-16));
#12382=DIRECTION('',(0.,-1.,5.96177629123786E-16));
#12383=DIRECTION('',(-1.,0.,0.));
#12384=DIRECTION('center_axis',(-1.,0.,0.));
#12385=DIRECTION('ref_axis',(0.,-0.707106781186547,-0.707106781186548));
#12386=DIRECTION('center_axis',(-1.,0.,0.));
#12387=DIRECTION('ref_axis',(0.,-0.707106781186547,-0.707106781186548));
#12388=DIRECTION('',(1.,0.,0.));
#12389=DIRECTION('center_axis',(0.,1.,-1.33584702196638E-16));
#12390=DIRECTION('ref_axis',(0.,1.33584702196638E-16,1.));
#12391=DIRECTION('',(0.,1.33584702196638E-16,1.));
#12392=DIRECTION('',(-1.,0.,0.));
#12393=DIRECTION('center_axis',(-1.,0.,0.));
#12394=DIRECTION('ref_axis',(0.,-0.707106781186545,0.70710678118655));
#12395=DIRECTION('center_axis',(-1.,0.,0.));
#12396=DIRECTION('ref_axis',(0.,-0.707106781186545,0.70710678118655));
#12397=DIRECTION('',(1.,0.,0.));
#12398=DIRECTION('center_axis',(0.,-8.82049662618091E-16,-1.));
#12399=DIRECTION('ref_axis',(0.,1.,-8.82049662618091E-16));
#12400=DIRECTION('',(0.,1.,-8.82049662618091E-16));
#12401=DIRECTION('',(-1.,0.,0.));
#12402=DIRECTION('center_axis',(-1.,0.,0.));
#12403=DIRECTION('ref_axis',(0.,0.707106781186544,0.707106781186551));
#12404=DIRECTION('center_axis',(-1.,0.,0.));
#12405=DIRECTION('ref_axis',(0.,0.707106781186545,0.70710678118655));
#12406=DIRECTION('',(1.,0.,0.));
#12407=DIRECTION('center_axis',(0.,-1.,2.47089633298644E-15));
#12408=DIRECTION('ref_axis',(0.,-2.47089633298644E-15,-1.));
#12409=DIRECTION('',(0.,-2.47089633298644E-15,-1.));
#12410=DIRECTION('',(-1.,0.,0.));
#12411=DIRECTION('center_axis',(-1.,0.,0.));
#12412=DIRECTION('ref_axis',(0.,-0.707106781186548,-0.707106781186547));
#12413=DIRECTION('center_axis',(1.,0.,0.));
#12414=DIRECTION('ref_axis',(0.,-0.707106781186548,-0.707106781186547));
#12415=DIRECTION('',(1.,0.,0.));
#12416=DIRECTION('center_axis',(0.,-4.9172116175314E-16,-1.));
#12417=DIRECTION('ref_axis',(0.,1.,-4.9172116175314E-16));
#12418=DIRECTION('',(0.,1.,-4.9172116175314E-16));
#12419=DIRECTION('',(-1.,0.,0.));
#12420=DIRECTION('center_axis',(-1.,0.,0.));
#12421=DIRECTION('ref_axis',(0.,0.707106781186547,-0.707106781186548));
#12422=DIRECTION('center_axis',(1.,0.,0.));
#12423=DIRECTION('ref_axis',(0.,0.707106781186547,-0.707106781186548));
#12424=DIRECTION('',(1.,0.,0.));
#12425=DIRECTION('center_axis',(0.,1.,-7.17912609894089E-16));
#12426=DIRECTION('ref_axis',(0.,7.17912609894089E-16,1.));
#12427=DIRECTION('',(0.,7.17912609894089E-16,1.));
#12428=DIRECTION('',(-1.,0.,0.));
#12429=DIRECTION('center_axis',(-1.,0.,0.));
#12430=DIRECTION('ref_axis',(0.,-0.707106781186547,0.707106781186548));
#12431=DIRECTION('center_axis',(-1.,0.,0.));
#12432=DIRECTION('ref_axis',(0.,-0.707106781186546,0.707106781186549));
#12433=DIRECTION('',(1.,0.,0.));
#12434=DIRECTION('center_axis',(-0.707106781186548,-0.707106781186548,1.74718755266369E-15));
#12435=DIRECTION('ref_axis',(-2.3373116307898E-15,-1.33584702196638E-16,
-1.));
#12436=DIRECTION('',(0.707106781186548,-0.707106781186548,9.44586487860281E-17));
#12437=DIRECTION('',(-0.707106781186548,0.707106781186548,-9.44586487860281E-17));
#12438=DIRECTION('',(0.,2.47089633298644E-15,1.));
#12439=DIRECTION('center_axis',(1.,0.,0.));
#12440=DIRECTION('ref_axis',(0.,-0.707106781186548,-0.707106781186547));
#12441=DIRECTION('center_axis',(-1.,0.,0.));
#12442=DIRECTION('ref_axis',(0.,-0.707106781186548,-0.707106781186547));
#12443=DIRECTION('',(0.707106781186548,-9.44586487860281E-17,-0.707106781186548));
#12444=DIRECTION('center_axis',(-0.707106781186548,-3.47699367928573E-16,
-0.707106781186548));
#12445=DIRECTION('ref_axis',(0.707106781186548,-9.44586487860281E-17,-0.707106781186548));
#12446=DIRECTION('',(0.707106781186548,3.96195244552651E-16,-0.707106781186548));
#12447=DIRECTION('',(0.,-1.,4.9172116175314E-16));
#12448=DIRECTION('center_axis',(1.,0.,0.));
#12449=DIRECTION('ref_axis',(0.,0.707106781186547,-0.707106781186548));
#12450=DIRECTION('center_axis',(-1.,0.,0.));
#12451=DIRECTION('ref_axis',(0.,0.707106781186547,-0.707106781186548));
#12452=DIRECTION('',(0.707106781186547,0.707106781186548,-9.44586487860282E-17));
#12453=DIRECTION('center_axis',(-0.707106781186547,0.707106781186548,-5.07640874755443E-16));
#12454=DIRECTION('ref_axis',(5.84327907697451E-16,-1.33584702196638E-16,
-1.));
#12455=DIRECTION('',(0.707106781186548,0.707106781186547,-9.44586487860281E-17));
#12456=DIRECTION('',(0.,-7.17912609894089E-16,-1.));
#12457=DIRECTION('center_axis',(-0.707106781186547,-0.707106781186548,1.14118695457521E-15));
#12458=DIRECTION('ref_axis',(-1.48029736616688E-15,-1.33584702196638E-16,
-1.));
#12459=DIRECTION('',(0.707106781186548,-0.707106781186547,9.4458648786028E-17));
#12460=DIRECTION('',(-0.70710678118655,0.707106781186545,-1.07576643546339E-15));
#12461=DIRECTION('',(0.,1.61388206836351E-15,1.));
#12462=DIRECTION('center_axis',(-1.,0.,0.));
#12463=DIRECTION('ref_axis',(0.,0.707106781186547,-0.707106781186548));
#12464=DIRECTION('center_axis',(1.,0.,0.));
#12465=DIRECTION('ref_axis',(0.,0.707106781186546,-0.707106781186548));
#12466=DIRECTION('',(0.707106781186548,4.01968979549547E-15,0.707106781186547));
#12467=DIRECTION('center_axis',(-0.707106781186548,4.21561244345148E-16,
0.707106781186548));
#12468=DIRECTION('ref_axis',(-0.707106781186548,-9.44586487860281E-17,-0.707106781186548));
#12469=DIRECTION('',(0.707106781186546,9.44586487860283E-17,0.707106781186548));
#12470=DIRECTION('',(0.,1.,-5.96177629123786E-16));
#12471=DIRECTION('center_axis',(-1.,0.,0.));
#12472=DIRECTION('ref_axis',(0.,-0.707106781186547,-0.707106781186548));
#12473=DIRECTION('center_axis',(1.,0.,0.));
#12474=DIRECTION('ref_axis',(0.,-0.707106781186547,-0.707106781186548));
#12475=DIRECTION('',(0.707106781186548,0.707106781186548,8.8684913789133E-16));
#12476=DIRECTION('center_axis',(-0.707106781186548,0.707106781186548,-9.44586487860282E-17));
#12477=DIRECTION('ref_axis',(0.,-1.33584702196638E-16,-1.));
#12478=DIRECTION('',(0.707106781186548,0.707106781186548,-9.44586487860281E-17));
#12479=DIRECTION('',(0.,-1.33584702196638E-16,-1.));
#12480=DIRECTION('center_axis',(-1.,0.,0.));
#12481=DIRECTION('ref_axis',(0.,-0.707106781186545,0.70710678118655));
#12482=DIRECTION('center_axis',(1.,0.,0.));
#12483=DIRECTION('ref_axis',(0.,-0.707106781186545,0.70710678118655));
#12484=DIRECTION('',(0.707106781186544,-9.44586487860287E-17,-0.707106781186551));
#12485=DIRECTION('center_axis',(-0.707106781186548,-6.23703297780559E-16,
-0.707106781186548));
#12486=DIRECTION('ref_axis',(0.707106781186548,-9.44586487860281E-17,-0.707106781186548));
#12487=DIRECTION('',(0.707106781186548,-9.44586487860281E-17,-0.707106781186548));
#12488=DIRECTION('',(0.,-1.,8.82049662618091E-16));
#12489=DIRECTION('center_axis',(-0.707106781186548,3.9289761483739E-16,
0.707106781186547));
#12490=DIRECTION('ref_axis',(-0.707106781186547,-9.44586487860281E-17,-0.707106781186548));
#12491=DIRECTION('',(0.707106781186547,9.44586487860281E-17,0.707106781186548));
#12492=DIRECTION('',(-0.707106781186547,-9.44586487860281E-17,-0.707106781186548));
#12493=DIRECTION('',(0.,1.,-5.55641135527077E-16));
#12494=DIRECTION('center_axis',(1.,0.,0.));
#12495=DIRECTION('ref_axis',(0.,-0.707106781186548,0.707106781186547));
#12496=DIRECTION('center_axis',(-1.,0.,0.));
#12497=DIRECTION('ref_axis',(0.,-0.707106781186548,0.707106781186547));
#12498=DIRECTION('',(0.707106781186548,-0.707106781186548,-2.82048245486416E-17));
#12499=DIRECTION('center_axis',(-0.707106781186548,-0.707106781186548,9.44586487860282E-17));
#12500=DIRECTION('ref_axis',(0.,-1.33584702196638E-16,-1.));
#12501=DIRECTION('',(0.707106781186548,-0.707106781186548,9.44586487860281E-17));
#12502=DIRECTION('',(0.,1.33584702196638E-16,1.));
#12503=DIRECTION('center_axis',(1.,0.,0.));
#12504=DIRECTION('ref_axis',(0.,-0.707106781186548,-0.707106781186547));
#12505=DIRECTION('center_axis',(-1.,0.,0.));
#12506=DIRECTION('ref_axis',(0.,-0.707106781186548,-0.707106781186547));
#12507=DIRECTION('',(0.707106781186549,-9.4458648786028E-17,-0.707106781186546));
#12508=DIRECTION('center_axis',(-0.707106781186547,-7.48663839904265E-16,
-0.707106781186548));
#12509=DIRECTION('ref_axis',(0.707106781186548,-9.4458648786028E-17,-0.707106781186547));
#12510=DIRECTION('',(0.707106781186548,-9.4458648786028E-17,-0.707106781186547));
#12511=DIRECTION('',(0.,-1.,1.05877055605093E-15));
#12512=DIRECTION('center_axis',(1.,0.,0.));
#12513=DIRECTION('ref_axis',(0.,-0.707106781186547,0.707106781186548));
#12514=DIRECTION('',(0.707106781186546,9.44586487860283E-17,0.707106781186548));
#12515=DIRECTION('center_axis',(-1.,0.,0.));
#12516=DIRECTION('ref_axis',(0.,-0.707106781186547,0.707106781186548));
#12517=DIRECTION('',(0.707106781186548,-0.707106781186548,2.05707422214074E-15));
#12518=DIRECTION('center_axis',(1.,0.,0.));
#12519=DIRECTION('ref_axis',(0.,-0.707106781186547,0.707106781186548));
#12520=DIRECTION('center_axis',(-0.707106781186548,-0.707106781186548,1.31564167220674E-15));
#12521=DIRECTION('ref_axis',(-1.72701359386135E-15,-1.33584702196638E-16,
-1.));
#12522=DIRECTION('',(0.707106781186546,-0.707106781186548,2.30240116881008E-15));
#12523=DIRECTION('',(0.,-1.86059829605799E-15,-1.));
#12524=DIRECTION('',(0.,1.86059829605799E-15,1.));
#12525=DIRECTION('center_axis',(-1.,0.,0.));
#12526=DIRECTION('ref_axis',(0.,0.70710678118655,-0.707106781186545));
#12527=DIRECTION('center_axis',(-1.,0.,0.));
#12528=DIRECTION('ref_axis',(0.,0.70710678118655,-0.707106781186545));
#12529=DIRECTION('center_axis',(-1.,0.,0.));
#12530=DIRECTION('ref_axis',(0.,0.707106781186547,0.707106781186548));
#12531=DIRECTION('center_axis',(-1.,0.,0.));
#12532=DIRECTION('ref_axis',(0.,0.707106781186545,0.70710678118655));
#12533=DIRECTION('center_axis',(-1.,0.,0.));
#12534=DIRECTION('ref_axis',(0.,-0.707106781186546,0.707106781186549));
#12535=DIRECTION('',(-0.707106781186548,-1.50868297883311E-16,0.707106781186548));
#12536=DIRECTION('center_axis',(-1.,0.,0.));
#12537=DIRECTION('ref_axis',(0.,0.707106781186549,-0.707106781186546));
#12538=DIRECTION('',(-1.,0.,0.));
#12539=DIRECTION('center_axis',(0.,-1.,1.86059829605799E-15));
#12540=DIRECTION('ref_axis',(0.,-1.86059829605799E-15,-1.));
#12541=DIRECTION('',(1.,0.,0.));
#12542=DIRECTION('center_axis',(-1.,0.,0.));
#12543=DIRECTION('ref_axis',(0.,-0.707106781186547,0.707106781186548));
#12544=DIRECTION('',(-1.,0.,0.));
#12545=DIRECTION('center_axis',(-0.707106781186548,-0.707106781186547,-1.22118302342071E-15));
#12546=DIRECTION('ref_axis',(-1.72701359386135E-15,0.,1.));
#12547=DIRECTION('',(-0.707106781186547,0.707106781186548,1.96261557335472E-15));
#12548=DIRECTION('',(0.,1.72701359386135E-15,-1.));
#12549=DIRECTION('',(0.707106781186546,-0.707106781186549,-2.20794252002405E-15));
#12550=DIRECTION('',(0.,-1.72701359386135E-15,1.));
#12551=DIRECTION('center_axis',(-1.,0.,0.));
#12552=DIRECTION('ref_axis',(0.,0.707106781186547,0.707106781186547));
#12553=DIRECTION('center_axis',(1.,0.,0.));
#12554=DIRECTION('ref_axis',(0.,0.707106781186548,0.707106781186548));
#12555=DIRECTION('',(-0.707106781186546,0.,0.707106781186549));
#12556=DIRECTION('center_axis',(-1.,0.,0.));
#12557=DIRECTION('ref_axis',(0.,0.707106781186548,0.707106781186548));
#12558=DIRECTION('center_axis',(-0.707106781186548,-2.5529958677785E-16,
-0.707106781186547));
#12559=DIRECTION('ref_axis',(-0.707106781186547,0.,0.707106781186548));
#12560=DIRECTION('',(0.,-1.,-2.27463435892845E-16));
#12561=DIRECTION('',(0.,-1.,3.61048138089483E-16));
#12562=DIRECTION('center_axis',(-0.707106781186547,-6.54205191118237E-16,
0.707106781186548));
#12563=DIRECTION('ref_axis',(0.707106781186548,0.,0.707106781186547));
#12564=DIRECTION('',(-0.707106781186548,0.,-0.707106781186547));
#12565=DIRECTION('',(0.,-1.,-9.25185853854292E-16));
#12566=DIRECTION('',(0.707106781186548,0.,0.707106781186547));
#12567=DIRECTION('',(0.,1.,9.25185853854292E-16));
#12568=DIRECTION('center_axis',(-1.,0.,0.));
#12569=DIRECTION('ref_axis',(0.,0.707106781186547,-0.707106781186547));
#12570=DIRECTION('center_axis',(1.,0.,0.));
#12571=DIRECTION('ref_axis',(0.,0.707106781186548,-0.707106781186548));
#12572=DIRECTION('',(-0.707106781186547,0.707106781186548,0.));
#12573=DIRECTION('center_axis',(-1.,0.,0.));
#12574=DIRECTION('ref_axis',(0.,0.707106781186548,-0.707106781186548));
#12575=DIRECTION('center_axis',(-0.707106781186548,-0.707106781186547,0.));
#12576=DIRECTION('ref_axis',(0.,0.,1.));
#12577=DIRECTION('',(-0.707106781186547,0.707106781186548,0.));
#12578=DIRECTION('',(0.,0.,-1.));
#12579=DIRECTION('',(0.,0.,1.));
#12580=DIRECTION('center_axis',(-1.,0.,0.));
#12581=DIRECTION('ref_axis',(0.,0.707106781186548,0.707106781186547));
#12582=DIRECTION('center_axis',(1.,0.,0.));
#12583=DIRECTION('ref_axis',(0.,0.707106781186548,0.707106781186547));
#12584=DIRECTION('',(-0.707106781186548,0.,0.707106781186547));
#12585=DIRECTION('center_axis',(-1.,0.,0.));
#12586=DIRECTION('ref_axis',(0.,0.707106781186548,0.707106781186547));
#12587=DIRECTION('center_axis',(-0.707106781186548,2.98438966051362E-16,
-0.707106781186547));
#12588=DIRECTION('ref_axis',(-0.707106781186547,0.,0.707106781186548));
#12589=DIRECTION('',(-0.707106781186547,0.,0.707106781186548));
#12590=DIRECTION('',(0.,1.,4.22056433330439E-16));
#12591=DIRECTION('',(0.,-1.,-4.22056433330439E-16));
#12592=DIRECTION('center_axis',(-0.707106781186548,-5.2924464899453E-16,
0.707106781186547));
#12593=DIRECTION('ref_axis',(0.707106781186547,0.,0.707106781186548));
#12594=DIRECTION('',(-0.707106781186549,0.,-0.707106781186546));
#12595=DIRECTION('',(0.,-1.,-7.48464960421453E-16));
#12596=DIRECTION('',(0.707106781186547,0.,0.707106781186548));
#12597=DIRECTION('',(0.,1.,7.48464960421453E-16));
#12598=DIRECTION('center_axis',(1.,0.,0.));
#12599=DIRECTION('ref_axis',(0.,0.707106781186545,0.70710678118655));
#12600=DIRECTION('center_axis',(-1.,0.,0.));
#12601=DIRECTION('ref_axis',(0.,0.707106781186545,0.70710678118655));
#12602=DIRECTION('',(-0.707106781186549,-0.707106781186546,0.));
#12603=DIRECTION('center_axis',(1.,0.,0.));
#12604=DIRECTION('ref_axis',(0.,0.707106781186545,0.70710678118655));
#12605=DIRECTION('center_axis',(-0.707106781186548,0.707106781186547,0.));
#12606=DIRECTION('ref_axis',(0.,0.,1.));
#12607=DIRECTION('',(-0.707106781186547,-0.707106781186548,0.));
#12608=DIRECTION('',(0.,0.,1.));
#12609=DIRECTION('',(0.,0.,-1.));
#12610=DIRECTION('center_axis',(1.,0.,0.));
#12611=DIRECTION('ref_axis',(0.,0.707106781186547,-0.707106781186548));
#12612=DIRECTION('center_axis',(-1.,0.,0.));
#12613=DIRECTION('ref_axis',(0.,0.707106781186547,-0.707106781186548));
#12614=DIRECTION('',(-0.707106781186547,0.,0.707106781186548));
#12615=DIRECTION('center_axis',(1.,0.,0.));
#12616=DIRECTION('ref_axis',(0.,0.707106781186547,-0.707106781186548));
#12617=DIRECTION('center_axis',(-0.707106781186548,3.2710259555912E-16,
-0.707106781186547));
#12618=DIRECTION('ref_axis',(-0.707106781186547,0.,0.707106781186548));
#12619=DIRECTION('',(-0.707106781186546,0.,0.707106781186549));
#12620=DIRECTION('',(0.,1.,4.62592926927148E-16));
#12621=DIRECTION('',(0.,-1.,-4.62592926927148E-16));
#12622=DIRECTION('center_axis',(1.,0.,0.));
#12623=DIRECTION('ref_axis',(0.,-0.707106781186547,-0.707106781186548));
#12624=DIRECTION('center_axis',(-1.,0.,0.));
#12625=DIRECTION('ref_axis',(0.,-0.707106781186547,-0.707106781186548));
#12626=DIRECTION('',(-0.707106781186548,0.707106781186547,9.8130778667736E-16));
#12627=DIRECTION('center_axis',(1.,0.,0.));
#12628=DIRECTION('ref_axis',(0.,-0.707106781186547,-0.707106781186548));
#12629=DIRECTION('center_axis',(-0.707106781186547,-0.707106781186548,-1.04672830578918E-15));
#12630=DIRECTION('ref_axis',(-1.48029736616688E-15,0.,1.));
#12631=DIRECTION('',(-0.707106781186549,0.707106781186546,9.81307786677362E-16));
#12632=DIRECTION('',(0.,1.48029736616688E-15,-1.));
#12633=DIRECTION('',(0.,-1.48029736616688E-15,1.));
#12634=DIRECTION('center_axis',(-0.707106781186548,0.707106781186548,4.13182225969414E-16));
#12635=DIRECTION('ref_axis',(5.84327907697451E-16,0.,1.));
#12636=DIRECTION('',(-0.707106781186547,-0.707106781186547,0.));
#12637=DIRECTION('',(0.,-5.84327907697451E-16,1.));
#12638=DIRECTION('',(0.707106781186547,0.707106781186548,0.));
#12639=DIRECTION('',(0.,5.84327907697451E-16,-1.));
#12640=DIRECTION('center_axis',(-1.,0.,0.));
#12641=DIRECTION('ref_axis',(0.,-0.707106781186548,-0.707106781186548));
#12642=DIRECTION('center_axis',(1.,0.,0.));
#12643=DIRECTION('ref_axis',(0.,-0.707106781186548,-0.707106781186548));
#12644=DIRECTION('',(-0.707106781186547,4.90653893338679E-16,-0.707106781186548));
#12645=DIRECTION('center_axis',(-1.,0.,0.));
#12646=DIRECTION('ref_axis',(0.,-0.707106781186547,-0.707106781186547));
#12647=DIRECTION('center_axis',(-0.707106781186548,-2.53240719142544E-16,
0.707106781186547));
#12648=DIRECTION('ref_axis',(0.707106781186547,0.,0.707106781186548));
#12649=DIRECTION('',(-0.707106781186547,0.,-0.707106781186548));
#12650=DIRECTION('',(0.,-1.,-3.58136459556502E-16));
#12651=DIRECTION('',(0.,1.,3.58136459556502E-16));
#12652=DIRECTION('center_axis',(-1.,0.,0.));
#12653=DIRECTION('ref_axis',(0.,0.707106781186547,-0.707106781186547));
#12654=DIRECTION('center_axis',(1.,0.,0.));
#12655=DIRECTION('ref_axis',(0.,0.707106781186548,-0.707106781186548));
#12656=DIRECTION('',(-0.707106781186549,0.707106781186546,0.));
#12657=DIRECTION('center_axis',(-1.,0.,0.));
#12658=DIRECTION('ref_axis',(0.,0.707106781186547,-0.707106781186547));
#12659=DIRECTION('center_axis',(-0.707106781186548,-0.707106781186547,-1.65272890387766E-15));
#12660=DIRECTION('ref_axis',(-2.3373116307898E-15,0.,1.));
#12661=DIRECTION('',(-0.707106781186547,0.707106781186548,0.));
#12662=DIRECTION('',(0.,2.3373116307898E-15,-1.));
#12663=DIRECTION('',(0.,-2.3373116307898E-15,1.));
#12664=DIRECTION('center_axis',(-0.707106781186548,0.,0.707106781186547));
#12665=DIRECTION('ref_axis',(0.707106781186547,0.,0.707106781186548));
#12666=DIRECTION('',(0.,-1.,1.33584702196638E-16));
#12667=DIRECTION('',(-0.707106781186547,-2.4532694666934E-16,-0.707106781186548));
#12668=DIRECTION('',(0.,-1.,0.));
#12669=DIRECTION('center_axis',(1.,0.,0.));
#12670=DIRECTION('ref_axis',(0.,0.707106781186546,0.707106781186549));
#12671=DIRECTION('center_axis',(-1.,0.,0.));
#12672=DIRECTION('ref_axis',(0.,0.707106781186546,0.707106781186549));
#12673=DIRECTION('center_axis',(1.,0.,0.));
#12674=DIRECTION('ref_axis',(0.,-0.707106781186545,0.70710678118655));
#12675=DIRECTION('center_axis',(-1.,0.,0.));
#12676=DIRECTION('ref_axis',(0.,-0.707106781186545,0.70710678118655));
#12677=DIRECTION('center_axis',(1.,0.,0.));
#12678=DIRECTION('ref_axis',(0.,-0.707106781186547,0.707106781186548));
#12679=DIRECTION('center_axis',(-1.,0.,0.));
#12680=DIRECTION('ref_axis',(0.,-0.707106781186547,0.707106781186548));
#12681=DIRECTION('center_axis',(1.,0.,0.));
#12682=DIRECTION('ref_axis',(0.,-0.70710678118655,-0.707106781186545));
#12683=DIRECTION('center_axis',(-1.,0.,0.));
#12684=DIRECTION('ref_axis',(0.,-0.70710678118655,-0.707106781186545));
#12685=DIRECTION('center_axis',(0.,4.22056433330439E-16,-1.));
#12686=DIRECTION('ref_axis',(0.,1.,4.22056433330439E-16));
#12687=DIRECTION('',(-1.,0.,0.));
#12688=DIRECTION('',(0.,1.,4.22056433330439E-16));
#12689=DIRECTION('',(1.,0.,0.));
#12690=DIRECTION('center_axis',(1.,0.,0.));
#12691=DIRECTION('ref_axis',(0.,0.707106781186548,0.707106781186547));
#12692=DIRECTION('',(1.,0.,0.));
#12693=DIRECTION('center_axis',(-1.,0.,0.));
#12694=DIRECTION('ref_axis',(0.,0.707106781186548,0.707106781186547));
#12695=DIRECTION('center_axis',(0.,-1.,0.));
#12696=DIRECTION('ref_axis',(0.,0.,-1.));
#12697=DIRECTION('',(-1.,0.,0.));
#12698=DIRECTION('',(0.,0.,-1.));
#12699=DIRECTION('center_axis',(1.,0.,0.));
#12700=DIRECTION('ref_axis',(0.,0.707106781186548,-0.707106781186548));
#12701=DIRECTION('',(1.,0.,0.));
#12702=DIRECTION('center_axis',(-1.,0.,0.));
#12703=DIRECTION('ref_axis',(0.,0.707106781186548,-0.707106781186548));
#12704=DIRECTION('center_axis',(0.,-9.25185853854292E-16,1.));
#12705=DIRECTION('ref_axis',(0.,-1.,-9.25185853854292E-16));
#12706=DIRECTION('',(-1.,0.,0.));
#12707=DIRECTION('',(0.,-1.,-9.25185853854292E-16));
#12708=DIRECTION('center_axis',(1.,0.,0.));
#12709=DIRECTION('ref_axis',(0.,-0.707106781186546,0.707106781186549));
#12710=DIRECTION('',(1.,0.,0.));
#12711=DIRECTION('center_axis',(1.,0.,0.));
#12712=DIRECTION('ref_axis',(0.,-0.707106781186547,0.707106781186548));
#12713=DIRECTION('center_axis',(0.,-1.,-1.48029736616688E-15));
#12714=DIRECTION('ref_axis',(0.,1.48029736616688E-15,-1.));
#12715=DIRECTION('',(-1.,0.,0.));
#12716=DIRECTION('',(0.,1.48029736616688E-15,-1.));
#12717=DIRECTION('center_axis',(1.,0.,0.));
#12718=DIRECTION('ref_axis',(0.,-0.707106781186547,-0.707106781186548));
#12719=DIRECTION('',(1.,0.,0.));
#12720=DIRECTION('center_axis',(1.,0.,0.));
#12721=DIRECTION('ref_axis',(0.,-0.707106781186547,-0.707106781186548));
#12722=DIRECTION('center_axis',(0.,4.62592926927148E-16,-1.));
#12723=DIRECTION('ref_axis',(0.,1.,4.62592926927148E-16));
#12724=DIRECTION('',(-1.,0.,0.));
#12725=DIRECTION('',(0.,1.,4.62592926927148E-16));
#12726=DIRECTION('center_axis',(1.,0.,0.));
#12727=DIRECTION('ref_axis',(0.,0.707106781186547,-0.707106781186548));
#12728=DIRECTION('',(1.,0.,0.));
#12729=DIRECTION('center_axis',(1.,0.,0.));
#12730=DIRECTION('ref_axis',(0.,0.707106781186547,-0.707106781186548));
#12731=DIRECTION('center_axis',(0.,1.,0.));
#12732=DIRECTION('ref_axis',(0.,0.,1.));
#12733=DIRECTION('',(-1.,0.,0.));
#12734=DIRECTION('',(0.,0.,1.));
#12735=DIRECTION('center_axis',(1.,0.,0.));
#12736=DIRECTION('ref_axis',(0.,0.707106781186545,0.70710678118655));
#12737=DIRECTION('',(1.,0.,0.));
#12738=DIRECTION('center_axis',(1.,0.,0.));
#12739=DIRECTION('ref_axis',(0.,0.707106781186545,0.70710678118655));
#12740=DIRECTION('center_axis',(0.,-7.48464960421453E-16,1.));
#12741=DIRECTION('ref_axis',(0.,-1.,-7.48464960421453E-16));
#12742=DIRECTION('',(-1.,0.,0.));
#12743=DIRECTION('',(0.,-1.,-7.48464960421453E-16));
#12744=DIRECTION('center_axis',(1.,0.,0.));
#12745=DIRECTION('ref_axis',(0.,-0.707106781186544,0.707106781186551));
#12746=DIRECTION('',(1.,0.,0.));
#12747=DIRECTION('center_axis',(1.,0.,0.));
#12748=DIRECTION('ref_axis',(0.,-0.707106781186545,0.70710678118655));
#12749=DIRECTION('center_axis',(0.,-1.,-2.3373116307898E-15));
#12750=DIRECTION('ref_axis',(0.,2.3373116307898E-15,-1.));
#12751=DIRECTION('',(-1.,0.,0.));
#12752=DIRECTION('',(0.,2.3373116307898E-15,-1.));
#12753=DIRECTION('center_axis',(1.,0.,0.));
#12754=DIRECTION('ref_axis',(0.,0.707106781186548,-0.707106781186548));
#12755=DIRECTION('',(1.,0.,0.));
#12756=DIRECTION('center_axis',(-1.,0.,0.));
#12757=DIRECTION('ref_axis',(0.,0.707106781186548,-0.707106781186548));
#12758=DIRECTION('center_axis',(0.,-3.58136459556502E-16,1.));
#12759=DIRECTION('ref_axis',(0.,-1.,-3.58136459556502E-16));
#12760=DIRECTION('',(-1.,0.,0.));
#12761=DIRECTION('',(0.,-1.,-3.58136459556502E-16));
#12762=DIRECTION('center_axis',(1.,0.,0.));
#12763=DIRECTION('ref_axis',(0.,-0.707106781186548,-0.707106781186548));
#12764=DIRECTION('',(1.,0.,0.));
#12765=DIRECTION('center_axis',(-1.,0.,0.));
#12766=DIRECTION('ref_axis',(0.,-0.707106781186548,-0.707106781186548));
#12767=DIRECTION('center_axis',(0.,1.,5.84327907697451E-16));
#12768=DIRECTION('ref_axis',(0.,-5.84327907697451E-16,1.));
#12769=DIRECTION('',(-1.,0.,0.));
#12770=DIRECTION('',(0.,-5.84327907697451E-16,1.));
#12771=DIRECTION('center_axis',(1.,0.,0.));
#12772=DIRECTION('ref_axis',(0.,0.707106781186547,0.707106781186548));
#12773=DIRECTION('',(1.,0.,0.));
#12774=DIRECTION('center_axis',(1.,0.,0.));
#12775=DIRECTION('ref_axis',(0.,0.707106781186546,0.707106781186549));
#12776=DIRECTION('center_axis',(0.,0.,1.));
#12777=DIRECTION('ref_axis',(0.,-1.,0.));
#12778=DIRECTION('',(0.,1.,-1.33584702196638E-16));
#12779=DIRECTION('center_axis',(0.707106781186548,0.,0.707106781186548));
#12780=DIRECTION('ref_axis',(0.707106781186548,0.,-0.707106781186548));
#12781=DIRECTION('',(0.,-1.,1.33584702196638E-16));
#12782=DIRECTION('',(-0.707106781186548,2.4532694666934E-16,0.707106781186548));
#12783=DIRECTION('center_axis',(0.707106781186548,-0.707106781186548,-1.65272890387766E-15));
#12784=DIRECTION('ref_axis',(-2.3373116307898E-15,0.,-1.));
#12785=DIRECTION('',(0.707106781186548,0.707106781186548,0.));
#12786=DIRECTION('',(0.,-2.3373116307898E-15,1.));
#12787=DIRECTION('',(-0.707106781186548,-0.707106781186548,0.));
#12788=DIRECTION('center_axis',(1.,0.,0.));
#12789=DIRECTION('ref_axis',(0.,0.707106781186547,-0.707106781186547));
#12790=DIRECTION('',(0.707106781186548,0.,-0.707106781186548));
#12791=DIRECTION('center_axis',(1.,0.,0.));
#12792=DIRECTION('ref_axis',(0.,0.707106781186547,-0.707106781186547));
#12793=DIRECTION('center_axis',(0.707106781186548,-2.53240719142544E-16,
0.707106781186548));
#12794=DIRECTION('ref_axis',(0.707106781186548,0.,-0.707106781186548));
#12795=DIRECTION('',(0.707106781186548,-4.90653893338679E-16,-0.707106781186548));
#12796=DIRECTION('',(0.,1.,3.58136459556502E-16));
#12797=DIRECTION('center_axis',(1.,0.,0.));
#12798=DIRECTION('ref_axis',(0.,-0.707106781186548,-0.707106781186548));
#12799=DIRECTION('',(0.707106781186547,-0.707106781186548,0.));
#12800=DIRECTION('center_axis',(1.,0.,0.));
#12801=DIRECTION('ref_axis',(0.,-0.707106781186547,-0.707106781186547));
#12802=DIRECTION('center_axis',(0.707106781186547,0.707106781186548,4.13182225969415E-16));
#12803=DIRECTION('ref_axis',(5.84327907697451E-16,0.,-1.));
#12804=DIRECTION('',(0.707106781186548,-0.707106781186547,0.));
#12805=DIRECTION('',(0.,5.84327907697451E-16,-1.));
#12806=DIRECTION('center_axis',(0.707106781186547,-0.707106781186548,-1.04672830578918E-15));
#12807=DIRECTION('ref_axis',(-1.48029736616688E-15,0.,-1.));
#12808=DIRECTION('',(0.707106781186548,0.707106781186547,0.));
#12809=DIRECTION('',(0.,-1.48029736616688E-15,1.));
#12810=DIRECTION('',(-0.70710678118655,-0.707106781186545,-9.81307786677361E-16));
#12811=DIRECTION('center_axis',(-1.,0.,0.));
#12812=DIRECTION('ref_axis',(0.,-0.707106781186547,-0.707106781186548));
#12813=DIRECTION('',(0.707106781186548,-3.92523114670944E-15,0.707106781186547));
#12814=DIRECTION('center_axis',(-1.,0.,0.));
#12815=DIRECTION('ref_axis',(0.,-0.707106781186547,-0.707106781186548));
#12816=DIRECTION('center_axis',(0.707106781186548,3.2710259555912E-16,-0.707106781186548));
#12817=DIRECTION('ref_axis',(-0.707106781186548,0.,-0.707106781186548));
#12818=DIRECTION('',(0.707106781186546,0.,0.707106781186548));
#12819=DIRECTION('',(0.,-1.,-4.62592926927148E-16));
#12820=DIRECTION('center_axis',(-1.,0.,0.));
#12821=DIRECTION('ref_axis',(0.,0.707106781186547,-0.707106781186548));
#12822=DIRECTION('',(0.707106781186548,-0.707106781186548,9.81307786677358E-16));
#12823=DIRECTION('center_axis',(-1.,0.,0.));
#12824=DIRECTION('ref_axis',(0.,0.707106781186547,-0.707106781186548));
#12825=DIRECTION('center_axis',(0.707106781186548,0.707106781186548,0.));
#12826=DIRECTION('ref_axis',(0.,0.,-1.));
#12827=DIRECTION('',(0.707106781186548,-0.707106781186548,0.));
#12828=DIRECTION('',(0.,0.,-1.));
#12829=DIRECTION('center_axis',(-1.,0.,0.));
#12830=DIRECTION('ref_axis',(0.,0.707106781186545,0.70710678118655));
#12831=DIRECTION('',(0.707106781186544,0.,-0.707106781186551));
#12832=DIRECTION('center_axis',(-1.,0.,0.));
#12833=DIRECTION('ref_axis',(0.,0.707106781186545,0.70710678118655));
#12834=DIRECTION('center_axis',(0.707106781186548,-5.2924464899453E-16,
0.707106781186548));
#12835=DIRECTION('ref_axis',(0.707106781186548,0.,-0.707106781186548));
#12836=DIRECTION('',(0.707106781186548,0.,-0.707106781186548));
#12837=DIRECTION('',(0.,1.,7.48464960421453E-16));
#12838=DIRECTION('center_axis',(0.707106781186548,2.98438966051362E-16,
-0.707106781186547));
#12839=DIRECTION('ref_axis',(-0.707106781186547,0.,-0.707106781186548));
#12840=DIRECTION('',(0.707106781186547,0.,0.707106781186548));
#12841=DIRECTION('',(0.,-1.,-4.22056433330439E-16));
#12842=DIRECTION('',(-0.707106781186547,0.,-0.707106781186548));
#12843=DIRECTION('center_axis',(1.,0.,0.));
#12844=DIRECTION('ref_axis',(0.,0.707106781186548,0.707106781186547));
#12845=DIRECTION('',(0.707106781186548,0.707106781186548,-1.2266347333467E-16));
#12846=DIRECTION('center_axis',(1.,0.,0.));
#12847=DIRECTION('ref_axis',(0.,0.707106781186548,0.707106781186547));
#12848=DIRECTION('center_axis',(0.707106781186548,-0.707106781186548,0.));
#12849=DIRECTION('ref_axis',(0.,0.,-1.));
#12850=DIRECTION('',(0.707106781186548,0.707106781186548,0.));
#12851=DIRECTION('',(0.,0.,1.));
#12852=DIRECTION('center_axis',(1.,0.,0.));
#12853=DIRECTION('ref_axis',(0.,0.707106781186547,-0.707106781186547));
#12854=DIRECTION('',(0.707106781186549,0.,-0.707106781186546));
#12855=DIRECTION('center_axis',(1.,0.,0.));
#12856=DIRECTION('ref_axis',(0.,0.707106781186548,-0.707106781186548));
#12857=DIRECTION('center_axis',(0.707106781186547,-6.54205191118237E-16,
0.707106781186548));
#12858=DIRECTION('ref_axis',(0.707106781186548,0.,-0.707106781186547));
#12859=DIRECTION('',(0.707106781186548,0.,-0.707106781186547));
#12860=DIRECTION('',(0.,1.,9.25185853854292E-16));
#12861=DIRECTION('center_axis',(0.707106781186548,-2.5529958677785E-16,
-0.707106781186548));
#12862=DIRECTION('ref_axis',(-0.707106781186548,0.,-0.707106781186548));
#12863=DIRECTION('',(0.,1.,-3.61048138089483E-16));
#12864=DIRECTION('',(0.707106781186546,0.,0.707106781186548));
#12865=DIRECTION('',(0.,1.,2.27463435892845E-16));
#12866=DIRECTION('center_axis',(1.,0.,0.));
#12867=DIRECTION('ref_axis',(0.,0.707106781186547,0.707106781186547));
#12868=DIRECTION('center_axis',(-1.,0.,0.));
#12869=DIRECTION('ref_axis',(0.,0.707106781186548,0.707106781186548));
#12870=DIRECTION('',(0.707106781186548,0.707106781186548,1.96261557335472E-15));
#12871=DIRECTION('center_axis',(1.,0.,0.));
#12872=DIRECTION('ref_axis',(0.,0.707106781186548,0.707106781186548));
#12873=DIRECTION('center_axis',(0.707106781186548,-0.707106781186548,-1.22118302342071E-15));
#12874=DIRECTION('ref_axis',(-1.72701359386135E-15,0.,-1.));
#12875=DIRECTION('',(0.707106781186546,0.707106781186548,2.20794252002405E-15));
#12876=DIRECTION('',(0.,-1.72701359386135E-15,1.));
#12877=DIRECTION('',(0.,1.72701359386135E-15,-1.));
#12878=DIRECTION('center_axis',(-1.,0.,0.));
#12879=DIRECTION('ref_axis',(0.,-0.70710678118655,-0.707106781186545));
#12880=DIRECTION('center_axis',(1.,0.,0.));
#12881=DIRECTION('ref_axis',(0.,-0.70710678118655,-0.707106781186545));
#12882=DIRECTION('center_axis',(-1.,0.,0.));
#12883=DIRECTION('ref_axis',(0.,-0.707106781186547,0.707106781186548));
#12884=DIRECTION('center_axis',(-1.,0.,0.));
#12885=DIRECTION('ref_axis',(0.,-0.707106781186545,0.70710678118655));
#12886=DIRECTION('center_axis',(-1.,0.,0.));
#12887=DIRECTION('ref_axis',(0.,0.707106781186546,0.707106781186549));
#12888=DIRECTION('center_axis',(1.,0.,0.));
#12889=DIRECTION('ref_axis',(0.,-0.707106781186549,-0.707106781186546));
#12890=DIRECTION('',(-1.,0.,0.));
#12891=DIRECTION('center_axis',(0.,-1.,-1.72701359386135E-15));
#12892=DIRECTION('ref_axis',(0.,1.72701359386135E-15,-1.));
#12893=DIRECTION('',(1.,0.,0.));
#12894=DIRECTION('center_axis',(1.,0.,0.));
#12895=DIRECTION('ref_axis',(0.,0.707106781186548,0.707106781186548));
#12896=DIRECTION('',(-1.,0.,0.));
#12897=DIRECTION('center_axis',(0.,-3.61048138089483E-16,-1.));
#12898=DIRECTION('ref_axis',(0.,1.,-3.61048138089483E-16));
#12899=DIRECTION('center_axis',(1.,0.,0.));
#12900=DIRECTION('ref_axis',(0.,0.,-1.));
#12901=DIRECTION('center_axis',(1.,0.,0.));
#12902=DIRECTION('ref_axis',(0.,0.,-1.));
#12903=DIRECTION('',(0.,0.,1.));
#12904=DIRECTION('',(1.,0.,0.));
#12905=DIRECTION('',(0.,0.,1.));
#12906=DIRECTION('',(1.,0.,0.));
#12907=DIRECTION('',(0.,0.,1.));
#12908=DIRECTION('',(1.,0.,0.));
#12909=DIRECTION('',(0.,0.,1.));
#12910=DIRECTION('',(1.,0.,0.));
#12911=CARTESIAN_POINT('',(0.,0.,0.));
#12912=CARTESIAN_POINT('',(0.,0.,0.));
#12913=CARTESIAN_POINT('Origin',(0.2,-6.34999999999999,7.25));
#12914=CARTESIAN_POINT('',(0.4,-6.14999999999999,8.6));
#12915=CARTESIAN_POINT('',(0.,-6.54999999999999,8.6));
#12916=CARTESIAN_POINT('',(0.4,-6.14999999999999,8.6));
#12917=CARTESIAN_POINT('',(0.4,-6.15,0.4));
#12918=CARTESIAN_POINT('',(0.4,-6.14999999999999,7.25));
#12919=CARTESIAN_POINT('',(0.,-6.55,0.400000000000001));
#12920=CARTESIAN_POINT('',(0.,-6.55,0.400000000000001));
#12921=CARTESIAN_POINT('',(0.,-6.54999999999999,7.25));
#12922=CARTESIAN_POINT('Origin',(0.2,-5.74999999999999,8.6));
#12923=CARTESIAN_POINT('',(0.,-5.74999999999999,9.4));
#12924=CARTESIAN_POINT('Origin',(0.,-5.74999999999999,8.6));
#12925=CARTESIAN_POINT('',(0.4,-5.74999999999999,9.));
#12926=CARTESIAN_POINT('',(0.4,-5.74999999999999,9.));
#12927=CARTESIAN_POINT('Origin',(0.4,-5.74999999999999,8.6));
#12928=CARTESIAN_POINT('Origin',(0.2,-9.75000000000001,-3.2));
#12929=CARTESIAN_POINT('',(0.4,-10.6,-3.));
#12930=CARTESIAN_POINT('',(0.,-10.6,-3.4));
#12931=CARTESIAN_POINT('',(0.4,-10.6,-3.));
#12932=CARTESIAN_POINT('',(0.4,-10.2,-3.));
#12933=CARTESIAN_POINT('',(0.4,-9.75000000000001,-3.));
#12934=CARTESIAN_POINT('',(0.,-10.2,-3.4));
#12935=CARTESIAN_POINT('',(0.,-10.2,-3.4));
#12936=CARTESIAN_POINT('',(0.,-9.75000000000001,-3.4));
#12937=CARTESIAN_POINT('Origin',(0.2,-10.6,-2.6));
#12938=CARTESIAN_POINT('',(0.,-11.4,-2.6));
#12939=CARTESIAN_POINT('Origin',(0.,-10.6,-2.6));
#12940=CARTESIAN_POINT('',(0.4,-11.,-2.6));
#12941=CARTESIAN_POINT('',(0.4,-11.,-2.6));
#12942=CARTESIAN_POINT('Origin',(0.4,-10.6,-2.6));
#12943=CARTESIAN_POINT('Origin',(0.2,-11.2,2.75));
#12944=CARTESIAN_POINT('',(0.4,-11.,-0.399999999999997));
#12945=CARTESIAN_POINT('',(0.,-11.4,-0.399999999999997));
#12946=CARTESIAN_POINT('',(0.4,-11.,-0.399999999999997));
#12947=CARTESIAN_POINT('',(0.4,-11.,2.75));
#12948=CARTESIAN_POINT('',(0.,-11.4,2.75));
#12949=CARTESIAN_POINT('Origin',(0.2,-10.6,-0.399999999999997));
#12950=CARTESIAN_POINT('',(0.,-10.6,0.400000000000003));
#12951=CARTESIAN_POINT('Origin',(0.,-10.6,-0.399999999999997));
#12952=CARTESIAN_POINT('',(0.4,-10.6,3.28949919733931E-15));
#12953=CARTESIAN_POINT('',(0.4,-10.6,3.28949919733931E-15));
#12954=CARTESIAN_POINT('Origin',(0.4,-10.6,-0.399999999999997));
#12955=CARTESIAN_POINT('Origin',(0.2,-7.325,0.200000000000002));
#12956=CARTESIAN_POINT('',(0.4,-6.55,1.01375767746612E-15));
#12957=CARTESIAN_POINT('',(0.4,-6.55,1.01375767746612E-15));
#12958=CARTESIAN_POINT('',(0.4,-7.325,1.46423051686388E-15));
#12959=CARTESIAN_POINT('',(0.,-7.325,0.400000000000002));
#12960=CARTESIAN_POINT('Origin',(0.2,-12.75,16.8));
#12961=CARTESIAN_POINT('',(0.4,-15.5,17.));
#12962=CARTESIAN_POINT('',(0.,-15.5,16.6));
#12963=CARTESIAN_POINT('',(0.4,-15.5,17.));
#12964=CARTESIAN_POINT('',(0.4,-8.49999999999999,17.));
#12965=CARTESIAN_POINT('',(0.4,-12.75,17.));
#12966=CARTESIAN_POINT('',(0.,-8.49999999999999,16.6));
#12967=CARTESIAN_POINT('',(0.,-8.49999999999999,16.6));
#12968=CARTESIAN_POINT('',(0.,-12.75,16.6));
#12969=CARTESIAN_POINT('Origin',(0.2,-15.5,15.5));
#12970=CARTESIAN_POINT('',(0.,-16.6,15.5));
#12971=CARTESIAN_POINT('Origin',(0.,-15.5,15.5));
#12972=CARTESIAN_POINT('',(0.4,-17.,15.5));
#12973=CARTESIAN_POINT('',(0.4,-17.,15.5));
#12974=CARTESIAN_POINT('Origin',(0.4,-15.5,15.5));
#12975=CARTESIAN_POINT('Origin',(0.2,-16.8,-0.249999999999996));
#12976=CARTESIAN_POINT('',(0.4,-17.,-4.5));
#12977=CARTESIAN_POINT('',(0.,-16.6,-4.5));
#12978=CARTESIAN_POINT('',(0.4,-17.,-4.5));
#12979=CARTESIAN_POINT('',(0.4,-17.,-0.249999999999996));
#12980=CARTESIAN_POINT('',(0.,-16.6,-0.249999999999996));
#12981=CARTESIAN_POINT('Origin',(0.2,-15.5,-4.5));
#12982=CARTESIAN_POINT('',(0.,-15.5,-5.6));
#12983=CARTESIAN_POINT('Origin',(0.,-15.5,-4.5));
#12984=CARTESIAN_POINT('',(0.4,-15.5,-6.));
#12985=CARTESIAN_POINT('',(0.4,-15.5,-6.));
#12986=CARTESIAN_POINT('Origin',(0.4,-15.5,-4.5));
#12987=CARTESIAN_POINT('Origin',(0.2,-9.15000000000001,-5.8));
#12988=CARTESIAN_POINT('',(0.4,-11.3,-6.));
#12989=CARTESIAN_POINT('',(0.,-11.3,-5.6));
#12990=CARTESIAN_POINT('',(0.4,-11.3,-6.));
#12991=CARTESIAN_POINT('',(0.4,-9.15000000000001,-6.));
#12992=CARTESIAN_POINT('',(0.,-9.15000000000001,-5.6));
#12993=CARTESIAN_POINT('Origin',(0.2,-11.3,-4.5));
#12994=CARTESIAN_POINT('',(0.,-10.2,-4.5));
#12995=CARTESIAN_POINT('Origin',(0.,-11.3,-4.5));
#12996=CARTESIAN_POINT('',(0.4,-9.8,-4.5));
#12997=CARTESIAN_POINT('',(0.4,-9.8,-4.5));
#12998=CARTESIAN_POINT('Origin',(0.4,-11.3,-4.5));
#12999=CARTESIAN_POINT('Origin',(0.2,-9.99999999999999,1.25));
#13000=CARTESIAN_POINT('',(0.4,-9.8,-3.4));
#13001=CARTESIAN_POINT('',(0.4,-9.8,-3.4));
#13002=CARTESIAN_POINT('',(0.4,-9.79999999999999,1.25));
#13003=CARTESIAN_POINT('',(0.,-10.2,1.25));
#13004=CARTESIAN_POINT('Origin',(0.2,-1.7,9.35));
#13005=CARTESIAN_POINT('',(0.4,-1.9,13.6));
#13006=CARTESIAN_POINT('',(0.,-1.5,13.6));
#13007=CARTESIAN_POINT('',(0.4,-1.9,13.6));
#13008=CARTESIAN_POINT('',(0.4,-1.9,16.6));
#13009=CARTESIAN_POINT('',(0.4,-1.9,9.35));
#13010=CARTESIAN_POINT('',(0.,-1.5,16.6));
#13011=CARTESIAN_POINT('',(0.,-1.5,16.6));
#13012=CARTESIAN_POINT('',(0.,-1.5,9.35));
#13013=CARTESIAN_POINT('Origin',(0.2,-2.3,13.6));
#13014=CARTESIAN_POINT('',(0.,-2.3,12.8));
#13015=CARTESIAN_POINT('Origin',(0.,-2.3,13.6));
#13016=CARTESIAN_POINT('',(0.4,-2.3,13.2));
#13017=CARTESIAN_POINT('',(0.4,-2.3,13.2));
#13018=CARTESIAN_POINT('Origin',(0.4,-2.3,13.6));
#13019=CARTESIAN_POINT('Origin',(0.2,-8.3,13.));
#13020=CARTESIAN_POINT('',(0.4,-7.7,13.2));
#13021=CARTESIAN_POINT('',(0.,-7.7,12.8));
#13022=CARTESIAN_POINT('',(0.4,-7.7,13.2));
#13023=CARTESIAN_POINT('',(0.4,-8.3,13.2));
#13024=CARTESIAN_POINT('',(0.,-8.3,12.8));
#13025=CARTESIAN_POINT('Origin',(0.2,-7.7,13.6));
#13026=CARTESIAN_POINT('',(0.,-8.5,13.6));
#13027=CARTESIAN_POINT('Origin',(0.,-7.7,13.6));
#13028=CARTESIAN_POINT('',(0.4,-8.1,13.6));
#13029=CARTESIAN_POINT('',(0.4,-8.1,13.6));
#13030=CARTESIAN_POINT('Origin',(0.4,-7.7,13.6));
#13031=CARTESIAN_POINT('Origin',(0.2,-8.3,11.25));
#13032=CARTESIAN_POINT('',(0.4,-8.09999999999999,16.6));
#13033=CARTESIAN_POINT('',(0.4,-8.09999999999999,16.6));
#13034=CARTESIAN_POINT('',(0.4,-8.1,11.25));
#13035=CARTESIAN_POINT('',(0.,-8.50000000000001,11.25));
#13036=CARTESIAN_POINT('Origin',(0.4,-1.5,16.6));
#13037=CARTESIAN_POINT('',(0.4,-1.5,17.));
#13038=CARTESIAN_POINT('',(0.4,-1.5,17.));
#13039=CARTESIAN_POINT('Origin',(0.4,-1.5,16.6));
#13040=CARTESIAN_POINT('Origin',(0.4,-8.49999999999999,16.6));
#13041=CARTESIAN_POINT('Origin',(0.4,-8.49999999999999,16.6));
#13042=CARTESIAN_POINT('Origin',(0.4,-10.2,-3.4));
#13043=CARTESIAN_POINT('Origin',(0.4,-10.2,-3.4));
#13044=CARTESIAN_POINT('Origin',(0.4,-6.55,0.400000000000001));
#13045=CARTESIAN_POINT('Origin',(0.4,-6.55,0.400000000000001));
#13046=CARTESIAN_POINT('Origin',(0.,-6.15,8.21545918509323E-16));
#13047=CARTESIAN_POINT('',(4.6,-6.55,1.01375767746612E-15));
#13048=CARTESIAN_POINT('',(0.,-6.55,1.01375767746612E-15));
#13049=CARTESIAN_POINT('',(4.6,-10.6,3.28949919733931E-15));
#13050=CARTESIAN_POINT('',(4.6,-7.325,1.46423051686388E-15));
#13051=CARTESIAN_POINT('',(0.,-10.6,3.28949919733931E-15));
#13052=CARTESIAN_POINT('Origin',(0.,-10.6,-0.399999999999997));
#13053=CARTESIAN_POINT('',(4.6,-11.,-0.399999999999997));
#13054=CARTESIAN_POINT('Origin',(4.6,-10.6,-0.399999999999997));
#13055=CARTESIAN_POINT('',(0.,-11.,-0.399999999999997));
#13056=CARTESIAN_POINT('Origin',(0.,-11.,3.68987777341333E-15));
#13057=CARTESIAN_POINT('',(4.6,-11.,-2.6));
#13058=CARTESIAN_POINT('',(4.6,-11.,2.75));
#13059=CARTESIAN_POINT('',(0.,-11.,-2.6));
#13060=CARTESIAN_POINT('Origin',(0.,-10.6,-2.6));
#13061=CARTESIAN_POINT('',(4.6,-10.6,-3.));
#13062=CARTESIAN_POINT('Origin',(4.6,-10.6,-2.6));
#13063=CARTESIAN_POINT('',(0.,-10.6,-3.));
#13064=CARTESIAN_POINT('Origin',(0.,-11.,-3.));
#13065=CARTESIAN_POINT('',(4.6,-10.2,-3.));
#13066=CARTESIAN_POINT('',(4.6,-9.75000000000001,-3.));
#13067=CARTESIAN_POINT('',(0.,-10.2,-3.));
#13068=CARTESIAN_POINT('Origin',(0.,-10.2,-3.4));
#13069=CARTESIAN_POINT('',(4.6,-9.8,-3.4));
#13070=CARTESIAN_POINT('Origin',(4.6,-10.2,-3.4));
#13071=CARTESIAN_POINT('',(0.,-9.8,-3.4));
#13072=CARTESIAN_POINT('Origin',(0.,-9.8,-3.));
#13073=CARTESIAN_POINT('',(4.6,-9.8,-4.5));
#13074=CARTESIAN_POINT('',(4.6,-9.79999999999999,1.25));
#13075=CARTESIAN_POINT('',(0.,-9.8,-4.5));
#13076=CARTESIAN_POINT('Origin',(0.,-11.3,-4.5));
#13077=CARTESIAN_POINT('',(4.6,-11.3,-6.));
#13078=CARTESIAN_POINT('Origin',(4.6,-11.3,-4.5));
#13079=CARTESIAN_POINT('',(0.,-11.3,-6.));
#13080=CARTESIAN_POINT('Origin',(0.,-9.8,-6.));
#13081=CARTESIAN_POINT('',(4.6,-15.5,-6.));
#13082=CARTESIAN_POINT('',(4.6,-9.15000000000001,-6.));
#13083=CARTESIAN_POINT('',(0.,-15.5,-6.));
#13084=CARTESIAN_POINT('Origin',(0.,-15.5,-4.5));
#13085=CARTESIAN_POINT('',(4.6,-17.,-4.5));
#13086=CARTESIAN_POINT('Origin',(4.6,-15.5,-4.5));
#13087=CARTESIAN_POINT('',(0.,-17.,-4.5));
#13088=CARTESIAN_POINT('Origin',(0.,-17.,-6.));
#13089=CARTESIAN_POINT('',(4.6,-17.,15.5));
#13090=CARTESIAN_POINT('',(4.6,-17.,-0.249999999999996));
#13091=CARTESIAN_POINT('',(0.,-17.,15.5));
#13092=CARTESIAN_POINT('Origin',(0.,-15.5,15.5));
#13093=CARTESIAN_POINT('',(4.6,-15.5,17.));
#13094=CARTESIAN_POINT('Origin',(4.6,-15.5,15.5));
#13095=CARTESIAN_POINT('',(0.,-15.5,17.));
#13096=CARTESIAN_POINT('Origin',(0.,-17.,17.));
#13097=CARTESIAN_POINT('',(4.6,-8.49999999999999,17.));
#13098=CARTESIAN_POINT('',(4.6,-12.75,17.));
#13099=CARTESIAN_POINT('',(0.,-8.49999999999999,17.));
#13100=CARTESIAN_POINT('Origin',(0.,-8.49999999999999,16.6));
#13101=CARTESIAN_POINT('',(4.6,-8.09999999999999,16.6));
#13102=CARTESIAN_POINT('Origin',(4.6,-8.49999999999999,16.6));
#13103=CARTESIAN_POINT('',(0.,-8.09999999999999,16.6));
#13104=CARTESIAN_POINT('Origin',(0.,-8.09999999999999,17.));
#13105=CARTESIAN_POINT('',(4.6,-8.1,13.6));
#13106=CARTESIAN_POINT('',(4.6,-8.1,11.25));
#13107=CARTESIAN_POINT('',(0.,-8.1,13.6));
#13108=CARTESIAN_POINT('Origin',(0.,-7.7,13.6));
#13109=CARTESIAN_POINT('',(4.6,-7.7,13.2));
#13110=CARTESIAN_POINT('Origin',(4.6,-7.7,13.6));
#13111=CARTESIAN_POINT('',(0.,-7.7,13.2));
#13112=CARTESIAN_POINT('Origin',(0.,-8.1,13.2));
#13113=CARTESIAN_POINT('',(4.6,-2.3,13.2));
#13114=CARTESIAN_POINT('',(4.6,-8.3,13.2));
#13115=CARTESIAN_POINT('',(0.,-2.3,13.2));
#13116=CARTESIAN_POINT('Origin',(0.,-2.3,13.6));
#13117=CARTESIAN_POINT('',(4.6,-1.9,13.6));
#13118=CARTESIAN_POINT('Origin',(4.6,-2.3,13.6));
#13119=CARTESIAN_POINT('',(0.,-1.9,13.6));
#13120=CARTESIAN_POINT('Origin',(0.,-1.9,13.2));
#13121=CARTESIAN_POINT('',(4.6,-1.9,16.6));
#13122=CARTESIAN_POINT('',(4.6,-1.9,9.35));
#13123=CARTESIAN_POINT('',(0.,-1.9,16.6));
#13124=CARTESIAN_POINT('Origin',(0.,-1.5,16.6));
#13125=CARTESIAN_POINT('',(4.6,-1.5,17.));
#13126=CARTESIAN_POINT('Origin',(4.6,-1.5,16.6));
#13127=CARTESIAN_POINT('',(0.,-1.5,17.));
#13128=CARTESIAN_POINT('Origin',(4.8,-8.3,11.25));
#13129=CARTESIAN_POINT('',(5.,-8.5,13.6));
#13130=CARTESIAN_POINT('',(4.6,-8.1,13.6));
#13131=CARTESIAN_POINT('',(5.,-8.49999999999999,16.6));
#13132=CARTESIAN_POINT('',(5.,-8.49999999999999,16.6));
#13133=CARTESIAN_POINT('',(5.,-8.50000000000001,11.25));
#13134=CARTESIAN_POINT('Origin',(4.8,-7.7,13.6));
#13135=CARTESIAN_POINT('',(5.,-7.7,12.8));
#13136=CARTESIAN_POINT('Origin',(5.,-7.7,13.6));
#13137=CARTESIAN_POINT('',(4.6,-7.7,13.2));
#13138=CARTESIAN_POINT('Origin',(4.8,-8.3,13.));
#13139=CARTESIAN_POINT('',(5.,-2.3,12.8));
#13140=CARTESIAN_POINT('',(4.6,-2.3,13.2));
#13141=CARTESIAN_POINT('',(5.,-8.3,12.8));
#13142=CARTESIAN_POINT('Origin',(4.8,-2.3,13.6));
#13143=CARTESIAN_POINT('',(5.,-1.5,13.6));
#13144=CARTESIAN_POINT('Origin',(5.,-2.3,13.6));
#13145=CARTESIAN_POINT('',(4.6,-1.9,13.6));
#13146=CARTESIAN_POINT('Origin',(4.8,-1.7,9.35));
#13147=CARTESIAN_POINT('',(5.,-1.5,16.6));
#13148=CARTESIAN_POINT('',(4.6,-1.9,16.6));
#13149=CARTESIAN_POINT('',(5.,-1.5,9.35));
#13150=CARTESIAN_POINT('Origin',(4.8,-9.99999999999999,1.25));
#13151=CARTESIAN_POINT('',(5.,-10.2,-4.5));
#13152=CARTESIAN_POINT('',(4.6,-9.8,-4.5));
#13153=CARTESIAN_POINT('',(5.,-10.2,-3.4));
#13154=CARTESIAN_POINT('',(5.,-10.2,-3.4));
#13155=CARTESIAN_POINT('',(5.,-10.2,1.25));
#13156=CARTESIAN_POINT('Origin',(4.8,-11.3,-4.5));
#13157=CARTESIAN_POINT('',(5.,-11.3,-5.6));
#13158=CARTESIAN_POINT('Origin',(5.,-11.3,-4.5));
#13159=CARTESIAN_POINT('',(4.6,-11.3,-6.));
#13160=CARTESIAN_POINT('Origin',(4.8,-9.15000000000001,-5.8));
#13161=CARTESIAN_POINT('',(5.,-15.5,-5.6));
#13162=CARTESIAN_POINT('',(4.6,-15.5,-6.));
#13163=CARTESIAN_POINT('',(5.,-9.15000000000001,-5.6));
#13164=CARTESIAN_POINT('Origin',(4.8,-15.5,-4.5));
#13165=CARTESIAN_POINT('',(5.,-16.6,-4.5));
#13166=CARTESIAN_POINT('Origin',(5.,-15.5,-4.5));
#13167=CARTESIAN_POINT('',(4.6,-17.,-4.5));
#13168=CARTESIAN_POINT('Origin',(4.8,-16.8,-0.249999999999996));
#13169=CARTESIAN_POINT('',(5.,-16.6,15.5));
#13170=CARTESIAN_POINT('',(4.6,-17.,15.5));
#13171=CARTESIAN_POINT('',(5.,-16.6,-0.249999999999996));
#13172=CARTESIAN_POINT('Origin',(4.8,-15.5,15.5));
#13173=CARTESIAN_POINT('',(5.,-15.5,16.6));
#13174=CARTESIAN_POINT('Origin',(5.,-15.5,15.5));
#13175=CARTESIAN_POINT('',(4.6,-15.5,17.));
#13176=CARTESIAN_POINT('Origin',(4.8,-12.75,16.8));
#13177=CARTESIAN_POINT('',(4.6,-8.49999999999999,17.));
#13178=CARTESIAN_POINT('',(5.,-12.75,16.6));
#13179=CARTESIAN_POINT('Origin',(4.8,-7.325,0.200000000000002));
#13180=CARTESIAN_POINT('',(5.,-10.6,0.400000000000004));
#13181=CARTESIAN_POINT('',(4.6,-10.6,3.28949919733931E-15));
#13182=CARTESIAN_POINT('',(5.,-6.55,0.400000000000001));
#13183=CARTESIAN_POINT('',(5.,-6.55,0.400000000000001));
#13184=CARTESIAN_POINT('',(5.,-7.325,0.400000000000002));
#13185=CARTESIAN_POINT('Origin',(4.8,-10.6,-0.399999999999997));
#13186=CARTESIAN_POINT('',(5.,-11.4,-0.399999999999997));
#13187=CARTESIAN_POINT('Origin',(5.,-10.6,-0.399999999999997));
#13188=CARTESIAN_POINT('',(4.6,-11.,-0.399999999999997));
#13189=CARTESIAN_POINT('Origin',(4.8,-11.2,2.75));
#13190=CARTESIAN_POINT('',(5.,-11.4,-2.6));
#13191=CARTESIAN_POINT('',(4.6,-11.,-2.6));
#13192=CARTESIAN_POINT('',(5.,-11.4,2.75));
#13193=CARTESIAN_POINT('Origin',(4.8,-10.6,-2.6));
#13194=CARTESIAN_POINT('',(5.,-10.6,-3.4));
#13195=CARTESIAN_POINT('Origin',(5.,-10.6,-2.6));
#13196=CARTESIAN_POINT('',(4.6,-10.6,-3.));
#13197=CARTESIAN_POINT('Origin',(4.8,-9.75000000000001,-3.2));
#13198=CARTESIAN_POINT('',(4.6,-10.2,-3.));
#13199=CARTESIAN_POINT('',(5.,-9.75000000000001,-3.4));
#13200=CARTESIAN_POINT('Origin',(4.8,-5.74999999999999,8.6));
#13201=CARTESIAN_POINT('',(4.6,-5.74999999999999,9.));
#13202=CARTESIAN_POINT('',(5.,-5.74999999999999,9.4));
#13203=CARTESIAN_POINT('',(4.6,-5.74999999999999,9.));
#13204=CARTESIAN_POINT('',(5.,-6.54999999999999,8.6));
#13205=CARTESIAN_POINT('Origin',(5.,-5.74999999999999,8.6));
#13206=CARTESIAN_POINT('',(4.6,-6.14999999999999,8.6));
#13207=CARTESIAN_POINT('',(4.6,-6.14999999999999,8.6));
#13208=CARTESIAN_POINT('Origin',(4.6,-5.74999999999999,8.6));
#13209=CARTESIAN_POINT('Origin',(4.8,-6.34999999999999,7.25));
#13210=CARTESIAN_POINT('',(4.6,-6.15,0.4));
#13211=CARTESIAN_POINT('',(4.6,-6.15,0.4));
#13212=CARTESIAN_POINT('',(4.6,-6.14999999999999,7.25));
#13213=CARTESIAN_POINT('',(5.,-6.54999999999999,7.25));
#13214=CARTESIAN_POINT('Origin',(4.6,-6.55,0.400000000000001));
#13215=CARTESIAN_POINT('Origin',(4.6,-6.55,0.400000000000001));
#13216=CARTESIAN_POINT('Origin',(4.6,-10.2,-3.4));
#13217=CARTESIAN_POINT('Origin',(4.6,-8.49999999999999,16.6));
#13218=CARTESIAN_POINT('Origin',(4.6,-1.5,16.6));
#13219=CARTESIAN_POINT('',(5.,-1.5,16.6));
#13220=CARTESIAN_POINT('Origin',(0.,-6.55,0.400000000000001));
#13221=CARTESIAN_POINT('',(0.,-6.15,0.4));
#13222=CARTESIAN_POINT('Origin',(0.,-6.14999999999999,9.));
#13223=CARTESIAN_POINT('',(0.,-6.14999999999999,8.6));
#13224=CARTESIAN_POINT('Origin',(0.,-5.74999999999999,8.6));
#13225=CARTESIAN_POINT('',(0.,-5.74999999999999,9.));
#13226=CARTESIAN_POINT('Origin',(0.2,6.34999999999999,7.25));
#13227=CARTESIAN_POINT('',(0.4,6.14999999999999,8.6));
#13228=CARTESIAN_POINT('',(0.,6.54999999999999,8.6));
#13229=CARTESIAN_POINT('',(0.4,6.14999999999999,8.6));
#13230=CARTESIAN_POINT('',(0.,6.55,0.4));
#13231=CARTESIAN_POINT('',(0.,6.54999999999999,7.25));
#13232=CARTESIAN_POINT('',(0.4,6.15,0.399999999999999));
#13233=CARTESIAN_POINT('',(0.,6.55,0.4));
#13234=CARTESIAN_POINT('',(0.4,6.14999999999999,7.25));
#13235=CARTESIAN_POINT('Origin',(0.2,5.74999999999999,8.6));
#13236=CARTESIAN_POINT('',(0.4,5.74999999999999,9.));
#13237=CARTESIAN_POINT('Origin',(0.4,5.74999999999999,8.6));
#13238=CARTESIAN_POINT('',(0.,5.74999999999999,9.4));
#13239=CARTESIAN_POINT('',(0.4,5.74999999999999,9.));
#13240=CARTESIAN_POINT('Origin',(0.,5.74999999999999,8.6));
#13241=CARTESIAN_POINT('Origin',(0.2,4.25,9.2));
#13242=CARTESIAN_POINT('',(0.,-4.25,9.4));
#13243=CARTESIAN_POINT('',(0.4,4.25,9.));
#13244=CARTESIAN_POINT('Origin',(0.2,9.75000000000001,-3.2));
#13245=CARTESIAN_POINT('',(0.4,10.6,-3.));
#13246=CARTESIAN_POINT('',(0.,10.6,-3.4));
#13247=CARTESIAN_POINT('',(0.4,10.6,-3.));
#13248=CARTESIAN_POINT('',(0.,10.2,-3.4));
#13249=CARTESIAN_POINT('',(0.,9.75000000000001,-3.4));
#13250=CARTESIAN_POINT('',(0.4,10.2,-3.));
#13251=CARTESIAN_POINT('',(0.,10.2,-3.4));
#13252=CARTESIAN_POINT('',(0.4,9.75000000000001,-3.));
#13253=CARTESIAN_POINT('Origin',(0.2,10.6,-2.6));
#13254=CARTESIAN_POINT('',(0.4,11.,-2.6));
#13255=CARTESIAN_POINT('Origin',(0.4,10.6,-2.6));
#13256=CARTESIAN_POINT('',(0.,11.4,-2.6));
#13257=CARTESIAN_POINT('',(0.4,11.,-2.6));
#13258=CARTESIAN_POINT('Origin',(0.,10.6,-2.6));
#13259=CARTESIAN_POINT('Origin',(0.2,11.2,2.75));
#13260=CARTESIAN_POINT('',(0.4,11.,-0.399999999999998));
#13261=CARTESIAN_POINT('',(0.,11.4,-0.399999999999998));
#13262=CARTESIAN_POINT('',(0.4,11.,-0.399999999999998));
#13263=CARTESIAN_POINT('',(0.,11.4,2.75));
#13264=CARTESIAN_POINT('',(0.4,11.,2.75));
#13265=CARTESIAN_POINT('Origin',(0.2,10.6,-0.399999999999998));
#13266=CARTESIAN_POINT('',(0.4,10.6,1.87350135405495E-15));
#13267=CARTESIAN_POINT('Origin',(0.4,10.6,-0.399999999999998));
#13268=CARTESIAN_POINT('',(0.,10.6,0.400000000000001));
#13269=CARTESIAN_POINT('',(0.4,10.6,1.87350135405495E-15));
#13270=CARTESIAN_POINT('Origin',(0.,10.6,-0.399999999999998));
#13271=CARTESIAN_POINT('Origin',(0.2,7.325,0.200000000000001));
#13272=CARTESIAN_POINT('',(0.4,6.55,1.38777878078145E-16));
#13273=CARTESIAN_POINT('',(0.4,6.55,1.38777878078145E-16));
#13274=CARTESIAN_POINT('',(0.,7.325,0.400000000000001));
#13275=CARTESIAN_POINT('',(0.4,7.325,4.85722573273506E-16));
#13276=CARTESIAN_POINT('Origin',(0.2,12.75,16.8));
#13277=CARTESIAN_POINT('',(0.4,15.5,17.));
#13278=CARTESIAN_POINT('',(0.,15.5,16.6));
#13279=CARTESIAN_POINT('',(0.4,15.5,17.));
#13280=CARTESIAN_POINT('',(0.,8.49999999999999,16.6));
#13281=CARTESIAN_POINT('',(0.,12.75,16.6));
#13282=CARTESIAN_POINT('',(0.4,8.49999999999999,17.));
#13283=CARTESIAN_POINT('',(0.,8.49999999999999,16.6));
#13284=CARTESIAN_POINT('',(0.4,12.75,17.));
#13285=CARTESIAN_POINT('Origin',(0.2,15.5,15.5));
#13286=CARTESIAN_POINT('',(0.4,17.,15.5));
#13287=CARTESIAN_POINT('Origin',(0.4,15.5,15.5));
#13288=CARTESIAN_POINT('',(0.,16.6,15.5));
#13289=CARTESIAN_POINT('',(0.4,17.,15.5));
#13290=CARTESIAN_POINT('Origin',(0.,15.5,15.5));
#13291=CARTESIAN_POINT('Origin',(0.2,16.8,-0.249999999999998));
#13292=CARTESIAN_POINT('',(0.4,17.,-4.5));
#13293=CARTESIAN_POINT('',(0.,16.6,-4.5));
#13294=CARTESIAN_POINT('',(0.4,17.,-4.5));
#13295=CARTESIAN_POINT('',(0.,16.6,-0.249999999999998));
#13296=CARTESIAN_POINT('',(0.4,17.,-0.249999999999998));
#13297=CARTESIAN_POINT('Origin',(0.2,15.5,-4.5));
#13298=CARTESIAN_POINT('',(0.4,15.5,-6.));
#13299=CARTESIAN_POINT('Origin',(0.4,15.5,-4.5));
#13300=CARTESIAN_POINT('',(0.,15.5,-5.6));
#13301=CARTESIAN_POINT('',(0.4,15.5,-6.));
#13302=CARTESIAN_POINT('Origin',(0.,15.5,-4.5));
#13303=CARTESIAN_POINT('Origin',(0.2,9.15,-5.8));
#13304=CARTESIAN_POINT('',(0.4,11.3,-6.));
#13305=CARTESIAN_POINT('',(0.,11.3,-5.6));
#13306=CARTESIAN_POINT('',(0.4,11.3,-6.));
#13307=CARTESIAN_POINT('',(0.,9.15,-5.6));
#13308=CARTESIAN_POINT('',(0.4,9.15,-6.));
#13309=CARTESIAN_POINT('Origin',(0.2,11.3,-4.5));
#13310=CARTESIAN_POINT('',(0.4,9.8,-4.5));
#13311=CARTESIAN_POINT('Origin',(0.4,11.3,-4.5));
#13312=CARTESIAN_POINT('',(0.,10.2,-4.5));
#13313=CARTESIAN_POINT('',(0.4,9.8,-4.5));
#13314=CARTESIAN_POINT('Origin',(0.,11.3,-4.5));
#13315=CARTESIAN_POINT('Origin',(0.2,9.99999999999999,1.25));
#13316=CARTESIAN_POINT('',(0.4,9.8,-3.4));
#13317=CARTESIAN_POINT('',(0.4,9.8,-3.4));
#13318=CARTESIAN_POINT('',(0.,10.2,1.25));
#13319=CARTESIAN_POINT('',(0.4,9.79999999999999,1.25));
#13320=CARTESIAN_POINT('Origin',(0.2,1.7,9.35));
#13321=CARTESIAN_POINT('',(0.4,1.9,13.6));
#13322=CARTESIAN_POINT('',(0.,1.5,13.6));
#13323=CARTESIAN_POINT('',(0.4,1.9,13.6));
#13324=CARTESIAN_POINT('',(0.,1.5,16.6));
#13325=CARTESIAN_POINT('',(0.,1.5,9.35));
#13326=CARTESIAN_POINT('',(0.4,1.9,16.6));
#13327=CARTESIAN_POINT('',(0.,1.5,16.6));
#13328=CARTESIAN_POINT('',(0.4,1.9,9.35));
#13329=CARTESIAN_POINT('Origin',(0.2,2.3,13.6));
#13330=CARTESIAN_POINT('',(0.4,2.3,13.2));
#13331=CARTESIAN_POINT('Origin',(0.4,2.3,13.6));
#13332=CARTESIAN_POINT('',(0.,2.3,12.8));
#13333=CARTESIAN_POINT('',(0.4,2.3,13.2));
#13334=CARTESIAN_POINT('Origin',(0.,2.3,13.6));
#13335=CARTESIAN_POINT('Origin',(0.2,8.3,13.));
#13336=CARTESIAN_POINT('',(0.4,7.7,13.2));
#13337=CARTESIAN_POINT('',(0.,7.7,12.8));
#13338=CARTESIAN_POINT('',(0.4,7.7,13.2));
#13339=CARTESIAN_POINT('',(0.,8.3,12.8));
#13340=CARTESIAN_POINT('',(0.4,8.3,13.2));
#13341=CARTESIAN_POINT('Origin',(0.2,7.7,13.6));
#13342=CARTESIAN_POINT('',(0.4,8.1,13.6));
#13343=CARTESIAN_POINT('Origin',(0.4,7.7,13.6));
#13344=CARTESIAN_POINT('',(0.,8.5,13.6));
#13345=CARTESIAN_POINT('',(0.4,8.1,13.6));
#13346=CARTESIAN_POINT('Origin',(0.,7.7,13.6));
#13347=CARTESIAN_POINT('Origin',(0.2,8.3,11.25));
#13348=CARTESIAN_POINT('',(0.4,8.09999999999999,16.6));
#13349=CARTESIAN_POINT('',(0.4,8.09999999999999,16.6));
#13350=CARTESIAN_POINT('',(0.,8.50000000000001,11.25));
#13351=CARTESIAN_POINT('',(0.4,8.1,11.25));
#13352=CARTESIAN_POINT('Origin',(0.2,5.2,16.8));
#13353=CARTESIAN_POINT('',(0.4,1.5,17.));
#13354=CARTESIAN_POINT('',(0.4,-5.2,17.));
#13355=CARTESIAN_POINT('',(0.4,1.5,17.));
#13356=CARTESIAN_POINT('',(0.,5.2,16.6));
#13357=CARTESIAN_POINT('Origin',(0.4,1.5,16.6));
#13358=CARTESIAN_POINT('Origin',(0.4,1.5,16.6));
#13359=CARTESIAN_POINT('Origin',(0.4,8.49999999999999,16.6));
#13360=CARTESIAN_POINT('Origin',(0.4,8.49999999999999,16.6));
#13361=CARTESIAN_POINT('Origin',(0.4,10.2,-3.4));
#13362=CARTESIAN_POINT('Origin',(0.4,10.2,-3.4));
#13363=CARTESIAN_POINT('Origin',(0.4,6.55,0.4));
#13364=CARTESIAN_POINT('Origin',(0.4,6.55,0.4));
#13365=CARTESIAN_POINT('Origin',(0.,6.15,0.));
#13366=CARTESIAN_POINT('',(4.6,10.6,1.87350135405495E-15));
#13367=CARTESIAN_POINT('',(0.,10.6,1.87350135405495E-15));
#13368=CARTESIAN_POINT('',(4.6,6.55,1.38777878078145E-16));
#13369=CARTESIAN_POINT('',(4.6,7.325,4.85722573273506E-16));
#13370=CARTESIAN_POINT('',(0.,6.55,1.38777878078145E-16));
#13371=CARTESIAN_POINT('Origin',(0.,10.6,-0.399999999999998));
#13372=CARTESIAN_POINT('',(4.6,11.,-0.399999999999998));
#13373=CARTESIAN_POINT('',(0.,11.,-0.399999999999998));
#13374=CARTESIAN_POINT('Origin',(4.6,10.6,-0.399999999999998));
#13375=CARTESIAN_POINT('Origin',(0.,11.,2.22044604925031E-15));
#13376=CARTESIAN_POINT('',(4.6,11.,-2.6));
#13377=CARTESIAN_POINT('',(0.,11.,-2.6));
#13378=CARTESIAN_POINT('',(4.6,11.,2.75));
#13379=CARTESIAN_POINT('Origin',(0.,10.6,-2.6));
#13380=CARTESIAN_POINT('',(4.6,10.6,-3.));
#13381=CARTESIAN_POINT('',(0.,10.6,-3.));
#13382=CARTESIAN_POINT('Origin',(4.6,10.6,-2.6));
#13383=CARTESIAN_POINT('Origin',(0.,11.,-3.));
#13384=CARTESIAN_POINT('',(4.6,10.2,-3.));
#13385=CARTESIAN_POINT('',(0.,10.2,-3.));
#13386=CARTESIAN_POINT('',(4.6,9.75000000000001,-3.));
#13387=CARTESIAN_POINT('Origin',(0.,10.2,-3.4));
#13388=CARTESIAN_POINT('',(4.6,9.8,-3.4));
#13389=CARTESIAN_POINT('',(0.,9.8,-3.4));
#13390=CARTESIAN_POINT('Origin',(4.6,10.2,-3.4));
#13391=CARTESIAN_POINT('Origin',(0.,9.8,-3.));
#13392=CARTESIAN_POINT('',(4.6,9.8,-4.5));
#13393=CARTESIAN_POINT('',(0.,9.8,-4.5));
#13394=CARTESIAN_POINT('',(4.6,9.79999999999999,1.25));
#13395=CARTESIAN_POINT('Origin',(0.,11.3,-4.5));
#13396=CARTESIAN_POINT('',(4.6,11.3,-6.));
#13397=CARTESIAN_POINT('',(0.,11.3,-6.));
#13398=CARTESIAN_POINT('Origin',(4.6,11.3,-4.5));
#13399=CARTESIAN_POINT('Origin',(0.,9.8,-6.));
#13400=CARTESIAN_POINT('',(4.6,15.5,-6.));
#13401=CARTESIAN_POINT('',(0.,15.5,-6.));
#13402=CARTESIAN_POINT('',(4.6,9.15,-6.));
#13403=CARTESIAN_POINT('Origin',(0.,15.5,-4.5));
#13404=CARTESIAN_POINT('',(4.6,17.,-4.5));
#13405=CARTESIAN_POINT('',(0.,17.,-4.5));
#13406=CARTESIAN_POINT('Origin',(4.6,15.5,-4.5));
#13407=CARTESIAN_POINT('Origin',(0.,17.,-6.));
#13408=CARTESIAN_POINT('',(4.6,17.,15.5));
#13409=CARTESIAN_POINT('',(0.,17.,15.5));
#13410=CARTESIAN_POINT('',(4.6,17.,-0.249999999999998));
#13411=CARTESIAN_POINT('Origin',(0.,15.5,15.5));
#13412=CARTESIAN_POINT('',(4.6,15.5,17.));
#13413=CARTESIAN_POINT('',(0.,15.5,17.));
#13414=CARTESIAN_POINT('Origin',(4.6,15.5,15.5));
#13415=CARTESIAN_POINT('Origin',(0.,17.,17.));
#13416=CARTESIAN_POINT('',(4.6,8.49999999999999,17.));
#13417=CARTESIAN_POINT('',(0.,8.49999999999999,17.));
#13418=CARTESIAN_POINT('',(4.6,12.75,17.));
#13419=CARTESIAN_POINT('Origin',(0.,8.49999999999999,16.6));
#13420=CARTESIAN_POINT('',(4.6,8.09999999999999,16.6));
#13421=CARTESIAN_POINT('',(0.,8.09999999999999,16.6));
#13422=CARTESIAN_POINT('Origin',(4.6,8.49999999999999,16.6));
#13423=CARTESIAN_POINT('Origin',(0.,8.09999999999999,17.));
#13424=CARTESIAN_POINT('',(4.6,8.1,13.6));
#13425=CARTESIAN_POINT('',(0.,8.1,13.6));
#13426=CARTESIAN_POINT('',(4.6,8.1,11.25));
#13427=CARTESIAN_POINT('Origin',(0.,7.7,13.6));
#13428=CARTESIAN_POINT('',(4.6,7.7,13.2));
#13429=CARTESIAN_POINT('',(0.,7.7,13.2));
#13430=CARTESIAN_POINT('Origin',(4.6,7.7,13.6));
#13431=CARTESIAN_POINT('Origin',(0.,8.1,13.2));
#13432=CARTESIAN_POINT('',(4.6,2.3,13.2));
#13433=CARTESIAN_POINT('',(0.,2.3,13.2));
#13434=CARTESIAN_POINT('',(4.6,8.3,13.2));
#13435=CARTESIAN_POINT('Origin',(0.,2.3,13.6));
#13436=CARTESIAN_POINT('',(4.6,1.9,13.6));
#13437=CARTESIAN_POINT('',(0.,1.9,13.6));
#13438=CARTESIAN_POINT('Origin',(4.6,2.3,13.6));
#13439=CARTESIAN_POINT('Origin',(0.,1.9,13.2));
#13440=CARTESIAN_POINT('',(4.6,1.9,16.6));
#13441=CARTESIAN_POINT('',(0.,1.9,16.6));
#13442=CARTESIAN_POINT('',(4.6,1.9,9.35));
#13443=CARTESIAN_POINT('Origin',(0.,1.5,16.6));
#13444=CARTESIAN_POINT('',(4.6,1.5,17.));
#13445=CARTESIAN_POINT('',(0.,1.5,17.));
#13446=CARTESIAN_POINT('Origin',(4.6,1.5,16.6));
#13447=CARTESIAN_POINT('Origin',(0.,1.9,17.));
#13448=CARTESIAN_POINT('',(4.6,-5.2,17.));
#13449=CARTESIAN_POINT('Origin',(4.8,5.2,16.8));
#13450=CARTESIAN_POINT('',(5.,1.5,16.6));
#13451=CARTESIAN_POINT('',(5.,-5.2,16.6));
#13452=CARTESIAN_POINT('',(5.,1.5,16.6));
#13453=CARTESIAN_POINT('Origin',(4.8,8.3,11.25));
#13454=CARTESIAN_POINT('',(5.,8.5,13.6));
#13455=CARTESIAN_POINT('',(4.6,8.1,13.6));
#13456=CARTESIAN_POINT('',(5.,8.49999999999999,16.6));
#13457=CARTESIAN_POINT('',(5.,8.50000000000001,11.25));
#13458=CARTESIAN_POINT('',(5.,8.49999999999999,16.6));
#13459=CARTESIAN_POINT('Origin',(4.8,7.7,13.6));
#13460=CARTESIAN_POINT('',(5.,7.7,12.8));
#13461=CARTESIAN_POINT('',(4.6,7.7,13.2));
#13462=CARTESIAN_POINT('Origin',(5.,7.7,13.6));
#13463=CARTESIAN_POINT('Origin',(4.8,8.3,13.));
#13464=CARTESIAN_POINT('',(5.,2.3,12.8));
#13465=CARTESIAN_POINT('',(4.6,2.3,13.2));
#13466=CARTESIAN_POINT('',(5.,8.3,12.8));
#13467=CARTESIAN_POINT('Origin',(4.8,2.3,13.6));
#13468=CARTESIAN_POINT('',(5.,1.5,13.6));
#13469=CARTESIAN_POINT('',(4.6,1.9,13.6));
#13470=CARTESIAN_POINT('Origin',(5.,2.3,13.6));
#13471=CARTESIAN_POINT('Origin',(4.8,1.7,9.35));
#13472=CARTESIAN_POINT('',(4.6,1.9,16.6));
#13473=CARTESIAN_POINT('',(5.,1.5,9.35));
#13474=CARTESIAN_POINT('Origin',(4.8,9.99999999999999,1.25));
#13475=CARTESIAN_POINT('',(5.,10.2,-4.5));
#13476=CARTESIAN_POINT('',(4.6,9.8,-4.5));
#13477=CARTESIAN_POINT('',(5.,10.2,-3.4));
#13478=CARTESIAN_POINT('',(5.,10.2,1.25));
#13479=CARTESIAN_POINT('',(5.,10.2,-3.4));
#13480=CARTESIAN_POINT('Origin',(4.8,11.3,-4.5));
#13481=CARTESIAN_POINT('',(5.,11.3,-5.6));
#13482=CARTESIAN_POINT('',(4.6,11.3,-6.));
#13483=CARTESIAN_POINT('Origin',(5.,11.3,-4.5));
#13484=CARTESIAN_POINT('Origin',(4.8,9.15,-5.8));
#13485=CARTESIAN_POINT('',(5.,15.5,-5.6));
#13486=CARTESIAN_POINT('',(4.6,15.5,-6.));
#13487=CARTESIAN_POINT('',(5.,9.15,-5.6));
#13488=CARTESIAN_POINT('Origin',(4.8,15.5,-4.5));
#13489=CARTESIAN_POINT('',(5.,16.6,-4.5));
#13490=CARTESIAN_POINT('',(4.6,17.,-4.5));
#13491=CARTESIAN_POINT('Origin',(5.,15.5,-4.5));
#13492=CARTESIAN_POINT('Origin',(4.8,16.8,-0.249999999999998));
#13493=CARTESIAN_POINT('',(5.,16.6,15.5));
#13494=CARTESIAN_POINT('',(4.6,17.,15.5));
#13495=CARTESIAN_POINT('',(5.,16.6,-0.249999999999998));
#13496=CARTESIAN_POINT('Origin',(4.8,15.5,15.5));
#13497=CARTESIAN_POINT('',(5.,15.5,16.6));
#13498=CARTESIAN_POINT('',(4.6,15.5,17.));
#13499=CARTESIAN_POINT('Origin',(5.,15.5,15.5));
#13500=CARTESIAN_POINT('Origin',(4.8,12.75,16.8));
#13501=CARTESIAN_POINT('',(4.6,8.49999999999999,17.));
#13502=CARTESIAN_POINT('',(5.,12.75,16.6));
#13503=CARTESIAN_POINT('Origin',(4.8,7.325,0.200000000000001));
#13504=CARTESIAN_POINT('',(5.,10.6,0.400000000000002));
#13505=CARTESIAN_POINT('',(4.6,10.6,1.87350135405495E-15));
#13506=CARTESIAN_POINT('',(5.,6.55,0.400000000000001));
#13507=CARTESIAN_POINT('',(5.,7.325,0.400000000000001));
#13508=CARTESIAN_POINT('',(5.,6.55,0.400000000000001));
#13509=CARTESIAN_POINT('Origin',(4.8,10.6,-0.399999999999998));
#13510=CARTESIAN_POINT('',(5.,11.4,-0.399999999999998));
#13511=CARTESIAN_POINT('',(4.6,11.,-0.399999999999998));
#13512=CARTESIAN_POINT('Origin',(5.,10.6,-0.399999999999998));
#13513=CARTESIAN_POINT('Origin',(4.8,11.2,2.75));
#13514=CARTESIAN_POINT('',(5.,11.4,-2.6));
#13515=CARTESIAN_POINT('',(4.6,11.,-2.6));
#13516=CARTESIAN_POINT('',(5.,11.4,2.75));
#13517=CARTESIAN_POINT('Origin',(4.8,10.6,-2.6));
#13518=CARTESIAN_POINT('',(5.,10.6,-3.4));
#13519=CARTESIAN_POINT('',(4.6,10.6,-3.));
#13520=CARTESIAN_POINT('Origin',(5.,10.6,-2.6));
#13521=CARTESIAN_POINT('Origin',(4.8,9.75000000000001,-3.2));
#13522=CARTESIAN_POINT('',(4.6,10.2,-3.));
#13523=CARTESIAN_POINT('',(5.,9.75000000000001,-3.4));
#13524=CARTESIAN_POINT('Origin',(4.8,4.25,9.2));
#13525=CARTESIAN_POINT('',(4.6,5.74999999999999,9.));
#13526=CARTESIAN_POINT('',(4.6,4.25,9.));
#13527=CARTESIAN_POINT('',(5.,5.74999999999999,9.4));
#13528=CARTESIAN_POINT('',(4.6,5.74999999999999,9.));
#13529=CARTESIAN_POINT('',(5.,-4.25,9.4));
#13530=CARTESIAN_POINT('Origin',(4.8,5.74999999999999,8.6));
#13531=CARTESIAN_POINT('',(4.6,6.14999999999999,8.6));
#13532=CARTESIAN_POINT('Origin',(4.6,5.74999999999999,8.6));
#13533=CARTESIAN_POINT('',(5.,6.54999999999999,8.6));
#13534=CARTESIAN_POINT('',(4.6,6.14999999999999,8.6));
#13535=CARTESIAN_POINT('Origin',(5.,5.74999999999999,8.6));
#13536=CARTESIAN_POINT('Origin',(4.8,6.34999999999999,7.25));
#13537=CARTESIAN_POINT('',(4.6,6.15,0.399999999999999));
#13538=CARTESIAN_POINT('',(4.6,6.15,0.399999999999999));
#13539=CARTESIAN_POINT('',(5.,6.54999999999999,7.25));
#13540=CARTESIAN_POINT('',(4.6,6.14999999999999,7.25));
#13541=CARTESIAN_POINT('Origin',(4.6,6.55,0.4));
#13542=CARTESIAN_POINT('Origin',(4.6,6.55,0.4));
#13543=CARTESIAN_POINT('Origin',(4.6,10.2,-3.4));
#13544=CARTESIAN_POINT('Origin',(4.6,8.49999999999999,16.6));
#13545=CARTESIAN_POINT('Origin',(4.6,1.5,16.6));
#13546=CARTESIAN_POINT('Origin',(0.,6.55,0.4));
#13547=CARTESIAN_POINT('',(0.,6.15,0.399999999999999));
#13548=CARTESIAN_POINT('Origin',(0.,6.14999999999999,9.));
#13549=CARTESIAN_POINT('',(0.,6.14999999999999,8.6));
#13550=CARTESIAN_POINT('Origin',(0.,5.74999999999999,8.6));
#13551=CARTESIAN_POINT('',(0.,5.74999999999999,9.));
#13552=CARTESIAN_POINT('Origin',(0.,0.,9.));
#13553=CARTESIAN_POINT('Origin',(0.,8.5,5.5));
#13554=CARTESIAN_POINT('Origin',(5.,8.5,5.5));
#13555=CARTESIAN_POINT('',(0.,0.,0.));
#13556=CARTESIAN_POINT('Origin',(0.2,-6.34999999999999,7.25));
#13557=CARTESIAN_POINT('',(0.4,-6.14999999999999,8.6));
#13558=CARTESIAN_POINT('',(0.,-6.54999999999999,8.6));
#13559=CARTESIAN_POINT('',(0.4,-6.14999999999999,8.6));
#13560=CARTESIAN_POINT('',(0.4,-6.15,0.4));
#13561=CARTESIAN_POINT('',(0.4,-6.14999999999999,7.25));
#13562=CARTESIAN_POINT('',(0.,-6.55,0.400000000000001));
#13563=CARTESIAN_POINT('',(0.,-6.55,0.400000000000001));
#13564=CARTESIAN_POINT('',(0.,-6.54999999999999,7.25));
#13565=CARTESIAN_POINT('Origin',(0.2,-5.74999999999999,8.6));
#13566=CARTESIAN_POINT('',(0.,-5.74999999999999,9.4));
#13567=CARTESIAN_POINT('Origin',(0.,-5.74999999999999,8.6));
#13568=CARTESIAN_POINT('',(0.4,-5.74999999999999,9.));
#13569=CARTESIAN_POINT('',(0.4,-5.74999999999999,9.));
#13570=CARTESIAN_POINT('Origin',(0.4,-5.74999999999999,8.6));
#13571=CARTESIAN_POINT('Origin',(0.2,-9.75000000000001,-3.2));
#13572=CARTESIAN_POINT('',(0.4,-10.6,-3.));
#13573=CARTESIAN_POINT('',(0.,-10.6,-3.4));
#13574=CARTESIAN_POINT('',(0.4,-10.6,-3.));
#13575=CARTESIAN_POINT('',(0.4,-10.2,-3.));
#13576=CARTESIAN_POINT('',(0.4,-9.75000000000001,-3.));
#13577=CARTESIAN_POINT('',(0.,-10.2,-3.4));
#13578=CARTESIAN_POINT('',(0.,-10.2,-3.4));
#13579=CARTESIAN_POINT('',(0.,-9.75000000000001,-3.4));
#13580=CARTESIAN_POINT('Origin',(0.2,-10.6,-2.6));
#13581=CARTESIAN_POINT('',(0.,-11.4,-2.6));
#13582=CARTESIAN_POINT('Origin',(0.,-10.6,-2.6));
#13583=CARTESIAN_POINT('',(0.4,-11.,-2.6));
#13584=CARTESIAN_POINT('',(0.4,-11.,-2.6));
#13585=CARTESIAN_POINT('Origin',(0.4,-10.6,-2.6));
#13586=CARTESIAN_POINT('Origin',(0.2,-11.2,2.75));
#13587=CARTESIAN_POINT('',(0.4,-11.,-0.399999999999997));
#13588=CARTESIAN_POINT('',(0.,-11.4,-0.399999999999997));
#13589=CARTESIAN_POINT('',(0.4,-11.,-0.399999999999997));
#13590=CARTESIAN_POINT('',(0.4,-11.,2.75));
#13591=CARTESIAN_POINT('',(0.,-11.4,2.75));
#13592=CARTESIAN_POINT('Origin',(0.2,-10.6,-0.399999999999997));
#13593=CARTESIAN_POINT('',(0.,-10.6,0.400000000000003));
#13594=CARTESIAN_POINT('Origin',(0.,-10.6,-0.399999999999997));
#13595=CARTESIAN_POINT('',(0.4,-10.6,3.28949919733931E-15));
#13596=CARTESIAN_POINT('',(0.4,-10.6,3.28949919733931E-15));
#13597=CARTESIAN_POINT('Origin',(0.4,-10.6,-0.399999999999997));
#13598=CARTESIAN_POINT('Origin',(0.2,-7.325,0.200000000000002));
#13599=CARTESIAN_POINT('',(0.4,-6.55,1.01375767746612E-15));
#13600=CARTESIAN_POINT('',(0.4,-6.55,1.01375767746612E-15));
#13601=CARTESIAN_POINT('',(0.4,-7.325,1.46423051686388E-15));
#13602=CARTESIAN_POINT('',(0.,-7.325,0.400000000000002));
#13603=CARTESIAN_POINT('Origin',(0.2,-12.75,16.8));
#13604=CARTESIAN_POINT('',(0.4,-15.5,17.));
#13605=CARTESIAN_POINT('',(0.,-15.5,16.6));
#13606=CARTESIAN_POINT('',(0.4,-15.5,17.));
#13607=CARTESIAN_POINT('',(0.4,-11.5,17.));
#13608=CARTESIAN_POINT('',(0.4,-12.75,17.));
#13609=CARTESIAN_POINT('',(0.,-11.5,16.6));
#13610=CARTESIAN_POINT('',(0.,-11.5,16.6));
#13611=CARTESIAN_POINT('',(0.,-12.75,16.6));
#13612=CARTESIAN_POINT('Origin',(0.2,-15.5,15.5));
#13613=CARTESIAN_POINT('',(0.,-16.6,15.5));
#13614=CARTESIAN_POINT('Origin',(0.,-15.5,15.5));
#13615=CARTESIAN_POINT('',(0.4,-17.,15.5));
#13616=CARTESIAN_POINT('',(0.4,-17.,15.5));
#13617=CARTESIAN_POINT('Origin',(0.4,-15.5,15.5));
#13618=CARTESIAN_POINT('Origin',(0.2,-16.8,-0.249999999999996));
#13619=CARTESIAN_POINT('',(0.4,-17.,-4.5));
#13620=CARTESIAN_POINT('',(0.,-16.6,-4.5));
#13621=CARTESIAN_POINT('',(0.4,-17.,-4.5));
#13622=CARTESIAN_POINT('',(0.4,-17.,-0.249999999999996));
#13623=CARTESIAN_POINT('',(0.,-16.6,-0.249999999999996));
#13624=CARTESIAN_POINT('Origin',(0.2,-15.5,-4.5));
#13625=CARTESIAN_POINT('',(0.,-15.5,-5.6));
#13626=CARTESIAN_POINT('Origin',(0.,-15.5,-4.5));
#13627=CARTESIAN_POINT('',(0.4,-15.5,-6.));
#13628=CARTESIAN_POINT('',(0.4,-15.5,-6.));
#13629=CARTESIAN_POINT('Origin',(0.4,-15.5,-4.5));
#13630=CARTESIAN_POINT('Origin',(0.2,-9.15000000000001,-5.8));
#13631=CARTESIAN_POINT('',(0.4,-11.3,-6.));
#13632=CARTESIAN_POINT('',(0.,-11.3,-5.6));
#13633=CARTESIAN_POINT('',(0.4,-11.3,-6.));
#13634=CARTESIAN_POINT('',(0.4,-9.15000000000001,-6.));
#13635=CARTESIAN_POINT('',(0.,-9.15000000000001,-5.6));
#13636=CARTESIAN_POINT('Origin',(0.2,-11.3,-4.5));
#13637=CARTESIAN_POINT('',(0.,-10.2,-4.5));
#13638=CARTESIAN_POINT('Origin',(0.,-11.3,-4.5));
#13639=CARTESIAN_POINT('',(0.4,-9.8,-4.5));
#13640=CARTESIAN_POINT('',(0.4,-9.8,-4.5));
#13641=CARTESIAN_POINT('Origin',(0.4,-11.3,-4.5));
#13642=CARTESIAN_POINT('Origin',(0.2,-9.99999999999999,1.25));
#13643=CARTESIAN_POINT('',(0.4,-9.8,-3.4));
#13644=CARTESIAN_POINT('',(0.4,-9.8,-3.4));
#13645=CARTESIAN_POINT('',(0.4,-9.79999999999999,1.25));
#13646=CARTESIAN_POINT('',(0.,-10.2,1.25));
#13647=CARTESIAN_POINT('Origin',(0.2,-1.7,9.35));
#13648=CARTESIAN_POINT('',(0.4,-1.9,13.6));
#13649=CARTESIAN_POINT('',(0.,-1.5,13.6));
#13650=CARTESIAN_POINT('',(0.4,-1.9,13.6));
#13651=CARTESIAN_POINT('',(0.4,-1.9,16.6));
#13652=CARTESIAN_POINT('',(0.4,-1.9,9.35));
#13653=CARTESIAN_POINT('',(0.,-1.5,16.6));
#13654=CARTESIAN_POINT('',(0.,-1.5,16.6));
#13655=CARTESIAN_POINT('',(0.,-1.5,9.35));
#13656=CARTESIAN_POINT('Origin',(0.2,-2.3,13.6));
#13657=CARTESIAN_POINT('',(0.,-2.3,12.8));
#13658=CARTESIAN_POINT('Origin',(0.,-2.3,13.6));
#13659=CARTESIAN_POINT('',(0.4,-2.3,13.2));
#13660=CARTESIAN_POINT('',(0.4,-2.3,13.2));
#13661=CARTESIAN_POINT('Origin',(0.4,-2.3,13.6));
#13662=CARTESIAN_POINT('Origin',(0.2,-8.3,13.));
#13663=CARTESIAN_POINT('',(0.4,-10.7,13.2));
#13664=CARTESIAN_POINT('',(0.,-10.7,12.8));
#13665=CARTESIAN_POINT('',(0.4,-10.7,13.2));
#13666=CARTESIAN_POINT('',(0.4,-8.3,13.2));
#13667=CARTESIAN_POINT('',(0.,-8.3,12.8));
#13668=CARTESIAN_POINT('Origin',(0.2,-10.7,13.6));
#13669=CARTESIAN_POINT('',(0.,-11.5,13.6));
#13670=CARTESIAN_POINT('Origin',(0.,-10.7,13.6));
#13671=CARTESIAN_POINT('',(0.4,-11.1,13.6));
#13672=CARTESIAN_POINT('',(0.4,-11.1,13.6));
#13673=CARTESIAN_POINT('Origin',(0.4,-10.7,13.6));
#13674=CARTESIAN_POINT('Origin',(0.2,-11.3,11.25));
#13675=CARTESIAN_POINT('',(0.4,-11.1,16.6));
#13676=CARTESIAN_POINT('',(0.4,-11.1,16.6));
#13677=CARTESIAN_POINT('',(0.4,-11.1,11.25));
#13678=CARTESIAN_POINT('',(0.,-11.5,11.25));
#13679=CARTESIAN_POINT('Origin',(0.4,-1.5,16.6));
#13680=CARTESIAN_POINT('',(0.4,-1.5,17.));
#13681=CARTESIAN_POINT('',(0.4,-1.5,17.));
#13682=CARTESIAN_POINT('Origin',(0.4,-1.5,16.6));
#13683=CARTESIAN_POINT('Origin',(0.4,-11.5,16.6));
#13684=CARTESIAN_POINT('Origin',(0.4,-11.5,16.6));
#13685=CARTESIAN_POINT('Origin',(0.4,-10.2,-3.4));
#13686=CARTESIAN_POINT('Origin',(0.4,-10.2,-3.4));
#13687=CARTESIAN_POINT('Origin',(0.4,-6.55,0.400000000000001));
#13688=CARTESIAN_POINT('Origin',(0.4,-6.55,0.400000000000001));
#13689=CARTESIAN_POINT('Origin',(0.,-6.15,8.21545918509323E-16));
#13690=CARTESIAN_POINT('',(4.6,-6.55,1.01375767746612E-15));
#13691=CARTESIAN_POINT('',(0.,-6.55,1.01375767746612E-15));
#13692=CARTESIAN_POINT('',(4.6,-10.6,3.28949919733931E-15));
#13693=CARTESIAN_POINT('',(4.6,-7.325,1.46423051686388E-15));
#13694=CARTESIAN_POINT('',(0.,-10.6,3.28949919733931E-15));
#13695=CARTESIAN_POINT('Origin',(0.,-10.6,-0.399999999999997));
#13696=CARTESIAN_POINT('',(4.6,-11.,-0.399999999999997));
#13697=CARTESIAN_POINT('Origin',(4.6,-10.6,-0.399999999999997));
#13698=CARTESIAN_POINT('',(0.,-11.,-0.399999999999997));
#13699=CARTESIAN_POINT('Origin',(0.,-11.,3.68987777341333E-15));
#13700=CARTESIAN_POINT('',(4.6,-11.,-2.6));
#13701=CARTESIAN_POINT('',(4.6,-11.,2.75));
#13702=CARTESIAN_POINT('',(0.,-11.,-2.6));
#13703=CARTESIAN_POINT('Origin',(0.,-10.6,-2.6));
#13704=CARTESIAN_POINT('',(4.6,-10.6,-3.));
#13705=CARTESIAN_POINT('Origin',(4.6,-10.6,-2.6));
#13706=CARTESIAN_POINT('',(0.,-10.6,-3.));
#13707=CARTESIAN_POINT('Origin',(0.,-11.,-3.));
#13708=CARTESIAN_POINT('',(4.6,-10.2,-3.));
#13709=CARTESIAN_POINT('',(4.6,-9.75000000000001,-3.));
#13710=CARTESIAN_POINT('',(0.,-10.2,-3.));
#13711=CARTESIAN_POINT('Origin',(0.,-10.2,-3.4));
#13712=CARTESIAN_POINT('',(4.6,-9.8,-3.4));
#13713=CARTESIAN_POINT('Origin',(4.6,-10.2,-3.4));
#13714=CARTESIAN_POINT('',(0.,-9.8,-3.4));
#13715=CARTESIAN_POINT('Origin',(0.,-9.8,-3.));
#13716=CARTESIAN_POINT('',(4.6,-9.8,-4.5));
#13717=CARTESIAN_POINT('',(4.6,-9.79999999999999,1.25));
#13718=CARTESIAN_POINT('',(0.,-9.8,-4.5));
#13719=CARTESIAN_POINT('Origin',(0.,-11.3,-4.5));
#13720=CARTESIAN_POINT('',(4.6,-11.3,-6.));
#13721=CARTESIAN_POINT('Origin',(4.6,-11.3,-4.5));
#13722=CARTESIAN_POINT('',(0.,-11.3,-6.));
#13723=CARTESIAN_POINT('Origin',(0.,-9.8,-6.));
#13724=CARTESIAN_POINT('',(4.6,-15.5,-6.));
#13725=CARTESIAN_POINT('',(4.6,-9.15000000000001,-6.));
#13726=CARTESIAN_POINT('',(0.,-15.5,-6.));
#13727=CARTESIAN_POINT('Origin',(0.,-15.5,-4.5));
#13728=CARTESIAN_POINT('',(4.6,-17.,-4.5));
#13729=CARTESIAN_POINT('Origin',(4.6,-15.5,-4.5));
#13730=CARTESIAN_POINT('',(0.,-17.,-4.5));
#13731=CARTESIAN_POINT('Origin',(0.,-17.,-6.));
#13732=CARTESIAN_POINT('',(4.6,-17.,15.5));
#13733=CARTESIAN_POINT('',(4.6,-17.,-0.249999999999996));
#13734=CARTESIAN_POINT('',(0.,-17.,15.5));
#13735=CARTESIAN_POINT('Origin',(0.,-15.5,15.5));
#13736=CARTESIAN_POINT('',(4.6,-15.5,17.));
#13737=CARTESIAN_POINT('Origin',(4.6,-15.5,15.5));
#13738=CARTESIAN_POINT('',(0.,-15.5,17.));
#13739=CARTESIAN_POINT('Origin',(0.,-17.,17.));
#13740=CARTESIAN_POINT('',(4.6,-11.5,17.));
#13741=CARTESIAN_POINT('',(4.6,-12.75,17.));
#13742=CARTESIAN_POINT('',(0.,-11.5,17.));
#13743=CARTESIAN_POINT('Origin',(0.,-11.5,16.6));
#13744=CARTESIAN_POINT('',(4.6,-11.1,16.6));
#13745=CARTESIAN_POINT('Origin',(4.6,-11.5,16.6));
#13746=CARTESIAN_POINT('',(0.,-11.1,16.6));
#13747=CARTESIAN_POINT('Origin',(0.,-11.1,17.));
#13748=CARTESIAN_POINT('',(4.6,-11.1,13.6));
#13749=CARTESIAN_POINT('',(4.6,-11.1,11.25));
#13750=CARTESIAN_POINT('',(0.,-11.1,13.6));
#13751=CARTESIAN_POINT('Origin',(0.,-10.7,13.6));
#13752=CARTESIAN_POINT('',(4.6,-10.7,13.2));
#13753=CARTESIAN_POINT('Origin',(4.6,-10.7,13.6));
#13754=CARTESIAN_POINT('',(0.,-10.7,13.2));
#13755=CARTESIAN_POINT('Origin',(0.,-8.1,13.2));
#13756=CARTESIAN_POINT('',(4.6,-2.3,13.2));
#13757=CARTESIAN_POINT('',(4.6,-8.3,13.2));
#13758=CARTESIAN_POINT('',(0.,-2.3,13.2));
#13759=CARTESIAN_POINT('Origin',(0.,-2.3,13.6));
#13760=CARTESIAN_POINT('',(4.6,-1.9,13.6));
#13761=CARTESIAN_POINT('Origin',(4.6,-2.3,13.6));
#13762=CARTESIAN_POINT('',(0.,-1.9,13.6));
#13763=CARTESIAN_POINT('Origin',(0.,-1.9,13.2));
#13764=CARTESIAN_POINT('',(4.6,-1.9,16.6));
#13765=CARTESIAN_POINT('',(4.6,-1.9,9.35));
#13766=CARTESIAN_POINT('',(0.,-1.9,16.6));
#13767=CARTESIAN_POINT('Origin',(0.,-1.5,16.6));
#13768=CARTESIAN_POINT('',(4.6,-1.5,17.));
#13769=CARTESIAN_POINT('Origin',(4.6,-1.5,16.6));
#13770=CARTESIAN_POINT('',(0.,-1.5,17.));
#13771=CARTESIAN_POINT('Origin',(4.8,-11.3,11.25));
#13772=CARTESIAN_POINT('',(5.,-11.5,13.6));
#13773=CARTESIAN_POINT('',(4.6,-11.1,13.6));
#13774=CARTESIAN_POINT('',(5.,-11.5,16.6));
#13775=CARTESIAN_POINT('',(5.,-11.5,16.6));
#13776=CARTESIAN_POINT('',(5.,-11.5,11.25));
#13777=CARTESIAN_POINT('Origin',(4.8,-10.7,13.6));
#13778=CARTESIAN_POINT('',(5.,-10.7,12.8));
#13779=CARTESIAN_POINT('Origin',(5.,-10.7,13.6));
#13780=CARTESIAN_POINT('',(4.6,-10.7,13.2));
#13781=CARTESIAN_POINT('Origin',(4.8,-8.3,13.));
#13782=CARTESIAN_POINT('',(5.,-2.3,12.8));
#13783=CARTESIAN_POINT('',(4.6,-2.3,13.2));
#13784=CARTESIAN_POINT('',(5.,-8.3,12.8));
#13785=CARTESIAN_POINT('Origin',(4.8,-2.3,13.6));
#13786=CARTESIAN_POINT('',(5.,-1.5,13.6));
#13787=CARTESIAN_POINT('Origin',(5.,-2.3,13.6));
#13788=CARTESIAN_POINT('',(4.6,-1.9,13.6));
#13789=CARTESIAN_POINT('Origin',(4.8,-1.7,9.35));
#13790=CARTESIAN_POINT('',(5.,-1.5,16.6));
#13791=CARTESIAN_POINT('',(4.6,-1.9,16.6));
#13792=CARTESIAN_POINT('',(5.,-1.5,9.35));
#13793=CARTESIAN_POINT('Origin',(4.8,-9.99999999999999,1.25));
#13794=CARTESIAN_POINT('',(5.,-10.2,-4.5));
#13795=CARTESIAN_POINT('',(4.6,-9.8,-4.5));
#13796=CARTESIAN_POINT('',(5.,-10.2,-3.4));
#13797=CARTESIAN_POINT('',(5.,-10.2,-3.4));
#13798=CARTESIAN_POINT('',(5.,-10.2,1.25));
#13799=CARTESIAN_POINT('Origin',(4.8,-11.3,-4.5));
#13800=CARTESIAN_POINT('',(5.,-11.3,-5.6));
#13801=CARTESIAN_POINT('Origin',(5.,-11.3,-4.5));
#13802=CARTESIAN_POINT('',(4.6,-11.3,-6.));
#13803=CARTESIAN_POINT('Origin',(4.8,-9.15000000000001,-5.8));
#13804=CARTESIAN_POINT('',(5.,-15.5,-5.6));
#13805=CARTESIAN_POINT('',(4.6,-15.5,-6.));
#13806=CARTESIAN_POINT('',(5.,-9.15000000000001,-5.6));
#13807=CARTESIAN_POINT('Origin',(4.8,-15.5,-4.5));
#13808=CARTESIAN_POINT('',(5.,-16.6,-4.5));
#13809=CARTESIAN_POINT('Origin',(5.,-15.5,-4.5));
#13810=CARTESIAN_POINT('',(4.6,-17.,-4.5));
#13811=CARTESIAN_POINT('Origin',(4.8,-16.8,-0.249999999999996));
#13812=CARTESIAN_POINT('',(5.,-16.6,15.5));
#13813=CARTESIAN_POINT('',(4.6,-17.,15.5));
#13814=CARTESIAN_POINT('',(5.,-16.6,-0.249999999999996));
#13815=CARTESIAN_POINT('Origin',(4.8,-15.5,15.5));
#13816=CARTESIAN_POINT('',(5.,-15.5,16.6));
#13817=CARTESIAN_POINT('Origin',(5.,-15.5,15.5));
#13818=CARTESIAN_POINT('',(4.6,-15.5,17.));
#13819=CARTESIAN_POINT('Origin',(4.8,-12.75,16.8));
#13820=CARTESIAN_POINT('',(4.6,-11.5,17.));
#13821=CARTESIAN_POINT('',(5.,-12.75,16.6));
#13822=CARTESIAN_POINT('Origin',(4.8,-7.325,0.200000000000002));
#13823=CARTESIAN_POINT('',(5.,-10.6,0.400000000000004));
#13824=CARTESIAN_POINT('',(4.6,-10.6,3.28949919733931E-15));
#13825=CARTESIAN_POINT('',(5.,-6.55,0.400000000000001));
#13826=CARTESIAN_POINT('',(5.,-6.55,0.400000000000001));
#13827=CARTESIAN_POINT('',(5.,-7.325,0.400000000000002));
#13828=CARTESIAN_POINT('Origin',(4.8,-10.6,-0.399999999999997));
#13829=CARTESIAN_POINT('',(5.,-11.4,-0.399999999999997));
#13830=CARTESIAN_POINT('Origin',(5.,-10.6,-0.399999999999997));
#13831=CARTESIAN_POINT('',(4.6,-11.,-0.399999999999997));
#13832=CARTESIAN_POINT('Origin',(4.8,-11.2,2.75));
#13833=CARTESIAN_POINT('',(5.,-11.4,-2.6));
#13834=CARTESIAN_POINT('',(4.6,-11.,-2.6));
#13835=CARTESIAN_POINT('',(5.,-11.4,2.75));
#13836=CARTESIAN_POINT('Origin',(4.8,-10.6,-2.6));
#13837=CARTESIAN_POINT('',(5.,-10.6,-3.4));
#13838=CARTESIAN_POINT('Origin',(5.,-10.6,-2.6));
#13839=CARTESIAN_POINT('',(4.6,-10.6,-3.));
#13840=CARTESIAN_POINT('Origin',(4.8,-9.75000000000001,-3.2));
#13841=CARTESIAN_POINT('',(4.6,-10.2,-3.));
#13842=CARTESIAN_POINT('',(5.,-9.75000000000001,-3.4));
#13843=CARTESIAN_POINT('Origin',(4.8,-5.74999999999999,8.6));
#13844=CARTESIAN_POINT('',(4.6,-5.74999999999999,9.));
#13845=CARTESIAN_POINT('',(5.,-5.74999999999999,9.4));
#13846=CARTESIAN_POINT('',(4.6,-5.74999999999999,9.));
#13847=CARTESIAN_POINT('',(5.,-6.54999999999999,8.6));
#13848=CARTESIAN_POINT('Origin',(5.,-5.74999999999999,8.6));
#13849=CARTESIAN_POINT('',(4.6,-6.14999999999999,8.6));
#13850=CARTESIAN_POINT('',(4.6,-6.14999999999999,8.6));
#13851=CARTESIAN_POINT('Origin',(4.6,-5.74999999999999,8.6));
#13852=CARTESIAN_POINT('Origin',(4.8,-6.34999999999999,7.25));
#13853=CARTESIAN_POINT('',(4.6,-6.15,0.4));
#13854=CARTESIAN_POINT('',(4.6,-6.15,0.4));
#13855=CARTESIAN_POINT('',(4.6,-6.14999999999999,7.25));
#13856=CARTESIAN_POINT('',(5.,-6.54999999999999,7.25));
#13857=CARTESIAN_POINT('Origin',(4.6,-6.55,0.400000000000001));
#13858=CARTESIAN_POINT('Origin',(4.6,-6.55,0.400000000000001));
#13859=CARTESIAN_POINT('Origin',(4.6,-10.2,-3.4));
#13860=CARTESIAN_POINT('Origin',(4.6,-11.5,16.6));
#13861=CARTESIAN_POINT('Origin',(4.6,-1.5,16.6));
#13862=CARTESIAN_POINT('',(5.,-1.5,16.6));
#13863=CARTESIAN_POINT('Origin',(0.,-6.55,0.400000000000001));
#13864=CARTESIAN_POINT('',(0.,-6.15,0.4));
#13865=CARTESIAN_POINT('Origin',(0.,-6.14999999999999,9.));
#13866=CARTESIAN_POINT('',(0.,-6.14999999999999,8.6));
#13867=CARTESIAN_POINT('Origin',(0.,-5.74999999999999,8.6));
#13868=CARTESIAN_POINT('',(0.,-5.74999999999999,9.));
#13869=CARTESIAN_POINT('Origin',(0.2,6.34999999999999,7.25));
#13870=CARTESIAN_POINT('',(0.4,6.14999999999999,8.6));
#13871=CARTESIAN_POINT('',(0.,6.54999999999999,8.6));
#13872=CARTESIAN_POINT('',(0.4,6.14999999999999,8.6));
#13873=CARTESIAN_POINT('',(0.,6.55,0.4));
#13874=CARTESIAN_POINT('',(0.,6.54999999999999,7.25));
#13875=CARTESIAN_POINT('',(0.4,6.15,0.399999999999999));
#13876=CARTESIAN_POINT('',(0.,6.55,0.4));
#13877=CARTESIAN_POINT('',(0.4,6.14999999999999,7.25));
#13878=CARTESIAN_POINT('Origin',(0.2,5.74999999999999,8.6));
#13879=CARTESIAN_POINT('',(0.4,5.74999999999999,9.));
#13880=CARTESIAN_POINT('Origin',(0.4,5.74999999999999,8.6));
#13881=CARTESIAN_POINT('',(0.,5.74999999999999,9.4));
#13882=CARTESIAN_POINT('',(0.4,5.74999999999999,9.));
#13883=CARTESIAN_POINT('Origin',(0.,5.74999999999999,8.6));
#13884=CARTESIAN_POINT('Origin',(0.2,4.25,9.2));
#13885=CARTESIAN_POINT('',(0.,-4.25,9.4));
#13886=CARTESIAN_POINT('',(0.4,4.25,9.));
#13887=CARTESIAN_POINT('Origin',(0.2,9.75000000000001,-3.2));
#13888=CARTESIAN_POINT('',(0.4,10.6,-3.));
#13889=CARTESIAN_POINT('',(0.,10.6,-3.4));
#13890=CARTESIAN_POINT('',(0.4,10.6,-3.));
#13891=CARTESIAN_POINT('',(0.,10.2,-3.4));
#13892=CARTESIAN_POINT('',(0.,9.75000000000001,-3.4));
#13893=CARTESIAN_POINT('',(0.4,10.2,-3.));
#13894=CARTESIAN_POINT('',(0.,10.2,-3.4));
#13895=CARTESIAN_POINT('',(0.4,9.75000000000001,-3.));
#13896=CARTESIAN_POINT('Origin',(0.2,10.6,-2.6));
#13897=CARTESIAN_POINT('',(0.4,11.,-2.6));
#13898=CARTESIAN_POINT('Origin',(0.4,10.6,-2.6));
#13899=CARTESIAN_POINT('',(0.,11.4,-2.6));
#13900=CARTESIAN_POINT('',(0.4,11.,-2.6));
#13901=CARTESIAN_POINT('Origin',(0.,10.6,-2.6));
#13902=CARTESIAN_POINT('Origin',(0.2,11.2,2.75));
#13903=CARTESIAN_POINT('',(0.4,11.,-0.399999999999998));
#13904=CARTESIAN_POINT('',(0.,11.4,-0.399999999999998));
#13905=CARTESIAN_POINT('',(0.4,11.,-0.399999999999998));
#13906=CARTESIAN_POINT('',(0.,11.4,2.75));
#13907=CARTESIAN_POINT('',(0.4,11.,2.75));
#13908=CARTESIAN_POINT('Origin',(0.2,10.6,-0.399999999999998));
#13909=CARTESIAN_POINT('',(0.4,10.6,1.87350135405495E-15));
#13910=CARTESIAN_POINT('Origin',(0.4,10.6,-0.399999999999998));
#13911=CARTESIAN_POINT('',(0.,10.6,0.400000000000001));
#13912=CARTESIAN_POINT('',(0.4,10.6,1.87350135405495E-15));
#13913=CARTESIAN_POINT('Origin',(0.,10.6,-0.399999999999998));
#13914=CARTESIAN_POINT('Origin',(0.2,7.325,0.200000000000001));
#13915=CARTESIAN_POINT('',(0.4,6.55,1.38777878078145E-16));
#13916=CARTESIAN_POINT('',(0.4,6.55,1.38777878078145E-16));
#13917=CARTESIAN_POINT('',(0.,7.325,0.400000000000001));
#13918=CARTESIAN_POINT('',(0.4,7.325,4.85722573273506E-16));
#13919=CARTESIAN_POINT('Origin',(0.2,12.75,16.8));
#13920=CARTESIAN_POINT('',(0.4,15.5,17.));
#13921=CARTESIAN_POINT('',(0.,15.5,16.6));
#13922=CARTESIAN_POINT('',(0.4,15.5,17.));
#13923=CARTESIAN_POINT('',(0.,11.5,16.6));
#13924=CARTESIAN_POINT('',(0.,12.75,16.6));
#13925=CARTESIAN_POINT('',(0.4,11.5,17.));
#13926=CARTESIAN_POINT('',(0.,11.5,16.6));
#13927=CARTESIAN_POINT('',(0.4,12.75,17.));
#13928=CARTESIAN_POINT('Origin',(0.2,15.5,15.5));
#13929=CARTESIAN_POINT('',(0.4,17.,15.5));
#13930=CARTESIAN_POINT('Origin',(0.4,15.5,15.5));
#13931=CARTESIAN_POINT('',(0.,16.6,15.5));
#13932=CARTESIAN_POINT('',(0.4,17.,15.5));
#13933=CARTESIAN_POINT('Origin',(0.,15.5,15.5));
#13934=CARTESIAN_POINT('Origin',(0.2,16.8,-0.249999999999998));
#13935=CARTESIAN_POINT('',(0.4,17.,-4.5));
#13936=CARTESIAN_POINT('',(0.,16.6,-4.5));
#13937=CARTESIAN_POINT('',(0.4,17.,-4.5));
#13938=CARTESIAN_POINT('',(0.,16.6,-0.249999999999998));
#13939=CARTESIAN_POINT('',(0.4,17.,-0.249999999999998));
#13940=CARTESIAN_POINT('Origin',(0.2,15.5,-4.5));
#13941=CARTESIAN_POINT('',(0.4,15.5,-6.));
#13942=CARTESIAN_POINT('Origin',(0.4,15.5,-4.5));
#13943=CARTESIAN_POINT('',(0.,15.5,-5.6));
#13944=CARTESIAN_POINT('',(0.4,15.5,-6.));
#13945=CARTESIAN_POINT('Origin',(0.,15.5,-4.5));
#13946=CARTESIAN_POINT('Origin',(0.2,9.15,-5.8));
#13947=CARTESIAN_POINT('',(0.4,11.3,-6.));
#13948=CARTESIAN_POINT('',(0.,11.3,-5.6));
#13949=CARTESIAN_POINT('',(0.4,11.3,-6.));
#13950=CARTESIAN_POINT('',(0.,9.15,-5.6));
#13951=CARTESIAN_POINT('',(0.4,9.15,-6.));
#13952=CARTESIAN_POINT('Origin',(0.2,11.3,-4.5));
#13953=CARTESIAN_POINT('',(0.4,9.8,-4.5));
#13954=CARTESIAN_POINT('Origin',(0.4,11.3,-4.5));
#13955=CARTESIAN_POINT('',(0.,10.2,-4.5));
#13956=CARTESIAN_POINT('',(0.4,9.8,-4.5));
#13957=CARTESIAN_POINT('Origin',(0.,11.3,-4.5));
#13958=CARTESIAN_POINT('Origin',(0.2,9.99999999999999,1.25));
#13959=CARTESIAN_POINT('',(0.4,9.8,-3.4));
#13960=CARTESIAN_POINT('',(0.4,9.8,-3.4));
#13961=CARTESIAN_POINT('',(0.,10.2,1.25));
#13962=CARTESIAN_POINT('',(0.4,9.79999999999999,1.25));
#13963=CARTESIAN_POINT('Origin',(0.2,1.7,9.35));
#13964=CARTESIAN_POINT('',(0.4,1.9,13.6));
#13965=CARTESIAN_POINT('',(0.,1.5,13.6));
#13966=CARTESIAN_POINT('',(0.4,1.9,13.6));
#13967=CARTESIAN_POINT('',(0.,1.5,16.6));
#13968=CARTESIAN_POINT('',(0.,1.5,9.35));
#13969=CARTESIAN_POINT('',(0.4,1.9,16.6));
#13970=CARTESIAN_POINT('',(0.,1.5,16.6));
#13971=CARTESIAN_POINT('',(0.4,1.9,9.35));
#13972=CARTESIAN_POINT('Origin',(0.2,2.3,13.6));
#13973=CARTESIAN_POINT('',(0.4,2.3,13.2));
#13974=CARTESIAN_POINT('Origin',(0.4,2.3,13.6));
#13975=CARTESIAN_POINT('',(0.,2.3,12.8));
#13976=CARTESIAN_POINT('',(0.4,2.3,13.2));
#13977=CARTESIAN_POINT('Origin',(0.,2.3,13.6));
#13978=CARTESIAN_POINT('Origin',(0.2,8.3,13.));
#13979=CARTESIAN_POINT('',(0.4,10.7,13.2));
#13980=CARTESIAN_POINT('',(0.,10.7,12.8));
#13981=CARTESIAN_POINT('',(0.4,10.7,13.2));
#13982=CARTESIAN_POINT('',(0.,8.3,12.8));
#13983=CARTESIAN_POINT('',(0.4,8.3,13.2));
#13984=CARTESIAN_POINT('Origin',(0.2,10.7,13.6));
#13985=CARTESIAN_POINT('',(0.4,11.1,13.6));
#13986=CARTESIAN_POINT('Origin',(0.4,10.7,13.6));
#13987=CARTESIAN_POINT('',(0.,11.5,13.6));
#13988=CARTESIAN_POINT('',(0.4,11.1,13.6));
#13989=CARTESIAN_POINT('Origin',(0.,10.7,13.6));
#13990=CARTESIAN_POINT('Origin',(0.2,11.3,11.25));
#13991=CARTESIAN_POINT('',(0.4,11.1,16.6));
#13992=CARTESIAN_POINT('',(0.4,11.1,16.6));
#13993=CARTESIAN_POINT('',(0.,11.5,11.25));
#13994=CARTESIAN_POINT('',(0.4,11.1,11.25));
#13995=CARTESIAN_POINT('Origin',(0.2,5.2,16.8));
#13996=CARTESIAN_POINT('',(0.4,1.5,17.));
#13997=CARTESIAN_POINT('',(0.4,-5.2,17.));
#13998=CARTESIAN_POINT('',(0.4,1.5,17.));
#13999=CARTESIAN_POINT('',(0.,5.2,16.6));
#14000=CARTESIAN_POINT('Origin',(0.4,1.5,16.6));
#14001=CARTESIAN_POINT('Origin',(0.4,1.5,16.6));
#14002=CARTESIAN_POINT('Origin',(0.4,11.5,16.6));
#14003=CARTESIAN_POINT('Origin',(0.4,11.5,16.6));
#14004=CARTESIAN_POINT('Origin',(0.4,10.2,-3.4));
#14005=CARTESIAN_POINT('Origin',(0.4,10.2,-3.4));
#14006=CARTESIAN_POINT('Origin',(0.4,6.55,0.4));
#14007=CARTESIAN_POINT('Origin',(0.4,6.55,0.4));
#14008=CARTESIAN_POINT('Origin',(0.,6.15,0.));
#14009=CARTESIAN_POINT('',(4.6,10.6,1.87350135405495E-15));
#14010=CARTESIAN_POINT('',(0.,10.6,1.87350135405495E-15));
#14011=CARTESIAN_POINT('',(4.6,6.55,1.38777878078145E-16));
#14012=CARTESIAN_POINT('',(4.6,7.325,4.85722573273506E-16));
#14013=CARTESIAN_POINT('',(0.,6.55,1.38777878078145E-16));
#14014=CARTESIAN_POINT('Origin',(0.,10.6,-0.399999999999998));
#14015=CARTESIAN_POINT('',(4.6,11.,-0.399999999999998));
#14016=CARTESIAN_POINT('',(0.,11.,-0.399999999999998));
#14017=CARTESIAN_POINT('Origin',(4.6,10.6,-0.399999999999998));
#14018=CARTESIAN_POINT('Origin',(0.,11.,2.22044604925031E-15));
#14019=CARTESIAN_POINT('',(4.6,11.,-2.6));
#14020=CARTESIAN_POINT('',(0.,11.,-2.6));
#14021=CARTESIAN_POINT('',(4.6,11.,2.75));
#14022=CARTESIAN_POINT('Origin',(0.,10.6,-2.6));
#14023=CARTESIAN_POINT('',(4.6,10.6,-3.));
#14024=CARTESIAN_POINT('',(0.,10.6,-3.));
#14025=CARTESIAN_POINT('Origin',(4.6,10.6,-2.6));
#14026=CARTESIAN_POINT('Origin',(0.,11.,-3.));
#14027=CARTESIAN_POINT('',(4.6,10.2,-3.));
#14028=CARTESIAN_POINT('',(0.,10.2,-3.));
#14029=CARTESIAN_POINT('',(4.6,9.75000000000001,-3.));
#14030=CARTESIAN_POINT('Origin',(0.,10.2,-3.4));
#14031=CARTESIAN_POINT('',(4.6,9.8,-3.4));
#14032=CARTESIAN_POINT('',(0.,9.8,-3.4));
#14033=CARTESIAN_POINT('Origin',(4.6,10.2,-3.4));
#14034=CARTESIAN_POINT('Origin',(0.,9.8,-3.));
#14035=CARTESIAN_POINT('',(4.6,9.8,-4.5));
#14036=CARTESIAN_POINT('',(0.,9.8,-4.5));
#14037=CARTESIAN_POINT('',(4.6,9.79999999999999,1.25));
#14038=CARTESIAN_POINT('Origin',(0.,11.3,-4.5));
#14039=CARTESIAN_POINT('',(4.6,11.3,-6.));
#14040=CARTESIAN_POINT('',(0.,11.3,-6.));
#14041=CARTESIAN_POINT('Origin',(4.6,11.3,-4.5));
#14042=CARTESIAN_POINT('Origin',(0.,9.8,-6.));
#14043=CARTESIAN_POINT('',(4.6,15.5,-6.));
#14044=CARTESIAN_POINT('',(0.,15.5,-6.));
#14045=CARTESIAN_POINT('',(4.6,9.15,-6.));
#14046=CARTESIAN_POINT('Origin',(0.,15.5,-4.5));
#14047=CARTESIAN_POINT('',(4.6,17.,-4.5));
#14048=CARTESIAN_POINT('',(0.,17.,-4.5));
#14049=CARTESIAN_POINT('Origin',(4.6,15.5,-4.5));
#14050=CARTESIAN_POINT('Origin',(0.,17.,-6.));
#14051=CARTESIAN_POINT('',(4.6,17.,15.5));
#14052=CARTESIAN_POINT('',(0.,17.,15.5));
#14053=CARTESIAN_POINT('',(4.6,17.,-0.249999999999998));
#14054=CARTESIAN_POINT('Origin',(0.,15.5,15.5));
#14055=CARTESIAN_POINT('',(4.6,15.5,17.));
#14056=CARTESIAN_POINT('',(0.,15.5,17.));
#14057=CARTESIAN_POINT('Origin',(4.6,15.5,15.5));
#14058=CARTESIAN_POINT('Origin',(0.,17.,17.));
#14059=CARTESIAN_POINT('',(4.6,11.5,17.));
#14060=CARTESIAN_POINT('',(0.,11.5,17.));
#14061=CARTESIAN_POINT('',(4.6,12.75,17.));
#14062=CARTESIAN_POINT('Origin',(0.,11.5,16.6));
#14063=CARTESIAN_POINT('',(4.6,11.1,16.6));
#14064=CARTESIAN_POINT('',(0.,11.1,16.6));
#14065=CARTESIAN_POINT('Origin',(4.6,11.5,16.6));
#14066=CARTESIAN_POINT('Origin',(0.,11.1,17.));
#14067=CARTESIAN_POINT('',(4.6,11.1,13.6));
#14068=CARTESIAN_POINT('',(0.,11.1,13.6));
#14069=CARTESIAN_POINT('',(4.6,11.1,11.25));
#14070=CARTESIAN_POINT('Origin',(0.,10.7,13.6));
#14071=CARTESIAN_POINT('',(4.6,10.7,13.2));
#14072=CARTESIAN_POINT('',(0.,10.7,13.2));
#14073=CARTESIAN_POINT('Origin',(4.6,10.7,13.6));
#14074=CARTESIAN_POINT('Origin',(0.,8.1,13.2));
#14075=CARTESIAN_POINT('',(4.6,2.3,13.2));
#14076=CARTESIAN_POINT('',(0.,2.3,13.2));
#14077=CARTESIAN_POINT('',(4.6,8.3,13.2));
#14078=CARTESIAN_POINT('Origin',(0.,2.3,13.6));
#14079=CARTESIAN_POINT('',(4.6,1.9,13.6));
#14080=CARTESIAN_POINT('',(0.,1.9,13.6));
#14081=CARTESIAN_POINT('Origin',(4.6,2.3,13.6));
#14082=CARTESIAN_POINT('Origin',(0.,1.9,13.2));
#14083=CARTESIAN_POINT('',(4.6,1.9,16.6));
#14084=CARTESIAN_POINT('',(0.,1.9,16.6));
#14085=CARTESIAN_POINT('',(4.6,1.9,9.35));
#14086=CARTESIAN_POINT('Origin',(0.,1.5,16.6));
#14087=CARTESIAN_POINT('',(4.6,1.5,17.));
#14088=CARTESIAN_POINT('',(0.,1.5,17.));
#14089=CARTESIAN_POINT('Origin',(4.6,1.5,16.6));
#14090=CARTESIAN_POINT('Origin',(0.,1.9,17.));
#14091=CARTESIAN_POINT('',(4.6,-5.2,17.));
#14092=CARTESIAN_POINT('Origin',(4.8,5.2,16.8));
#14093=CARTESIAN_POINT('',(5.,1.5,16.6));
#14094=CARTESIAN_POINT('',(5.,-5.2,16.6));
#14095=CARTESIAN_POINT('',(5.,1.5,16.6));
#14096=CARTESIAN_POINT('Origin',(4.8,11.3,11.25));
#14097=CARTESIAN_POINT('',(5.,11.5,13.6));
#14098=CARTESIAN_POINT('',(4.6,11.1,13.6));
#14099=CARTESIAN_POINT('',(5.,11.5,16.6));
#14100=CARTESIAN_POINT('',(5.,11.5,11.25));
#14101=CARTESIAN_POINT('',(5.,11.5,16.6));
#14102=CARTESIAN_POINT('Origin',(4.8,10.7,13.6));
#14103=CARTESIAN_POINT('',(5.,10.7,12.8));
#14104=CARTESIAN_POINT('',(4.6,10.7,13.2));
#14105=CARTESIAN_POINT('Origin',(5.,10.7,13.6));
#14106=CARTESIAN_POINT('Origin',(4.8,8.3,13.));
#14107=CARTESIAN_POINT('',(5.,2.3,12.8));
#14108=CARTESIAN_POINT('',(4.6,2.3,13.2));
#14109=CARTESIAN_POINT('',(5.,8.3,12.8));
#14110=CARTESIAN_POINT('Origin',(4.8,2.3,13.6));
#14111=CARTESIAN_POINT('',(5.,1.5,13.6));
#14112=CARTESIAN_POINT('',(4.6,1.9,13.6));
#14113=CARTESIAN_POINT('Origin',(5.,2.3,13.6));
#14114=CARTESIAN_POINT('Origin',(4.8,1.7,9.35));
#14115=CARTESIAN_POINT('',(4.6,1.9,16.6));
#14116=CARTESIAN_POINT('',(5.,1.5,9.35));
#14117=CARTESIAN_POINT('Origin',(4.8,9.99999999999999,1.25));
#14118=CARTESIAN_POINT('',(5.,10.2,-4.5));
#14119=CARTESIAN_POINT('',(4.6,9.8,-4.5));
#14120=CARTESIAN_POINT('',(5.,10.2,-3.4));
#14121=CARTESIAN_POINT('',(5.,10.2,1.25));
#14122=CARTESIAN_POINT('',(5.,10.2,-3.4));
#14123=CARTESIAN_POINT('Origin',(4.8,11.3,-4.5));
#14124=CARTESIAN_POINT('',(5.,11.3,-5.6));
#14125=CARTESIAN_POINT('',(4.6,11.3,-6.));
#14126=CARTESIAN_POINT('Origin',(5.,11.3,-4.5));
#14127=CARTESIAN_POINT('Origin',(4.8,9.15,-5.8));
#14128=CARTESIAN_POINT('',(5.,15.5,-5.6));
#14129=CARTESIAN_POINT('',(4.6,15.5,-6.));
#14130=CARTESIAN_POINT('',(5.,9.15,-5.6));
#14131=CARTESIAN_POINT('Origin',(4.8,15.5,-4.5));
#14132=CARTESIAN_POINT('',(5.,16.6,-4.5));
#14133=CARTESIAN_POINT('',(4.6,17.,-4.5));
#14134=CARTESIAN_POINT('Origin',(5.,15.5,-4.5));
#14135=CARTESIAN_POINT('Origin',(4.8,16.8,-0.249999999999998));
#14136=CARTESIAN_POINT('',(5.,16.6,15.5));
#14137=CARTESIAN_POINT('',(4.6,17.,15.5));
#14138=CARTESIAN_POINT('',(5.,16.6,-0.249999999999998));
#14139=CARTESIAN_POINT('Origin',(4.8,15.5,15.5));
#14140=CARTESIAN_POINT('',(5.,15.5,16.6));
#14141=CARTESIAN_POINT('',(4.6,15.5,17.));
#14142=CARTESIAN_POINT('Origin',(5.,15.5,15.5));
#14143=CARTESIAN_POINT('Origin',(4.8,12.75,16.8));
#14144=CARTESIAN_POINT('',(4.6,11.5,17.));
#14145=CARTESIAN_POINT('',(5.,12.75,16.6));
#14146=CARTESIAN_POINT('Origin',(4.8,7.325,0.200000000000001));
#14147=CARTESIAN_POINT('',(5.,10.6,0.400000000000002));
#14148=CARTESIAN_POINT('',(4.6,10.6,1.87350135405495E-15));
#14149=CARTESIAN_POINT('',(5.,6.55,0.400000000000001));
#14150=CARTESIAN_POINT('',(5.,7.325,0.400000000000001));
#14151=CARTESIAN_POINT('',(5.,6.55,0.400000000000001));
#14152=CARTESIAN_POINT('Origin',(4.8,10.6,-0.399999999999998));
#14153=CARTESIAN_POINT('',(5.,11.4,-0.399999999999998));
#14154=CARTESIAN_POINT('',(4.6,11.,-0.399999999999998));
#14155=CARTESIAN_POINT('Origin',(5.,10.6,-0.399999999999998));
#14156=CARTESIAN_POINT('Origin',(4.8,11.2,2.75));
#14157=CARTESIAN_POINT('',(5.,11.4,-2.6));
#14158=CARTESIAN_POINT('',(4.6,11.,-2.6));
#14159=CARTESIAN_POINT('',(5.,11.4,2.75));
#14160=CARTESIAN_POINT('Origin',(4.8,10.6,-2.6));
#14161=CARTESIAN_POINT('',(5.,10.6,-3.4));
#14162=CARTESIAN_POINT('',(4.6,10.6,-3.));
#14163=CARTESIAN_POINT('Origin',(5.,10.6,-2.6));
#14164=CARTESIAN_POINT('Origin',(4.8,9.75000000000001,-3.2));
#14165=CARTESIAN_POINT('',(4.6,10.2,-3.));
#14166=CARTESIAN_POINT('',(5.,9.75000000000001,-3.4));
#14167=CARTESIAN_POINT('Origin',(4.8,4.25,9.2));
#14168=CARTESIAN_POINT('',(4.6,5.74999999999999,9.));
#14169=CARTESIAN_POINT('',(4.6,4.25,9.));
#14170=CARTESIAN_POINT('',(5.,5.74999999999999,9.4));
#14171=CARTESIAN_POINT('',(4.6,5.74999999999999,9.));
#14172=CARTESIAN_POINT('',(5.,-4.25,9.4));
#14173=CARTESIAN_POINT('Origin',(4.8,5.74999999999999,8.6));
#14174=CARTESIAN_POINT('',(4.6,6.14999999999999,8.6));
#14175=CARTESIAN_POINT('Origin',(4.6,5.74999999999999,8.6));
#14176=CARTESIAN_POINT('',(5.,6.54999999999999,8.6));
#14177=CARTESIAN_POINT('',(4.6,6.14999999999999,8.6));
#14178=CARTESIAN_POINT('Origin',(5.,5.74999999999999,8.6));
#14179=CARTESIAN_POINT('Origin',(4.8,6.34999999999999,7.25));
#14180=CARTESIAN_POINT('',(4.6,6.15,0.399999999999999));
#14181=CARTESIAN_POINT('',(4.6,6.15,0.399999999999999));
#14182=CARTESIAN_POINT('',(5.,6.54999999999999,7.25));
#14183=CARTESIAN_POINT('',(4.6,6.14999999999999,7.25));
#14184=CARTESIAN_POINT('Origin',(4.6,6.55,0.4));
#14185=CARTESIAN_POINT('Origin',(4.6,6.55,0.4));
#14186=CARTESIAN_POINT('Origin',(4.6,10.2,-3.4));
#14187=CARTESIAN_POINT('Origin',(4.6,11.5,16.6));
#14188=CARTESIAN_POINT('Origin',(4.6,1.5,16.6));
#14189=CARTESIAN_POINT('Origin',(0.,6.55,0.4));
#14190=CARTESIAN_POINT('',(0.,6.15,0.399999999999999));
#14191=CARTESIAN_POINT('Origin',(0.,6.14999999999999,9.));
#14192=CARTESIAN_POINT('',(0.,6.14999999999999,8.6));
#14193=CARTESIAN_POINT('Origin',(0.,5.74999999999999,8.6));
#14194=CARTESIAN_POINT('',(0.,5.74999999999999,9.));
#14195=CARTESIAN_POINT('Origin',(0.,0.,9.));
#14196=CARTESIAN_POINT('Origin',(0.,8.5,5.5));
#14197=CARTESIAN_POINT('Origin',(5.,8.5,5.5));
#14198=CARTESIAN_POINT('',(0.,0.,0.));
#14199=CARTESIAN_POINT('Origin',(0.2,-6.34999999999999,7.25));
#14200=CARTESIAN_POINT('',(0.4,-6.14999999999999,8.6));
#14201=CARTESIAN_POINT('',(0.,-6.54999999999999,8.6));
#14202=CARTESIAN_POINT('',(0.4,-6.14999999999999,8.6));
#14203=CARTESIAN_POINT('',(0.4,-6.15,0.4));
#14204=CARTESIAN_POINT('',(0.4,-6.14999999999999,7.25));
#14205=CARTESIAN_POINT('',(0.,-6.55,0.400000000000001));
#14206=CARTESIAN_POINT('',(0.,-6.55,0.400000000000001));
#14207=CARTESIAN_POINT('',(0.,-6.54999999999999,7.25));
#14208=CARTESIAN_POINT('Origin',(0.2,-5.74999999999999,8.6));
#14209=CARTESIAN_POINT('',(0.,-5.74999999999999,9.4));
#14210=CARTESIAN_POINT('Origin',(0.,-5.74999999999999,8.6));
#14211=CARTESIAN_POINT('',(0.4,-5.74999999999999,9.));
#14212=CARTESIAN_POINT('',(0.4,-5.74999999999999,9.));
#14213=CARTESIAN_POINT('Origin',(0.4,-5.74999999999999,8.6));
#14214=CARTESIAN_POINT('Origin',(0.2,-9.75000000000001,-3.2));
#14215=CARTESIAN_POINT('',(0.4,-10.6,-3.));
#14216=CARTESIAN_POINT('',(0.,-10.6,-3.4));
#14217=CARTESIAN_POINT('',(0.4,-10.6,-3.));
#14218=CARTESIAN_POINT('',(0.4,-10.2,-3.));
#14219=CARTESIAN_POINT('',(0.4,-9.75000000000001,-3.));
#14220=CARTESIAN_POINT('',(0.,-10.2,-3.4));
#14221=CARTESIAN_POINT('',(0.,-10.2,-3.4));
#14222=CARTESIAN_POINT('',(0.,-9.75000000000001,-3.4));
#14223=CARTESIAN_POINT('Origin',(0.2,-10.6,-2.6));
#14224=CARTESIAN_POINT('',(0.,-11.4,-2.6));
#14225=CARTESIAN_POINT('Origin',(0.,-10.6,-2.6));
#14226=CARTESIAN_POINT('',(0.4,-11.,-2.6));
#14227=CARTESIAN_POINT('',(0.4,-11.,-2.6));
#14228=CARTESIAN_POINT('Origin',(0.4,-10.6,-2.6));
#14229=CARTESIAN_POINT('Origin',(0.2,-11.2,2.75));
#14230=CARTESIAN_POINT('',(0.4,-11.,-0.399999999999997));
#14231=CARTESIAN_POINT('',(0.,-11.4,-0.399999999999997));
#14232=CARTESIAN_POINT('',(0.4,-11.,-0.399999999999997));
#14233=CARTESIAN_POINT('',(0.4,-11.,2.75));
#14234=CARTESIAN_POINT('',(0.,-11.4,2.75));
#14235=CARTESIAN_POINT('Origin',(0.2,-10.6,-0.399999999999997));
#14236=CARTESIAN_POINT('',(0.,-10.6,0.400000000000003));
#14237=CARTESIAN_POINT('Origin',(0.,-10.6,-0.399999999999997));
#14238=CARTESIAN_POINT('',(0.4,-10.6,3.28949919733931E-15));
#14239=CARTESIAN_POINT('',(0.4,-10.6,3.28949919733931E-15));
#14240=CARTESIAN_POINT('Origin',(0.4,-10.6,-0.399999999999997));
#14241=CARTESIAN_POINT('Origin',(0.2,-7.325,0.200000000000002));
#14242=CARTESIAN_POINT('',(0.4,-6.55,1.01375767746612E-15));
#14243=CARTESIAN_POINT('',(0.4,-6.55,1.01375767746612E-15));
#14244=CARTESIAN_POINT('',(0.4,-7.325,1.46423051686388E-15));
#14245=CARTESIAN_POINT('',(0.,-7.325,0.400000000000002));
#14246=CARTESIAN_POINT('Origin',(0.2,-12.75,16.8));
#14247=CARTESIAN_POINT('',(0.4,-15.5,17.));
#14248=CARTESIAN_POINT('',(0.,-15.5,16.6));
#14249=CARTESIAN_POINT('',(0.4,-15.5,17.));
#14250=CARTESIAN_POINT('',(0.4,-12.,17.));
#14251=CARTESIAN_POINT('',(0.4,-12.75,17.));
#14252=CARTESIAN_POINT('',(0.,-12.,16.6));
#14253=CARTESIAN_POINT('',(0.,-12.,16.6));
#14254=CARTESIAN_POINT('',(0.,-12.75,16.6));
#14255=CARTESIAN_POINT('Origin',(0.2,-15.5,15.5));
#14256=CARTESIAN_POINT('',(0.,-16.6,15.5));
#14257=CARTESIAN_POINT('Origin',(0.,-15.5,15.5));
#14258=CARTESIAN_POINT('',(0.4,-17.,15.5));
#14259=CARTESIAN_POINT('',(0.4,-17.,15.5));
#14260=CARTESIAN_POINT('Origin',(0.4,-15.5,15.5));
#14261=CARTESIAN_POINT('Origin',(0.2,-16.8,-0.249999999999996));
#14262=CARTESIAN_POINT('',(0.4,-17.,-4.5));
#14263=CARTESIAN_POINT('',(0.,-16.6,-4.5));
#14264=CARTESIAN_POINT('',(0.4,-17.,-4.5));
#14265=CARTESIAN_POINT('',(0.4,-17.,-0.249999999999996));
#14266=CARTESIAN_POINT('',(0.,-16.6,-0.249999999999996));
#14267=CARTESIAN_POINT('Origin',(0.2,-15.5,-4.5));
#14268=CARTESIAN_POINT('',(0.,-15.5,-5.6));
#14269=CARTESIAN_POINT('Origin',(0.,-15.5,-4.5));
#14270=CARTESIAN_POINT('',(0.4,-15.5,-6.));
#14271=CARTESIAN_POINT('',(0.4,-15.5,-6.));
#14272=CARTESIAN_POINT('Origin',(0.4,-15.5,-4.5));
#14273=CARTESIAN_POINT('Origin',(0.2,-9.15000000000001,-5.8));
#14274=CARTESIAN_POINT('',(0.4,-11.3,-6.));
#14275=CARTESIAN_POINT('',(0.,-11.3,-5.6));
#14276=CARTESIAN_POINT('',(0.4,-11.3,-6.));
#14277=CARTESIAN_POINT('',(0.4,-9.15000000000001,-6.));
#14278=CARTESIAN_POINT('',(0.,-9.15000000000001,-5.6));
#14279=CARTESIAN_POINT('Origin',(0.2,-11.3,-4.5));
#14280=CARTESIAN_POINT('',(0.,-10.2,-4.5));
#14281=CARTESIAN_POINT('Origin',(0.,-11.3,-4.5));
#14282=CARTESIAN_POINT('',(0.4,-9.8,-4.5));
#14283=CARTESIAN_POINT('',(0.4,-9.8,-4.5));
#14284=CARTESIAN_POINT('Origin',(0.4,-11.3,-4.5));
#14285=CARTESIAN_POINT('Origin',(0.2,-9.99999999999999,1.25));
#14286=CARTESIAN_POINT('',(0.4,-9.8,-3.4));
#14287=CARTESIAN_POINT('',(0.4,-9.8,-3.4));
#14288=CARTESIAN_POINT('',(0.4,-9.79999999999999,1.25));
#14289=CARTESIAN_POINT('',(0.,-10.2,1.25));
#14290=CARTESIAN_POINT('Origin',(0.2,-1.2,9.35));
#14291=CARTESIAN_POINT('',(0.4,-1.4,13.6));
#14292=CARTESIAN_POINT('',(0.,-1.,13.6));
#14293=CARTESIAN_POINT('',(0.4,-1.4,13.6));
#14294=CARTESIAN_POINT('',(0.4,-1.4,16.6));
#14295=CARTESIAN_POINT('',(0.4,-1.4,9.35));
#14296=CARTESIAN_POINT('',(0.,-0.999999999999998,16.6));
#14297=CARTESIAN_POINT('',(0.,-0.999999999999998,16.6));
#14298=CARTESIAN_POINT('',(0.,-1.,9.35));
#14299=CARTESIAN_POINT('Origin',(0.2,-1.8,13.6));
#14300=CARTESIAN_POINT('',(0.,-1.8,12.8));
#14301=CARTESIAN_POINT('Origin',(0.,-1.8,13.6));
#14302=CARTESIAN_POINT('',(0.4,-1.8,13.2));
#14303=CARTESIAN_POINT('',(0.4,-1.8,13.2));
#14304=CARTESIAN_POINT('Origin',(0.4,-1.8,13.6));
#14305=CARTESIAN_POINT('Origin',(0.2,-8.3,13.));
#14306=CARTESIAN_POINT('',(0.4,-11.2,13.2));
#14307=CARTESIAN_POINT('',(0.,-11.2,12.8));
#14308=CARTESIAN_POINT('',(0.4,-11.2,13.2));
#14309=CARTESIAN_POINT('',(0.4,-8.3,13.2));
#14310=CARTESIAN_POINT('',(0.,-8.3,12.8));
#14311=CARTESIAN_POINT('Origin',(0.2,-11.2,13.6));
#14312=CARTESIAN_POINT('',(0.,-12.,13.6));
#14313=CARTESIAN_POINT('Origin',(0.,-11.2,13.6));
#14314=CARTESIAN_POINT('',(0.4,-11.6,13.6));
#14315=CARTESIAN_POINT('',(0.4,-11.6,13.6));
#14316=CARTESIAN_POINT('Origin',(0.4,-11.2,13.6));
#14317=CARTESIAN_POINT('Origin',(0.2,-11.8,11.25));
#14318=CARTESIAN_POINT('',(0.4,-11.6,16.6));
#14319=CARTESIAN_POINT('',(0.4,-11.6,16.6));
#14320=CARTESIAN_POINT('',(0.4,-11.6,11.25));
#14321=CARTESIAN_POINT('',(0.,-12.,11.25));
#14322=CARTESIAN_POINT('Origin',(0.4,-0.999999999999998,16.6));
#14323=CARTESIAN_POINT('',(0.4,-0.999999999999998,17.));
#14324=CARTESIAN_POINT('',(0.4,-0.999999999999998,17.));
#14325=CARTESIAN_POINT('Origin',(0.4,-0.999999999999998,16.6));
#14326=CARTESIAN_POINT('Origin',(0.4,-12.,16.6));
#14327=CARTESIAN_POINT('Origin',(0.4,-12.,16.6));
#14328=CARTESIAN_POINT('Origin',(0.4,-10.2,-3.4));
#14329=CARTESIAN_POINT('Origin',(0.4,-10.2,-3.4));
#14330=CARTESIAN_POINT('Origin',(0.4,-6.55,0.400000000000001));
#14331=CARTESIAN_POINT('Origin',(0.4,-6.55,0.400000000000001));
#14332=CARTESIAN_POINT('Origin',(0.,-6.15,8.21545918509323E-16));
#14333=CARTESIAN_POINT('',(4.6,-6.55,1.01375767746612E-15));
#14334=CARTESIAN_POINT('',(0.,-6.55,1.01375767746612E-15));
#14335=CARTESIAN_POINT('',(4.6,-10.6,3.28949919733931E-15));
#14336=CARTESIAN_POINT('',(4.6,-7.325,1.46423051686388E-15));
#14337=CARTESIAN_POINT('',(0.,-10.6,3.28949919733931E-15));
#14338=CARTESIAN_POINT('Origin',(0.,-10.6,-0.399999999999997));
#14339=CARTESIAN_POINT('',(4.6,-11.,-0.399999999999997));
#14340=CARTESIAN_POINT('Origin',(4.6,-10.6,-0.399999999999997));
#14341=CARTESIAN_POINT('',(0.,-11.,-0.399999999999997));
#14342=CARTESIAN_POINT('Origin',(0.,-11.,3.68987777341333E-15));
#14343=CARTESIAN_POINT('',(4.6,-11.,-2.6));
#14344=CARTESIAN_POINT('',(4.6,-11.,2.75));
#14345=CARTESIAN_POINT('',(0.,-11.,-2.6));
#14346=CARTESIAN_POINT('Origin',(0.,-10.6,-2.6));
#14347=CARTESIAN_POINT('',(4.6,-10.6,-3.));
#14348=CARTESIAN_POINT('Origin',(4.6,-10.6,-2.6));
#14349=CARTESIAN_POINT('',(0.,-10.6,-3.));
#14350=CARTESIAN_POINT('Origin',(0.,-11.,-3.));
#14351=CARTESIAN_POINT('',(4.6,-10.2,-3.));
#14352=CARTESIAN_POINT('',(4.6,-9.75000000000001,-3.));
#14353=CARTESIAN_POINT('',(0.,-10.2,-3.));
#14354=CARTESIAN_POINT('Origin',(0.,-10.2,-3.4));
#14355=CARTESIAN_POINT('',(4.6,-9.8,-3.4));
#14356=CARTESIAN_POINT('Origin',(4.6,-10.2,-3.4));
#14357=CARTESIAN_POINT('',(0.,-9.8,-3.4));
#14358=CARTESIAN_POINT('Origin',(0.,-9.8,-3.));
#14359=CARTESIAN_POINT('',(4.6,-9.8,-4.5));
#14360=CARTESIAN_POINT('',(4.6,-9.79999999999999,1.25));
#14361=CARTESIAN_POINT('',(0.,-9.8,-4.5));
#14362=CARTESIAN_POINT('Origin',(0.,-11.3,-4.5));
#14363=CARTESIAN_POINT('',(4.6,-11.3,-6.));
#14364=CARTESIAN_POINT('Origin',(4.6,-11.3,-4.5));
#14365=CARTESIAN_POINT('',(0.,-11.3,-6.));
#14366=CARTESIAN_POINT('Origin',(0.,-9.8,-6.));
#14367=CARTESIAN_POINT('',(4.6,-15.5,-6.));
#14368=CARTESIAN_POINT('',(4.6,-9.15000000000001,-6.));
#14369=CARTESIAN_POINT('',(0.,-15.5,-6.));
#14370=CARTESIAN_POINT('Origin',(0.,-15.5,-4.5));
#14371=CARTESIAN_POINT('',(4.6,-17.,-4.5));
#14372=CARTESIAN_POINT('Origin',(4.6,-15.5,-4.5));
#14373=CARTESIAN_POINT('',(0.,-17.,-4.5));
#14374=CARTESIAN_POINT('Origin',(0.,-17.,-6.));
#14375=CARTESIAN_POINT('',(4.6,-17.,15.5));
#14376=CARTESIAN_POINT('',(4.6,-17.,-0.249999999999996));
#14377=CARTESIAN_POINT('',(0.,-17.,15.5));
#14378=CARTESIAN_POINT('Origin',(0.,-15.5,15.5));
#14379=CARTESIAN_POINT('',(4.6,-15.5,17.));
#14380=CARTESIAN_POINT('Origin',(4.6,-15.5,15.5));
#14381=CARTESIAN_POINT('',(0.,-15.5,17.));
#14382=CARTESIAN_POINT('Origin',(0.,-17.,17.));
#14383=CARTESIAN_POINT('',(4.6,-12.,17.));
#14384=CARTESIAN_POINT('',(4.6,-12.75,17.));
#14385=CARTESIAN_POINT('',(0.,-12.,17.));
#14386=CARTESIAN_POINT('Origin',(0.,-12.,16.6));
#14387=CARTESIAN_POINT('',(4.6,-11.6,16.6));
#14388=CARTESIAN_POINT('Origin',(4.6,-12.,16.6));
#14389=CARTESIAN_POINT('',(0.,-11.6,16.6));
#14390=CARTESIAN_POINT('Origin',(0.,-11.6,17.));
#14391=CARTESIAN_POINT('',(4.6,-11.6,13.6));
#14392=CARTESIAN_POINT('',(4.6,-11.6,11.25));
#14393=CARTESIAN_POINT('',(0.,-11.6,13.6));
#14394=CARTESIAN_POINT('Origin',(0.,-11.2,13.6));
#14395=CARTESIAN_POINT('',(4.6,-11.2,13.2));
#14396=CARTESIAN_POINT('Origin',(4.6,-11.2,13.6));
#14397=CARTESIAN_POINT('',(0.,-11.2,13.2));
#14398=CARTESIAN_POINT('Origin',(0.,-8.1,13.2));
#14399=CARTESIAN_POINT('',(4.6,-1.8,13.2));
#14400=CARTESIAN_POINT('',(4.6,-8.3,13.2));
#14401=CARTESIAN_POINT('',(0.,-1.8,13.2));
#14402=CARTESIAN_POINT('Origin',(0.,-1.8,13.6));
#14403=CARTESIAN_POINT('',(4.6,-1.4,13.6));
#14404=CARTESIAN_POINT('Origin',(4.6,-1.8,13.6));
#14405=CARTESIAN_POINT('',(0.,-1.4,13.6));
#14406=CARTESIAN_POINT('Origin',(0.,-1.4,13.2));
#14407=CARTESIAN_POINT('',(4.6,-1.4,16.6));
#14408=CARTESIAN_POINT('',(4.6,-1.4,9.35));
#14409=CARTESIAN_POINT('',(0.,-1.4,16.6));
#14410=CARTESIAN_POINT('Origin',(0.,-0.999999999999998,16.6));
#14411=CARTESIAN_POINT('',(4.6,-0.999999999999998,17.));
#14412=CARTESIAN_POINT('Origin',(4.6,-0.999999999999998,16.6));
#14413=CARTESIAN_POINT('',(0.,-0.999999999999998,17.));
#14414=CARTESIAN_POINT('Origin',(4.8,-11.8,11.25));
#14415=CARTESIAN_POINT('',(5.,-12.,13.6));
#14416=CARTESIAN_POINT('',(4.6,-11.6,13.6));
#14417=CARTESIAN_POINT('',(5.,-12.,16.6));
#14418=CARTESIAN_POINT('',(5.,-12.,16.6));
#14419=CARTESIAN_POINT('',(5.,-12.,11.25));
#14420=CARTESIAN_POINT('Origin',(4.8,-11.2,13.6));
#14421=CARTESIAN_POINT('',(5.,-11.2,12.8));
#14422=CARTESIAN_POINT('Origin',(5.,-11.2,13.6));
#14423=CARTESIAN_POINT('',(4.6,-11.2,13.2));
#14424=CARTESIAN_POINT('Origin',(4.8,-8.3,13.));
#14425=CARTESIAN_POINT('',(5.,-1.8,12.8));
#14426=CARTESIAN_POINT('',(4.6,-1.8,13.2));
#14427=CARTESIAN_POINT('',(5.,-8.3,12.8));
#14428=CARTESIAN_POINT('Origin',(4.8,-1.8,13.6));
#14429=CARTESIAN_POINT('',(5.,-1.,13.6));
#14430=CARTESIAN_POINT('Origin',(5.,-1.8,13.6));
#14431=CARTESIAN_POINT('',(4.6,-1.4,13.6));
#14432=CARTESIAN_POINT('Origin',(4.8,-1.2,9.35));
#14433=CARTESIAN_POINT('',(5.,-0.999999999999998,16.6));
#14434=CARTESIAN_POINT('',(4.6,-1.4,16.6));
#14435=CARTESIAN_POINT('',(5.,-1.,9.35));
#14436=CARTESIAN_POINT('Origin',(4.8,-9.99999999999999,1.25));
#14437=CARTESIAN_POINT('',(5.,-10.2,-4.5));
#14438=CARTESIAN_POINT('',(4.6,-9.8,-4.5));
#14439=CARTESIAN_POINT('',(5.,-10.2,-3.4));
#14440=CARTESIAN_POINT('',(5.,-10.2,-3.4));
#14441=CARTESIAN_POINT('',(5.,-10.2,1.25));
#14442=CARTESIAN_POINT('Origin',(4.8,-11.3,-4.5));
#14443=CARTESIAN_POINT('',(5.,-11.3,-5.6));
#14444=CARTESIAN_POINT('Origin',(5.,-11.3,-4.5));
#14445=CARTESIAN_POINT('',(4.6,-11.3,-6.));
#14446=CARTESIAN_POINT('Origin',(4.8,-9.15000000000001,-5.8));
#14447=CARTESIAN_POINT('',(5.,-15.5,-5.6));
#14448=CARTESIAN_POINT('',(4.6,-15.5,-6.));
#14449=CARTESIAN_POINT('',(5.,-9.15000000000001,-5.6));
#14450=CARTESIAN_POINT('Origin',(4.8,-15.5,-4.5));
#14451=CARTESIAN_POINT('',(5.,-16.6,-4.5));
#14452=CARTESIAN_POINT('Origin',(5.,-15.5,-4.5));
#14453=CARTESIAN_POINT('',(4.6,-17.,-4.5));
#14454=CARTESIAN_POINT('Origin',(4.8,-16.8,-0.249999999999996));
#14455=CARTESIAN_POINT('',(5.,-16.6,15.5));
#14456=CARTESIAN_POINT('',(4.6,-17.,15.5));
#14457=CARTESIAN_POINT('',(5.,-16.6,-0.249999999999996));
#14458=CARTESIAN_POINT('Origin',(4.8,-15.5,15.5));
#14459=CARTESIAN_POINT('',(5.,-15.5,16.6));
#14460=CARTESIAN_POINT('Origin',(5.,-15.5,15.5));
#14461=CARTESIAN_POINT('',(4.6,-15.5,17.));
#14462=CARTESIAN_POINT('Origin',(4.8,-12.75,16.8));
#14463=CARTESIAN_POINT('',(4.6,-12.,17.));
#14464=CARTESIAN_POINT('',(5.,-12.75,16.6));
#14465=CARTESIAN_POINT('Origin',(4.8,-7.325,0.200000000000002));
#14466=CARTESIAN_POINT('',(5.,-10.6,0.400000000000004));
#14467=CARTESIAN_POINT('',(4.6,-10.6,3.28949919733931E-15));
#14468=CARTESIAN_POINT('',(5.,-6.55,0.400000000000001));
#14469=CARTESIAN_POINT('',(5.,-6.55,0.400000000000001));
#14470=CARTESIAN_POINT('',(5.,-7.325,0.400000000000002));
#14471=CARTESIAN_POINT('Origin',(4.8,-10.6,-0.399999999999997));
#14472=CARTESIAN_POINT('',(5.,-11.4,-0.399999999999997));
#14473=CARTESIAN_POINT('Origin',(5.,-10.6,-0.399999999999997));
#14474=CARTESIAN_POINT('',(4.6,-11.,-0.399999999999997));
#14475=CARTESIAN_POINT('Origin',(4.8,-11.2,2.75));
#14476=CARTESIAN_POINT('',(5.,-11.4,-2.6));
#14477=CARTESIAN_POINT('',(4.6,-11.,-2.6));
#14478=CARTESIAN_POINT('',(5.,-11.4,2.75));
#14479=CARTESIAN_POINT('Origin',(4.8,-10.6,-2.6));
#14480=CARTESIAN_POINT('',(5.,-10.6,-3.4));
#14481=CARTESIAN_POINT('Origin',(5.,-10.6,-2.6));
#14482=CARTESIAN_POINT('',(4.6,-10.6,-3.));
#14483=CARTESIAN_POINT('Origin',(4.8,-9.75000000000001,-3.2));
#14484=CARTESIAN_POINT('',(4.6,-10.2,-3.));
#14485=CARTESIAN_POINT('',(5.,-9.75000000000001,-3.4));
#14486=CARTESIAN_POINT('Origin',(4.8,-5.74999999999999,8.6));
#14487=CARTESIAN_POINT('',(4.6,-5.74999999999999,9.));
#14488=CARTESIAN_POINT('',(5.,-5.74999999999999,9.4));
#14489=CARTESIAN_POINT('',(4.6,-5.74999999999999,9.));
#14490=CARTESIAN_POINT('',(5.,-6.54999999999999,8.6));
#14491=CARTESIAN_POINT('Origin',(5.,-5.74999999999999,8.6));
#14492=CARTESIAN_POINT('',(4.6,-6.14999999999999,8.6));
#14493=CARTESIAN_POINT('',(4.6,-6.14999999999999,8.6));
#14494=CARTESIAN_POINT('Origin',(4.6,-5.74999999999999,8.6));
#14495=CARTESIAN_POINT('Origin',(4.8,-6.34999999999999,7.25));
#14496=CARTESIAN_POINT('',(4.6,-6.15,0.4));
#14497=CARTESIAN_POINT('',(4.6,-6.15,0.4));
#14498=CARTESIAN_POINT('',(4.6,-6.14999999999999,7.25));
#14499=CARTESIAN_POINT('',(5.,-6.54999999999999,7.25));
#14500=CARTESIAN_POINT('Origin',(4.6,-6.55,0.400000000000001));
#14501=CARTESIAN_POINT('Origin',(4.6,-6.55,0.400000000000001));
#14502=CARTESIAN_POINT('Origin',(4.6,-10.2,-3.4));
#14503=CARTESIAN_POINT('Origin',(4.6,-12.,16.6));
#14504=CARTESIAN_POINT('Origin',(4.6,-0.999999999999998,16.6));
#14505=CARTESIAN_POINT('',(5.,-0.999999999999998,16.6));
#14506=CARTESIAN_POINT('Origin',(0.,-6.55,0.400000000000001));
#14507=CARTESIAN_POINT('',(0.,-6.15,0.4));
#14508=CARTESIAN_POINT('Origin',(0.,-6.14999999999999,9.));
#14509=CARTESIAN_POINT('',(0.,-6.14999999999999,8.6));
#14510=CARTESIAN_POINT('Origin',(0.,-5.74999999999999,8.6));
#14511=CARTESIAN_POINT('',(0.,-5.74999999999999,9.));
#14512=CARTESIAN_POINT('Origin',(0.2,6.34999999999999,7.25));
#14513=CARTESIAN_POINT('',(0.4,6.14999999999999,8.6));
#14514=CARTESIAN_POINT('',(0.,6.54999999999999,8.6));
#14515=CARTESIAN_POINT('',(0.4,6.14999999999999,8.6));
#14516=CARTESIAN_POINT('',(0.,6.55,0.4));
#14517=CARTESIAN_POINT('',(0.,6.54999999999999,7.25));
#14518=CARTESIAN_POINT('',(0.4,6.15,0.399999999999999));
#14519=CARTESIAN_POINT('',(0.,6.55,0.4));
#14520=CARTESIAN_POINT('',(0.4,6.14999999999999,7.25));
#14521=CARTESIAN_POINT('Origin',(0.2,5.74999999999999,8.6));
#14522=CARTESIAN_POINT('',(0.4,5.74999999999999,9.));
#14523=CARTESIAN_POINT('Origin',(0.4,5.74999999999999,8.6));
#14524=CARTESIAN_POINT('',(0.,5.74999999999999,9.4));
#14525=CARTESIAN_POINT('',(0.4,5.74999999999999,9.));
#14526=CARTESIAN_POINT('Origin',(0.,5.74999999999999,8.6));
#14527=CARTESIAN_POINT('Origin',(0.2,4.25,9.2));
#14528=CARTESIAN_POINT('',(0.,-4.25,9.4));
#14529=CARTESIAN_POINT('',(0.4,4.25,9.));
#14530=CARTESIAN_POINT('Origin',(0.2,9.75000000000001,-3.2));
#14531=CARTESIAN_POINT('',(0.4,10.6,-3.));
#14532=CARTESIAN_POINT('',(0.,10.6,-3.4));
#14533=CARTESIAN_POINT('',(0.4,10.6,-3.));
#14534=CARTESIAN_POINT('',(0.,10.2,-3.4));
#14535=CARTESIAN_POINT('',(0.,9.75000000000001,-3.4));
#14536=CARTESIAN_POINT('',(0.4,10.2,-3.));
#14537=CARTESIAN_POINT('',(0.,10.2,-3.4));
#14538=CARTESIAN_POINT('',(0.4,9.75000000000001,-3.));
#14539=CARTESIAN_POINT('Origin',(0.2,10.6,-2.6));
#14540=CARTESIAN_POINT('',(0.4,11.,-2.6));
#14541=CARTESIAN_POINT('Origin',(0.4,10.6,-2.6));
#14542=CARTESIAN_POINT('',(0.,11.4,-2.6));
#14543=CARTESIAN_POINT('',(0.4,11.,-2.6));
#14544=CARTESIAN_POINT('Origin',(0.,10.6,-2.6));
#14545=CARTESIAN_POINT('Origin',(0.2,11.2,2.75));
#14546=CARTESIAN_POINT('',(0.4,11.,-0.399999999999998));
#14547=CARTESIAN_POINT('',(0.,11.4,-0.399999999999998));
#14548=CARTESIAN_POINT('',(0.4,11.,-0.399999999999998));
#14549=CARTESIAN_POINT('',(0.,11.4,2.75));
#14550=CARTESIAN_POINT('',(0.4,11.,2.75));
#14551=CARTESIAN_POINT('Origin',(0.2,10.6,-0.399999999999998));
#14552=CARTESIAN_POINT('',(0.4,10.6,1.87350135405495E-15));
#14553=CARTESIAN_POINT('Origin',(0.4,10.6,-0.399999999999998));
#14554=CARTESIAN_POINT('',(0.,10.6,0.400000000000001));
#14555=CARTESIAN_POINT('',(0.4,10.6,1.87350135405495E-15));
#14556=CARTESIAN_POINT('Origin',(0.,10.6,-0.399999999999998));
#14557=CARTESIAN_POINT('Origin',(0.2,7.325,0.200000000000001));
#14558=CARTESIAN_POINT('',(0.4,6.55,1.38777878078145E-16));
#14559=CARTESIAN_POINT('',(0.4,6.55,1.38777878078145E-16));
#14560=CARTESIAN_POINT('',(0.,7.325,0.400000000000001));
#14561=CARTESIAN_POINT('',(0.4,7.325,4.85722573273506E-16));
#14562=CARTESIAN_POINT('Origin',(0.2,12.75,16.8));
#14563=CARTESIAN_POINT('',(0.4,15.5,17.));
#14564=CARTESIAN_POINT('',(0.,15.5,16.6));
#14565=CARTESIAN_POINT('',(0.4,15.5,17.));
#14566=CARTESIAN_POINT('',(0.,12.,16.6));
#14567=CARTESIAN_POINT('',(0.,12.75,16.6));
#14568=CARTESIAN_POINT('',(0.4,12.,17.));
#14569=CARTESIAN_POINT('',(0.,12.,16.6));
#14570=CARTESIAN_POINT('',(0.4,12.75,17.));
#14571=CARTESIAN_POINT('Origin',(0.2,15.5,15.5));
#14572=CARTESIAN_POINT('',(0.4,17.,15.5));
#14573=CARTESIAN_POINT('Origin',(0.4,15.5,15.5));
#14574=CARTESIAN_POINT('',(0.,16.6,15.5));
#14575=CARTESIAN_POINT('',(0.4,17.,15.5));
#14576=CARTESIAN_POINT('Origin',(0.,15.5,15.5));
#14577=CARTESIAN_POINT('Origin',(0.2,16.8,-0.249999999999998));
#14578=CARTESIAN_POINT('',(0.4,17.,-4.5));
#14579=CARTESIAN_POINT('',(0.,16.6,-4.5));
#14580=CARTESIAN_POINT('',(0.4,17.,-4.5));
#14581=CARTESIAN_POINT('',(0.,16.6,-0.249999999999998));
#14582=CARTESIAN_POINT('',(0.4,17.,-0.249999999999998));
#14583=CARTESIAN_POINT('Origin',(0.2,15.5,-4.5));
#14584=CARTESIAN_POINT('',(0.4,15.5,-6.));
#14585=CARTESIAN_POINT('Origin',(0.4,15.5,-4.5));
#14586=CARTESIAN_POINT('',(0.,15.5,-5.6));
#14587=CARTESIAN_POINT('',(0.4,15.5,-6.));
#14588=CARTESIAN_POINT('Origin',(0.,15.5,-4.5));
#14589=CARTESIAN_POINT('Origin',(0.2,9.15,-5.8));
#14590=CARTESIAN_POINT('',(0.4,11.3,-6.));
#14591=CARTESIAN_POINT('',(0.,11.3,-5.6));
#14592=CARTESIAN_POINT('',(0.4,11.3,-6.));
#14593=CARTESIAN_POINT('',(0.,9.15,-5.6));
#14594=CARTESIAN_POINT('',(0.4,9.15,-6.));
#14595=CARTESIAN_POINT('Origin',(0.2,11.3,-4.5));
#14596=CARTESIAN_POINT('',(0.4,9.8,-4.5));
#14597=CARTESIAN_POINT('Origin',(0.4,11.3,-4.5));
#14598=CARTESIAN_POINT('',(0.,10.2,-4.5));
#14599=CARTESIAN_POINT('',(0.4,9.8,-4.5));
#14600=CARTESIAN_POINT('Origin',(0.,11.3,-4.5));
#14601=CARTESIAN_POINT('Origin',(0.2,9.99999999999999,1.25));
#14602=CARTESIAN_POINT('',(0.4,9.8,-3.4));
#14603=CARTESIAN_POINT('',(0.4,9.8,-3.4));
#14604=CARTESIAN_POINT('',(0.,10.2,1.25));
#14605=CARTESIAN_POINT('',(0.4,9.79999999999999,1.25));
#14606=CARTESIAN_POINT('Origin',(0.2,1.2,9.35));
#14607=CARTESIAN_POINT('',(0.4,1.4,13.6));
#14608=CARTESIAN_POINT('',(0.,1.,13.6));
#14609=CARTESIAN_POINT('',(0.4,1.4,13.6));
#14610=CARTESIAN_POINT('',(0.,0.999999999999999,16.6));
#14611=CARTESIAN_POINT('',(0.,1.,9.35));
#14612=CARTESIAN_POINT('',(0.4,1.4,16.6));
#14613=CARTESIAN_POINT('',(0.,0.999999999999999,16.6));
#14614=CARTESIAN_POINT('',(0.4,1.4,9.35));
#14615=CARTESIAN_POINT('Origin',(0.2,1.8,13.6));
#14616=CARTESIAN_POINT('',(0.4,1.8,13.2));
#14617=CARTESIAN_POINT('Origin',(0.4,1.8,13.6));
#14618=CARTESIAN_POINT('',(0.,1.8,12.8));
#14619=CARTESIAN_POINT('',(0.4,1.8,13.2));
#14620=CARTESIAN_POINT('Origin',(0.,1.8,13.6));
#14621=CARTESIAN_POINT('Origin',(0.2,8.3,13.));
#14622=CARTESIAN_POINT('',(0.4,11.2,13.2));
#14623=CARTESIAN_POINT('',(0.,11.2,12.8));
#14624=CARTESIAN_POINT('',(0.4,11.2,13.2));
#14625=CARTESIAN_POINT('',(0.,8.3,12.8));
#14626=CARTESIAN_POINT('',(0.4,8.3,13.2));
#14627=CARTESIAN_POINT('Origin',(0.2,11.2,13.6));
#14628=CARTESIAN_POINT('',(0.4,11.6,13.6));
#14629=CARTESIAN_POINT('Origin',(0.4,11.2,13.6));
#14630=CARTESIAN_POINT('',(0.,12.,13.6));
#14631=CARTESIAN_POINT('',(0.4,11.6,13.6));
#14632=CARTESIAN_POINT('Origin',(0.,11.2,13.6));
#14633=CARTESIAN_POINT('Origin',(0.2,11.8,11.25));
#14634=CARTESIAN_POINT('',(0.4,11.6,16.6));
#14635=CARTESIAN_POINT('',(0.4,11.6,16.6));
#14636=CARTESIAN_POINT('',(0.,12.,11.25));
#14637=CARTESIAN_POINT('',(0.4,11.6,11.25));
#14638=CARTESIAN_POINT('Origin',(0.2,5.2,16.8));
#14639=CARTESIAN_POINT('',(0.4,0.999999999999999,17.));
#14640=CARTESIAN_POINT('',(0.4,-5.2,17.));
#14641=CARTESIAN_POINT('',(0.4,0.999999999999999,17.));
#14642=CARTESIAN_POINT('',(0.,5.2,16.6));
#14643=CARTESIAN_POINT('Origin',(0.4,0.999999999999999,16.6));
#14644=CARTESIAN_POINT('Origin',(0.4,0.999999999999999,16.6));
#14645=CARTESIAN_POINT('Origin',(0.4,12.,16.6));
#14646=CARTESIAN_POINT('Origin',(0.4,12.,16.6));
#14647=CARTESIAN_POINT('Origin',(0.4,10.2,-3.4));
#14648=CARTESIAN_POINT('Origin',(0.4,10.2,-3.4));
#14649=CARTESIAN_POINT('Origin',(0.4,6.55,0.4));
#14650=CARTESIAN_POINT('Origin',(0.4,6.55,0.4));
#14651=CARTESIAN_POINT('Origin',(0.,6.15,0.));
#14652=CARTESIAN_POINT('',(4.6,10.6,1.87350135405495E-15));
#14653=CARTESIAN_POINT('',(0.,10.6,1.87350135405495E-15));
#14654=CARTESIAN_POINT('',(4.6,6.55,1.38777878078145E-16));
#14655=CARTESIAN_POINT('',(4.6,7.325,4.85722573273506E-16));
#14656=CARTESIAN_POINT('',(0.,6.55,1.38777878078145E-16));
#14657=CARTESIAN_POINT('Origin',(0.,10.6,-0.399999999999998));
#14658=CARTESIAN_POINT('',(4.6,11.,-0.399999999999998));
#14659=CARTESIAN_POINT('',(0.,11.,-0.399999999999998));
#14660=CARTESIAN_POINT('Origin',(4.6,10.6,-0.399999999999998));
#14661=CARTESIAN_POINT('Origin',(0.,11.,2.22044604925031E-15));
#14662=CARTESIAN_POINT('',(4.6,11.,-2.6));
#14663=CARTESIAN_POINT('',(0.,11.,-2.6));
#14664=CARTESIAN_POINT('',(4.6,11.,2.75));
#14665=CARTESIAN_POINT('Origin',(0.,10.6,-2.6));
#14666=CARTESIAN_POINT('',(4.6,10.6,-3.));
#14667=CARTESIAN_POINT('',(0.,10.6,-3.));
#14668=CARTESIAN_POINT('Origin',(4.6,10.6,-2.6));
#14669=CARTESIAN_POINT('Origin',(0.,11.,-3.));
#14670=CARTESIAN_POINT('',(4.6,10.2,-3.));
#14671=CARTESIAN_POINT('',(0.,10.2,-3.));
#14672=CARTESIAN_POINT('',(4.6,9.75000000000001,-3.));
#14673=CARTESIAN_POINT('Origin',(0.,10.2,-3.4));
#14674=CARTESIAN_POINT('',(4.6,9.8,-3.4));
#14675=CARTESIAN_POINT('',(0.,9.8,-3.4));
#14676=CARTESIAN_POINT('Origin',(4.6,10.2,-3.4));
#14677=CARTESIAN_POINT('Origin',(0.,9.8,-3.));
#14678=CARTESIAN_POINT('',(4.6,9.8,-4.5));
#14679=CARTESIAN_POINT('',(0.,9.8,-4.5));
#14680=CARTESIAN_POINT('',(4.6,9.79999999999999,1.25));
#14681=CARTESIAN_POINT('Origin',(0.,11.3,-4.5));
#14682=CARTESIAN_POINT('',(4.6,11.3,-6.));
#14683=CARTESIAN_POINT('',(0.,11.3,-6.));
#14684=CARTESIAN_POINT('Origin',(4.6,11.3,-4.5));
#14685=CARTESIAN_POINT('Origin',(0.,9.8,-6.));
#14686=CARTESIAN_POINT('',(4.6,15.5,-6.));
#14687=CARTESIAN_POINT('',(0.,15.5,-6.));
#14688=CARTESIAN_POINT('',(4.6,9.15,-6.));
#14689=CARTESIAN_POINT('Origin',(0.,15.5,-4.5));
#14690=CARTESIAN_POINT('',(4.6,17.,-4.5));
#14691=CARTESIAN_POINT('',(0.,17.,-4.5));
#14692=CARTESIAN_POINT('Origin',(4.6,15.5,-4.5));
#14693=CARTESIAN_POINT('Origin',(0.,17.,-6.));
#14694=CARTESIAN_POINT('',(4.6,17.,15.5));
#14695=CARTESIAN_POINT('',(0.,17.,15.5));
#14696=CARTESIAN_POINT('',(4.6,17.,-0.249999999999998));
#14697=CARTESIAN_POINT('Origin',(0.,15.5,15.5));
#14698=CARTESIAN_POINT('',(4.6,15.5,17.));
#14699=CARTESIAN_POINT('',(0.,15.5,17.));
#14700=CARTESIAN_POINT('Origin',(4.6,15.5,15.5));
#14701=CARTESIAN_POINT('Origin',(0.,17.,17.));
#14702=CARTESIAN_POINT('',(4.6,12.,17.));
#14703=CARTESIAN_POINT('',(0.,12.,17.));
#14704=CARTESIAN_POINT('',(4.6,12.75,17.));
#14705=CARTESIAN_POINT('Origin',(0.,12.,16.6));
#14706=CARTESIAN_POINT('',(4.6,11.6,16.6));
#14707=CARTESIAN_POINT('',(0.,11.6,16.6));
#14708=CARTESIAN_POINT('Origin',(4.6,12.,16.6));
#14709=CARTESIAN_POINT('Origin',(0.,11.6,17.));
#14710=CARTESIAN_POINT('',(4.6,11.6,13.6));
#14711=CARTESIAN_POINT('',(0.,11.6,13.6));
#14712=CARTESIAN_POINT('',(4.6,11.6,11.25));
#14713=CARTESIAN_POINT('Origin',(0.,11.2,13.6));
#14714=CARTESIAN_POINT('',(4.6,11.2,13.2));
#14715=CARTESIAN_POINT('',(0.,11.2,13.2));
#14716=CARTESIAN_POINT('Origin',(4.6,11.2,13.6));
#14717=CARTESIAN_POINT('Origin',(0.,8.1,13.2));
#14718=CARTESIAN_POINT('',(4.6,1.8,13.2));
#14719=CARTESIAN_POINT('',(0.,1.8,13.2));
#14720=CARTESIAN_POINT('',(4.6,8.3,13.2));
#14721=CARTESIAN_POINT('Origin',(0.,1.8,13.6));
#14722=CARTESIAN_POINT('',(4.6,1.4,13.6));
#14723=CARTESIAN_POINT('',(0.,1.4,13.6));
#14724=CARTESIAN_POINT('Origin',(4.6,1.8,13.6));
#14725=CARTESIAN_POINT('Origin',(0.,1.4,13.2));
#14726=CARTESIAN_POINT('',(4.6,1.4,16.6));
#14727=CARTESIAN_POINT('',(0.,1.4,16.6));
#14728=CARTESIAN_POINT('',(4.6,1.4,9.35));
#14729=CARTESIAN_POINT('Origin',(0.,0.999999999999999,16.6));
#14730=CARTESIAN_POINT('',(4.6,0.999999999999999,17.));
#14731=CARTESIAN_POINT('',(0.,0.999999999999999,17.));
#14732=CARTESIAN_POINT('Origin',(4.6,0.999999999999999,16.6));
#14733=CARTESIAN_POINT('Origin',(0.,1.9,17.));
#14734=CARTESIAN_POINT('',(4.6,-5.2,17.));
#14735=CARTESIAN_POINT('Origin',(4.8,5.2,16.8));
#14736=CARTESIAN_POINT('',(5.,0.999999999999999,16.6));
#14737=CARTESIAN_POINT('',(5.,-5.2,16.6));
#14738=CARTESIAN_POINT('',(5.,0.999999999999999,16.6));
#14739=CARTESIAN_POINT('Origin',(4.8,11.8,11.25));
#14740=CARTESIAN_POINT('',(5.,12.,13.6));
#14741=CARTESIAN_POINT('',(4.6,11.6,13.6));
#14742=CARTESIAN_POINT('',(5.,12.,16.6));
#14743=CARTESIAN_POINT('',(5.,12.,11.25));
#14744=CARTESIAN_POINT('',(5.,12.,16.6));
#14745=CARTESIAN_POINT('Origin',(4.8,11.2,13.6));
#14746=CARTESIAN_POINT('',(5.,11.2,12.8));
#14747=CARTESIAN_POINT('',(4.6,11.2,13.2));
#14748=CARTESIAN_POINT('Origin',(5.,11.2,13.6));
#14749=CARTESIAN_POINT('Origin',(4.8,8.3,13.));
#14750=CARTESIAN_POINT('',(5.,1.8,12.8));
#14751=CARTESIAN_POINT('',(4.6,1.8,13.2));
#14752=CARTESIAN_POINT('',(5.,8.3,12.8));
#14753=CARTESIAN_POINT('Origin',(4.8,1.8,13.6));
#14754=CARTESIAN_POINT('',(5.,1.,13.6));
#14755=CARTESIAN_POINT('',(4.6,1.4,13.6));
#14756=CARTESIAN_POINT('Origin',(5.,1.8,13.6));
#14757=CARTESIAN_POINT('Origin',(4.8,1.2,9.35));
#14758=CARTESIAN_POINT('',(4.6,1.4,16.6));
#14759=CARTESIAN_POINT('',(5.,1.,9.35));
#14760=CARTESIAN_POINT('Origin',(4.8,9.99999999999999,1.25));
#14761=CARTESIAN_POINT('',(5.,10.2,-4.5));
#14762=CARTESIAN_POINT('',(4.6,9.8,-4.5));
#14763=CARTESIAN_POINT('',(5.,10.2,-3.4));
#14764=CARTESIAN_POINT('',(5.,10.2,1.25));
#14765=CARTESIAN_POINT('',(5.,10.2,-3.4));
#14766=CARTESIAN_POINT('Origin',(4.8,11.3,-4.5));
#14767=CARTESIAN_POINT('',(5.,11.3,-5.6));
#14768=CARTESIAN_POINT('',(4.6,11.3,-6.));
#14769=CARTESIAN_POINT('Origin',(5.,11.3,-4.5));
#14770=CARTESIAN_POINT('Origin',(4.8,9.15,-5.8));
#14771=CARTESIAN_POINT('',(5.,15.5,-5.6));
#14772=CARTESIAN_POINT('',(4.6,15.5,-6.));
#14773=CARTESIAN_POINT('',(5.,9.15,-5.6));
#14774=CARTESIAN_POINT('Origin',(4.8,15.5,-4.5));
#14775=CARTESIAN_POINT('',(5.,16.6,-4.5));
#14776=CARTESIAN_POINT('',(4.6,17.,-4.5));
#14777=CARTESIAN_POINT('Origin',(5.,15.5,-4.5));
#14778=CARTESIAN_POINT('Origin',(4.8,16.8,-0.249999999999998));
#14779=CARTESIAN_POINT('',(5.,16.6,15.5));
#14780=CARTESIAN_POINT('',(4.6,17.,15.5));
#14781=CARTESIAN_POINT('',(5.,16.6,-0.249999999999998));
#14782=CARTESIAN_POINT('Origin',(4.8,15.5,15.5));
#14783=CARTESIAN_POINT('',(5.,15.5,16.6));
#14784=CARTESIAN_POINT('',(4.6,15.5,17.));
#14785=CARTESIAN_POINT('Origin',(5.,15.5,15.5));
#14786=CARTESIAN_POINT('Origin',(4.8,12.75,16.8));
#14787=CARTESIAN_POINT('',(4.6,12.,17.));
#14788=CARTESIAN_POINT('',(5.,12.75,16.6));
#14789=CARTESIAN_POINT('Origin',(4.8,7.325,0.200000000000001));
#14790=CARTESIAN_POINT('',(5.,10.6,0.400000000000002));
#14791=CARTESIAN_POINT('',(4.6,10.6,1.87350135405495E-15));
#14792=CARTESIAN_POINT('',(5.,6.55,0.400000000000001));
#14793=CARTESIAN_POINT('',(5.,7.325,0.400000000000001));
#14794=CARTESIAN_POINT('',(5.,6.55,0.400000000000001));
#14795=CARTESIAN_POINT('Origin',(4.8,10.6,-0.399999999999998));
#14796=CARTESIAN_POINT('',(5.,11.4,-0.399999999999998));
#14797=CARTESIAN_POINT('',(4.6,11.,-0.399999999999998));
#14798=CARTESIAN_POINT('Origin',(5.,10.6,-0.399999999999998));
#14799=CARTESIAN_POINT('Origin',(4.8,11.2,2.75));
#14800=CARTESIAN_POINT('',(5.,11.4,-2.6));
#14801=CARTESIAN_POINT('',(4.6,11.,-2.6));
#14802=CARTESIAN_POINT('',(5.,11.4,2.75));
#14803=CARTESIAN_POINT('Origin',(4.8,10.6,-2.6));
#14804=CARTESIAN_POINT('',(5.,10.6,-3.4));
#14805=CARTESIAN_POINT('',(4.6,10.6,-3.));
#14806=CARTESIAN_POINT('Origin',(5.,10.6,-2.6));
#14807=CARTESIAN_POINT('Origin',(4.8,9.75000000000001,-3.2));
#14808=CARTESIAN_POINT('',(4.6,10.2,-3.));
#14809=CARTESIAN_POINT('',(5.,9.75000000000001,-3.4));
#14810=CARTESIAN_POINT('Origin',(4.8,4.25,9.2));
#14811=CARTESIAN_POINT('',(4.6,5.74999999999999,9.));
#14812=CARTESIAN_POINT('',(4.6,4.25,9.));
#14813=CARTESIAN_POINT('',(5.,5.74999999999999,9.4));
#14814=CARTESIAN_POINT('',(4.6,5.74999999999999,9.));
#14815=CARTESIAN_POINT('',(5.,-4.25,9.4));
#14816=CARTESIAN_POINT('Origin',(4.8,5.74999999999999,8.6));
#14817=CARTESIAN_POINT('',(4.6,6.14999999999999,8.6));
#14818=CARTESIAN_POINT('Origin',(4.6,5.74999999999999,8.6));
#14819=CARTESIAN_POINT('',(5.,6.54999999999999,8.6));
#14820=CARTESIAN_POINT('',(4.6,6.14999999999999,8.6));
#14821=CARTESIAN_POINT('Origin',(5.,5.74999999999999,8.6));
#14822=CARTESIAN_POINT('Origin',(4.8,6.34999999999999,7.25));
#14823=CARTESIAN_POINT('',(4.6,6.15,0.399999999999999));
#14824=CARTESIAN_POINT('',(4.6,6.15,0.399999999999999));
#14825=CARTESIAN_POINT('',(5.,6.54999999999999,7.25));
#14826=CARTESIAN_POINT('',(4.6,6.14999999999999,7.25));
#14827=CARTESIAN_POINT('Origin',(4.6,6.55,0.4));
#14828=CARTESIAN_POINT('Origin',(4.6,6.55,0.4));
#14829=CARTESIAN_POINT('Origin',(4.6,10.2,-3.4));
#14830=CARTESIAN_POINT('Origin',(4.6,12.,16.6));
#14831=CARTESIAN_POINT('Origin',(4.6,0.999999999999999,16.6));
#14832=CARTESIAN_POINT('Origin',(0.,6.55,0.4));
#14833=CARTESIAN_POINT('',(0.,6.15,0.399999999999999));
#14834=CARTESIAN_POINT('Origin',(0.,6.14999999999999,9.));
#14835=CARTESIAN_POINT('',(0.,6.14999999999999,8.6));
#14836=CARTESIAN_POINT('Origin',(0.,5.74999999999999,8.6));
#14837=CARTESIAN_POINT('',(0.,5.74999999999999,9.));
#14838=CARTESIAN_POINT('Origin',(0.,0.,9.));
#14839=CARTESIAN_POINT('Origin',(0.,8.5,5.5));
#14840=CARTESIAN_POINT('Origin',(5.,8.5,5.5));
#14841=CARTESIAN_POINT('',(0.,0.,0.));
#14842=CARTESIAN_POINT('Origin',(0.2,-6.34999999999999,7.25));
#14843=CARTESIAN_POINT('',(0.4,-6.14999999999999,8.6));
#14844=CARTESIAN_POINT('',(0.,-6.54999999999999,8.6));
#14845=CARTESIAN_POINT('',(0.4,-6.14999999999999,8.6));
#14846=CARTESIAN_POINT('',(0.4,-6.15,0.4));
#14847=CARTESIAN_POINT('',(0.4,-6.14999999999999,7.25));
#14848=CARTESIAN_POINT('',(0.,-6.55,0.400000000000001));
#14849=CARTESIAN_POINT('',(0.,-6.55,0.400000000000001));
#14850=CARTESIAN_POINT('',(0.,-6.54999999999999,7.25));
#14851=CARTESIAN_POINT('Origin',(0.2,-5.74999999999999,8.6));
#14852=CARTESIAN_POINT('',(0.,-5.74999999999999,9.4));
#14853=CARTESIAN_POINT('Origin',(0.,-5.74999999999999,8.6));
#14854=CARTESIAN_POINT('',(0.4,-5.74999999999999,9.));
#14855=CARTESIAN_POINT('',(0.4,-5.74999999999999,9.));
#14856=CARTESIAN_POINT('Origin',(0.4,-5.74999999999999,8.6));
#14857=CARTESIAN_POINT('Origin',(0.2,-9.75000000000001,-3.2));
#14858=CARTESIAN_POINT('',(0.4,-10.6,-3.));
#14859=CARTESIAN_POINT('',(0.,-10.6,-3.4));
#14860=CARTESIAN_POINT('',(0.4,-10.6,-3.));
#14861=CARTESIAN_POINT('',(0.4,-10.2,-3.));
#14862=CARTESIAN_POINT('',(0.4,-9.75000000000001,-3.));
#14863=CARTESIAN_POINT('',(0.,-10.2,-3.4));
#14864=CARTESIAN_POINT('',(0.,-10.2,-3.4));
#14865=CARTESIAN_POINT('',(0.,-9.75000000000001,-3.4));
#14866=CARTESIAN_POINT('Origin',(0.2,-10.6,-2.6));
#14867=CARTESIAN_POINT('',(0.,-11.4,-2.6));
#14868=CARTESIAN_POINT('Origin',(0.,-10.6,-2.6));
#14869=CARTESIAN_POINT('',(0.4,-11.,-2.6));
#14870=CARTESIAN_POINT('',(0.4,-11.,-2.6));
#14871=CARTESIAN_POINT('Origin',(0.4,-10.6,-2.6));
#14872=CARTESIAN_POINT('Origin',(0.2,-11.2,2.75));
#14873=CARTESIAN_POINT('',(0.4,-11.,-0.399999999999997));
#14874=CARTESIAN_POINT('',(0.,-11.4,-0.399999999999997));
#14875=CARTESIAN_POINT('',(0.4,-11.,-0.399999999999997));
#14876=CARTESIAN_POINT('',(0.4,-11.,2.75));
#14877=CARTESIAN_POINT('',(0.,-11.4,2.75));
#14878=CARTESIAN_POINT('Origin',(0.2,-10.6,-0.399999999999997));
#14879=CARTESIAN_POINT('',(0.,-10.6,0.400000000000003));
#14880=CARTESIAN_POINT('Origin',(0.,-10.6,-0.399999999999997));
#14881=CARTESIAN_POINT('',(0.4,-10.6,3.28949919733931E-15));
#14882=CARTESIAN_POINT('',(0.4,-10.6,3.28949919733931E-15));
#14883=CARTESIAN_POINT('Origin',(0.4,-10.6,-0.399999999999997));
#14884=CARTESIAN_POINT('Origin',(0.2,-7.325,0.200000000000002));
#14885=CARTESIAN_POINT('',(0.4,-6.55,1.01375767746612E-15));
#14886=CARTESIAN_POINT('',(0.4,-6.55,1.01375767746612E-15));
#14887=CARTESIAN_POINT('',(0.4,-7.325,1.46423051686388E-15));
#14888=CARTESIAN_POINT('',(0.,-7.325,0.400000000000002));
#14889=CARTESIAN_POINT('Origin',(0.2,-12.75,16.8));
#14890=CARTESIAN_POINT('',(0.4,-15.5,17.));
#14891=CARTESIAN_POINT('',(0.,-15.5,16.6));
#14892=CARTESIAN_POINT('',(0.4,-15.5,17.));
#14893=CARTESIAN_POINT('',(0.4,-14.,17.));
#14894=CARTESIAN_POINT('',(0.4,-12.75,17.));
#14895=CARTESIAN_POINT('',(0.,-14.,16.6));
#14896=CARTESIAN_POINT('',(0.,-14.,16.6));
#14897=CARTESIAN_POINT('',(0.,-12.75,16.6));
#14898=CARTESIAN_POINT('Origin',(0.2,-15.5,15.5));
#14899=CARTESIAN_POINT('',(0.,-16.6,15.5));
#14900=CARTESIAN_POINT('Origin',(0.,-15.5,15.5));
#14901=CARTESIAN_POINT('',(0.4,-17.,15.5));
#14902=CARTESIAN_POINT('',(0.4,-17.,15.5));
#14903=CARTESIAN_POINT('Origin',(0.4,-15.5,15.5));
#14904=CARTESIAN_POINT('Origin',(0.2,-16.8,-0.249999999999996));
#14905=CARTESIAN_POINT('',(0.4,-17.,-4.5));
#14906=CARTESIAN_POINT('',(0.,-16.6,-4.5));
#14907=CARTESIAN_POINT('',(0.4,-17.,-4.5));
#14908=CARTESIAN_POINT('',(0.4,-17.,-0.249999999999996));
#14909=CARTESIAN_POINT('',(0.,-16.6,-0.249999999999996));
#14910=CARTESIAN_POINT('Origin',(0.2,-15.5,-4.5));
#14911=CARTESIAN_POINT('',(0.,-15.5,-5.6));
#14912=CARTESIAN_POINT('Origin',(0.,-15.5,-4.5));
#14913=CARTESIAN_POINT('',(0.4,-15.5,-6.));
#14914=CARTESIAN_POINT('',(0.4,-15.5,-6.));
#14915=CARTESIAN_POINT('Origin',(0.4,-15.5,-4.5));
#14916=CARTESIAN_POINT('Origin',(0.2,-9.15000000000001,-5.8));
#14917=CARTESIAN_POINT('',(0.4,-11.3,-6.));
#14918=CARTESIAN_POINT('',(0.,-11.3,-5.6));
#14919=CARTESIAN_POINT('',(0.4,-11.3,-6.));
#14920=CARTESIAN_POINT('',(0.4,-9.15000000000001,-6.));
#14921=CARTESIAN_POINT('',(0.,-9.15000000000001,-5.6));
#14922=CARTESIAN_POINT('Origin',(0.2,-11.3,-4.5));
#14923=CARTESIAN_POINT('',(0.,-10.2,-4.5));
#14924=CARTESIAN_POINT('Origin',(0.,-11.3,-4.5));
#14925=CARTESIAN_POINT('',(0.4,-9.8,-4.5));
#14926=CARTESIAN_POINT('',(0.4,-9.8,-4.5));
#14927=CARTESIAN_POINT('Origin',(0.4,-11.3,-4.5));
#14928=CARTESIAN_POINT('Origin',(0.2,-9.99999999999999,1.25));
#14929=CARTESIAN_POINT('',(0.4,-9.8,-3.4));
#14930=CARTESIAN_POINT('',(0.4,-9.8,-3.4));
#14931=CARTESIAN_POINT('',(0.4,-9.79999999999999,1.25));
#14932=CARTESIAN_POINT('',(0.,-10.2,1.25));
#14933=CARTESIAN_POINT('Origin',(0.2,-1.2,9.35));
#14934=CARTESIAN_POINT('',(0.4,-1.4,13.6));
#14935=CARTESIAN_POINT('',(0.,-1.,13.6));
#14936=CARTESIAN_POINT('',(0.4,-1.4,13.6));
#14937=CARTESIAN_POINT('',(0.4,-1.4,16.6));
#14938=CARTESIAN_POINT('',(0.4,-1.4,9.35));
#14939=CARTESIAN_POINT('',(0.,-0.999999999999998,16.6));
#14940=CARTESIAN_POINT('',(0.,-0.999999999999998,16.6));
#14941=CARTESIAN_POINT('',(0.,-1.,9.35));
#14942=CARTESIAN_POINT('Origin',(0.2,-1.8,13.6));
#14943=CARTESIAN_POINT('',(0.,-1.8,12.8));
#14944=CARTESIAN_POINT('Origin',(0.,-1.8,13.6));
#14945=CARTESIAN_POINT('',(0.4,-1.8,13.2));
#14946=CARTESIAN_POINT('',(0.4,-1.8,13.2));
#14947=CARTESIAN_POINT('Origin',(0.4,-1.8,13.6));
#14948=CARTESIAN_POINT('Origin',(0.2,-8.3,13.));
#14949=CARTESIAN_POINT('',(0.4,-13.2,13.2));
#14950=CARTESIAN_POINT('',(0.,-13.2,12.8));
#14951=CARTESIAN_POINT('',(0.4,-13.2,13.2));
#14952=CARTESIAN_POINT('',(0.4,-8.3,13.2));
#14953=CARTESIAN_POINT('',(0.,-8.3,12.8));
#14954=CARTESIAN_POINT('Origin',(0.2,-13.2,13.6));
#14955=CARTESIAN_POINT('',(0.,-14.,13.6));
#14956=CARTESIAN_POINT('Origin',(0.,-13.2,13.6));
#14957=CARTESIAN_POINT('',(0.4,-13.6,13.6));
#14958=CARTESIAN_POINT('',(0.4,-13.6,13.6));
#14959=CARTESIAN_POINT('Origin',(0.4,-13.2,13.6));
#14960=CARTESIAN_POINT('Origin',(0.2,-13.8,11.25));
#14961=CARTESIAN_POINT('',(0.4,-13.6,16.6));
#14962=CARTESIAN_POINT('',(0.4,-13.6,16.6));
#14963=CARTESIAN_POINT('',(0.4,-13.6,11.25));
#14964=CARTESIAN_POINT('',(0.,-14.,11.25));
#14965=CARTESIAN_POINT('Origin',(0.4,-0.999999999999998,16.6));
#14966=CARTESIAN_POINT('',(0.4,-0.999999999999998,17.));
#14967=CARTESIAN_POINT('',(0.4,-0.999999999999998,17.));
#14968=CARTESIAN_POINT('Origin',(0.4,-0.999999999999998,16.6));
#14969=CARTESIAN_POINT('Origin',(0.4,-14.,16.6));
#14970=CARTESIAN_POINT('Origin',(0.4,-14.,16.6));
#14971=CARTESIAN_POINT('Origin',(0.4,-10.2,-3.4));
#14972=CARTESIAN_POINT('Origin',(0.4,-10.2,-3.4));
#14973=CARTESIAN_POINT('Origin',(0.4,-6.55,0.400000000000001));
#14974=CARTESIAN_POINT('Origin',(0.4,-6.55,0.400000000000001));
#14975=CARTESIAN_POINT('Origin',(0.,-6.15,8.21545918509323E-16));
#14976=CARTESIAN_POINT('',(4.6,-6.55,1.01375767746612E-15));
#14977=CARTESIAN_POINT('',(0.,-6.55,1.01375767746612E-15));
#14978=CARTESIAN_POINT('',(4.6,-10.6,3.28949919733931E-15));
#14979=CARTESIAN_POINT('',(4.6,-7.325,1.46423051686388E-15));
#14980=CARTESIAN_POINT('',(0.,-10.6,3.28949919733931E-15));
#14981=CARTESIAN_POINT('Origin',(0.,-10.6,-0.399999999999997));
#14982=CARTESIAN_POINT('',(4.6,-11.,-0.399999999999997));
#14983=CARTESIAN_POINT('Origin',(4.6,-10.6,-0.399999999999997));
#14984=CARTESIAN_POINT('',(0.,-11.,-0.399999999999997));
#14985=CARTESIAN_POINT('Origin',(0.,-11.,3.68987777341333E-15));
#14986=CARTESIAN_POINT('',(4.6,-11.,-2.6));
#14987=CARTESIAN_POINT('',(4.6,-11.,2.75));
#14988=CARTESIAN_POINT('',(0.,-11.,-2.6));
#14989=CARTESIAN_POINT('Origin',(0.,-10.6,-2.6));
#14990=CARTESIAN_POINT('',(4.6,-10.6,-3.));
#14991=CARTESIAN_POINT('Origin',(4.6,-10.6,-2.6));
#14992=CARTESIAN_POINT('',(0.,-10.6,-3.));
#14993=CARTESIAN_POINT('Origin',(0.,-11.,-3.));
#14994=CARTESIAN_POINT('',(4.6,-10.2,-3.));
#14995=CARTESIAN_POINT('',(4.6,-9.75000000000001,-3.));
#14996=CARTESIAN_POINT('',(0.,-10.2,-3.));
#14997=CARTESIAN_POINT('Origin',(0.,-10.2,-3.4));
#14998=CARTESIAN_POINT('',(4.6,-9.8,-3.4));
#14999=CARTESIAN_POINT('Origin',(4.6,-10.2,-3.4));
#15000=CARTESIAN_POINT('',(0.,-9.8,-3.4));
#15001=CARTESIAN_POINT('Origin',(0.,-9.8,-3.));
#15002=CARTESIAN_POINT('',(4.6,-9.8,-4.5));
#15003=CARTESIAN_POINT('',(4.6,-9.79999999999999,1.25));
#15004=CARTESIAN_POINT('',(0.,-9.8,-4.5));
#15005=CARTESIAN_POINT('Origin',(0.,-11.3,-4.5));
#15006=CARTESIAN_POINT('',(4.6,-11.3,-6.));
#15007=CARTESIAN_POINT('Origin',(4.6,-11.3,-4.5));
#15008=CARTESIAN_POINT('',(0.,-11.3,-6.));
#15009=CARTESIAN_POINT('Origin',(0.,-9.8,-6.));
#15010=CARTESIAN_POINT('',(4.6,-15.5,-6.));
#15011=CARTESIAN_POINT('',(4.6,-9.15000000000001,-6.));
#15012=CARTESIAN_POINT('',(0.,-15.5,-6.));
#15013=CARTESIAN_POINT('Origin',(0.,-15.5,-4.5));
#15014=CARTESIAN_POINT('',(4.6,-17.,-4.5));
#15015=CARTESIAN_POINT('Origin',(4.6,-15.5,-4.5));
#15016=CARTESIAN_POINT('',(0.,-17.,-4.5));
#15017=CARTESIAN_POINT('Origin',(0.,-17.,-6.));
#15018=CARTESIAN_POINT('',(4.6,-17.,15.5));
#15019=CARTESIAN_POINT('',(4.6,-17.,-0.249999999999996));
#15020=CARTESIAN_POINT('',(0.,-17.,15.5));
#15021=CARTESIAN_POINT('Origin',(0.,-15.5,15.5));
#15022=CARTESIAN_POINT('',(4.6,-15.5,17.));
#15023=CARTESIAN_POINT('Origin',(4.6,-15.5,15.5));
#15024=CARTESIAN_POINT('',(0.,-15.5,17.));
#15025=CARTESIAN_POINT('Origin',(0.,-17.,17.));
#15026=CARTESIAN_POINT('',(4.6,-14.,17.));
#15027=CARTESIAN_POINT('',(4.6,-12.75,17.));
#15028=CARTESIAN_POINT('',(0.,-14.,17.));
#15029=CARTESIAN_POINT('Origin',(0.,-14.,16.6));
#15030=CARTESIAN_POINT('',(4.6,-13.6,16.6));
#15031=CARTESIAN_POINT('Origin',(4.6,-14.,16.6));
#15032=CARTESIAN_POINT('',(0.,-13.6,16.6));
#15033=CARTESIAN_POINT('Origin',(0.,-13.6,17.));
#15034=CARTESIAN_POINT('',(4.6,-13.6,13.6));
#15035=CARTESIAN_POINT('',(4.6,-13.6,11.25));
#15036=CARTESIAN_POINT('',(0.,-13.6,13.6));
#15037=CARTESIAN_POINT('Origin',(0.,-13.2,13.6));
#15038=CARTESIAN_POINT('',(4.6,-13.2,13.2));
#15039=CARTESIAN_POINT('Origin',(4.6,-13.2,13.6));
#15040=CARTESIAN_POINT('',(0.,-13.2,13.2));
#15041=CARTESIAN_POINT('Origin',(0.,-8.1,13.2));
#15042=CARTESIAN_POINT('',(4.6,-1.8,13.2));
#15043=CARTESIAN_POINT('',(4.6,-8.3,13.2));
#15044=CARTESIAN_POINT('',(0.,-1.8,13.2));
#15045=CARTESIAN_POINT('Origin',(0.,-1.8,13.6));
#15046=CARTESIAN_POINT('',(4.6,-1.4,13.6));
#15047=CARTESIAN_POINT('Origin',(4.6,-1.8,13.6));
#15048=CARTESIAN_POINT('',(0.,-1.4,13.6));
#15049=CARTESIAN_POINT('Origin',(0.,-1.4,13.2));
#15050=CARTESIAN_POINT('',(4.6,-1.4,16.6));
#15051=CARTESIAN_POINT('',(4.6,-1.4,9.35));
#15052=CARTESIAN_POINT('',(0.,-1.4,16.6));
#15053=CARTESIAN_POINT('Origin',(0.,-0.999999999999998,16.6));
#15054=CARTESIAN_POINT('',(4.6,-0.999999999999998,17.));
#15055=CARTESIAN_POINT('Origin',(4.6,-0.999999999999998,16.6));
#15056=CARTESIAN_POINT('',(0.,-0.999999999999998,17.));
#15057=CARTESIAN_POINT('Origin',(4.8,-13.8,11.25));
#15058=CARTESIAN_POINT('',(5.,-14.,13.6));
#15059=CARTESIAN_POINT('',(4.6,-13.6,13.6));
#15060=CARTESIAN_POINT('',(5.,-14.,16.6));
#15061=CARTESIAN_POINT('',(5.,-14.,16.6));
#15062=CARTESIAN_POINT('',(5.,-14.,11.25));
#15063=CARTESIAN_POINT('Origin',(4.8,-13.2,13.6));
#15064=CARTESIAN_POINT('',(5.,-13.2,12.8));
#15065=CARTESIAN_POINT('Origin',(5.,-13.2,13.6));
#15066=CARTESIAN_POINT('',(4.6,-13.2,13.2));
#15067=CARTESIAN_POINT('Origin',(4.8,-8.3,13.));
#15068=CARTESIAN_POINT('',(5.,-1.8,12.8));
#15069=CARTESIAN_POINT('',(4.6,-1.8,13.2));
#15070=CARTESIAN_POINT('',(5.,-8.3,12.8));
#15071=CARTESIAN_POINT('Origin',(4.8,-1.8,13.6));
#15072=CARTESIAN_POINT('',(5.,-1.,13.6));
#15073=CARTESIAN_POINT('Origin',(5.,-1.8,13.6));
#15074=CARTESIAN_POINT('',(4.6,-1.4,13.6));
#15075=CARTESIAN_POINT('Origin',(4.8,-1.2,9.35));
#15076=CARTESIAN_POINT('',(5.,-0.999999999999998,16.6));
#15077=CARTESIAN_POINT('',(4.6,-1.4,16.6));
#15078=CARTESIAN_POINT('',(5.,-1.,9.35));
#15079=CARTESIAN_POINT('Origin',(4.8,-9.99999999999999,1.25));
#15080=CARTESIAN_POINT('',(5.,-10.2,-4.5));
#15081=CARTESIAN_POINT('',(4.6,-9.8,-4.5));
#15082=CARTESIAN_POINT('',(5.,-10.2,-3.4));
#15083=CARTESIAN_POINT('',(5.,-10.2,-3.4));
#15084=CARTESIAN_POINT('',(5.,-10.2,1.25));
#15085=CARTESIAN_POINT('Origin',(4.8,-11.3,-4.5));
#15086=CARTESIAN_POINT('',(5.,-11.3,-5.6));
#15087=CARTESIAN_POINT('Origin',(5.,-11.3,-4.5));
#15088=CARTESIAN_POINT('',(4.6,-11.3,-6.));
#15089=CARTESIAN_POINT('Origin',(4.8,-9.15000000000001,-5.8));
#15090=CARTESIAN_POINT('',(5.,-15.5,-5.6));
#15091=CARTESIAN_POINT('',(4.6,-15.5,-6.));
#15092=CARTESIAN_POINT('',(5.,-9.15000000000001,-5.6));
#15093=CARTESIAN_POINT('Origin',(4.8,-15.5,-4.5));
#15094=CARTESIAN_POINT('',(5.,-16.6,-4.5));
#15095=CARTESIAN_POINT('Origin',(5.,-15.5,-4.5));
#15096=CARTESIAN_POINT('',(4.6,-17.,-4.5));
#15097=CARTESIAN_POINT('Origin',(4.8,-16.8,-0.249999999999996));
#15098=CARTESIAN_POINT('',(5.,-16.6,15.5));
#15099=CARTESIAN_POINT('',(4.6,-17.,15.5));
#15100=CARTESIAN_POINT('',(5.,-16.6,-0.249999999999996));
#15101=CARTESIAN_POINT('Origin',(4.8,-15.5,15.5));
#15102=CARTESIAN_POINT('',(5.,-15.5,16.6));
#15103=CARTESIAN_POINT('Origin',(5.,-15.5,15.5));
#15104=CARTESIAN_POINT('',(4.6,-15.5,17.));
#15105=CARTESIAN_POINT('Origin',(4.8,-12.75,16.8));
#15106=CARTESIAN_POINT('',(4.6,-14.,17.));
#15107=CARTESIAN_POINT('',(5.,-12.75,16.6));
#15108=CARTESIAN_POINT('Origin',(4.8,-7.325,0.200000000000002));
#15109=CARTESIAN_POINT('',(5.,-10.6,0.400000000000004));
#15110=CARTESIAN_POINT('',(4.6,-10.6,3.28949919733931E-15));
#15111=CARTESIAN_POINT('',(5.,-6.55,0.400000000000001));
#15112=CARTESIAN_POINT('',(5.,-6.55,0.400000000000001));
#15113=CARTESIAN_POINT('',(5.,-7.325,0.400000000000002));
#15114=CARTESIAN_POINT('Origin',(4.8,-10.6,-0.399999999999997));
#15115=CARTESIAN_POINT('',(5.,-11.4,-0.399999999999997));
#15116=CARTESIAN_POINT('Origin',(5.,-10.6,-0.399999999999997));
#15117=CARTESIAN_POINT('',(4.6,-11.,-0.399999999999997));
#15118=CARTESIAN_POINT('Origin',(4.8,-11.2,2.75));
#15119=CARTESIAN_POINT('',(5.,-11.4,-2.6));
#15120=CARTESIAN_POINT('',(4.6,-11.,-2.6));
#15121=CARTESIAN_POINT('',(5.,-11.4,2.75));
#15122=CARTESIAN_POINT('Origin',(4.8,-10.6,-2.6));
#15123=CARTESIAN_POINT('',(5.,-10.6,-3.4));
#15124=CARTESIAN_POINT('Origin',(5.,-10.6,-2.6));
#15125=CARTESIAN_POINT('',(4.6,-10.6,-3.));
#15126=CARTESIAN_POINT('Origin',(4.8,-9.75000000000001,-3.2));
#15127=CARTESIAN_POINT('',(4.6,-10.2,-3.));
#15128=CARTESIAN_POINT('',(5.,-9.75000000000001,-3.4));
#15129=CARTESIAN_POINT('Origin',(4.8,-5.74999999999999,8.6));
#15130=CARTESIAN_POINT('',(4.6,-5.74999999999999,9.));
#15131=CARTESIAN_POINT('',(5.,-5.74999999999999,9.4));
#15132=CARTESIAN_POINT('',(4.6,-5.74999999999999,9.));
#15133=CARTESIAN_POINT('',(5.,-6.54999999999999,8.6));
#15134=CARTESIAN_POINT('Origin',(5.,-5.74999999999999,8.6));
#15135=CARTESIAN_POINT('',(4.6,-6.14999999999999,8.6));
#15136=CARTESIAN_POINT('',(4.6,-6.14999999999999,8.6));
#15137=CARTESIAN_POINT('Origin',(4.6,-5.74999999999999,8.6));
#15138=CARTESIAN_POINT('Origin',(4.8,-6.34999999999999,7.25));
#15139=CARTESIAN_POINT('',(4.6,-6.15,0.4));
#15140=CARTESIAN_POINT('',(4.6,-6.15,0.4));
#15141=CARTESIAN_POINT('',(4.6,-6.14999999999999,7.25));
#15142=CARTESIAN_POINT('',(5.,-6.54999999999999,7.25));
#15143=CARTESIAN_POINT('Origin',(4.6,-6.55,0.400000000000001));
#15144=CARTESIAN_POINT('Origin',(4.6,-6.55,0.400000000000001));
#15145=CARTESIAN_POINT('Origin',(4.6,-10.2,-3.4));
#15146=CARTESIAN_POINT('Origin',(4.6,-14.,16.6));
#15147=CARTESIAN_POINT('Origin',(4.6,-0.999999999999998,16.6));
#15148=CARTESIAN_POINT('',(5.,-0.999999999999998,16.6));
#15149=CARTESIAN_POINT('Origin',(0.,-6.55,0.400000000000001));
#15150=CARTESIAN_POINT('',(0.,-6.15,0.4));
#15151=CARTESIAN_POINT('Origin',(0.,-6.14999999999999,9.));
#15152=CARTESIAN_POINT('',(0.,-6.14999999999999,8.6));
#15153=CARTESIAN_POINT('Origin',(0.,-5.74999999999999,8.6));
#15154=CARTESIAN_POINT('',(0.,-5.74999999999999,9.));
#15155=CARTESIAN_POINT('Origin',(0.2,6.34999999999999,7.25));
#15156=CARTESIAN_POINT('',(0.4,6.14999999999999,8.6));
#15157=CARTESIAN_POINT('',(0.,6.54999999999999,8.6));
#15158=CARTESIAN_POINT('',(0.4,6.14999999999999,8.6));
#15159=CARTESIAN_POINT('',(0.,6.55,0.4));
#15160=CARTESIAN_POINT('',(0.,6.54999999999999,7.25));
#15161=CARTESIAN_POINT('',(0.4,6.15,0.399999999999999));
#15162=CARTESIAN_POINT('',(0.,6.55,0.4));
#15163=CARTESIAN_POINT('',(0.4,6.14999999999999,7.25));
#15164=CARTESIAN_POINT('Origin',(0.2,5.74999999999999,8.6));
#15165=CARTESIAN_POINT('',(0.4,5.74999999999999,9.));
#15166=CARTESIAN_POINT('Origin',(0.4,5.74999999999999,8.6));
#15167=CARTESIAN_POINT('',(0.,5.74999999999999,9.4));
#15168=CARTESIAN_POINT('',(0.4,5.74999999999999,9.));
#15169=CARTESIAN_POINT('Origin',(0.,5.74999999999999,8.6));
#15170=CARTESIAN_POINT('Origin',(0.2,4.25,9.2));
#15171=CARTESIAN_POINT('',(0.,-4.25,9.4));
#15172=CARTESIAN_POINT('',(0.4,4.25,9.));
#15173=CARTESIAN_POINT('Origin',(0.2,9.75000000000001,-3.2));
#15174=CARTESIAN_POINT('',(0.4,10.6,-3.));
#15175=CARTESIAN_POINT('',(0.,10.6,-3.4));
#15176=CARTESIAN_POINT('',(0.4,10.6,-3.));
#15177=CARTESIAN_POINT('',(0.,10.2,-3.4));
#15178=CARTESIAN_POINT('',(0.,9.75000000000001,-3.4));
#15179=CARTESIAN_POINT('',(0.4,10.2,-3.));
#15180=CARTESIAN_POINT('',(0.,10.2,-3.4));
#15181=CARTESIAN_POINT('',(0.4,9.75000000000001,-3.));
#15182=CARTESIAN_POINT('Origin',(0.2,10.6,-2.6));
#15183=CARTESIAN_POINT('',(0.4,11.,-2.6));
#15184=CARTESIAN_POINT('Origin',(0.4,10.6,-2.6));
#15185=CARTESIAN_POINT('',(0.,11.4,-2.6));
#15186=CARTESIAN_POINT('',(0.4,11.,-2.6));
#15187=CARTESIAN_POINT('Origin',(0.,10.6,-2.6));
#15188=CARTESIAN_POINT('Origin',(0.2,11.2,2.75));
#15189=CARTESIAN_POINT('',(0.4,11.,-0.399999999999998));
#15190=CARTESIAN_POINT('',(0.,11.4,-0.399999999999998));
#15191=CARTESIAN_POINT('',(0.4,11.,-0.399999999999998));
#15192=CARTESIAN_POINT('',(0.,11.4,2.75));
#15193=CARTESIAN_POINT('',(0.4,11.,2.75));
#15194=CARTESIAN_POINT('Origin',(0.2,10.6,-0.399999999999998));
#15195=CARTESIAN_POINT('',(0.4,10.6,1.87350135405495E-15));
#15196=CARTESIAN_POINT('Origin',(0.4,10.6,-0.399999999999998));
#15197=CARTESIAN_POINT('',(0.,10.6,0.400000000000001));
#15198=CARTESIAN_POINT('',(0.4,10.6,1.87350135405495E-15));
#15199=CARTESIAN_POINT('Origin',(0.,10.6,-0.399999999999998));
#15200=CARTESIAN_POINT('Origin',(0.2,7.325,0.200000000000001));
#15201=CARTESIAN_POINT('',(0.4,6.55,1.38777878078145E-16));
#15202=CARTESIAN_POINT('',(0.4,6.55,1.38777878078145E-16));
#15203=CARTESIAN_POINT('',(0.,7.325,0.400000000000001));
#15204=CARTESIAN_POINT('',(0.4,7.325,4.85722573273506E-16));
#15205=CARTESIAN_POINT('Origin',(0.2,12.75,16.8));
#15206=CARTESIAN_POINT('',(0.4,15.5,17.));
#15207=CARTESIAN_POINT('',(0.,15.5,16.6));
#15208=CARTESIAN_POINT('',(0.4,15.5,17.));
#15209=CARTESIAN_POINT('',(0.,14.,16.6));
#15210=CARTESIAN_POINT('',(0.,12.75,16.6));
#15211=CARTESIAN_POINT('',(0.4,14.,17.));
#15212=CARTESIAN_POINT('',(0.,14.,16.6));
#15213=CARTESIAN_POINT('',(0.4,12.75,17.));
#15214=CARTESIAN_POINT('Origin',(0.2,15.5,15.5));
#15215=CARTESIAN_POINT('',(0.4,17.,15.5));
#15216=CARTESIAN_POINT('Origin',(0.4,15.5,15.5));
#15217=CARTESIAN_POINT('',(0.,16.6,15.5));
#15218=CARTESIAN_POINT('',(0.4,17.,15.5));
#15219=CARTESIAN_POINT('Origin',(0.,15.5,15.5));
#15220=CARTESIAN_POINT('Origin',(0.2,16.8,-0.249999999999998));
#15221=CARTESIAN_POINT('',(0.4,17.,-4.5));
#15222=CARTESIAN_POINT('',(0.,16.6,-4.5));
#15223=CARTESIAN_POINT('',(0.4,17.,-4.5));
#15224=CARTESIAN_POINT('',(0.,16.6,-0.249999999999998));
#15225=CARTESIAN_POINT('',(0.4,17.,-0.249999999999998));
#15226=CARTESIAN_POINT('Origin',(0.2,15.5,-4.5));
#15227=CARTESIAN_POINT('',(0.4,15.5,-6.));
#15228=CARTESIAN_POINT('Origin',(0.4,15.5,-4.5));
#15229=CARTESIAN_POINT('',(0.,15.5,-5.6));
#15230=CARTESIAN_POINT('',(0.4,15.5,-6.));
#15231=CARTESIAN_POINT('Origin',(0.,15.5,-4.5));
#15232=CARTESIAN_POINT('Origin',(0.2,9.15,-5.8));
#15233=CARTESIAN_POINT('',(0.4,11.3,-6.));
#15234=CARTESIAN_POINT('',(0.,11.3,-5.6));
#15235=CARTESIAN_POINT('',(0.4,11.3,-6.));
#15236=CARTESIAN_POINT('',(0.,9.15,-5.6));
#15237=CARTESIAN_POINT('',(0.4,9.15,-6.));
#15238=CARTESIAN_POINT('Origin',(0.2,11.3,-4.5));
#15239=CARTESIAN_POINT('',(0.4,9.8,-4.5));
#15240=CARTESIAN_POINT('Origin',(0.4,11.3,-4.5));
#15241=CARTESIAN_POINT('',(0.,10.2,-4.5));
#15242=CARTESIAN_POINT('',(0.4,9.8,-4.5));
#15243=CARTESIAN_POINT('Origin',(0.,11.3,-4.5));
#15244=CARTESIAN_POINT('Origin',(0.2,9.99999999999999,1.25));
#15245=CARTESIAN_POINT('',(0.4,9.8,-3.4));
#15246=CARTESIAN_POINT('',(0.4,9.8,-3.4));
#15247=CARTESIAN_POINT('',(0.,10.2,1.25));
#15248=CARTESIAN_POINT('',(0.4,9.79999999999999,1.25));
#15249=CARTESIAN_POINT('Origin',(0.2,1.2,9.35));
#15250=CARTESIAN_POINT('',(0.4,1.4,13.6));
#15251=CARTESIAN_POINT('',(0.,1.,13.6));
#15252=CARTESIAN_POINT('',(0.4,1.4,13.6));
#15253=CARTESIAN_POINT('',(0.,0.999999999999999,16.6));
#15254=CARTESIAN_POINT('',(0.,1.,9.35));
#15255=CARTESIAN_POINT('',(0.4,1.4,16.6));
#15256=CARTESIAN_POINT('',(0.,0.999999999999999,16.6));
#15257=CARTESIAN_POINT('',(0.4,1.4,9.35));
#15258=CARTESIAN_POINT('Origin',(0.2,1.8,13.6));
#15259=CARTESIAN_POINT('',(0.4,1.8,13.2));
#15260=CARTESIAN_POINT('Origin',(0.4,1.8,13.6));
#15261=CARTESIAN_POINT('',(0.,1.8,12.8));
#15262=CARTESIAN_POINT('',(0.4,1.8,13.2));
#15263=CARTESIAN_POINT('Origin',(0.,1.8,13.6));
#15264=CARTESIAN_POINT('Origin',(0.2,8.3,13.));
#15265=CARTESIAN_POINT('',(0.4,13.2,13.2));
#15266=CARTESIAN_POINT('',(0.,13.2,12.8));
#15267=CARTESIAN_POINT('',(0.4,13.2,13.2));
#15268=CARTESIAN_POINT('',(0.,8.3,12.8));
#15269=CARTESIAN_POINT('',(0.4,8.3,13.2));
#15270=CARTESIAN_POINT('Origin',(0.2,13.2,13.6));
#15271=CARTESIAN_POINT('',(0.4,13.6,13.6));
#15272=CARTESIAN_POINT('Origin',(0.4,13.2,13.6));
#15273=CARTESIAN_POINT('',(0.,14.,13.6));
#15274=CARTESIAN_POINT('',(0.4,13.6,13.6));
#15275=CARTESIAN_POINT('Origin',(0.,13.2,13.6));
#15276=CARTESIAN_POINT('Origin',(0.2,13.8,11.25));
#15277=CARTESIAN_POINT('',(0.4,13.6,16.6));
#15278=CARTESIAN_POINT('',(0.4,13.6,16.6));
#15279=CARTESIAN_POINT('',(0.,14.,11.25));
#15280=CARTESIAN_POINT('',(0.4,13.6,11.25));
#15281=CARTESIAN_POINT('Origin',(0.2,5.2,16.8));
#15282=CARTESIAN_POINT('',(0.4,0.999999999999999,17.));
#15283=CARTESIAN_POINT('',(0.4,-5.2,17.));
#15284=CARTESIAN_POINT('',(0.4,0.999999999999999,17.));
#15285=CARTESIAN_POINT('',(0.,5.2,16.6));
#15286=CARTESIAN_POINT('Origin',(0.4,0.999999999999999,16.6));
#15287=CARTESIAN_POINT('Origin',(0.4,0.999999999999999,16.6));
#15288=CARTESIAN_POINT('Origin',(0.4,14.,16.6));
#15289=CARTESIAN_POINT('Origin',(0.4,14.,16.6));
#15290=CARTESIAN_POINT('Origin',(0.4,10.2,-3.4));
#15291=CARTESIAN_POINT('Origin',(0.4,10.2,-3.4));
#15292=CARTESIAN_POINT('Origin',(0.4,6.55,0.4));
#15293=CARTESIAN_POINT('Origin',(0.4,6.55,0.4));
#15294=CARTESIAN_POINT('Origin',(0.,6.15,0.));
#15295=CARTESIAN_POINT('',(4.6,10.6,1.87350135405495E-15));
#15296=CARTESIAN_POINT('',(0.,10.6,1.87350135405495E-15));
#15297=CARTESIAN_POINT('',(4.6,6.55,1.38777878078145E-16));
#15298=CARTESIAN_POINT('',(4.6,7.325,4.85722573273506E-16));
#15299=CARTESIAN_POINT('',(0.,6.55,1.38777878078145E-16));
#15300=CARTESIAN_POINT('Origin',(0.,10.6,-0.399999999999998));
#15301=CARTESIAN_POINT('',(4.6,11.,-0.399999999999998));
#15302=CARTESIAN_POINT('',(0.,11.,-0.399999999999998));
#15303=CARTESIAN_POINT('Origin',(4.6,10.6,-0.399999999999998));
#15304=CARTESIAN_POINT('Origin',(0.,11.,2.22044604925031E-15));
#15305=CARTESIAN_POINT('',(4.6,11.,-2.6));
#15306=CARTESIAN_POINT('',(0.,11.,-2.6));
#15307=CARTESIAN_POINT('',(4.6,11.,2.75));
#15308=CARTESIAN_POINT('Origin',(0.,10.6,-2.6));
#15309=CARTESIAN_POINT('',(4.6,10.6,-3.));
#15310=CARTESIAN_POINT('',(0.,10.6,-3.));
#15311=CARTESIAN_POINT('Origin',(4.6,10.6,-2.6));
#15312=CARTESIAN_POINT('Origin',(0.,11.,-3.));
#15313=CARTESIAN_POINT('',(4.6,10.2,-3.));
#15314=CARTESIAN_POINT('',(0.,10.2,-3.));
#15315=CARTESIAN_POINT('',(4.6,9.75000000000001,-3.));
#15316=CARTESIAN_POINT('Origin',(0.,10.2,-3.4));
#15317=CARTESIAN_POINT('',(4.6,9.8,-3.4));
#15318=CARTESIAN_POINT('',(0.,9.8,-3.4));
#15319=CARTESIAN_POINT('Origin',(4.6,10.2,-3.4));
#15320=CARTESIAN_POINT('Origin',(0.,9.8,-3.));
#15321=CARTESIAN_POINT('',(4.6,9.8,-4.5));
#15322=CARTESIAN_POINT('',(0.,9.8,-4.5));
#15323=CARTESIAN_POINT('',(4.6,9.79999999999999,1.25));
#15324=CARTESIAN_POINT('Origin',(0.,11.3,-4.5));
#15325=CARTESIAN_POINT('',(4.6,11.3,-6.));
#15326=CARTESIAN_POINT('',(0.,11.3,-6.));
#15327=CARTESIAN_POINT('Origin',(4.6,11.3,-4.5));
#15328=CARTESIAN_POINT('Origin',(0.,9.8,-6.));
#15329=CARTESIAN_POINT('',(4.6,15.5,-6.));
#15330=CARTESIAN_POINT('',(0.,15.5,-6.));
#15331=CARTESIAN_POINT('',(4.6,9.15,-6.));
#15332=CARTESIAN_POINT('Origin',(0.,15.5,-4.5));
#15333=CARTESIAN_POINT('',(4.6,17.,-4.5));
#15334=CARTESIAN_POINT('',(0.,17.,-4.5));
#15335=CARTESIAN_POINT('Origin',(4.6,15.5,-4.5));
#15336=CARTESIAN_POINT('Origin',(0.,17.,-6.));
#15337=CARTESIAN_POINT('',(4.6,17.,15.5));
#15338=CARTESIAN_POINT('',(0.,17.,15.5));
#15339=CARTESIAN_POINT('',(4.6,17.,-0.249999999999998));
#15340=CARTESIAN_POINT('Origin',(0.,15.5,15.5));
#15341=CARTESIAN_POINT('',(4.6,15.5,17.));
#15342=CARTESIAN_POINT('',(0.,15.5,17.));
#15343=CARTESIAN_POINT('Origin',(4.6,15.5,15.5));
#15344=CARTESIAN_POINT('Origin',(0.,17.,17.));
#15345=CARTESIAN_POINT('',(4.6,14.,17.));
#15346=CARTESIAN_POINT('',(0.,14.,17.));
#15347=CARTESIAN_POINT('',(4.6,12.75,17.));
#15348=CARTESIAN_POINT('Origin',(0.,14.,16.6));
#15349=CARTESIAN_POINT('',(4.6,13.6,16.6));
#15350=CARTESIAN_POINT('',(0.,13.6,16.6));
#15351=CARTESIAN_POINT('Origin',(4.6,14.,16.6));
#15352=CARTESIAN_POINT('Origin',(0.,13.6,17.));
#15353=CARTESIAN_POINT('',(4.6,13.6,13.6));
#15354=CARTESIAN_POINT('',(0.,13.6,13.6));
#15355=CARTESIAN_POINT('',(4.6,13.6,11.25));
#15356=CARTESIAN_POINT('Origin',(0.,13.2,13.6));
#15357=CARTESIAN_POINT('',(4.6,13.2,13.2));
#15358=CARTESIAN_POINT('',(0.,13.2,13.2));
#15359=CARTESIAN_POINT('Origin',(4.6,13.2,13.6));
#15360=CARTESIAN_POINT('Origin',(0.,8.1,13.2));
#15361=CARTESIAN_POINT('',(4.6,1.8,13.2));
#15362=CARTESIAN_POINT('',(0.,1.8,13.2));
#15363=CARTESIAN_POINT('',(4.6,8.3,13.2));
#15364=CARTESIAN_POINT('Origin',(0.,1.8,13.6));
#15365=CARTESIAN_POINT('',(4.6,1.4,13.6));
#15366=CARTESIAN_POINT('',(0.,1.4,13.6));
#15367=CARTESIAN_POINT('Origin',(4.6,1.8,13.6));
#15368=CARTESIAN_POINT('Origin',(0.,1.4,13.2));
#15369=CARTESIAN_POINT('',(4.6,1.4,16.6));
#15370=CARTESIAN_POINT('',(0.,1.4,16.6));
#15371=CARTESIAN_POINT('',(4.6,1.4,9.35));
#15372=CARTESIAN_POINT('Origin',(0.,0.999999999999999,16.6));
#15373=CARTESIAN_POINT('',(4.6,0.999999999999999,17.));
#15374=CARTESIAN_POINT('',(0.,0.999999999999999,17.));
#15375=CARTESIAN_POINT('Origin',(4.6,0.999999999999999,16.6));
#15376=CARTESIAN_POINT('Origin',(0.,1.9,17.));
#15377=CARTESIAN_POINT('',(4.6,-5.2,17.));
#15378=CARTESIAN_POINT('Origin',(4.8,5.2,16.8));
#15379=CARTESIAN_POINT('',(5.,0.999999999999999,16.6));
#15380=CARTESIAN_POINT('',(5.,-5.2,16.6));
#15381=CARTESIAN_POINT('',(5.,0.999999999999999,16.6));
#15382=CARTESIAN_POINT('Origin',(4.8,13.8,11.25));
#15383=CARTESIAN_POINT('',(5.,14.,13.6));
#15384=CARTESIAN_POINT('',(4.6,13.6,13.6));
#15385=CARTESIAN_POINT('',(5.,14.,16.6));
#15386=CARTESIAN_POINT('',(5.,14.,11.25));
#15387=CARTESIAN_POINT('',(5.,14.,16.6));
#15388=CARTESIAN_POINT('Origin',(4.8,13.2,13.6));
#15389=CARTESIAN_POINT('',(5.,13.2,12.8));
#15390=CARTESIAN_POINT('',(4.6,13.2,13.2));
#15391=CARTESIAN_POINT('Origin',(5.,13.2,13.6));
#15392=CARTESIAN_POINT('Origin',(4.8,8.3,13.));
#15393=CARTESIAN_POINT('',(5.,1.8,12.8));
#15394=CARTESIAN_POINT('',(4.6,1.8,13.2));
#15395=CARTESIAN_POINT('',(5.,8.3,12.8));
#15396=CARTESIAN_POINT('Origin',(4.8,1.8,13.6));
#15397=CARTESIAN_POINT('',(5.,1.,13.6));
#15398=CARTESIAN_POINT('',(4.6,1.4,13.6));
#15399=CARTESIAN_POINT('Origin',(5.,1.8,13.6));
#15400=CARTESIAN_POINT('Origin',(4.8,1.2,9.35));
#15401=CARTESIAN_POINT('',(4.6,1.4,16.6));
#15402=CARTESIAN_POINT('',(5.,1.,9.35));
#15403=CARTESIAN_POINT('Origin',(4.8,9.99999999999999,1.25));
#15404=CARTESIAN_POINT('',(5.,10.2,-4.5));
#15405=CARTESIAN_POINT('',(4.6,9.8,-4.5));
#15406=CARTESIAN_POINT('',(5.,10.2,-3.4));
#15407=CARTESIAN_POINT('',(5.,10.2,1.25));
#15408=CARTESIAN_POINT('',(5.,10.2,-3.4));
#15409=CARTESIAN_POINT('Origin',(4.8,11.3,-4.5));
#15410=CARTESIAN_POINT('',(5.,11.3,-5.6));
#15411=CARTESIAN_POINT('',(4.6,11.3,-6.));
#15412=CARTESIAN_POINT('Origin',(5.,11.3,-4.5));
#15413=CARTESIAN_POINT('Origin',(4.8,9.15,-5.8));
#15414=CARTESIAN_POINT('',(5.,15.5,-5.6));
#15415=CARTESIAN_POINT('',(4.6,15.5,-6.));
#15416=CARTESIAN_POINT('',(5.,9.15,-5.6));
#15417=CARTESIAN_POINT('Origin',(4.8,15.5,-4.5));
#15418=CARTESIAN_POINT('',(5.,16.6,-4.5));
#15419=CARTESIAN_POINT('',(4.6,17.,-4.5));
#15420=CARTESIAN_POINT('Origin',(5.,15.5,-4.5));
#15421=CARTESIAN_POINT('Origin',(4.8,16.8,-0.249999999999998));
#15422=CARTESIAN_POINT('',(5.,16.6,15.5));
#15423=CARTESIAN_POINT('',(4.6,17.,15.5));
#15424=CARTESIAN_POINT('',(5.,16.6,-0.249999999999998));
#15425=CARTESIAN_POINT('Origin',(4.8,15.5,15.5));
#15426=CARTESIAN_POINT('',(5.,15.5,16.6));
#15427=CARTESIAN_POINT('',(4.6,15.5,17.));
#15428=CARTESIAN_POINT('Origin',(5.,15.5,15.5));
#15429=CARTESIAN_POINT('Origin',(4.8,12.75,16.8));
#15430=CARTESIAN_POINT('',(4.6,14.,17.));
#15431=CARTESIAN_POINT('',(5.,12.75,16.6));
#15432=CARTESIAN_POINT('Origin',(4.8,7.325,0.200000000000001));
#15433=CARTESIAN_POINT('',(5.,10.6,0.400000000000002));
#15434=CARTESIAN_POINT('',(4.6,10.6,1.87350135405495E-15));
#15435=CARTESIAN_POINT('',(5.,6.55,0.400000000000001));
#15436=CARTESIAN_POINT('',(5.,7.325,0.400000000000001));
#15437=CARTESIAN_POINT('',(5.,6.55,0.400000000000001));
#15438=CARTESIAN_POINT('Origin',(4.8,10.6,-0.399999999999998));
#15439=CARTESIAN_POINT('',(5.,11.4,-0.399999999999998));
#15440=CARTESIAN_POINT('',(4.6,11.,-0.399999999999998));
#15441=CARTESIAN_POINT('Origin',(5.,10.6,-0.399999999999998));
#15442=CARTESIAN_POINT('Origin',(4.8,11.2,2.75));
#15443=CARTESIAN_POINT('',(5.,11.4,-2.6));
#15444=CARTESIAN_POINT('',(4.6,11.,-2.6));
#15445=CARTESIAN_POINT('',(5.,11.4,2.75));
#15446=CARTESIAN_POINT('Origin',(4.8,10.6,-2.6));
#15447=CARTESIAN_POINT('',(5.,10.6,-3.4));
#15448=CARTESIAN_POINT('',(4.6,10.6,-3.));
#15449=CARTESIAN_POINT('Origin',(5.,10.6,-2.6));
#15450=CARTESIAN_POINT('Origin',(4.8,9.75000000000001,-3.2));
#15451=CARTESIAN_POINT('',(4.6,10.2,-3.));
#15452=CARTESIAN_POINT('',(5.,9.75000000000001,-3.4));
#15453=CARTESIAN_POINT('Origin',(4.8,4.25,9.2));
#15454=CARTESIAN_POINT('',(4.6,5.74999999999999,9.));
#15455=CARTESIAN_POINT('',(4.6,4.25,9.));
#15456=CARTESIAN_POINT('',(5.,5.74999999999999,9.4));
#15457=CARTESIAN_POINT('',(4.6,5.74999999999999,9.));
#15458=CARTESIAN_POINT('',(5.,-4.25,9.4));
#15459=CARTESIAN_POINT('Origin',(4.8,5.74999999999999,8.6));
#15460=CARTESIAN_POINT('',(4.6,6.14999999999999,8.6));
#15461=CARTESIAN_POINT('Origin',(4.6,5.74999999999999,8.6));
#15462=CARTESIAN_POINT('',(5.,6.54999999999999,8.6));
#15463=CARTESIAN_POINT('',(4.6,6.14999999999999,8.6));
#15464=CARTESIAN_POINT('Origin',(5.,5.74999999999999,8.6));
#15465=CARTESIAN_POINT('Origin',(4.8,6.34999999999999,7.25));
#15466=CARTESIAN_POINT('',(4.6,6.15,0.399999999999999));
#15467=CARTESIAN_POINT('',(4.6,6.15,0.399999999999999));
#15468=CARTESIAN_POINT('',(5.,6.54999999999999,7.25));
#15469=CARTESIAN_POINT('',(4.6,6.14999999999999,7.25));
#15470=CARTESIAN_POINT('Origin',(4.6,6.55,0.4));
#15471=CARTESIAN_POINT('Origin',(4.6,6.55,0.4));
#15472=CARTESIAN_POINT('Origin',(4.6,10.2,-3.4));
#15473=CARTESIAN_POINT('Origin',(4.6,14.,16.6));
#15474=CARTESIAN_POINT('Origin',(4.6,0.999999999999999,16.6));
#15475=CARTESIAN_POINT('Origin',(0.,6.55,0.4));
#15476=CARTESIAN_POINT('',(0.,6.15,0.399999999999999));
#15477=CARTESIAN_POINT('Origin',(0.,6.14999999999999,9.));
#15478=CARTESIAN_POINT('',(0.,6.14999999999999,8.6));
#15479=CARTESIAN_POINT('Origin',(0.,5.74999999999999,8.6));
#15480=CARTESIAN_POINT('',(0.,5.74999999999999,9.));
#15481=CARTESIAN_POINT('Origin',(0.,0.,9.));
#15482=CARTESIAN_POINT('Origin',(0.,8.5,5.5));
#15483=CARTESIAN_POINT('Origin',(5.,8.5,5.5));
#15484=CARTESIAN_POINT('',(0.,0.,0.));
#15485=CARTESIAN_POINT('',(0.,0.,-35.));
#15486=CARTESIAN_POINT('',(0.,0.,-70.));
#15487=CARTESIAN_POINT('',(0.,0.,-105.));
#15488=UNCERTAINTY_MEASURE_WITH_UNIT(LENGTH_MEASURE(0.01),#15500,
'DISTANCE_ACCURACY_VALUE',
'Maximum model space distance between geometric entities at asserted c
onnectivities');
#15489=UNCERTAINTY_MEASURE_WITH_UNIT(LENGTH_MEASURE(0.01),#15500,
'DISTANCE_ACCURACY_VALUE',
'Maximum model space distance between geometric entities at asserted c
onnectivities');
#15490=UNCERTAINTY_MEASURE_WITH_UNIT(LENGTH_MEASURE(0.01),#15500,
'DISTANCE_ACCURACY_VALUE',
'Maximum model space distance between geometric entities at asserted c
onnectivities');
#15491=UNCERTAINTY_MEASURE_WITH_UNIT(LENGTH_MEASURE(0.01),#15500,
'DISTANCE_ACCURACY_VALUE',
'Maximum model space distance between geometric entities at asserted c
onnectivities');
#15492=UNCERTAINTY_MEASURE_WITH_UNIT(LENGTH_MEASURE(0.01),#15500,
'DISTANCE_ACCURACY_VALUE',
'Maximum model space distance between geometric entities at asserted c
onnectivities');
#15493=UNCERTAINTY_MEASURE_WITH_UNIT(LENGTH_MEASURE(0.01),#15500,
'DISTANCE_ACCURACY_VALUE',
'Maximum model space distance between geometric entities at asserted c
onnectivities');
#15494=(
GEOMETRIC_REPRESENTATION_CONTEXT(3)
GLOBAL_UNCERTAINTY_ASSIGNED_CONTEXT((#15488))
GLOBAL_UNIT_ASSIGNED_CONTEXT((#15500,#15502,#15503))
REPRESENTATION_CONTEXT('','3D')
);
#15495=(
GEOMETRIC_REPRESENTATION_CONTEXT(3)
GLOBAL_UNCERTAINTY_ASSIGNED_CONTEXT((#15489))
GLOBAL_UNIT_ASSIGNED_CONTEXT((#15500,#15502,#15503))
REPRESENTATION_CONTEXT('','3D')
);
#15496=(
GEOMETRIC_REPRESENTATION_CONTEXT(3)
GLOBAL_UNCERTAINTY_ASSIGNED_CONTEXT((#15490))
GLOBAL_UNIT_ASSIGNED_CONTEXT((#15500,#15502,#15503))
REPRESENTATION_CONTEXT('','3D')
);
#15497=(
GEOMETRIC_REPRESENTATION_CONTEXT(3)
GLOBAL_UNCERTAINTY_ASSIGNED_CONTEXT((#15491))
GLOBAL_UNIT_ASSIGNED_CONTEXT((#15500,#15502,#15503))
REPRESENTATION_CONTEXT('','3D')
);
#15498=(
GEOMETRIC_REPRESENTATION_CONTEXT(3)
GLOBAL_UNCERTAINTY_ASSIGNED_CONTEXT((#15492))
GLOBAL_UNIT_ASSIGNED_CONTEXT((#15500,#15502,#15503))
REPRESENTATION_CONTEXT('','3D')
);
#15499=(
GEOMETRIC_REPRESENTATION_CONTEXT(3)
GLOBAL_UNCERTAINTY_ASSIGNED_CONTEXT((#15493))
GLOBAL_UNIT_ASSIGNED_CONTEXT((#15500,#15502,#15503))
REPRESENTATION_CONTEXT('','3D')
);
#15500=(
LENGTH_UNIT()
NAMED_UNIT(*)
SI_UNIT(.MILLI.,.METRE.)
);
#15501=(
LENGTH_UNIT()
NAMED_UNIT(*)
SI_UNIT($,.METRE.)
);
#15502=(
NAMED_UNIT(*)
PLANE_ANGLE_UNIT()
SI_UNIT($,.RADIAN.)
);
#15503=(
NAMED_UNIT(*)
SI_UNIT($,.STERADIAN.)
SOLID_ANGLE_UNIT()
);
#15504=SHAPE_DEFINITION_REPRESENTATION(#15509,#15518);
#15505=SHAPE_DEFINITION_REPRESENTATION(#15510,#15519);
#15506=SHAPE_DEFINITION_REPRESENTATION(#15511,#15520);
#15507=SHAPE_DEFINITION_REPRESENTATION(#15512,#15521);
#15508=SHAPE_DEFINITION_REPRESENTATION(#15513,#15522);
#15509=PRODUCT_DEFINITION_SHAPE('',$,#15524);
#15510=PRODUCT_DEFINITION_SHAPE('',$,#15525);
#15511=PRODUCT_DEFINITION_SHAPE('',$,#15526);
#15512=PRODUCT_DEFINITION_SHAPE('',$,#15527);
#15513=PRODUCT_DEFINITION_SHAPE('',$,#15528);
#15514=PRODUCT_DEFINITION_SHAPE($,$,#23);
#15515=PRODUCT_DEFINITION_SHAPE($,$,#24);
#15516=PRODUCT_DEFINITION_SHAPE($,$,#25);
#15517=PRODUCT_DEFINITION_SHAPE($,$,#26);
#15518=SHAPE_REPRESENTATION('',(#9212,#10121,#10122,#10123,#10124),#15494);
#15519=SHAPE_REPRESENTATION('',(#9213),#15495);
#15520=SHAPE_REPRESENTATION('',(#9440),#15496);
#15521=SHAPE_REPRESENTATION('',(#9667),#15497);
#15522=SHAPE_REPRESENTATION('',(#9894),#15498);
#15523=PRODUCT_DEFINITION_CONTEXT('part definition',#15540,'design');
#15524=PRODUCT_DEFINITION('Belt offset helpers','Belt offset helpers',#15529,
#15523);
#15525=PRODUCT_DEFINITION('6mm_belt_offset_helper',
'6mm_belt_offset_helper',#15530,#15523);
#15526=PRODUCT_DEFINITION('9mm_belt_offset_helper',
'9mm_belt_offset_helper',#15531,#15523);
#15527=PRODUCT_DEFINITION('10mm_belt_offset_helper',
'10mm_belt_offset_helper',#15532,#15523);
#15528=PRODUCT_DEFINITION('12mm_belt_offset_helper',
'12mm_belt_offset_helper',#15533,#15523);
#15529=PRODUCT_DEFINITION_FORMATION('',$,#15542);
#15530=PRODUCT_DEFINITION_FORMATION('',$,#15543);
#15531=PRODUCT_DEFINITION_FORMATION('',$,#15544);
#15532=PRODUCT_DEFINITION_FORMATION('',$,#15545);
#15533=PRODUCT_DEFINITION_FORMATION('',$,#15546);
#15534=PRODUCT_RELATED_PRODUCT_CATEGORY('Belt offset helpers',
'Belt offset helpers',(#15542));
#15535=PRODUCT_RELATED_PRODUCT_CATEGORY('6mm_belt_offset_helper',
'6mm_belt_offset_helper',(#15543));
#15536=PRODUCT_RELATED_PRODUCT_CATEGORY('9mm_belt_offset_helper',
'9mm_belt_offset_helper',(#15544));
#15537=PRODUCT_RELATED_PRODUCT_CATEGORY('10mm_belt_offset_helper',
'10mm_belt_offset_helper',(#15545));
#15538=PRODUCT_RELATED_PRODUCT_CATEGORY('12mm_belt_offset_helper',
'12mm_belt_offset_helper',(#15546));
#15539=APPLICATION_PROTOCOL_DEFINITION('international standard',
'automotive_design',2009,#15540);
#15540=APPLICATION_CONTEXT(
'Core Data for Automotive Mechanical Design Process');
#15541=PRODUCT_CONTEXT('part definition',#15540,'mechanical');
#15542=PRODUCT('Belt offset helpers','Belt offset helpers',$,(#15541));
#15543=PRODUCT('6mm_belt_offset_helper','6mm_belt_offset_helper',$,(#15541));
#15544=PRODUCT('9mm_belt_offset_helper','9mm_belt_offset_helper',$,(#15541));
#15545=PRODUCT('10mm_belt_offset_helper','10mm_belt_offset_helper',$,(#15541));
#15546=PRODUCT('12mm_belt_offset_helper','12mm_belt_offset_helper',$,(#15541));
#15547=PRESENTATION_STYLE_ASSIGNMENT((#15549));
#15548=PRESENTATION_STYLE_ASSIGNMENT((#15550));
#15549=SURFACE_STYLE_USAGE(.BOTH.,#15551);
#15550=SURFACE_STYLE_USAGE(.BOTH.,#15552);
#15551=SURFACE_SIDE_STYLE('',(#15553));
#15552=SURFACE_SIDE_STYLE('',(#15554));
#15553=SURFACE_STYLE_FILL_AREA(#15555);
#15554=SURFACE_STYLE_FILL_AREA(#15556);
#15555=FILL_AREA_STYLE('ABS (White)',(#15557));
#15556=FILL_AREA_STYLE('ABS (Purple)',(#15558));
#15557=FILL_AREA_STYLE_COLOUR('ABS (White)',#15559);
#15558=FILL_AREA_STYLE_COLOUR('ABS (Purple)',#15560);
#15559=COLOUR_RGB('ABS (White)',0.964705882352941,0.964705882352941,0.952941176470588);
#15560=COLOUR_RGB('ABS (Purple)',0.392156862745098,0.,0.784313725490196);
ENDSEC;
END-ISO-10303-21;
