ISO-10303-21;
HEADER;
/* Generated by software containing ST-Developer
 * from STEP Tools, Inc. (www.steptools.com) 
 */

FILE_DESCRIPTION(
/* description */ ('Anodized Black'),
/* implementation_level */ '2;1');

FILE_NAME(
/* name */ 'Monolith_Milled_Belt_Clamp.step',
/* time_stamp */ '2026-09-25T19:21:52+02:00',
/* author */ (''),
/* organization */ (''),
/* preprocessor_version */ 'ST-DEVELOPER v20.2',
/* originating_system */ 'Autodesk Translation Framework v15.15.0.0',
/* authorisation */ '');

FILE_SCHEMA (('AUTOMOTIVE_DESIGN { 1 0 10303 214 3 1 1 }'));
ENDSEC;

DATA;
#10=MECHANICAL_DESIGN_GEOMETRIC_PRESENTATION_REPRESENTATION('',(#13),#11100);
#11=SHAPE_REPRESENTATION_RELATIONSHIP('SRR','None',#11107,#12);
#12=ADVANCED_BREP_SHAPE_REPRESENTATION('',(#14),#11099);
#13=STYLED_ITEM('',(#11117),#14);
#14=MANIFOLD_SOLID_BREP('Body1',#6434);
#15=FACE_BOUND('',#902,.T.);
#16=FACE_BOUND('',#903,.T.);
#17=FACE_BOUND('',#904,.T.);
#18=FACE_BOUND('',#905,.T.);
#19=FACE_BOUND('',#913,.T.);
#20=FACE_BOUND('',#914,.T.);
#21=FACE_BOUND('',#915,.T.);
#22=FACE_BOUND('',#916,.T.);
#23=CONICAL_SURFACE('',#6482,1.34999999999999,0.78539816339745);
#24=CONICAL_SURFACE('',#6485,1.35,0.785398163397434);
#25=CONICAL_SURFACE('',#6488,0.350000000000025,0.785398163397448);
#26=CONICAL_SURFACE('',#6491,1.75,0.785398163397443);
#27=CONICAL_SURFACE('',#6494,1.75,0.785398163397443);
#28=CONICAL_SURFACE('',#6498,1.3,0.785398163397446);
#29=CONICAL_SURFACE('',#6503,1.4,0.785398163397443);
#30=CONICAL_SURFACE('',#6510,1.4,0.785398163397443);
#31=CONICAL_SURFACE('',#6520,1.4,0.785398163397447);
#32=CONICAL_SURFACE('',#6524,0.3,0.785398163397446);
#33=CONICAL_SURFACE('',#6528,1.7,0.785398163397448);
#34=CONICAL_SURFACE('',#6532,1.7,0.785398163397448);
#35=CONICAL_SURFACE('',#6536,1.6,0.785398163397448);
#36=CONICAL_SURFACE('',#6538,1.4,0.785398163397447);
#37=CONICAL_SURFACE('',#6540,1.65,0.785398163397449);
#38=CONICAL_SURFACE('',#6545,1.65,0.785398163397449);
#39=CONICAL_SURFACE('',#6550,1.3,0.785398163397446);
#40=CONICAL_SURFACE('',#6554,1.4,0.785398163397447);
#41=CONICAL_SURFACE('',#6558,1.4,0.785398163397447);
#42=CONICAL_SURFACE('',#6562,1.4,0.785398163397447);
#43=CONICAL_SURFACE('',#6564,0.299999999999999,0.785398163397452);
#44=CONICAL_SURFACE('',#6568,0.7,0.78539816339745);
#45=CONICAL_SURFACE('',#6572,0.7,0.78539816339745);
#46=CONICAL_SURFACE('',#6576,0.3,0.78539816339745);
#47=CONICAL_SURFACE('',#6580,0.3,0.785398163397449);
#48=CONICAL_SURFACE('',#6584,0.7,0.78539816339745);
#49=CONICAL_SURFACE('',#6588,0.7,0.78539816339745);
#50=CONICAL_SURFACE('',#6592,0.299999999999999,0.785398163397451);
#51=CONICAL_SURFACE('',#6595,1.4,0.785398163397447);
#52=CONICAL_SURFACE('',#6598,1.4,0.785398163397447);
#53=CONICAL_SURFACE('',#6602,3.1,0.785398163397446);
#54=CONICAL_SURFACE('',#6635,1.65,0.785398163397448);
#55=CONICAL_SURFACE('',#6637,1.65,0.785398163397448);
#56=CONICAL_SURFACE('',#6639,3.1,0.785398163397445);
#57=CONICAL_SURFACE('',#6642,1.4,0.785398163397455);
#58=CONICAL_SURFACE('',#6821,1.34999999999999,0.78539816339745);
#59=CONICAL_SURFACE('',#6824,1.35,0.785398163397434);
#60=CONICAL_SURFACE('',#6827,0.350000000000025,0.785398163397448);
#61=CONICAL_SURFACE('',#6830,1.75,0.785398163397443);
#62=CONICAL_SURFACE('',#6833,1.75,0.785398163397443);
#63=CONICAL_SURFACE('',#6839,1.3,0.785398163397446);
#64=CONICAL_SURFACE('',#6849,1.4,0.785398163397443);
#65=CONICAL_SURFACE('',#6856,1.4,0.785398163397443);
#66=CONICAL_SURFACE('',#6866,1.4,0.785398163397447);
#67=CONICAL_SURFACE('',#6870,0.3,0.785398163397446);
#68=CONICAL_SURFACE('',#6874,1.7,0.785398163397448);
#69=CONICAL_SURFACE('',#6878,1.7,0.785398163397448);
#70=CONICAL_SURFACE('',#6888,1.6,0.785398163397448);
#71=CONICAL_SURFACE('',#6890,1.4,0.785398163397447);
#72=CONICAL_SURFACE('',#6895,1.65,0.785398163397449);
#73=CONICAL_SURFACE('',#6917,1.65,0.785398163397449);
#74=CONICAL_SURFACE('',#6922,1.3,0.785398163397446);
#75=CONICAL_SURFACE('',#6925,1.4,0.785398163397447);
#76=CONICAL_SURFACE('',#6928,1.4,0.785398163397447);
#77=CONICAL_SURFACE('',#6931,1.4,0.785398163397447);
#78=CONICAL_SURFACE('',#6932,0.299999999999999,0.785398163397452);
#79=CONICAL_SURFACE('',#6935,0.7,0.78539816339745);
#80=CONICAL_SURFACE('',#6938,0.7,0.78539816339745);
#81=CONICAL_SURFACE('',#6941,0.3,0.78539816339745);
#82=CONICAL_SURFACE('',#6944,0.3,0.785398163397449);
#83=CONICAL_SURFACE('',#6947,0.7,0.78539816339745);
#84=CONICAL_SURFACE('',#6950,0.7,0.78539816339745);
#85=CONICAL_SURFACE('',#6953,0.299999999999999,0.785398163397451);
#86=CONICAL_SURFACE('',#6955,1.4,0.785398163397447);
#87=CONICAL_SURFACE('',#6957,1.4,0.785398163397447);
#88=CONICAL_SURFACE('',#6960,3.1,0.785398163397446);
#89=CONICAL_SURFACE('',#6994,1.65,0.785398163397448);
#90=CONICAL_SURFACE('',#6995,1.65,0.785398163397448);
#91=CONICAL_SURFACE('',#6997,3.1,0.785398163397445);
#92=CONICAL_SURFACE('',#6999,1.4,0.785398163397455);
#93=ELLIPSE('',#6462,4.24264068711928,3.);
#94=ELLIPSE('',#6465,2.12132034355964,1.5);
#95=ELLIPSE('',#6476,2.12132034355964,1.5);
#96=ELLIPSE('',#6479,2.12132034355964,1.5);
#97=ELLIPSE('',#6497,0.565685424949238,0.4);
#98=ELLIPSE('',#6502,0.565685424949238,0.4);
#99=ELLIPSE('',#6513,0.565685424949244,0.4);
#100=ELLIPSE('',#6611,2.12132034355964,1.5);
#101=ELLIPSE('',#6799,4.24264068711928,3.);
#102=ELLIPSE('',#6802,2.12132034355964,1.5);
#103=ELLIPSE('',#6814,2.12132034355964,1.5);
#104=ELLIPSE('',#6817,2.12132034355964,1.5);
#105=ELLIPSE('',#6838,0.565685424949238,0.4);
#106=ELLIPSE('',#6848,0.565685424949238,0.4);
#107=ELLIPSE('',#6859,0.565685424949244,0.4);
#108=ELLIPSE('',#6969,2.12132034355964,1.5);
#109=B_SPLINE_CURVE_WITH_KNOTS('',3,(#9178,#9179,#9180,#9181,#9182,#9183,
#9184,#9185,#9186,#9187,#9188,#9189,#9190,#9191,#9192,#9193,#9194,#9195),
 .UNSPECIFIED.,.F.,.F.,(4,2,2,2,2,2,2,2,4),(0.,0.0189453429239264,0.0378906858478528,
0.0579613161079401,0.0780319463680275,0.0995803196153306,0.121128692862634,
0.143630101632849,0.166131510403064),.UNSPECIFIED.);
#110=B_SPLINE_CURVE_WITH_KNOTS('',3,(#9200,#9201,#9202,#9203,#9204,#9205,
#9206,#9207,#9208,#9209),.UNSPECIFIED.,.F.,.F.,(4,2,2,2,4),(0.077498729302632,
0.0936331690894075,0.110157255921144,0.124205635539235,0.138254015157325),
 .UNSPECIFIED.);
#111=B_SPLINE_CURVE_WITH_KNOTS('',3,(#9337,#9338,#9339,#9340,#9341,#9342,
#9343,#9344,#9345,#9346),.UNSPECIFIED.,.F.,.F.,(4,2,2,2,4),(0.151723088919993,
0.162745593643694,0.184222144896792,0.193248612412542,0.202275079928293),
 .UNSPECIFIED.);
#112=B_SPLINE_CURVE_WITH_KNOTS('',3,(#9364,#9365,#9366,#9367,#9368,#9369,
#9370,#9371,#9372,#9373),.UNSPECIFIED.,.F.,.F.,(4,2,2,2,4),(0.0892364775212634,
0.0982629450370138,0.107289412552764,0.128765963805862,0.139788468529562),
 .UNSPECIFIED.);
#113=B_SPLINE_CURVE_WITH_KNOTS('',3,(#10149,#10150,#10151,#10152,#10153,
#10154,#10155,#10156,#10157,#10158,#10159,#10160,#10161,#10162,#10163,#10164,
#10165,#10166),.UNSPECIFIED.,.F.,.F.,(4,2,2,2,2,2,2,2,4),(0.,0.0189453429239264,
0.0378906858478528,0.0579613161079401,0.0780319463680275,0.0995803196153306,
0.121128692862634,0.143630101632849,0.166131510403064),.UNSPECIFIED.);
#114=B_SPLINE_CURVE_WITH_KNOTS('',3,(#10168,#10169,#10170,#10171,#10172,
#10173,#10174,#10175,#10176,#10177),.UNSPECIFIED.,.F.,.F.,(4,2,2,2,4),(0.077498729302632,
0.0936331690894075,0.110157255921144,0.124205635539235,0.138254015157325),
 .UNSPECIFIED.);
#115=B_SPLINE_CURVE_WITH_KNOTS('',3,(#10331,#10332,#10333,#10334,#10335,
#10336,#10337,#10338,#10339,#10340),.UNSPECIFIED.,.F.,.F.,(4,2,2,2,4),(0.151723088919993,
0.162745593643694,0.184222144896792,0.193248612412542,0.202275079928293),
 .UNSPECIFIED.);
#116=B_SPLINE_CURVE_WITH_KNOTS('',3,(#10358,#10359,#10360,#10361,#10362,
#10363,#10364,#10365,#10366,#10367),.UNSPECIFIED.,.F.,.F.,(4,2,2,2,4),(0.0892364775212634,
0.0982629450370138,0.107289412552764,0.128765963805862,0.139788468529562),
 .UNSPECIFIED.);
#117=PLANE('',#6452);
#118=PLANE('',#6457);
#119=PLANE('',#6460);
#120=PLANE('',#6467);
#121=PLANE('',#6471);
#122=PLANE('',#6481);
#123=PLANE('',#6484);
#124=PLANE('',#6487);
#125=PLANE('',#6490);
#126=PLANE('',#6493);
#127=PLANE('',#6496);
#128=PLANE('',#6501);
#129=PLANE('',#6505);
#130=PLANE('',#6512);
#131=PLANE('',#6514);
#132=PLANE('',#6519);
#133=PLANE('',#6523);
#134=PLANE('',#6527);
#135=PLANE('',#6531);
#136=PLANE('',#6535);
#137=PLANE('',#6553);
#138=PLANE('',#6557);
#139=PLANE('',#6561);
#140=PLANE('',#6567);
#141=PLANE('',#6571);
#142=PLANE('',#6575);
#143=PLANE('',#6579);
#144=PLANE('',#6583);
#145=PLANE('',#6587);
#146=PLANE('',#6591);
#147=PLANE('',#6597);
#148=PLANE('',#6601);
#149=PLANE('',#6606);
#150=PLANE('',#6608);
#151=PLANE('',#6613);
#152=PLANE('',#6616);
#153=PLANE('',#6619);
#154=PLANE('',#6622);
#155=PLANE('',#6625);
#156=PLANE('',#6628);
#157=PLANE('',#6632);
#158=PLANE('',#6641);
#159=PLANE('',#6646);
#160=PLANE('',#6651);
#161=PLANE('',#6652);
#162=PLANE('',#6658);
#163=PLANE('',#6659);
#164=PLANE('',#6665);
#165=PLANE('',#6666);
#166=PLANE('',#6672);
#167=PLANE('',#6673);
#168=PLANE('',#6682);
#169=PLANE('',#6683);
#170=PLANE('',#6690);
#171=PLANE('',#6694);
#172=PLANE('',#6698);
#173=PLANE('',#6699);
#174=PLANE('',#6705);
#175=PLANE('',#6706);
#176=PLANE('',#6710);
#177=PLANE('',#6712);
#178=PLANE('',#6717);
#179=PLANE('',#6719);
#180=PLANE('',#6724);
#181=PLANE('',#6726);
#182=PLANE('',#6731);
#183=PLANE('',#6733);
#184=PLANE('',#6738);
#185=PLANE('',#6746);
#186=PLANE('',#6750);
#187=PLANE('',#6751);
#188=PLANE('',#6758);
#189=PLANE('',#6759);
#190=PLANE('',#6765);
#191=PLANE('',#6768);
#192=PLANE('',#6771);
#193=PLANE('',#6772);
#194=PLANE('',#6773);
#195=PLANE('',#6774);
#196=PLANE('',#6775);
#197=PLANE('',#6776);
#198=PLANE('',#6777);
#199=PLANE('',#6778);
#200=PLANE('',#6779);
#201=PLANE('',#6780);
#202=PLANE('',#6781);
#203=PLANE('',#6782);
#204=PLANE('',#6783);
#205=PLANE('',#6784);
#206=PLANE('',#6789);
#207=PLANE('',#6794);
#208=PLANE('',#6797);
#209=PLANE('',#6804);
#210=PLANE('',#6808);
#211=PLANE('',#6812);
#212=PLANE('',#6819);
#213=PLANE('',#6820);
#214=PLANE('',#6823);
#215=PLANE('',#6826);
#216=PLANE('',#6829);
#217=PLANE('',#6832);
#218=PLANE('',#6835);
#219=PLANE('',#6836);
#220=PLANE('',#6837);
#221=PLANE('',#6842);
#222=PLANE('',#6843);
#223=PLANE('',#6847);
#224=PLANE('',#6851);
#225=PLANE('',#6858);
#226=PLANE('',#6860);
#227=PLANE('',#6865);
#228=PLANE('',#6869);
#229=PLANE('',#6873);
#230=PLANE('',#6877);
#231=PLANE('',#6881);
#232=PLANE('',#6882);
#233=PLANE('',#6887);
#234=PLANE('',#6892);
#235=PLANE('',#6893);
#236=PLANE('',#6898);
#237=PLANE('',#6921);
#238=PLANE('',#6924);
#239=PLANE('',#6927);
#240=PLANE('',#6930);
#241=PLANE('',#6934);
#242=PLANE('',#6937);
#243=PLANE('',#6940);
#244=PLANE('',#6943);
#245=PLANE('',#6946);
#246=PLANE('',#6949);
#247=PLANE('',#6952);
#248=PLANE('',#6956);
#249=PLANE('',#6959);
#250=PLANE('',#6962);
#251=PLANE('',#6963);
#252=PLANE('',#6965);
#253=PLANE('',#6967);
#254=PLANE('',#6971);
#255=PLANE('',#6974);
#256=PLANE('',#6977);
#257=PLANE('',#6980);
#258=PLANE('',#6983);
#259=PLANE('',#6986);
#260=PLANE('',#6990);
#261=PLANE('',#6993);
#262=PLANE('',#6996);
#263=PLANE('',#6998);
#264=PLANE('',#7000);
#265=PLANE('',#7002);
#266=PLANE('',#7007);
#267=PLANE('',#7008);
#268=PLANE('',#7014);
#269=PLANE('',#7015);
#270=PLANE('',#7021);
#271=PLANE('',#7022);
#272=PLANE('',#7028);
#273=PLANE('',#7029);
#274=PLANE('',#7038);
#275=PLANE('',#7039);
#276=PLANE('',#7046);
#277=PLANE('',#7050);
#278=PLANE('',#7054);
#279=PLANE('',#7055);
#280=PLANE('',#7061);
#281=PLANE('',#7062);
#282=PLANE('',#7066);
#283=PLANE('',#7068);
#284=PLANE('',#7073);
#285=PLANE('',#7075);
#286=PLANE('',#7080);
#287=PLANE('',#7082);
#288=PLANE('',#7087);
#289=PLANE('',#7089);
#290=PLANE('',#7094);
#291=PLANE('',#7102);
#292=PLANE('',#7106);
#293=PLANE('',#7107);
#294=PLANE('',#7114);
#295=PLANE('',#7115);
#296=PLANE('',#7121);
#297=PLANE('',#7123);
#298=PLANE('',#7125);
#299=PLANE('',#7126);
#300=PLANE('',#7127);
#301=PLANE('',#7128);
#302=PLANE('',#7129);
#303=PLANE('',#7130);
#304=PLANE('',#7131);
#305=PLANE('',#7132);
#306=PLANE('',#7133);
#307=PLANE('',#7134);
#308=PLANE('',#7135);
#309=PLANE('',#7136);
#310=PLANE('',#7137);
#311=PLANE('',#7138);
#312=FACE_OUTER_BOUND('',#679,.T.);
#313=FACE_OUTER_BOUND('',#680,.T.);
#314=FACE_OUTER_BOUND('',#681,.T.);
#315=FACE_OUTER_BOUND('',#682,.T.);
#316=FACE_OUTER_BOUND('',#683,.T.);
#317=FACE_OUTER_BOUND('',#684,.T.);
#318=FACE_OUTER_BOUND('',#685,.T.);
#319=FACE_OUTER_BOUND('',#686,.T.);
#320=FACE_OUTER_BOUND('',#687,.T.);
#321=FACE_OUTER_BOUND('',#688,.T.);
#322=FACE_OUTER_BOUND('',#689,.T.);
#323=FACE_OUTER_BOUND('',#690,.T.);
#324=FACE_OUTER_BOUND('',#691,.T.);
#325=FACE_OUTER_BOUND('',#692,.T.);
#326=FACE_OUTER_BOUND('',#693,.T.);
#327=FACE_OUTER_BOUND('',#694,.T.);
#328=FACE_OUTER_BOUND('',#695,.T.);
#329=FACE_OUTER_BOUND('',#696,.T.);
#330=FACE_OUTER_BOUND('',#697,.T.);
#331=FACE_OUTER_BOUND('',#698,.T.);
#332=FACE_OUTER_BOUND('',#699,.T.);
#333=FACE_OUTER_BOUND('',#700,.T.);
#334=FACE_OUTER_BOUND('',#701,.T.);
#335=FACE_OUTER_BOUND('',#702,.T.);
#336=FACE_OUTER_BOUND('',#703,.T.);
#337=FACE_OUTER_BOUND('',#704,.T.);
#338=FACE_OUTER_BOUND('',#705,.T.);
#339=FACE_OUTER_BOUND('',#706,.T.);
#340=FACE_OUTER_BOUND('',#707,.T.);
#341=FACE_OUTER_BOUND('',#708,.T.);
#342=FACE_OUTER_BOUND('',#709,.T.);
#343=FACE_OUTER_BOUND('',#710,.T.);
#344=FACE_OUTER_BOUND('',#711,.T.);
#345=FACE_OUTER_BOUND('',#712,.T.);
#346=FACE_OUTER_BOUND('',#713,.T.);
#347=FACE_OUTER_BOUND('',#714,.T.);
#348=FACE_OUTER_BOUND('',#715,.T.);
#349=FACE_OUTER_BOUND('',#716,.T.);
#350=FACE_OUTER_BOUND('',#717,.T.);
#351=FACE_OUTER_BOUND('',#718,.T.);
#352=FACE_OUTER_BOUND('',#719,.T.);
#353=FACE_OUTER_BOUND('',#720,.T.);
#354=FACE_OUTER_BOUND('',#721,.T.);
#355=FACE_OUTER_BOUND('',#722,.T.);
#356=FACE_OUTER_BOUND('',#723,.T.);
#357=FACE_OUTER_BOUND('',#724,.T.);
#358=FACE_OUTER_BOUND('',#725,.T.);
#359=FACE_OUTER_BOUND('',#726,.T.);
#360=FACE_OUTER_BOUND('',#727,.T.);
#361=FACE_OUTER_BOUND('',#728,.T.);
#362=FACE_OUTER_BOUND('',#729,.T.);
#363=FACE_OUTER_BOUND('',#730,.T.);
#364=FACE_OUTER_BOUND('',#731,.T.);
#365=FACE_OUTER_BOUND('',#732,.T.);
#366=FACE_OUTER_BOUND('',#733,.T.);
#367=FACE_OUTER_BOUND('',#734,.T.);
#368=FACE_OUTER_BOUND('',#735,.T.);
#369=FACE_OUTER_BOUND('',#736,.T.);
#370=FACE_OUTER_BOUND('',#737,.T.);
#371=FACE_OUTER_BOUND('',#738,.T.);
#372=FACE_OUTER_BOUND('',#739,.T.);
#373=FACE_OUTER_BOUND('',#740,.T.);
#374=FACE_OUTER_BOUND('',#741,.T.);
#375=FACE_OUTER_BOUND('',#742,.T.);
#376=FACE_OUTER_BOUND('',#743,.T.);
#377=FACE_OUTER_BOUND('',#744,.T.);
#378=FACE_OUTER_BOUND('',#745,.T.);
#379=FACE_OUTER_BOUND('',#746,.T.);
#380=FACE_OUTER_BOUND('',#747,.T.);
#381=FACE_OUTER_BOUND('',#748,.T.);
#382=FACE_OUTER_BOUND('',#749,.T.);
#383=FACE_OUTER_BOUND('',#750,.T.);
#384=FACE_OUTER_BOUND('',#751,.T.);
#385=FACE_OUTER_BOUND('',#752,.T.);
#386=FACE_OUTER_BOUND('',#753,.T.);
#387=FACE_OUTER_BOUND('',#754,.T.);
#388=FACE_OUTER_BOUND('',#755,.T.);
#389=FACE_OUTER_BOUND('',#756,.T.);
#390=FACE_OUTER_BOUND('',#757,.T.);
#391=FACE_OUTER_BOUND('',#758,.T.);
#392=FACE_OUTER_BOUND('',#759,.T.);
#393=FACE_OUTER_BOUND('',#760,.T.);
#394=FACE_OUTER_BOUND('',#761,.T.);
#395=FACE_OUTER_BOUND('',#762,.T.);
#396=FACE_OUTER_BOUND('',#763,.T.);
#397=FACE_OUTER_BOUND('',#764,.T.);
#398=FACE_OUTER_BOUND('',#765,.T.);
#399=FACE_OUTER_BOUND('',#766,.T.);
#400=FACE_OUTER_BOUND('',#767,.T.);
#401=FACE_OUTER_BOUND('',#768,.T.);
#402=FACE_OUTER_BOUND('',#769,.T.);
#403=FACE_OUTER_BOUND('',#770,.T.);
#404=FACE_OUTER_BOUND('',#771,.T.);
#405=FACE_OUTER_BOUND('',#772,.T.);
#406=FACE_OUTER_BOUND('',#773,.T.);
#407=FACE_OUTER_BOUND('',#774,.T.);
#408=FACE_OUTER_BOUND('',#775,.T.);
#409=FACE_OUTER_BOUND('',#776,.T.);
#410=FACE_OUTER_BOUND('',#777,.T.);
#411=FACE_OUTER_BOUND('',#778,.T.);
#412=FACE_OUTER_BOUND('',#779,.T.);
#413=FACE_OUTER_BOUND('',#780,.T.);
#414=FACE_OUTER_BOUND('',#781,.T.);
#415=FACE_OUTER_BOUND('',#782,.T.);
#416=FACE_OUTER_BOUND('',#783,.T.);
#417=FACE_OUTER_BOUND('',#784,.T.);
#418=FACE_OUTER_BOUND('',#785,.T.);
#419=FACE_OUTER_BOUND('',#786,.T.);
#420=FACE_OUTER_BOUND('',#787,.T.);
#421=FACE_OUTER_BOUND('',#788,.T.);
#422=FACE_OUTER_BOUND('',#789,.T.);
#423=FACE_OUTER_BOUND('',#790,.T.);
#424=FACE_OUTER_BOUND('',#791,.T.);
#425=FACE_OUTER_BOUND('',#792,.T.);
#426=FACE_OUTER_BOUND('',#793,.T.);
#427=FACE_OUTER_BOUND('',#794,.T.);
#428=FACE_OUTER_BOUND('',#795,.T.);
#429=FACE_OUTER_BOUND('',#796,.T.);
#430=FACE_OUTER_BOUND('',#797,.T.);
#431=FACE_OUTER_BOUND('',#798,.T.);
#432=FACE_OUTER_BOUND('',#799,.T.);
#433=FACE_OUTER_BOUND('',#800,.T.);
#434=FACE_OUTER_BOUND('',#801,.T.);
#435=FACE_OUTER_BOUND('',#802,.T.);
#436=FACE_OUTER_BOUND('',#803,.T.);
#437=FACE_OUTER_BOUND('',#804,.T.);
#438=FACE_OUTER_BOUND('',#805,.T.);
#439=FACE_OUTER_BOUND('',#806,.T.);
#440=FACE_OUTER_BOUND('',#807,.T.);
#441=FACE_OUTER_BOUND('',#808,.T.);
#442=FACE_OUTER_BOUND('',#809,.T.);
#443=FACE_OUTER_BOUND('',#810,.T.);
#444=FACE_OUTER_BOUND('',#811,.T.);
#445=FACE_OUTER_BOUND('',#812,.T.);
#446=FACE_OUTER_BOUND('',#813,.T.);
#447=FACE_OUTER_BOUND('',#814,.T.);
#448=FACE_OUTER_BOUND('',#815,.T.);
#449=FACE_OUTER_BOUND('',#816,.T.);
#450=FACE_OUTER_BOUND('',#817,.T.);
#451=FACE_OUTER_BOUND('',#818,.T.);
#452=FACE_OUTER_BOUND('',#819,.T.);
#453=FACE_OUTER_BOUND('',#820,.T.);
#454=FACE_OUTER_BOUND('',#821,.T.);
#455=FACE_OUTER_BOUND('',#822,.T.);
#456=FACE_OUTER_BOUND('',#823,.T.);
#457=FACE_OUTER_BOUND('',#824,.T.);
#458=FACE_OUTER_BOUND('',#825,.T.);
#459=FACE_OUTER_BOUND('',#826,.T.);
#460=FACE_OUTER_BOUND('',#827,.T.);
#461=FACE_OUTER_BOUND('',#828,.T.);
#462=FACE_OUTER_BOUND('',#829,.T.);
#463=FACE_OUTER_BOUND('',#830,.T.);
#464=FACE_OUTER_BOUND('',#831,.T.);
#465=FACE_OUTER_BOUND('',#832,.T.);
#466=FACE_OUTER_BOUND('',#833,.T.);
#467=FACE_OUTER_BOUND('',#834,.T.);
#468=FACE_OUTER_BOUND('',#835,.T.);
#469=FACE_OUTER_BOUND('',#836,.T.);
#470=FACE_OUTER_BOUND('',#837,.T.);
#471=FACE_OUTER_BOUND('',#838,.T.);
#472=FACE_OUTER_BOUND('',#839,.T.);
#473=FACE_OUTER_BOUND('',#840,.T.);
#474=FACE_OUTER_BOUND('',#841,.T.);
#475=FACE_OUTER_BOUND('',#842,.T.);
#476=FACE_OUTER_BOUND('',#843,.T.);
#477=FACE_OUTER_BOUND('',#844,.T.);
#478=FACE_OUTER_BOUND('',#845,.T.);
#479=FACE_OUTER_BOUND('',#846,.T.);
#480=FACE_OUTER_BOUND('',#847,.T.);
#481=FACE_OUTER_BOUND('',#848,.T.);
#482=FACE_OUTER_BOUND('',#849,.T.);
#483=FACE_OUTER_BOUND('',#850,.T.);
#484=FACE_OUTER_BOUND('',#851,.T.);
#485=FACE_OUTER_BOUND('',#852,.T.);
#486=FACE_OUTER_BOUND('',#853,.T.);
#487=FACE_OUTER_BOUND('',#854,.T.);
#488=FACE_OUTER_BOUND('',#855,.T.);
#489=FACE_OUTER_BOUND('',#856,.T.);
#490=FACE_OUTER_BOUND('',#857,.T.);
#491=FACE_OUTER_BOUND('',#858,.T.);
#492=FACE_OUTER_BOUND('',#859,.T.);
#493=FACE_OUTER_BOUND('',#860,.T.);
#494=FACE_OUTER_BOUND('',#861,.T.);
#495=FACE_OUTER_BOUND('',#862,.T.);
#496=FACE_OUTER_BOUND('',#863,.T.);
#497=FACE_OUTER_BOUND('',#864,.T.);
#498=FACE_OUTER_BOUND('',#865,.T.);
#499=FACE_OUTER_BOUND('',#866,.T.);
#500=FACE_OUTER_BOUND('',#867,.T.);
#501=FACE_OUTER_BOUND('',#868,.T.);
#502=FACE_OUTER_BOUND('',#869,.T.);
#503=FACE_OUTER_BOUND('',#870,.T.);
#504=FACE_OUTER_BOUND('',#871,.T.);
#505=FACE_OUTER_BOUND('',#872,.T.);
#506=FACE_OUTER_BOUND('',#873,.T.);
#507=FACE_OUTER_BOUND('',#874,.T.);
#508=FACE_OUTER_BOUND('',#875,.T.);
#509=FACE_OUTER_BOUND('',#876,.T.);
#510=FACE_OUTER_BOUND('',#877,.T.);
#511=FACE_OUTER_BOUND('',#878,.T.);
#512=FACE_OUTER_BOUND('',#879,.T.);
#513=FACE_OUTER_BOUND('',#880,.T.);
#514=FACE_OUTER_BOUND('',#881,.T.);
#515=FACE_OUTER_BOUND('',#882,.T.);
#516=FACE_OUTER_BOUND('',#883,.T.);
#517=FACE_OUTER_BOUND('',#884,.T.);
#518=FACE_OUTER_BOUND('',#885,.T.);
#519=FACE_OUTER_BOUND('',#886,.T.);
#520=FACE_OUTER_BOUND('',#887,.T.);
#521=FACE_OUTER_BOUND('',#888,.T.);
#522=FACE_OUTER_BOUND('',#889,.T.);
#523=FACE_OUTER_BOUND('',#890,.T.);
#524=FACE_OUTER_BOUND('',#891,.T.);
#525=FACE_OUTER_BOUND('',#892,.T.);
#526=FACE_OUTER_BOUND('',#893,.T.);
#527=FACE_OUTER_BOUND('',#894,.T.);
#528=FACE_OUTER_BOUND('',#895,.T.);
#529=FACE_OUTER_BOUND('',#896,.T.);
#530=FACE_OUTER_BOUND('',#897,.T.);
#531=FACE_OUTER_BOUND('',#898,.T.);
#532=FACE_OUTER_BOUND('',#899,.T.);
#533=FACE_OUTER_BOUND('',#900,.T.);
#534=FACE_OUTER_BOUND('',#901,.T.);
#535=FACE_OUTER_BOUND('',#906,.T.);
#536=FACE_OUTER_BOUND('',#907,.T.);
#537=FACE_OUTER_BOUND('',#908,.T.);
#538=FACE_OUTER_BOUND('',#909,.T.);
#539=FACE_OUTER_BOUND('',#910,.T.);
#540=FACE_OUTER_BOUND('',#911,.T.);
#541=FACE_OUTER_BOUND('',#912,.T.);
#542=FACE_OUTER_BOUND('',#917,.T.);
#543=FACE_OUTER_BOUND('',#918,.T.);
#544=FACE_OUTER_BOUND('',#919,.T.);
#545=FACE_OUTER_BOUND('',#920,.T.);
#546=FACE_OUTER_BOUND('',#921,.T.);
#547=FACE_OUTER_BOUND('',#922,.T.);
#548=FACE_OUTER_BOUND('',#923,.T.);
#549=FACE_OUTER_BOUND('',#924,.T.);
#550=FACE_OUTER_BOUND('',#925,.T.);
#551=FACE_OUTER_BOUND('',#926,.T.);
#552=FACE_OUTER_BOUND('',#927,.T.);
#553=FACE_OUTER_BOUND('',#928,.T.);
#554=FACE_OUTER_BOUND('',#929,.T.);
#555=FACE_OUTER_BOUND('',#930,.T.);
#556=FACE_OUTER_BOUND('',#931,.T.);
#557=FACE_OUTER_BOUND('',#932,.T.);
#558=FACE_OUTER_BOUND('',#933,.T.);
#559=FACE_OUTER_BOUND('',#934,.T.);
#560=FACE_OUTER_BOUND('',#935,.T.);
#561=FACE_OUTER_BOUND('',#936,.T.);
#562=FACE_OUTER_BOUND('',#937,.T.);
#563=FACE_OUTER_BOUND('',#938,.T.);
#564=FACE_OUTER_BOUND('',#939,.T.);
#565=FACE_OUTER_BOUND('',#940,.T.);
#566=FACE_OUTER_BOUND('',#941,.T.);
#567=FACE_OUTER_BOUND('',#942,.T.);
#568=FACE_OUTER_BOUND('',#943,.T.);
#569=FACE_OUTER_BOUND('',#944,.T.);
#570=FACE_OUTER_BOUND('',#945,.T.);
#571=FACE_OUTER_BOUND('',#946,.T.);
#572=FACE_OUTER_BOUND('',#947,.T.);
#573=FACE_OUTER_BOUND('',#948,.T.);
#574=FACE_OUTER_BOUND('',#949,.T.);
#575=FACE_OUTER_BOUND('',#950,.T.);
#576=FACE_OUTER_BOUND('',#951,.T.);
#577=FACE_OUTER_BOUND('',#952,.T.);
#578=FACE_OUTER_BOUND('',#953,.T.);
#579=FACE_OUTER_BOUND('',#954,.T.);
#580=FACE_OUTER_BOUND('',#955,.T.);
#581=FACE_OUTER_BOUND('',#956,.T.);
#582=FACE_OUTER_BOUND('',#957,.T.);
#583=FACE_OUTER_BOUND('',#958,.T.);
#584=FACE_OUTER_BOUND('',#959,.T.);
#585=FACE_OUTER_BOUND('',#960,.T.);
#586=FACE_OUTER_BOUND('',#961,.T.);
#587=FACE_OUTER_BOUND('',#962,.T.);
#588=FACE_OUTER_BOUND('',#963,.T.);
#589=FACE_OUTER_BOUND('',#964,.T.);
#590=FACE_OUTER_BOUND('',#965,.T.);
#591=FACE_OUTER_BOUND('',#966,.T.);
#592=FACE_OUTER_BOUND('',#967,.T.);
#593=FACE_OUTER_BOUND('',#968,.T.);
#594=FACE_OUTER_BOUND('',#969,.T.);
#595=FACE_OUTER_BOUND('',#970,.T.);
#596=FACE_OUTER_BOUND('',#971,.T.);
#597=FACE_OUTER_BOUND('',#972,.T.);
#598=FACE_OUTER_BOUND('',#973,.T.);
#599=FACE_OUTER_BOUND('',#974,.T.);
#600=FACE_OUTER_BOUND('',#975,.T.);
#601=FACE_OUTER_BOUND('',#976,.T.);
#602=FACE_OUTER_BOUND('',#977,.T.);
#603=FACE_OUTER_BOUND('',#978,.T.);
#604=FACE_OUTER_BOUND('',#979,.T.);
#605=FACE_OUTER_BOUND('',#980,.T.);
#606=FACE_OUTER_BOUND('',#981,.T.);
#607=FACE_OUTER_BOUND('',#982,.T.);
#608=FACE_OUTER_BOUND('',#983,.T.);
#609=FACE_OUTER_BOUND('',#984,.T.);
#610=FACE_OUTER_BOUND('',#985,.T.);
#611=FACE_OUTER_BOUND('',#986,.T.);
#612=FACE_OUTER_BOUND('',#987,.T.);
#613=FACE_OUTER_BOUND('',#988,.T.);
#614=FACE_OUTER_BOUND('',#989,.T.);
#615=FACE_OUTER_BOUND('',#990,.T.);
#616=FACE_OUTER_BOUND('',#991,.T.);
#617=FACE_OUTER_BOUND('',#992,.T.);
#618=FACE_OUTER_BOUND('',#993,.T.);
#619=FACE_OUTER_BOUND('',#994,.T.);
#620=FACE_OUTER_BOUND('',#995,.T.);
#621=FACE_OUTER_BOUND('',#996,.T.);
#622=FACE_OUTER_BOUND('',#997,.T.);
#623=FACE_OUTER_BOUND('',#998,.T.);
#624=FACE_OUTER_BOUND('',#999,.T.);
#625=FACE_OUTER_BOUND('',#1000,.T.);
#626=FACE_OUTER_BOUND('',#1001,.T.);
#627=FACE_OUTER_BOUND('',#1002,.T.);
#628=FACE_OUTER_BOUND('',#1003,.T.);
#629=FACE_OUTER_BOUND('',#1004,.T.);
#630=FACE_OUTER_BOUND('',#1005,.T.);
#631=FACE_OUTER_BOUND('',#1006,.T.);
#632=FACE_OUTER_BOUND('',#1007,.T.);
#633=FACE_OUTER_BOUND('',#1008,.T.);
#634=FACE_OUTER_BOUND('',#1009,.T.);
#635=FACE_OUTER_BOUND('',#1010,.T.);
#636=FACE_OUTER_BOUND('',#1011,.T.);
#637=FACE_OUTER_BOUND('',#1012,.T.);
#638=FACE_OUTER_BOUND('',#1013,.T.);
#639=FACE_OUTER_BOUND('',#1014,.T.);
#640=FACE_OUTER_BOUND('',#1015,.T.);
#641=FACE_OUTER_BOUND('',#1016,.T.);
#642=FACE_OUTER_BOUND('',#1017,.T.);
#643=FACE_OUTER_BOUND('',#1018,.T.);
#644=FACE_OUTER_BOUND('',#1019,.T.);
#645=FACE_OUTER_BOUND('',#1020,.T.);
#646=FACE_OUTER_BOUND('',#1021,.T.);
#647=FACE_OUTER_BOUND('',#1022,.T.);
#648=FACE_OUTER_BOUND('',#1023,.T.);
#649=FACE_OUTER_BOUND('',#1024,.T.);
#650=FACE_OUTER_BOUND('',#1025,.T.);
#651=FACE_OUTER_BOUND('',#1026,.T.);
#652=FACE_OUTER_BOUND('',#1027,.T.);
#653=FACE_OUTER_BOUND('',#1028,.T.);
#654=FACE_OUTER_BOUND('',#1029,.T.);
#655=FACE_OUTER_BOUND('',#1030,.T.);
#656=FACE_OUTER_BOUND('',#1031,.T.);
#657=FACE_OUTER_BOUND('',#1032,.T.);
#658=FACE_OUTER_BOUND('',#1033,.T.);
#659=FACE_OUTER_BOUND('',#1034,.T.);
#660=FACE_OUTER_BOUND('',#1035,.T.);
#661=FACE_OUTER_BOUND('',#1036,.T.);
#662=FACE_OUTER_BOUND('',#1037,.T.);
#663=FACE_OUTER_BOUND('',#1038,.T.);
#664=FACE_OUTER_BOUND('',#1039,.T.);
#665=FACE_OUTER_BOUND('',#1040,.T.);
#666=FACE_OUTER_BOUND('',#1041,.T.);
#667=FACE_OUTER_BOUND('',#1042,.T.);
#668=FACE_OUTER_BOUND('',#1043,.T.);
#669=FACE_OUTER_BOUND('',#1044,.T.);
#670=FACE_OUTER_BOUND('',#1045,.T.);
#671=FACE_OUTER_BOUND('',#1046,.T.);
#672=FACE_OUTER_BOUND('',#1047,.T.);
#673=FACE_OUTER_BOUND('',#1048,.T.);
#674=FACE_OUTER_BOUND('',#1049,.T.);
#675=FACE_OUTER_BOUND('',#1050,.T.);
#676=FACE_OUTER_BOUND('',#1051,.T.);
#677=FACE_OUTER_BOUND('',#1052,.T.);
#678=FACE_OUTER_BOUND('',#1053,.T.);
#679=EDGE_LOOP('',(#4087,#4088,#4089,#4090,#4091,#4092));
#680=EDGE_LOOP('',(#4093,#4094,#4095,#4096,#4097,#4098,#4099,#4100));
#681=EDGE_LOOP('',(#4101,#4102,#4103,#4104,#4105,#4106));
#682=EDGE_LOOP('',(#4107,#4108,#4109,#4110,#4111));
#683=EDGE_LOOP('',(#4112,#4113,#4114,#4115,#4116));
#684=EDGE_LOOP('',(#4117,#4118,#4119,#4120));
#685=EDGE_LOOP('',(#4121,#4122,#4123,#4124));
#686=EDGE_LOOP('',(#4125,#4126,#4127,#4128));
#687=EDGE_LOOP('',(#4129,#4130,#4131,#4132));
#688=EDGE_LOOP('',(#4133,#4134,#4135,#4136));
#689=EDGE_LOOP('',(#4137,#4138,#4139,#4140));
#690=EDGE_LOOP('',(#4141,#4142,#4143,#4144));
#691=EDGE_LOOP('',(#4145,#4146,#4147,#4148));
#692=EDGE_LOOP('',(#4149,#4150,#4151,#4152));
#693=EDGE_LOOP('',(#4153,#4154,#4155,#4156,#4157,#4158,#4159));
#694=EDGE_LOOP('',(#4160,#4161,#4162,#4163));
#695=EDGE_LOOP('',(#4164,#4165,#4166,#4167));
#696=EDGE_LOOP('',(#4168,#4169,#4170,#4171));
#697=EDGE_LOOP('',(#4172,#4173,#4174,#4175));
#698=EDGE_LOOP('',(#4176,#4177,#4178,#4179));
#699=EDGE_LOOP('',(#4180,#4181,#4182,#4183,#4184,#4185,#4186));
#700=EDGE_LOOP('',(#4187,#4188,#4189,#4190));
#701=EDGE_LOOP('',(#4191,#4192,#4193,#4194));
#702=EDGE_LOOP('',(#4195,#4196,#4197,#4198));
#703=EDGE_LOOP('',(#4199,#4200,#4201,#4202));
#704=EDGE_LOOP('',(#4203,#4204,#4205,#4206));
#705=EDGE_LOOP('',(#4207,#4208,#4209,#4210));
#706=EDGE_LOOP('',(#4211,#4212,#4213,#4214));
#707=EDGE_LOOP('',(#4215,#4216,#4217,#4218,#4219,#4220,#4221,#4222,#4223));
#708=EDGE_LOOP('',(#4224,#4225,#4226,#4227));
#709=EDGE_LOOP('',(#4228,#4229,#4230,#4231));
#710=EDGE_LOOP('',(#4232,#4233,#4234,#4235,#4236,#4237,#4238,#4239,#4240));
#711=EDGE_LOOP('',(#4241,#4242,#4243,#4244));
#712=EDGE_LOOP('',(#4245,#4246,#4247,#4248));
#713=EDGE_LOOP('',(#4249,#4250,#4251,#4252));
#714=EDGE_LOOP('',(#4253,#4254,#4255,#4256));
#715=EDGE_LOOP('',(#4257,#4258,#4259,#4260));
#716=EDGE_LOOP('',(#4261,#4262,#4263,#4264));
#717=EDGE_LOOP('',(#4265,#4266,#4267,#4268));
#718=EDGE_LOOP('',(#4269,#4270,#4271,#4272));
#719=EDGE_LOOP('',(#4273,#4274,#4275,#4276));
#720=EDGE_LOOP('',(#4277,#4278,#4279,#4280));
#721=EDGE_LOOP('',(#4281,#4282,#4283,#4284));
#722=EDGE_LOOP('',(#4285,#4286,#4287,#4288));
#723=EDGE_LOOP('',(#4289,#4290,#4291,#4292));
#724=EDGE_LOOP('',(#4293,#4294,#4295,#4296));
#725=EDGE_LOOP('',(#4297,#4298,#4299,#4300));
#726=EDGE_LOOP('',(#4301,#4302,#4303,#4304));
#727=EDGE_LOOP('',(#4305,#4306,#4307,#4308));
#728=EDGE_LOOP('',(#4309,#4310,#4311,#4312));
#729=EDGE_LOOP('',(#4313,#4314,#4315,#4316));
#730=EDGE_LOOP('',(#4317,#4318,#4319,#4320));
#731=EDGE_LOOP('',(#4321,#4322,#4323,#4324));
#732=EDGE_LOOP('',(#4325,#4326,#4327,#4328));
#733=EDGE_LOOP('',(#4329,#4330,#4331,#4332));
#734=EDGE_LOOP('',(#4333,#4334,#4335,#4336));
#735=EDGE_LOOP('',(#4337,#4338,#4339,#4340));
#736=EDGE_LOOP('',(#4341,#4342,#4343,#4344));
#737=EDGE_LOOP('',(#4345,#4346,#4347,#4348));
#738=EDGE_LOOP('',(#4349,#4350,#4351,#4352));
#739=EDGE_LOOP('',(#4353,#4354,#4355,#4356));
#740=EDGE_LOOP('',(#4357,#4358,#4359,#4360));
#741=EDGE_LOOP('',(#4361,#4362,#4363,#4364));
#742=EDGE_LOOP('',(#4365,#4366,#4367,#4368));
#743=EDGE_LOOP('',(#4369,#4370,#4371,#4372));
#744=EDGE_LOOP('',(#4373,#4374,#4375,#4376));
#745=EDGE_LOOP('',(#4377,#4378,#4379,#4380));
#746=EDGE_LOOP('',(#4381,#4382,#4383,#4384));
#747=EDGE_LOOP('',(#4385,#4386,#4387,#4388));
#748=EDGE_LOOP('',(#4389,#4390,#4391,#4392));
#749=EDGE_LOOP('',(#4393,#4394,#4395,#4396));
#750=EDGE_LOOP('',(#4397,#4398,#4399,#4400));
#751=EDGE_LOOP('',(#4401,#4402,#4403,#4404));
#752=EDGE_LOOP('',(#4405,#4406,#4407,#4408));
#753=EDGE_LOOP('',(#4409,#4410,#4411,#4412));
#754=EDGE_LOOP('',(#4413,#4414,#4415,#4416,#4417,#4418));
#755=EDGE_LOOP('',(#4419,#4420,#4421,#4422));
#756=EDGE_LOOP('',(#4423,#4424,#4425,#4426,#4427,#4428,#4429));
#757=EDGE_LOOP('',(#4430,#4431,#4432,#4433,#4434));
#758=EDGE_LOOP('',(#4435,#4436,#4437,#4438,#4439));
#759=EDGE_LOOP('',(#4440,#4441,#4442,#4443,#4444,#4445,#4446,#4447,#4448,
#4449,#4450));
#760=EDGE_LOOP('',(#4451,#4452,#4453,#4454));
#761=EDGE_LOOP('',(#4455,#4456,#4457,#4458));
#762=EDGE_LOOP('',(#4459,#4460,#4461,#4462));
#763=EDGE_LOOP('',(#4463,#4464,#4465,#4466,#4467,#4468,#4469,#4470,#4471,
#4472,#4473));
#764=EDGE_LOOP('',(#4474,#4475,#4476,#4477,#4478));
#765=EDGE_LOOP('',(#4479,#4480,#4481,#4482,#4483));
#766=EDGE_LOOP('',(#4484,#4485,#4486,#4487,#4488,#4489,#4490,#4491,#4492,
#4493,#4494));
#767=EDGE_LOOP('',(#4495,#4496,#4497,#4498));
#768=EDGE_LOOP('',(#4499,#4500,#4501,#4502));
#769=EDGE_LOOP('',(#4503,#4504,#4505,#4506));
#770=EDGE_LOOP('',(#4507,#4508,#4509,#4510,#4511,#4512,#4513,#4514,#4515,
#4516,#4517));
#771=EDGE_LOOP('',(#4518,#4519,#4520,#4521,#4522));
#772=EDGE_LOOP('',(#4523,#4524,#4525,#4526));
#773=EDGE_LOOP('',(#4527,#4528,#4529,#4530));
#774=EDGE_LOOP('',(#4531,#4532,#4533,#4534));
#775=EDGE_LOOP('',(#4535,#4536,#4537,#4538));
#776=EDGE_LOOP('',(#4539,#4540,#4541,#4542));
#777=EDGE_LOOP('',(#4543,#4544,#4545,#4546));
#778=EDGE_LOOP('',(#4547,#4548,#4549,#4550));
#779=EDGE_LOOP('',(#4551,#4552,#4553,#4554));
#780=EDGE_LOOP('',(#4555,#4556,#4557,#4558,#4559));
#781=EDGE_LOOP('',(#4560,#4561,#4562,#4563));
#782=EDGE_LOOP('',(#4564,#4565,#4566,#4567,#4568));
#783=EDGE_LOOP('',(#4569,#4570,#4571,#4572));
#784=EDGE_LOOP('',(#4573,#4574,#4575,#4576));
#785=EDGE_LOOP('',(#4577,#4578,#4579,#4580,#4581));
#786=EDGE_LOOP('',(#4582,#4583,#4584,#4585));
#787=EDGE_LOOP('',(#4586,#4587,#4588,#4589));
#788=EDGE_LOOP('',(#4590,#4591,#4592,#4593,#4594));
#789=EDGE_LOOP('',(#4595,#4596,#4597,#4598));
#790=EDGE_LOOP('',(#4599,#4600,#4601,#4602));
#791=EDGE_LOOP('',(#4603,#4604,#4605,#4606,#4607));
#792=EDGE_LOOP('',(#4608,#4609,#4610,#4611));
#793=EDGE_LOOP('',(#4612,#4613,#4614,#4615));
#794=EDGE_LOOP('',(#4616,#4617,#4618,#4619,#4620));
#795=EDGE_LOOP('',(#4621,#4622,#4623,#4624));
#796=EDGE_LOOP('',(#4625,#4626,#4627,#4628));
#797=EDGE_LOOP('',(#4629,#4630,#4631,#4632,#4633,#4634,#4635,#4636));
#798=EDGE_LOOP('',(#4637,#4638,#4639,#4640));
#799=EDGE_LOOP('',(#4641,#4642,#4643,#4644,#4645));
#800=EDGE_LOOP('',(#4646,#4647,#4648,#4649));
#801=EDGE_LOOP('',(#4650,#4651,#4652,#4653,#4654));
#802=EDGE_LOOP('',(#4655,#4656,#4657,#4658));
#803=EDGE_LOOP('',(#4659,#4660,#4661,#4662,#4663));
#804=EDGE_LOOP('',(#4664,#4665,#4666,#4667));
#805=EDGE_LOOP('',(#4668,#4669,#4670,#4671));
#806=EDGE_LOOP('',(#4672,#4673,#4674,#4675,#4676));
#807=EDGE_LOOP('',(#4677,#4678,#4679,#4680,#4681));
#808=EDGE_LOOP('',(#4682,#4683,#4684,#4685));
#809=EDGE_LOOP('',(#4686,#4687,#4688,#4689));
#810=EDGE_LOOP('',(#4690,#4691,#4692,#4693,#4694));
#811=EDGE_LOOP('',(#4695,#4696,#4697,#4698));
#812=EDGE_LOOP('',(#4699,#4700,#4701,#4702));
#813=EDGE_LOOP('',(#4703,#4704,#4705,#4706,#4707));
#814=EDGE_LOOP('',(#4708,#4709,#4710,#4711));
#815=EDGE_LOOP('',(#4712,#4713,#4714,#4715));
#816=EDGE_LOOP('',(#4716,#4717,#4718,#4719,#4720));
#817=EDGE_LOOP('',(#4721,#4722,#4723,#4724));
#818=EDGE_LOOP('',(#4725,#4726,#4727,#4728));
#819=EDGE_LOOP('',(#4729,#4730,#4731,#4732,#4733));
#820=EDGE_LOOP('',(#4734,#4735,#4736,#4737));
#821=EDGE_LOOP('',(#4738,#4739,#4740,#4741));
#822=EDGE_LOOP('',(#4742,#4743,#4744,#4745,#4746));
#823=EDGE_LOOP('',(#4747,#4748,#4749,#4750));
#824=EDGE_LOOP('',(#4751,#4752,#4753,#4754));
#825=EDGE_LOOP('',(#4755,#4756,#4757,#4758));
#826=EDGE_LOOP('',(#4759,#4760,#4761,#4762,#4763,#4764,#4765,#4766));
#827=EDGE_LOOP('',(#4767,#4768,#4769,#4770,#4771));
#828=EDGE_LOOP('',(#4772,#4773,#4774,#4775));
#829=EDGE_LOOP('',(#4776,#4777,#4778,#4779));
#830=EDGE_LOOP('',(#4780,#4781,#4782,#4783,#4784));
#831=EDGE_LOOP('',(#4785,#4786,#4787,#4788,#4789));
#832=EDGE_LOOP('',(#4790,#4791,#4792,#4793));
#833=EDGE_LOOP('',(#4794,#4795,#4796,#4797));
#834=EDGE_LOOP('',(#4798,#4799,#4800,#4801,#4802));
#835=EDGE_LOOP('',(#4803,#4804,#4805,#4806,#4807));
#836=EDGE_LOOP('',(#4808,#4809,#4810,#4811));
#837=EDGE_LOOP('',(#4812,#4813,#4814,#4815));
#838=EDGE_LOOP('',(#4816,#4817,#4818,#4819));
#839=EDGE_LOOP('',(#4820,#4821,#4822,#4823));
#840=EDGE_LOOP('',(#4824,#4825,#4826,#4827));
#841=EDGE_LOOP('',(#4828,#4829,#4830,#4831));
#842=EDGE_LOOP('',(#4832,#4833,#4834,#4835));
#843=EDGE_LOOP('',(#4836,#4837,#4838,#4839,#4840,#4841,#4842,#4843));
#844=EDGE_LOOP('',(#4844,#4845,#4846,#4847,#4848,#4849,#4850,#4851));
#845=EDGE_LOOP('',(#4852,#4853,#4854,#4855,#4856,#4857,#4858,#4859));
#846=EDGE_LOOP('',(#4860,#4861,#4862,#4863,#4864,#4865,#4866,#4867));
#847=EDGE_LOOP('',(#4868,#4869,#4870,#4871,#4872,#4873,#4874,#4875));
#848=EDGE_LOOP('',(#4876,#4877,#4878,#4879,#4880,#4881,#4882,#4883));
#849=EDGE_LOOP('',(#4884,#4885,#4886,#4887,#4888,#4889,#4890,#4891));
#850=EDGE_LOOP('',(#4892,#4893,#4894,#4895,#4896,#4897,#4898,#4899));
#851=EDGE_LOOP('',(#4900,#4901,#4902,#4903,#4904,#4905,#4906,#4907));
#852=EDGE_LOOP('',(#4908,#4909,#4910,#4911,#4912,#4913,#4914,#4915));
#853=EDGE_LOOP('',(#4916,#4917,#4918,#4919,#4920,#4921,#4922,#4923));
#854=EDGE_LOOP('',(#4924,#4925,#4926,#4927,#4928,#4929));
#855=EDGE_LOOP('',(#4930,#4931,#4932,#4933,#4934,#4935,#4936,#4937));
#856=EDGE_LOOP('',(#4938,#4939,#4940,#4941,#4942,#4943));
#857=EDGE_LOOP('',(#4944,#4945,#4946,#4947,#4948));
#858=EDGE_LOOP('',(#4949,#4950,#4951,#4952,#4953));
#859=EDGE_LOOP('',(#4954,#4955,#4956,#4957));
#860=EDGE_LOOP('',(#4958,#4959,#4960,#4961));
#861=EDGE_LOOP('',(#4962,#4963,#4964,#4965));
#862=EDGE_LOOP('',(#4966,#4967,#4968,#4969));
#863=EDGE_LOOP('',(#4970,#4971,#4972,#4973));
#864=EDGE_LOOP('',(#4974,#4975,#4976,#4977));
#865=EDGE_LOOP('',(#4978,#4979,#4980,#4981));
#866=EDGE_LOOP('',(#4982,#4983,#4984,#4985));
#867=EDGE_LOOP('',(#4986,#4987,#4988,#4989));
#868=EDGE_LOOP('',(#4990,#4991,#4992,#4993));
#869=EDGE_LOOP('',(#4994,#4995,#4996,#4997,#4998,#4999,#5000));
#870=EDGE_LOOP('',(#5001,#5002,#5003,#5004));
#871=EDGE_LOOP('',(#5005,#5006,#5007,#5008));
#872=EDGE_LOOP('',(#5009,#5010,#5011,#5012));
#873=EDGE_LOOP('',(#5013,#5014,#5015,#5016));
#874=EDGE_LOOP('',(#5017,#5018,#5019,#5020));
#875=EDGE_LOOP('',(#5021,#5022,#5023,#5024));
#876=EDGE_LOOP('',(#5025,#5026,#5027,#5028,#5029,#5030,#5031));
#877=EDGE_LOOP('',(#5032,#5033,#5034,#5035));
#878=EDGE_LOOP('',(#5036,#5037,#5038,#5039));
#879=EDGE_LOOP('',(#5040,#5041,#5042,#5043));
#880=EDGE_LOOP('',(#5044,#5045,#5046,#5047,#5048,#5049,#5050,#5051,#5052,
#5053));
#881=EDGE_LOOP('',(#5054,#5055,#5056,#5057,#5058,#5059,#5060,#5061,#5062,
#5063,#5064,#5065,#5066,#5067,#5068,#5069,#5070,#5071,#5072,#5073));
#882=EDGE_LOOP('',(#5074,#5075,#5076,#5077));
#883=EDGE_LOOP('',(#5078,#5079,#5080,#5081));
#884=EDGE_LOOP('',(#5082,#5083,#5084,#5085));
#885=EDGE_LOOP('',(#5086,#5087,#5088,#5089,#5090,#5091,#5092,#5093,#5094,
#5095,#5096,#5097,#5098,#5099,#5100,#5101));
#886=EDGE_LOOP('',(#5102,#5103,#5104,#5105));
#887=EDGE_LOOP('',(#5106,#5107,#5108,#5109));
#888=EDGE_LOOP('',(#5110,#5111,#5112,#5113,#5114,#5115,#5116,#5117,#5118));
#889=EDGE_LOOP('',(#5119,#5120,#5121,#5122));
#890=EDGE_LOOP('',(#5123,#5124,#5125,#5126));
#891=EDGE_LOOP('',(#5127,#5128,#5129,#5130,#5131,#5132,#5133,#5134,#5135));
#892=EDGE_LOOP('',(#5136,#5137,#5138,#5139));
#893=EDGE_LOOP('',(#5140,#5141,#5142,#5143));
#894=EDGE_LOOP('',(#5144,#5145,#5146,#5147));
#895=EDGE_LOOP('',(#5148,#5149,#5150,#5151));
#896=EDGE_LOOP('',(#5152,#5153,#5154,#5155));
#897=EDGE_LOOP('',(#5156,#5157,#5158,#5159));
#898=EDGE_LOOP('',(#5160,#5161,#5162,#5163));
#899=EDGE_LOOP('',(#5164,#5165,#5166,#5167));
#900=EDGE_LOOP('',(#5168,#5169,#5170,#5171));
#901=EDGE_LOOP('',(#5172,#5173,#5174,#5175,#5176,#5177,#5178,#5179,#5180,
#5181,#5182,#5183,#5184,#5185,#5186,#5187,#5188,#5189,#5190,#5191,#5192,
#5193,#5194,#5195,#5196,#5197,#5198,#5199,#5200,#5201,#5202,#5203,#5204,
#5205,#5206,#5207,#5208,#5209,#5210,#5211,#5212,#5213));
#902=EDGE_LOOP('',(#5214));
#903=EDGE_LOOP('',(#5215));
#904=EDGE_LOOP('',(#5216));
#905=EDGE_LOOP('',(#5217));
#906=EDGE_LOOP('',(#5218,#5219,#5220,#5221));
#907=EDGE_LOOP('',(#5222,#5223,#5224,#5225));
#908=EDGE_LOOP('',(#5226,#5227,#5228,#5229));
#909=EDGE_LOOP('',(#5230,#5231,#5232,#5233));
#910=EDGE_LOOP('',(#5234,#5235,#5236,#5237,#5238,#5239,#5240,#5241,#5242,
#5243,#5244,#5245));
#911=EDGE_LOOP('',(#5246,#5247,#5248,#5249));
#912=EDGE_LOOP('',(#5250,#5251,#5252,#5253,#5254,#5255,#5256,#5257,#5258,
#5259,#5260,#5261,#5262,#5263,#5264,#5265,#5266,#5267,#5268,#5269,#5270,
#5271,#5272,#5273,#5274,#5275,#5276,#5277,#5278,#5279,#5280,#5281,#5282,
#5283,#5284,#5285,#5286,#5287,#5288,#5289,#5290,#5291,#5292,#5293,#5294,
#5295,#5296,#5297,#5298,#5299,#5300,#5301,#5302,#5303,#5304,#5305));
#913=EDGE_LOOP('',(#5306));
#914=EDGE_LOOP('',(#5307));
#915=EDGE_LOOP('',(#5308));
#916=EDGE_LOOP('',(#5309));
#917=EDGE_LOOP('',(#5310,#5311,#5312,#5313));
#918=EDGE_LOOP('',(#5314,#5315,#5316,#5317));
#919=EDGE_LOOP('',(#5318,#5319,#5320,#5321));
#920=EDGE_LOOP('',(#5322,#5323,#5324,#5325));
#921=EDGE_LOOP('',(#5326,#5327,#5328,#5329));
#922=EDGE_LOOP('',(#5330,#5331,#5332,#5333));
#923=EDGE_LOOP('',(#5334,#5335,#5336,#5337));
#924=EDGE_LOOP('',(#5338,#5339,#5340,#5341));
#925=EDGE_LOOP('',(#5342,#5343,#5344,#5345));
#926=EDGE_LOOP('',(#5346,#5347,#5348,#5349));
#927=EDGE_LOOP('',(#5350,#5351,#5352,#5353));
#928=EDGE_LOOP('',(#5354,#5355,#5356,#5357));
#929=EDGE_LOOP('',(#5358,#5359,#5360,#5361));
#930=EDGE_LOOP('',(#5362,#5363,#5364,#5365));
#931=EDGE_LOOP('',(#5366,#5367,#5368,#5369));
#932=EDGE_LOOP('',(#5370,#5371,#5372,#5373));
#933=EDGE_LOOP('',(#5374,#5375,#5376,#5377));
#934=EDGE_LOOP('',(#5378,#5379,#5380,#5381));
#935=EDGE_LOOP('',(#5382,#5383,#5384,#5385));
#936=EDGE_LOOP('',(#5386,#5387,#5388,#5389));
#937=EDGE_LOOP('',(#5390,#5391,#5392,#5393));
#938=EDGE_LOOP('',(#5394,#5395,#5396,#5397));
#939=EDGE_LOOP('',(#5398,#5399,#5400,#5401));
#940=EDGE_LOOP('',(#5402,#5403,#5404,#5405));
#941=EDGE_LOOP('',(#5406,#5407,#5408,#5409));
#942=EDGE_LOOP('',(#5410,#5411,#5412,#5413));
#943=EDGE_LOOP('',(#5414,#5415,#5416,#5417));
#944=EDGE_LOOP('',(#5418,#5419,#5420,#5421));
#945=EDGE_LOOP('',(#5422,#5423,#5424,#5425));
#946=EDGE_LOOP('',(#5426,#5427,#5428,#5429));
#947=EDGE_LOOP('',(#5430,#5431,#5432,#5433));
#948=EDGE_LOOP('',(#5434,#5435,#5436,#5437));
#949=EDGE_LOOP('',(#5438,#5439,#5440,#5441));
#950=EDGE_LOOP('',(#5442,#5443,#5444,#5445));
#951=EDGE_LOOP('',(#5446,#5447,#5448,#5449,#5450,#5451));
#952=EDGE_LOOP('',(#5452,#5453,#5454,#5455));
#953=EDGE_LOOP('',(#5456,#5457,#5458,#5459,#5460,#5461,#5462));
#954=EDGE_LOOP('',(#5463,#5464,#5465,#5466,#5467));
#955=EDGE_LOOP('',(#5468,#5469,#5470,#5471,#5472));
#956=EDGE_LOOP('',(#5473,#5474,#5475,#5476,#5477,#5478,#5479,#5480,#5481,
#5482,#5483));
#957=EDGE_LOOP('',(#5484,#5485,#5486,#5487));
#958=EDGE_LOOP('',(#5488,#5489,#5490,#5491));
#959=EDGE_LOOP('',(#5492,#5493,#5494,#5495));
#960=EDGE_LOOP('',(#5496,#5497,#5498,#5499,#5500,#5501,#5502,#5503,#5504,
#5505,#5506));
#961=EDGE_LOOP('',(#5507,#5508,#5509,#5510,#5511));
#962=EDGE_LOOP('',(#5512,#5513,#5514,#5515,#5516));
#963=EDGE_LOOP('',(#5517,#5518,#5519,#5520,#5521,#5522,#5523,#5524,#5525,
#5526,#5527));
#964=EDGE_LOOP('',(#5528,#5529,#5530,#5531));
#965=EDGE_LOOP('',(#5532,#5533,#5534,#5535));
#966=EDGE_LOOP('',(#5536,#5537,#5538,#5539));
#967=EDGE_LOOP('',(#5540,#5541,#5542,#5543,#5544,#5545,#5546,#5547,#5548,
#5549,#5550));
#968=EDGE_LOOP('',(#5551,#5552,#5553,#5554,#5555));
#969=EDGE_LOOP('',(#5556,#5557,#5558,#5559));
#970=EDGE_LOOP('',(#5560,#5561,#5562,#5563));
#971=EDGE_LOOP('',(#5564,#5565,#5566,#5567));
#972=EDGE_LOOP('',(#5568,#5569,#5570,#5571));
#973=EDGE_LOOP('',(#5572,#5573,#5574,#5575));
#974=EDGE_LOOP('',(#5576,#5577,#5578,#5579));
#975=EDGE_LOOP('',(#5580,#5581,#5582,#5583));
#976=EDGE_LOOP('',(#5584,#5585,#5586,#5587));
#977=EDGE_LOOP('',(#5588,#5589,#5590,#5591));
#978=EDGE_LOOP('',(#5592,#5593,#5594,#5595));
#979=EDGE_LOOP('',(#5596,#5597,#5598,#5599));
#980=EDGE_LOOP('',(#5600,#5601,#5602,#5603,#5604));
#981=EDGE_LOOP('',(#5605,#5606,#5607,#5608));
#982=EDGE_LOOP('',(#5609,#5610,#5611,#5612,#5613));
#983=EDGE_LOOP('',(#5614,#5615,#5616,#5617));
#984=EDGE_LOOP('',(#5618,#5619,#5620,#5621));
#985=EDGE_LOOP('',(#5622,#5623,#5624,#5625,#5626));
#986=EDGE_LOOP('',(#5627,#5628,#5629,#5630));
#987=EDGE_LOOP('',(#5631,#5632,#5633,#5634));
#988=EDGE_LOOP('',(#5635,#5636,#5637,#5638,#5639));
#989=EDGE_LOOP('',(#5640,#5641,#5642,#5643));
#990=EDGE_LOOP('',(#5644,#5645,#5646,#5647));
#991=EDGE_LOOP('',(#5648,#5649,#5650,#5651,#5652));
#992=EDGE_LOOP('',(#5653,#5654,#5655,#5656));
#993=EDGE_LOOP('',(#5657,#5658,#5659,#5660));
#994=EDGE_LOOP('',(#5661,#5662,#5663,#5664,#5665));
#995=EDGE_LOOP('',(#5666,#5667,#5668,#5669));
#996=EDGE_LOOP('',(#5670,#5671,#5672,#5673));
#997=EDGE_LOOP('',(#5674,#5675,#5676,#5677,#5678,#5679,#5680,#5681));
#998=EDGE_LOOP('',(#5682,#5683,#5684,#5685));
#999=EDGE_LOOP('',(#5686,#5687,#5688,#5689,#5690));
#1000=EDGE_LOOP('',(#5691,#5692,#5693,#5694));
#1001=EDGE_LOOP('',(#5695,#5696,#5697,#5698,#5699));
#1002=EDGE_LOOP('',(#5700,#5701,#5702,#5703));
#1003=EDGE_LOOP('',(#5704,#5705,#5706,#5707,#5708));
#1004=EDGE_LOOP('',(#5709,#5710,#5711,#5712));
#1005=EDGE_LOOP('',(#5713,#5714,#5715,#5716));
#1006=EDGE_LOOP('',(#5717,#5718,#5719,#5720,#5721));
#1007=EDGE_LOOP('',(#5722,#5723,#5724,#5725,#5726));
#1008=EDGE_LOOP('',(#5727,#5728,#5729,#5730));
#1009=EDGE_LOOP('',(#5731,#5732,#5733,#5734));
#1010=EDGE_LOOP('',(#5735,#5736,#5737,#5738,#5739));
#1011=EDGE_LOOP('',(#5740,#5741,#5742,#5743));
#1012=EDGE_LOOP('',(#5744,#5745,#5746,#5747));
#1013=EDGE_LOOP('',(#5748,#5749,#5750,#5751,#5752));
#1014=EDGE_LOOP('',(#5753,#5754,#5755,#5756));
#1015=EDGE_LOOP('',(#5757,#5758,#5759,#5760));
#1016=EDGE_LOOP('',(#5761,#5762,#5763,#5764,#5765));
#1017=EDGE_LOOP('',(#5766,#5767,#5768,#5769));
#1018=EDGE_LOOP('',(#5770,#5771,#5772,#5773));
#1019=EDGE_LOOP('',(#5774,#5775,#5776,#5777,#5778));
#1020=EDGE_LOOP('',(#5779,#5780,#5781,#5782));
#1021=EDGE_LOOP('',(#5783,#5784,#5785,#5786));
#1022=EDGE_LOOP('',(#5787,#5788,#5789,#5790,#5791));
#1023=EDGE_LOOP('',(#5792,#5793,#5794,#5795));
#1024=EDGE_LOOP('',(#5796,#5797,#5798,#5799));
#1025=EDGE_LOOP('',(#5800,#5801,#5802,#5803));
#1026=EDGE_LOOP('',(#5804,#5805,#5806,#5807,#5808,#5809,#5810,#5811));
#1027=EDGE_LOOP('',(#5812,#5813,#5814,#5815,#5816));
#1028=EDGE_LOOP('',(#5817,#5818,#5819,#5820));
#1029=EDGE_LOOP('',(#5821,#5822,#5823,#5824));
#1030=EDGE_LOOP('',(#5825,#5826,#5827,#5828,#5829));
#1031=EDGE_LOOP('',(#5830,#5831,#5832,#5833,#5834));
#1032=EDGE_LOOP('',(#5835,#5836,#5837,#5838));
#1033=EDGE_LOOP('',(#5839,#5840,#5841,#5842));
#1034=EDGE_LOOP('',(#5843,#5844,#5845,#5846,#5847));
#1035=EDGE_LOOP('',(#5848,#5849,#5850,#5851,#5852));
#1036=EDGE_LOOP('',(#5853,#5854,#5855,#5856));
#1037=EDGE_LOOP('',(#5857,#5858,#5859,#5860));
#1038=EDGE_LOOP('',(#5861,#5862,#5863,#5864));
#1039=EDGE_LOOP('',(#5865,#5866,#5867,#5868));
#1040=EDGE_LOOP('',(#5869,#5870,#5871,#5872));
#1041=EDGE_LOOP('',(#5873,#5874,#5875,#5876));
#1042=EDGE_LOOP('',(#5877,#5878,#5879,#5880));
#1043=EDGE_LOOP('',(#5881,#5882,#5883,#5884));
#1044=EDGE_LOOP('',(#5885,#5886,#5887,#5888,#5889,#5890,#5891,#5892));
#1045=EDGE_LOOP('',(#5893,#5894,#5895,#5896,#5897,#5898,#5899,#5900));
#1046=EDGE_LOOP('',(#5901,#5902,#5903,#5904,#5905,#5906,#5907,#5908));
#1047=EDGE_LOOP('',(#5909,#5910,#5911,#5912,#5913,#5914,#5915,#5916));
#1048=EDGE_LOOP('',(#5917,#5918,#5919,#5920,#5921,#5922,#5923,#5924));
#1049=EDGE_LOOP('',(#5925,#5926,#5927,#5928,#5929,#5930,#5931,#5932));
#1050=EDGE_LOOP('',(#5933,#5934,#5935,#5936,#5937,#5938,#5939,#5940));
#1051=EDGE_LOOP('',(#5941,#5942,#5943,#5944,#5945,#5946,#5947,#5948));
#1052=EDGE_LOOP('',(#5949,#5950,#5951,#5952,#5953,#5954,#5955,#5956));
#1053=EDGE_LOOP('',(#5957,#5958,#5959,#5960,#5961,#5962,#5963,#5964));
#1054=LINE('',#9136,#1661);
#1055=LINE('',#9140,#1662);
#1056=LINE('',#9143,#1663);
#1057=LINE('',#9146,#1664);
#1058=LINE('',#9148,#1665);
#1059=LINE('',#9150,#1666);
#1060=LINE('',#9152,#1667);
#1061=LINE('',#9154,#1668);
#1062=LINE('',#9156,#1669);
#1063=LINE('',#9157,#1670);
#1064=LINE('',#9162,#1671);
#1065=LINE('',#9166,#1672);
#1066=LINE('',#9170,#1673);
#1067=LINE('',#9172,#1674);
#1068=LINE('',#9174,#1675);
#1069=LINE('',#9175,#1676);
#1070=LINE('',#9197,#1677);
#1071=LINE('',#9213,#1678);
#1072=LINE('',#9215,#1679);
#1073=LINE('',#9217,#1680);
#1074=LINE('',#9218,#1681);
#1075=LINE('',#9224,#1682);
#1076=LINE('',#9230,#1683);
#1077=LINE('',#9232,#1684);
#1078=LINE('',#9233,#1685);
#1079=LINE('',#9238,#1686);
#1080=LINE('',#9242,#1687);
#1081=LINE('',#9244,#1688);
#1082=LINE('',#9245,#1689);
#1083=LINE('',#9250,#1690);
#1084=LINE('',#9257,#1691);
#1085=LINE('',#9260,#1692);
#1086=LINE('',#9266,#1693);
#1087=LINE('',#9268,#1694);
#1088=LINE('',#9270,#1695);
#1089=LINE('',#9272,#1696);
#1090=LINE('',#9274,#1697);
#1091=LINE('',#9275,#1698);
#1092=LINE('',#9278,#1699);
#1093=LINE('',#9281,#1700);
#1094=LINE('',#9284,#1701);
#1095=LINE('',#9285,#1702);
#1096=LINE('',#9289,#1703);
#1097=LINE('',#9292,#1704);
#1098=LINE('',#9293,#1705);
#1099=LINE('',#9297,#1706);
#1100=LINE('',#9300,#1707);
#1101=LINE('',#9301,#1708);
#1102=LINE('',#9305,#1709);
#1103=LINE('',#9308,#1710);
#1104=LINE('',#9309,#1711);
#1105=LINE('',#9313,#1712);
#1106=LINE('',#9319,#1713);
#1107=LINE('',#9321,#1714);
#1108=LINE('',#9322,#1715);
#1109=LINE('',#9326,#1716);
#1110=LINE('',#9333,#1717);
#1111=LINE('',#9334,#1718);
#1112=LINE('',#9352,#1719);
#1113=LINE('',#9356,#1720);
#1114=LINE('',#9360,#1721);
#1115=LINE('',#9375,#1722);
#1116=LINE('',#9380,#1723);
#1117=LINE('',#9385,#1724);
#1118=LINE('',#9389,#1725);
#1119=LINE('',#9393,#1726);
#1120=LINE('',#9397,#1727);
#1121=LINE('',#9399,#1728);
#1122=LINE('',#9400,#1729);
#1123=LINE('',#9404,#1730);
#1124=LINE('',#9410,#1731);
#1125=LINE('',#9411,#1732);
#1126=LINE('',#9412,#1733);
#1127=LINE('',#9416,#1734);
#1128=LINE('',#9421,#1735);
#1129=LINE('',#9423,#1736);
#1130=LINE('',#9424,#1737);
#1131=LINE('',#9428,#1738);
#1132=LINE('',#9433,#1739);
#1133=LINE('',#9435,#1740);
#1134=LINE('',#9436,#1741);
#1135=LINE('',#9440,#1742);
#1136=LINE('',#9445,#1743);
#1137=LINE('',#9447,#1744);
#1138=LINE('',#9448,#1745);
#1139=LINE('',#9451,#1746);
#1140=LINE('',#9455,#1747);
#1141=LINE('',#9461,#1748);
#1142=LINE('',#9466,#1749);
#1143=LINE('',#9471,#1750);
#1144=LINE('',#9476,#1751);
#1145=LINE('',#9480,#1752);
#1146=LINE('',#9484,#1753);
#1147=LINE('',#9489,#1754);
#1148=LINE('',#9490,#1755);
#1149=LINE('',#9491,#1756);
#1150=LINE('',#9495,#1757);
#1151=LINE('',#9501,#1758);
#1152=LINE('',#9502,#1759);
#1153=LINE('',#9503,#1760);
#1154=LINE('',#9507,#1761);
#1155=LINE('',#9512,#1762);
#1156=LINE('',#9513,#1763);
#1157=LINE('',#9514,#1764);
#1158=LINE('',#9517,#1765);
#1159=LINE('',#9522,#1766);
#1160=LINE('',#9527,#1767);
#1161=LINE('',#9529,#1768);
#1162=LINE('',#9530,#1769);
#1163=LINE('',#9534,#1770);
#1164=LINE('',#9539,#1771);
#1165=LINE('',#9541,#1772);
#1166=LINE('',#9542,#1773);
#1167=LINE('',#9546,#1774);
#1168=LINE('',#9551,#1775);
#1169=LINE('',#9553,#1776);
#1170=LINE('',#9554,#1777);
#1171=LINE('',#9557,#1778);
#1172=LINE('',#9562,#1779);
#1173=LINE('',#9563,#1780);
#1174=LINE('',#9567,#1781);
#1175=LINE('',#9572,#1782);
#1176=LINE('',#9574,#1783);
#1177=LINE('',#9575,#1784);
#1178=LINE('',#9579,#1785);
#1179=LINE('',#9584,#1786);
#1180=LINE('',#9586,#1787);
#1181=LINE('',#9587,#1788);
#1182=LINE('',#9591,#1789);
#1183=LINE('',#9596,#1790);
#1184=LINE('',#9598,#1791);
#1185=LINE('',#9599,#1792);
#1186=LINE('',#9602,#1793);
#1187=LINE('',#9607,#1794);
#1188=LINE('',#9611,#1795);
#1189=LINE('',#9612,#1796);
#1190=LINE('',#9616,#1797);
#1191=LINE('',#9621,#1798);
#1192=LINE('',#9623,#1799);
#1193=LINE('',#9624,#1800);
#1194=LINE('',#9628,#1801);
#1195=LINE('',#9632,#1802);
#1196=LINE('',#9633,#1803);
#1197=LINE('',#9635,#1804);
#1198=LINE('',#9636,#1805);
#1199=LINE('',#9638,#1806);
#1200=LINE('',#9641,#1807);
#1201=LINE('',#9642,#1808);
#1202=LINE('',#9648,#1809);
#1203=LINE('',#9650,#1810);
#1204=LINE('',#9653,#1811);
#1205=LINE('',#9655,#1812);
#1206=LINE('',#9657,#1813);
#1207=LINE('',#9659,#1814);
#1208=LINE('',#9661,#1815);
#1209=LINE('',#9663,#1816);
#1210=LINE('',#9665,#1817);
#1211=LINE('',#9666,#1818);
#1212=LINE('',#9670,#1819);
#1213=LINE('',#9673,#1820);
#1214=LINE('',#9674,#1821);
#1215=LINE('',#9678,#1822);
#1216=LINE('',#9681,#1823);
#1217=LINE('',#9683,#1824);
#1218=LINE('',#9685,#1825);
#1219=LINE('',#9687,#1826);
#1220=LINE('',#9689,#1827);
#1221=LINE('',#9691,#1828);
#1222=LINE('',#9692,#1829);
#1223=LINE('',#9693,#1830);
#1224=LINE('',#9696,#1831);
#1225=LINE('',#9699,#1832);
#1226=LINE('',#9701,#1833);
#1227=LINE('',#9703,#1834);
#1228=LINE('',#9705,#1835);
#1229=LINE('',#9707,#1836);
#1230=LINE('',#9709,#1837);
#1231=LINE('',#9711,#1838);
#1232=LINE('',#9712,#1839);
#1233=LINE('',#9716,#1840);
#1234=LINE('',#9719,#1841);
#1235=LINE('',#9720,#1842);
#1236=LINE('',#9724,#1843);
#1237=LINE('',#9727,#1844);
#1238=LINE('',#9729,#1845);
#1239=LINE('',#9731,#1846);
#1240=LINE('',#9733,#1847);
#1241=LINE('',#9735,#1848);
#1242=LINE('',#9737,#1849);
#1243=LINE('',#9738,#1850);
#1244=LINE('',#9739,#1851);
#1245=LINE('',#9744,#1852);
#1246=LINE('',#9747,#1853);
#1247=LINE('',#9748,#1854);
#1248=LINE('',#9752,#1855);
#1249=LINE('',#9755,#1856);
#1250=LINE('',#9759,#1857);
#1251=LINE('',#9763,#1858);
#1252=LINE('',#9766,#1859);
#1253=LINE('',#9769,#1860);
#1254=LINE('',#9770,#1861);
#1255=LINE('',#9776,#1862);
#1256=LINE('',#9782,#1863);
#1257=LINE('',#9785,#1864);
#1258=LINE('',#9788,#1865);
#1259=LINE('',#9790,#1866);
#1260=LINE('',#9793,#1867);
#1261=LINE('',#9794,#1868);
#1262=LINE('',#9800,#1869);
#1263=LINE('',#9803,#1870);
#1264=LINE('',#9806,#1871);
#1265=LINE('',#9810,#1872);
#1266=LINE('',#9813,#1873);
#1267=LINE('',#9814,#1874);
#1268=LINE('',#9820,#1875);
#1269=LINE('',#9823,#1876);
#1270=LINE('',#9826,#1877);
#1271=LINE('',#9830,#1878);
#1272=LINE('',#9833,#1879);
#1273=LINE('',#9834,#1880);
#1274=LINE('',#9840,#1881);
#1275=LINE('',#9843,#1882);
#1276=LINE('',#9846,#1883);
#1277=LINE('',#9850,#1884);
#1278=LINE('',#9853,#1885);
#1279=LINE('',#9854,#1886);
#1280=LINE('',#9860,#1887);
#1281=LINE('',#9863,#1888);
#1282=LINE('',#9866,#1889);
#1283=LINE('',#9870,#1890);
#1284=LINE('',#9876,#1891);
#1285=LINE('',#9879,#1892);
#1286=LINE('',#9881,#1893);
#1287=LINE('',#9882,#1894);
#1288=LINE('',#9889,#1895);
#1289=LINE('',#9893,#1896);
#1290=LINE('',#9895,#1897);
#1291=LINE('',#9898,#1898);
#1292=LINE('',#9902,#1899);
#1293=LINE('',#9905,#1900);
#1294=LINE('',#9909,#1901);
#1295=LINE('',#9912,#1902);
#1296=LINE('',#9913,#1903);
#1297=LINE('',#9918,#1904);
#1298=LINE('',#9923,#1905);
#1299=LINE('',#9925,#1906);
#1300=LINE('',#9926,#1907);
#1301=LINE('',#9932,#1908);
#1302=LINE('',#9935,#1909);
#1303=LINE('',#9940,#1910);
#1304=LINE('',#9942,#1911);
#1305=LINE('',#9944,#1912);
#1306=LINE('',#9945,#1913);
#1307=LINE('',#9952,#1914);
#1308=LINE('',#9955,#1915);
#1309=LINE('',#9960,#1916);
#1310=LINE('',#9962,#1917);
#1311=LINE('',#9964,#1918);
#1312=LINE('',#9965,#1919);
#1313=LINE('',#9972,#1920);
#1314=LINE('',#9975,#1921);
#1315=LINE('',#9980,#1922);
#1316=LINE('',#9982,#1923);
#1317=LINE('',#9984,#1924);
#1318=LINE('',#9985,#1925);
#1319=LINE('',#9992,#1926);
#1320=LINE('',#9995,#1927);
#1321=LINE('',#10000,#1928);
#1322=LINE('',#10002,#1929);
#1323=LINE('',#10004,#1930);
#1324=LINE('',#10005,#1931);
#1325=LINE('',#10012,#1932);
#1326=LINE('',#10015,#1933);
#1327=LINE('',#10021,#1934);
#1328=LINE('',#10028,#1935);
#1329=LINE('',#10030,#1936);
#1330=LINE('',#10033,#1937);
#1331=LINE('',#10037,#1938);
#1332=LINE('',#10040,#1939);
#1333=LINE('',#10041,#1940);
#1334=LINE('',#10047,#1941);
#1335=LINE('',#10051,#1942);
#1336=LINE('',#10054,#1943);
#1337=LINE('',#10055,#1944);
#1338=LINE('',#10061,#1945);
#1339=LINE('',#10064,#1946);
#1340=LINE('',#10067,#1947);
#1341=LINE('',#10070,#1948);
#1342=LINE('',#10072,#1949);
#1343=LINE('',#10075,#1950);
#1344=LINE('',#10078,#1951);
#1345=LINE('',#10080,#1952);
#1346=LINE('',#10082,#1953);
#1347=LINE('',#10084,#1954);
#1348=LINE('',#10097,#1955);
#1349=LINE('',#10099,#1956);
#1350=LINE('',#10101,#1957);
#1351=LINE('',#10103,#1958);
#1352=LINE('',#10104,#1959);
#1353=LINE('',#10111,#1960);
#1354=LINE('',#10114,#1961);
#1355=LINE('',#10117,#1962);
#1356=LINE('',#10119,#1963);
#1357=LINE('',#10121,#1964);
#1358=LINE('',#10123,#1965);
#1359=LINE('',#10125,#1966);
#1360=LINE('',#10127,#1967);
#1361=LINE('',#10128,#1968);
#1362=LINE('',#10135,#1969);
#1363=LINE('',#10138,#1970);
#1364=LINE('',#10141,#1971);
#1365=LINE('',#10143,#1972);
#1366=LINE('',#10145,#1973);
#1367=LINE('',#10146,#1974);
#1368=LINE('',#10180,#1975);
#1369=LINE('',#10184,#1976);
#1370=LINE('',#10186,#1977);
#1371=LINE('',#10188,#1978);
#1372=LINE('',#10189,#1979);
#1373=LINE('',#10194,#1980);
#1374=LINE('',#10200,#1981);
#1375=LINE('',#10203,#1982);
#1376=LINE('',#10204,#1983);
#1377=LINE('',#10210,#1984);
#1378=LINE('',#10213,#1985);
#1379=LINE('',#10215,#1986);
#1380=LINE('',#10216,#1987);
#1381=LINE('',#10222,#1988);
#1382=LINE('',#10225,#1989);
#1383=LINE('',#10227,#1990);
#1384=LINE('',#10228,#1991);
#1385=LINE('',#10233,#1992);
#1386=LINE('',#10239,#1993);
#1387=LINE('',#10242,#1994);
#1388=LINE('',#10244,#1995);
#1389=LINE('',#10246,#1996);
#1390=LINE('',#10248,#1997);
#1391=LINE('',#10249,#1998);
#1392=LINE('',#10252,#1999);
#1393=LINE('',#10253,#2000);
#1394=LINE('',#10256,#2001);
#1395=LINE('',#10260,#2002);
#1396=LINE('',#10261,#2003);
#1397=LINE('',#10264,#2004);
#1398=LINE('',#10268,#2005);
#1399=LINE('',#10269,#2006);
#1400=LINE('',#10272,#2007);
#1401=LINE('',#10276,#2008);
#1402=LINE('',#10277,#2009);
#1403=LINE('',#10280,#2010);
#1404=LINE('',#10284,#2011);
#1405=LINE('',#10285,#2012);
#1406=LINE('',#10288,#2013);
#1407=LINE('',#10291,#2014);
#1408=LINE('',#10298,#2015);
#1409=LINE('',#10300,#2016);
#1410=LINE('',#10301,#2017);
#1411=LINE('',#10305,#2018);
#1412=LINE('',#10309,#2019);
#1413=LINE('',#10310,#2020);
#1414=LINE('',#10315,#2021);
#1415=LINE('',#10319,#2022);
#1416=LINE('',#10322,#2023);
#1417=LINE('',#10327,#2024);
#1418=LINE('',#10328,#2025);
#1419=LINE('',#10346,#2026);
#1420=LINE('',#10350,#2027);
#1421=LINE('',#10354,#2028);
#1422=LINE('',#10370,#2029);
#1423=LINE('',#10374,#2030);
#1424=LINE('',#10379,#2031);
#1425=LINE('',#10383,#2032);
#1426=LINE('',#10387,#2033);
#1427=LINE('',#10391,#2034);
#1428=LINE('',#10393,#2035);
#1429=LINE('',#10394,#2036);
#1430=LINE('',#10398,#2037);
#1431=LINE('',#10404,#2038);
#1432=LINE('',#10405,#2039);
#1433=LINE('',#10406,#2040);
#1434=LINE('',#10410,#2041);
#1435=LINE('',#10415,#2042);
#1436=LINE('',#10417,#2043);
#1437=LINE('',#10418,#2044);
#1438=LINE('',#10422,#2045);
#1439=LINE('',#10427,#2046);
#1440=LINE('',#10429,#2047);
#1441=LINE('',#10430,#2048);
#1442=LINE('',#10434,#2049);
#1443=LINE('',#10438,#2050);
#1444=LINE('',#10439,#2051);
#1445=LINE('',#10444,#2052);
#1446=LINE('',#10447,#2053);
#1447=LINE('',#10454,#2054);
#1448=LINE('',#10456,#2055);
#1449=LINE('',#10457,#2056);
#1450=LINE('',#10460,#2057);
#1451=LINE('',#10464,#2058);
#1452=LINE('',#10467,#2059);
#1453=LINE('',#10470,#2060);
#1454=LINE('',#10473,#2061);
#1455=LINE('',#10478,#2062);
#1456=LINE('',#10482,#2063);
#1457=LINE('',#10484,#2064);
#1458=LINE('',#10488,#2065);
#1459=LINE('',#10492,#2066);
#1460=LINE('',#10498,#2067);
#1461=LINE('',#10502,#2068);
#1462=LINE('',#10506,#2069);
#1463=LINE('',#10510,#2070);
#1464=LINE('',#10514,#2071);
#1465=LINE('',#10518,#2072);
#1466=LINE('',#10522,#2073);
#1467=LINE('',#10528,#2074);
#1468=LINE('',#10532,#2075);
#1469=LINE('',#10536,#2076);
#1470=LINE('',#10543,#2077);
#1471=LINE('',#10547,#2078);
#1472=LINE('',#10551,#2079);
#1473=LINE('',#10554,#2080);
#1474=LINE('',#10555,#2081);
#1475=LINE('',#10558,#2082);
#1476=LINE('',#10562,#2083);
#1477=LINE('',#10563,#2084);
#1478=LINE('',#10566,#2085);
#1479=LINE('',#10570,#2086);
#1480=LINE('',#10571,#2087);
#1481=LINE('',#10573,#2088);
#1482=LINE('',#10576,#2089);
#1483=LINE('',#10578,#2090);
#1484=LINE('',#10581,#2091);
#1485=LINE('',#10585,#2092);
#1486=LINE('',#10586,#2093);
#1487=LINE('',#10589,#2094);
#1488=LINE('',#10593,#2095);
#1489=LINE('',#10594,#2096);
#1490=LINE('',#10597,#2097);
#1491=LINE('',#10601,#2098);
#1492=LINE('',#10602,#2099);
#1493=LINE('',#10604,#2100);
#1494=LINE('',#10607,#2101);
#1495=LINE('',#10610,#2102);
#1496=LINE('',#10614,#2103);
#1497=LINE('',#10615,#2104);
#1498=LINE('',#10618,#2105);
#1499=LINE('',#10622,#2106);
#1500=LINE('',#10623,#2107);
#1501=LINE('',#10626,#2108);
#1502=LINE('',#10630,#2109);
#1503=LINE('',#10631,#2110);
#1504=LINE('',#10633,#2111);
#1505=LINE('',#10636,#2112);
#1506=LINE('',#10638,#2113);
#1507=LINE('',#10641,#2114);
#1508=LINE('',#10645,#2115);
#1509=LINE('',#10646,#2116);
#1510=LINE('',#10649,#2117);
#1511=LINE('',#10652,#2118);
#1512=LINE('',#10654,#2119);
#1513=LINE('',#10656,#2120);
#1514=LINE('',#10658,#2121);
#1515=LINE('',#10659,#2122);
#1516=LINE('',#10661,#2123);
#1517=LINE('',#10663,#2124);
#1518=LINE('',#10667,#2125);
#1519=LINE('',#10670,#2126);
#1520=LINE('',#10672,#2127);
#1521=LINE('',#10674,#2128);
#1522=LINE('',#10676,#2129);
#1523=LINE('',#10678,#2130);
#1524=LINE('',#10680,#2131);
#1525=LINE('',#10682,#2132);
#1526=LINE('',#10683,#2133);
#1527=LINE('',#10686,#2134);
#1528=LINE('',#10690,#2135);
#1529=LINE('',#10691,#2136);
#1530=LINE('',#10694,#2137);
#1531=LINE('',#10697,#2138);
#1532=LINE('',#10699,#2139);
#1533=LINE('',#10701,#2140);
#1534=LINE('',#10703,#2141);
#1535=LINE('',#10705,#2142);
#1536=LINE('',#10707,#2143);
#1537=LINE('',#10709,#2144);
#1538=LINE('',#10710,#2145);
#1539=LINE('',#10713,#2146);
#1540=LINE('',#10716,#2147);
#1541=LINE('',#10718,#2148);
#1542=LINE('',#10720,#2149);
#1543=LINE('',#10722,#2150);
#1544=LINE('',#10724,#2151);
#1545=LINE('',#10726,#2152);
#1546=LINE('',#10728,#2153);
#1547=LINE('',#10729,#2154);
#1548=LINE('',#10732,#2155);
#1549=LINE('',#10736,#2156);
#1550=LINE('',#10737,#2157);
#1551=LINE('',#10740,#2158);
#1552=LINE('',#10743,#2159);
#1553=LINE('',#10745,#2160);
#1554=LINE('',#10747,#2161);
#1555=LINE('',#10749,#2162);
#1556=LINE('',#10751,#2163);
#1557=LINE('',#10753,#2164);
#1558=LINE('',#10755,#2165);
#1559=LINE('',#10756,#2166);
#1560=LINE('',#10760,#2167);
#1561=LINE('',#10764,#2168);
#1562=LINE('',#10765,#2169);
#1563=LINE('',#10768,#2170);
#1564=LINE('',#10771,#2171);
#1565=LINE('',#10773,#2172);
#1566=LINE('',#10775,#2173);
#1567=LINE('',#10777,#2174);
#1568=LINE('',#10779,#2175);
#1569=LINE('',#10781,#2176);
#1570=LINE('',#10785,#2177);
#1571=LINE('',#10791,#2178);
#1572=LINE('',#10794,#2179);
#1573=LINE('',#10796,#2180);
#1574=LINE('',#10799,#2181);
#1575=LINE('',#10802,#2182);
#1576=LINE('',#10803,#2183);
#1577=LINE('',#10809,#2184);
#1578=LINE('',#10812,#2185);
#1579=LINE('',#10815,#2186);
#1580=LINE('',#10819,#2187);
#1581=LINE('',#10822,#2188);
#1582=LINE('',#10823,#2189);
#1583=LINE('',#10829,#2190);
#1584=LINE('',#10832,#2191);
#1585=LINE('',#10835,#2192);
#1586=LINE('',#10839,#2193);
#1587=LINE('',#10842,#2194);
#1588=LINE('',#10843,#2195);
#1589=LINE('',#10849,#2196);
#1590=LINE('',#10852,#2197);
#1591=LINE('',#10855,#2198);
#1592=LINE('',#10859,#2199);
#1593=LINE('',#10862,#2200);
#1594=LINE('',#10863,#2201);
#1595=LINE('',#10869,#2202);
#1596=LINE('',#10872,#2203);
#1597=LINE('',#10875,#2204);
#1598=LINE('',#10879,#2205);
#1599=LINE('',#10884,#2206);
#1600=LINE('',#10888,#2207);
#1601=LINE('',#10890,#2208);
#1602=LINE('',#10891,#2209);
#1603=LINE('',#10898,#2210);
#1604=LINE('',#10902,#2211);
#1605=LINE('',#10904,#2212);
#1606=LINE('',#10909,#2213);
#1607=LINE('',#10911,#2214);
#1608=LINE('',#10916,#2215);
#1609=LINE('',#10918,#2216);
#1610=LINE('',#10921,#2217);
#1611=LINE('',#10922,#2218);
#1612=LINE('',#10928,#2219);
#1613=LINE('',#10932,#2220);
#1614=LINE('',#10934,#2221);
#1615=LINE('',#10935,#2222);
#1616=LINE('',#10940,#2223);
#1617=LINE('',#10945,#2224);
#1618=LINE('',#10949,#2225);
#1619=LINE('',#10951,#2226);
#1620=LINE('',#10953,#2227);
#1621=LINE('',#10954,#2228);
#1622=LINE('',#10959,#2229);
#1623=LINE('',#10965,#2230);
#1624=LINE('',#10969,#2231);
#1625=LINE('',#10971,#2232);
#1626=LINE('',#10973,#2233);
#1627=LINE('',#10974,#2234);
#1628=LINE('',#10979,#2235);
#1629=LINE('',#10985,#2236);
#1630=LINE('',#10989,#2237);
#1631=LINE('',#10991,#2238);
#1632=LINE('',#10993,#2239);
#1633=LINE('',#10994,#2240);
#1634=LINE('',#10999,#2241);
#1635=LINE('',#11005,#2242);
#1636=LINE('',#11009,#2243);
#1637=LINE('',#11011,#2244);
#1638=LINE('',#11013,#2245);
#1639=LINE('',#11014,#2246);
#1640=LINE('',#11019,#2247);
#1641=LINE('',#11025,#2248);
#1642=LINE('',#11031,#2249);
#1643=LINE('',#11036,#2250);
#1644=LINE('',#11039,#2251);
#1645=LINE('',#11044,#2252);
#1646=LINE('',#11046,#2253);
#1647=LINE('',#11049,#2254);
#1648=LINE('',#11050,#2255);
#1649=LINE('',#11058,#2256);
#1650=LINE('',#11060,#2257);
#1651=LINE('',#11063,#2258);
#1652=LINE('',#11064,#2259);
#1653=LINE('',#11071,#2260);
#1654=LINE('',#11073,#2261);
#1655=LINE('',#11075,#2262);
#1656=LINE('',#11076,#2263);
#1657=LINE('',#11079,#2264);
#1658=LINE('',#11080,#2265);
#1659=LINE('',#11084,#2266);
#1660=LINE('',#11086,#2267);
#1661=VECTOR('',#7145,10.);
#1662=VECTOR('',#7148,10.);
#1663=VECTOR('',#7151,10.);
#1664=VECTOR('',#7154,10.);
#1665=VECTOR('',#7155,10.);
#1666=VECTOR('',#7156,10.);
#1667=VECTOR('',#7157,10.);
#1668=VECTOR('',#7158,10.);
#1669=VECTOR('',#7159,10.);
#1670=VECTOR('',#7160,10.);
#1671=VECTOR('',#7165,10.);
#1672=VECTOR('',#7168,10.);
#1673=VECTOR('',#7173,10.);
#1674=VECTOR('',#7174,10.);
#1675=VECTOR('',#7175,10.);
#1676=VECTOR('',#7176,10.);
#1677=VECTOR('',#7179,10.);
#1678=VECTOR('',#7184,10.);
#1679=VECTOR('',#7185,10.);
#1680=VECTOR('',#7186,10.);
#1681=VECTOR('',#7187,3.);
#1682=VECTOR('',#7194,10.);
#1683=VECTOR('',#7201,10.);
#1684=VECTOR('',#7204,10.);
#1685=VECTOR('',#7205,10.);
#1686=VECTOR('',#7210,10.);
#1687=VECTOR('',#7215,10.);
#1688=VECTOR('',#7216,10.);
#1689=VECTOR('',#7217,10.);
#1690=VECTOR('',#7222,10.);
#1691=VECTOR('',#7229,10.);
#1692=VECTOR('',#7232,10.);
#1693=VECTOR('',#7239,1.5);
#1694=VECTOR('',#7242,10.);
#1695=VECTOR('',#7243,10.);
#1696=VECTOR('',#7244,10.);
#1697=VECTOR('',#7245,10.);
#1698=VECTOR('',#7246,10.);
#1699=VECTOR('',#7249,10.);
#1700=VECTOR('',#7252,10.);
#1701=VECTOR('',#7255,10.);
#1702=VECTOR('',#7256,10.);
#1703=VECTOR('',#7261,10.);
#1704=VECTOR('',#7264,10.);
#1705=VECTOR('',#7265,10.);
#1706=VECTOR('',#7270,10.);
#1707=VECTOR('',#7273,10.);
#1708=VECTOR('',#7274,10.);
#1709=VECTOR('',#7279,10.);
#1710=VECTOR('',#7282,10.);
#1711=VECTOR('',#7283,10.);
#1712=VECTOR('',#7288,10.);
#1713=VECTOR('',#7293,10.);
#1714=VECTOR('',#7294,10.);
#1715=VECTOR('',#7295,10.);
#1716=VECTOR('',#7298,10.);
#1717=VECTOR('',#7307,10.);
#1718=VECTOR('',#7308,10.);
#1719=VECTOR('',#7317,10.);
#1720=VECTOR('',#7320,10.);
#1721=VECTOR('',#7323,10.);
#1722=VECTOR('',#7328,10.);
#1723=VECTOR('',#7335,10.);
#1724=VECTOR('',#7340,10.);
#1725=VECTOR('',#7343,10.);
#1726=VECTOR('',#7346,10.);
#1727=VECTOR('',#7351,10.);
#1728=VECTOR('',#7352,10.);
#1729=VECTOR('',#7353,10.);
#1730=VECTOR('',#7356,10.);
#1731=VECTOR('',#7363,10.);
#1732=VECTOR('',#7364,10.);
#1733=VECTOR('',#7365,10.);
#1734=VECTOR('',#7368,10.);
#1735=VECTOR('',#7375,10.);
#1736=VECTOR('',#7376,10.);
#1737=VECTOR('',#7377,10.);
#1738=VECTOR('',#7380,10.);
#1739=VECTOR('',#7387,10.);
#1740=VECTOR('',#7388,10.);
#1741=VECTOR('',#7389,10.);
#1742=VECTOR('',#7392,10.);
#1743=VECTOR('',#7399,10.);
#1744=VECTOR('',#7400,10.);
#1745=VECTOR('',#7401,10.);
#1746=VECTOR('',#7404,10.);
#1747=VECTOR('',#7409,10.);
#1748=VECTOR('',#7416,1.65);
#1749=VECTOR('',#7423,1.55);
#1750=VECTOR('',#7428,1.65);
#1751=VECTOR('',#7435,1.55);
#1752=VECTOR('',#7438,10.);
#1753=VECTOR('',#7441,10.);
#1754=VECTOR('',#7446,10.);
#1755=VECTOR('',#7447,10.);
#1756=VECTOR('',#7448,10.);
#1757=VECTOR('',#7451,10.);
#1758=VECTOR('',#7458,10.);
#1759=VECTOR('',#7459,10.);
#1760=VECTOR('',#7460,10.);
#1761=VECTOR('',#7463,10.);
#1762=VECTOR('',#7470,10.);
#1763=VECTOR('',#7471,10.);
#1764=VECTOR('',#7472,10.);
#1765=VECTOR('',#7475,10.);
#1766=VECTOR('',#7480,10.);
#1767=VECTOR('',#7487,10.);
#1768=VECTOR('',#7488,10.);
#1769=VECTOR('',#7489,10.);
#1770=VECTOR('',#7492,10.);
#1771=VECTOR('',#7499,10.);
#1772=VECTOR('',#7500,10.);
#1773=VECTOR('',#7501,10.);
#1774=VECTOR('',#7504,10.);
#1775=VECTOR('',#7511,10.);
#1776=VECTOR('',#7512,10.);
#1777=VECTOR('',#7513,10.);
#1778=VECTOR('',#7516,10.);
#1779=VECTOR('',#7523,10.);
#1780=VECTOR('',#7524,10.);
#1781=VECTOR('',#7527,10.);
#1782=VECTOR('',#7534,10.);
#1783=VECTOR('',#7535,10.);
#1784=VECTOR('',#7536,10.);
#1785=VECTOR('',#7539,10.);
#1786=VECTOR('',#7546,10.);
#1787=VECTOR('',#7547,10.);
#1788=VECTOR('',#7548,10.);
#1789=VECTOR('',#7551,10.);
#1790=VECTOR('',#7558,10.);
#1791=VECTOR('',#7559,10.);
#1792=VECTOR('',#7560,10.);
#1793=VECTOR('',#7563,10.);
#1794=VECTOR('',#7570,10.);
#1795=VECTOR('',#7575,10.);
#1796=VECTOR('',#7576,10.);
#1797=VECTOR('',#7579,10.);
#1798=VECTOR('',#7586,10.);
#1799=VECTOR('',#7587,10.);
#1800=VECTOR('',#7588,10.);
#1801=VECTOR('',#7591,10.);
#1802=VECTOR('',#7598,10.);
#1803=VECTOR('',#7599,10.);
#1804=VECTOR('',#7602,10.);
#1805=VECTOR('',#7603,10.);
#1806=VECTOR('',#7606,10.);
#1807=VECTOR('',#7609,10.);
#1808=VECTOR('',#7610,10.);
#1809=VECTOR('',#7617,10.);
#1810=VECTOR('',#7620,10.);
#1811=VECTOR('',#7623,10.);
#1812=VECTOR('',#7624,10.);
#1813=VECTOR('',#7625,10.);
#1814=VECTOR('',#7626,10.);
#1815=VECTOR('',#7627,10.);
#1816=VECTOR('',#7628,10.);
#1817=VECTOR('',#7629,10.);
#1818=VECTOR('',#7630,10.);
#1819=VECTOR('',#7635,10.);
#1820=VECTOR('',#7638,10.);
#1821=VECTOR('',#7639,10.);
#1822=VECTOR('',#7644,10.);
#1823=VECTOR('',#7647,10.);
#1824=VECTOR('',#7648,10.);
#1825=VECTOR('',#7649,10.);
#1826=VECTOR('',#7650,10.);
#1827=VECTOR('',#7651,10.);
#1828=VECTOR('',#7652,10.);
#1829=VECTOR('',#7653,10.);
#1830=VECTOR('',#7654,10.);
#1831=VECTOR('',#7659,10.);
#1832=VECTOR('',#7662,10.);
#1833=VECTOR('',#7663,10.);
#1834=VECTOR('',#7664,10.);
#1835=VECTOR('',#7665,10.);
#1836=VECTOR('',#7666,10.);
#1837=VECTOR('',#7667,10.);
#1838=VECTOR('',#7668,10.);
#1839=VECTOR('',#7669,10.);
#1840=VECTOR('',#7674,10.);
#1841=VECTOR('',#7677,10.);
#1842=VECTOR('',#7678,10.);
#1843=VECTOR('',#7683,10.);
#1844=VECTOR('',#7686,10.);
#1845=VECTOR('',#7687,10.);
#1846=VECTOR('',#7688,10.);
#1847=VECTOR('',#7689,10.);
#1848=VECTOR('',#7690,10.);
#1849=VECTOR('',#7691,10.);
#1850=VECTOR('',#7692,10.);
#1851=VECTOR('',#7693,10.);
#1852=VECTOR('',#7700,10.);
#1853=VECTOR('',#7703,10.);
#1854=VECTOR('',#7704,10.);
#1855=VECTOR('',#7709,10.);
#1856=VECTOR('',#7712,1.65);
#1857=VECTOR('',#7717,1.65);
#1858=VECTOR('',#7722,10.);
#1859=VECTOR('',#7725,10.);
#1860=VECTOR('',#7728,10.);
#1861=VECTOR('',#7729,10.);
#1862=VECTOR('',#7738,10.);
#1863=VECTOR('',#7743,10.);
#1864=VECTOR('',#7746,10.);
#1865=VECTOR('',#7749,10.);
#1866=VECTOR('',#7752,10.);
#1867=VECTOR('',#7755,10.);
#1868=VECTOR('',#7756,10.);
#1869=VECTOR('',#7761,10.);
#1870=VECTOR('',#7764,10.);
#1871=VECTOR('',#7767,10.);
#1872=VECTOR('',#7772,10.);
#1873=VECTOR('',#7775,10.);
#1874=VECTOR('',#7776,10.);
#1875=VECTOR('',#7781,10.);
#1876=VECTOR('',#7784,10.);
#1877=VECTOR('',#7787,10.);
#1878=VECTOR('',#7792,10.);
#1879=VECTOR('',#7795,10.);
#1880=VECTOR('',#7796,10.);
#1881=VECTOR('',#7801,10.);
#1882=VECTOR('',#7804,10.);
#1883=VECTOR('',#7807,10.);
#1884=VECTOR('',#7812,10.);
#1885=VECTOR('',#7815,10.);
#1886=VECTOR('',#7816,10.);
#1887=VECTOR('',#7821,10.);
#1888=VECTOR('',#7824,10.);
#1889=VECTOR('',#7827,10.);
#1890=VECTOR('',#7832,10.);
#1891=VECTOR('',#7839,10.);
#1892=VECTOR('',#7842,10.);
#1893=VECTOR('',#7843,10.);
#1894=VECTOR('',#7844,10.);
#1895=VECTOR('',#7855,10.);
#1896=VECTOR('',#7860,10.);
#1897=VECTOR('',#7863,10.);
#1898=VECTOR('',#7866,10.);
#1899=VECTOR('',#7873,10.);
#1900=VECTOR('',#7876,10.);
#1901=VECTOR('',#7883,10.);
#1902=VECTOR('',#7886,10.);
#1903=VECTOR('',#7887,10.);
#1904=VECTOR('',#7896,10.);
#1905=VECTOR('',#7903,10.);
#1906=VECTOR('',#7904,10.);
#1907=VECTOR('',#7905,10.);
#1908=VECTOR('',#7912,10.);
#1909=VECTOR('',#7915,10.);
#1910=VECTOR('',#7920,10.);
#1911=VECTOR('',#7921,10.);
#1912=VECTOR('',#7922,10.);
#1913=VECTOR('',#7923,10.);
#1914=VECTOR('',#7932,10.);
#1915=VECTOR('',#7935,10.);
#1916=VECTOR('',#7940,10.);
#1917=VECTOR('',#7941,10.);
#1918=VECTOR('',#7942,10.);
#1919=VECTOR('',#7943,10.);
#1920=VECTOR('',#7952,10.);
#1921=VECTOR('',#7955,10.);
#1922=VECTOR('',#7960,10.);
#1923=VECTOR('',#7961,10.);
#1924=VECTOR('',#7962,10.);
#1925=VECTOR('',#7963,10.);
#1926=VECTOR('',#7972,10.);
#1927=VECTOR('',#7975,10.);
#1928=VECTOR('',#7980,10.);
#1929=VECTOR('',#7981,10.);
#1930=VECTOR('',#7982,10.);
#1931=VECTOR('',#7983,10.);
#1932=VECTOR('',#7992,10.);
#1933=VECTOR('',#7995,10.);
#1934=VECTOR('',#8002,10.);
#1935=VECTOR('',#8011,10.);
#1936=VECTOR('',#8014,10.);
#1937=VECTOR('',#8017,10.);
#1938=VECTOR('',#8024,10.);
#1939=VECTOR('',#8027,10.);
#1940=VECTOR('',#8028,10.);
#1941=VECTOR('',#8037,10.);
#1942=VECTOR('',#8044,10.);
#1943=VECTOR('',#8047,10.);
#1944=VECTOR('',#8048,10.);
#1945=VECTOR('',#8057,10.);
#1946=VECTOR('',#8062,10.);
#1947=VECTOR('',#8065,10.);
#1948=VECTOR('',#8068,10.);
#1949=VECTOR('',#8071,10.);
#1950=VECTOR('',#8074,10.);
#1951=VECTOR('',#8077,10.);
#1952=VECTOR('',#8080,10.);
#1953=VECTOR('',#8083,10.);
#1954=VECTOR('',#8086,10.);
#1955=VECTOR('',#8109,10.);
#1956=VECTOR('',#8110,10.);
#1957=VECTOR('',#8111,10.);
#1958=VECTOR('',#8112,10.);
#1959=VECTOR('',#8113,10.);
#1960=VECTOR('',#8120,10.);
#1961=VECTOR('',#8123,10.);
#1962=VECTOR('',#8126,10.);
#1963=VECTOR('',#8127,10.);
#1964=VECTOR('',#8128,10.);
#1965=VECTOR('',#8129,10.);
#1966=VECTOR('',#8130,10.);
#1967=VECTOR('',#8131,10.);
#1968=VECTOR('',#8132,10.);
#1969=VECTOR('',#8139,10.);
#1970=VECTOR('',#8142,10.);
#1971=VECTOR('',#8145,10.);
#1972=VECTOR('',#8146,10.);
#1973=VECTOR('',#8147,10.);
#1974=VECTOR('',#8148,10.);
#1975=VECTOR('',#8153,10.);
#1976=VECTOR('',#8156,10.);
#1977=VECTOR('',#8157,3.);
#1978=VECTOR('',#8158,10.);
#1979=VECTOR('',#8159,10.);
#1980=VECTOR('',#8164,10.);
#1981=VECTOR('',#8171,10.);
#1982=VECTOR('',#8176,10.);
#1983=VECTOR('',#8177,10.);
#1984=VECTOR('',#8184,10.);
#1985=VECTOR('',#8187,10.);
#1986=VECTOR('',#8188,10.);
#1987=VECTOR('',#8189,10.);
#1988=VECTOR('',#8196,10.);
#1989=VECTOR('',#8199,10.);
#1990=VECTOR('',#8200,10.);
#1991=VECTOR('',#8201,10.);
#1992=VECTOR('',#8206,10.);
#1993=VECTOR('',#8213,1.5);
#1994=VECTOR('',#8218,10.);
#1995=VECTOR('',#8219,10.);
#1996=VECTOR('',#8220,10.);
#1997=VECTOR('',#8221,10.);
#1998=VECTOR('',#8222,10.);
#1999=VECTOR('',#8225,10.);
#2000=VECTOR('',#8226,10.);
#2001=VECTOR('',#8229,10.);
#2002=VECTOR('',#8234,10.);
#2003=VECTOR('',#8235,10.);
#2004=VECTOR('',#8238,10.);
#2005=VECTOR('',#8243,10.);
#2006=VECTOR('',#8244,10.);
#2007=VECTOR('',#8247,10.);
#2008=VECTOR('',#8252,10.);
#2009=VECTOR('',#8253,10.);
#2010=VECTOR('',#8256,10.);
#2011=VECTOR('',#8261,10.);
#2012=VECTOR('',#8262,10.);
#2013=VECTOR('',#8265,10.);
#2014=VECTOR('',#8270,10.);
#2015=VECTOR('',#8277,10.);
#2016=VECTOR('',#8278,10.);
#2017=VECTOR('',#8279,10.);
#2018=VECTOR('',#8282,10.);
#2019=VECTOR('',#8289,10.);
#2020=VECTOR('',#8290,10.);
#2021=VECTOR('',#8295,10.);
#2022=VECTOR('',#8298,10.);
#2023=VECTOR('',#8301,10.);
#2024=VECTOR('',#8306,10.);
#2025=VECTOR('',#8307,10.);
#2026=VECTOR('',#8316,10.);
#2027=VECTOR('',#8319,10.);
#2028=VECTOR('',#8322,10.);
#2029=VECTOR('',#8329,10.);
#2030=VECTOR('',#8334,10.);
#2031=VECTOR('',#8339,10.);
#2032=VECTOR('',#8342,10.);
#2033=VECTOR('',#8345,10.);
#2034=VECTOR('',#8350,10.);
#2035=VECTOR('',#8351,10.);
#2036=VECTOR('',#8352,10.);
#2037=VECTOR('',#8355,10.);
#2038=VECTOR('',#8362,10.);
#2039=VECTOR('',#8363,10.);
#2040=VECTOR('',#8364,10.);
#2041=VECTOR('',#8367,10.);
#2042=VECTOR('',#8374,10.);
#2043=VECTOR('',#8375,10.);
#2044=VECTOR('',#8376,10.);
#2045=VECTOR('',#8379,10.);
#2046=VECTOR('',#8386,10.);
#2047=VECTOR('',#8387,10.);
#2048=VECTOR('',#8388,10.);
#2049=VECTOR('',#8391,10.);
#2050=VECTOR('',#8398,10.);
#2051=VECTOR('',#8399,10.);
#2052=VECTOR('',#8404,10.);
#2053=VECTOR('',#8407,10.);
#2054=VECTOR('',#8414,10.);
#2055=VECTOR('',#8415,10.);
#2056=VECTOR('',#8416,10.);
#2057=VECTOR('',#8419,10.);
#2058=VECTOR('',#8424,10.);
#2059=VECTOR('',#8429,10.);
#2060=VECTOR('',#8432,10.);
#2061=VECTOR('',#8435,10.);
#2062=VECTOR('',#8440,1.65);
#2063=VECTOR('',#8445,10.);
#2064=VECTOR('',#8446,10.);
#2065=VECTOR('',#8449,10.);
#2066=VECTOR('',#8452,10.);
#2067=VECTOR('',#8457,10.);
#2068=VECTOR('',#8460,10.);
#2069=VECTOR('',#8463,10.);
#2070=VECTOR('',#8466,10.);
#2071=VECTOR('',#8469,10.);
#2072=VECTOR('',#8472,10.);
#2073=VECTOR('',#8475,10.);
#2074=VECTOR('',#8480,10.);
#2075=VECTOR('',#8483,10.);
#2076=VECTOR('',#8486,10.);
#2077=VECTOR('',#8495,1.55);
#2078=VECTOR('',#8500,1.65);
#2079=VECTOR('',#8505,1.55);
#2080=VECTOR('',#8508,10.);
#2081=VECTOR('',#8509,10.);
#2082=VECTOR('',#8512,10.);
#2083=VECTOR('',#8517,10.);
#2084=VECTOR('',#8518,10.);
#2085=VECTOR('',#8521,10.);
#2086=VECTOR('',#8526,10.);
#2087=VECTOR('',#8527,10.);
#2088=VECTOR('',#8530,10.);
#2089=VECTOR('',#8535,10.);
#2090=VECTOR('',#8538,10.);
#2091=VECTOR('',#8541,10.);
#2092=VECTOR('',#8546,10.);
#2093=VECTOR('',#8547,10.);
#2094=VECTOR('',#8550,10.);
#2095=VECTOR('',#8555,10.);
#2096=VECTOR('',#8556,10.);
#2097=VECTOR('',#8559,10.);
#2098=VECTOR('',#8564,10.);
#2099=VECTOR('',#8565,10.);
#2100=VECTOR('',#8568,10.);
#2101=VECTOR('',#8573,10.);
#2102=VECTOR('',#8576,10.);
#2103=VECTOR('',#8581,10.);
#2104=VECTOR('',#8582,10.);
#2105=VECTOR('',#8585,10.);
#2106=VECTOR('',#8590,10.);
#2107=VECTOR('',#8591,10.);
#2108=VECTOR('',#8594,10.);
#2109=VECTOR('',#8599,10.);
#2110=VECTOR('',#8600,10.);
#2111=VECTOR('',#8603,10.);
#2112=VECTOR('',#8608,10.);
#2113=VECTOR('',#8611,10.);
#2114=VECTOR('',#8614,10.);
#2115=VECTOR('',#8619,10.);
#2116=VECTOR('',#8620,10.);
#2117=VECTOR('',#8623,10.);
#2118=VECTOR('',#8628,10.);
#2119=VECTOR('',#8631,10.);
#2120=VECTOR('',#8634,10.);
#2121=VECTOR('',#8637,10.);
#2122=VECTOR('',#8638,10.);
#2123=VECTOR('',#8641,10.);
#2124=VECTOR('',#8644,10.);
#2125=VECTOR('',#8651,10.);
#2126=VECTOR('',#8654,10.);
#2127=VECTOR('',#8655,10.);
#2128=VECTOR('',#8656,10.);
#2129=VECTOR('',#8657,10.);
#2130=VECTOR('',#8658,10.);
#2131=VECTOR('',#8659,10.);
#2132=VECTOR('',#8660,10.);
#2133=VECTOR('',#8661,10.);
#2134=VECTOR('',#8664,10.);
#2135=VECTOR('',#8669,10.);
#2136=VECTOR('',#8670,10.);
#2137=VECTOR('',#8673,10.);
#2138=VECTOR('',#8678,10.);
#2139=VECTOR('',#8679,10.);
#2140=VECTOR('',#8680,10.);
#2141=VECTOR('',#8681,10.);
#2142=VECTOR('',#8682,10.);
#2143=VECTOR('',#8683,10.);
#2144=VECTOR('',#8684,10.);
#2145=VECTOR('',#8685,10.);
#2146=VECTOR('',#8690,10.);
#2147=VECTOR('',#8693,10.);
#2148=VECTOR('',#8694,10.);
#2149=VECTOR('',#8695,10.);
#2150=VECTOR('',#8696,10.);
#2151=VECTOR('',#8697,10.);
#2152=VECTOR('',#8698,10.);
#2153=VECTOR('',#8699,10.);
#2154=VECTOR('',#8700,10.);
#2155=VECTOR('',#8703,10.);
#2156=VECTOR('',#8708,10.);
#2157=VECTOR('',#8709,10.);
#2158=VECTOR('',#8712,10.);
#2159=VECTOR('',#8717,10.);
#2160=VECTOR('',#8718,10.);
#2161=VECTOR('',#8719,10.);
#2162=VECTOR('',#8720,10.);
#2163=VECTOR('',#8721,10.);
#2164=VECTOR('',#8722,10.);
#2165=VECTOR('',#8723,10.);
#2166=VECTOR('',#8724,10.);
#2167=VECTOR('',#8729,10.);
#2168=VECTOR('',#8734,10.);
#2169=VECTOR('',#8735,10.);
#2170=VECTOR('',#8738,10.);
#2171=VECTOR('',#8743,10.);
#2172=VECTOR('',#8746,1.65);
#2173=VECTOR('',#8749,1.65);
#2174=VECTOR('',#8752,10.);
#2175=VECTOR('',#8755,10.);
#2176=VECTOR('',#8758,10.);
#2177=VECTOR('',#8765,10.);
#2178=VECTOR('',#8770,10.);
#2179=VECTOR('',#8773,10.);
#2180=VECTOR('',#8776,10.);
#2181=VECTOR('',#8779,10.);
#2182=VECTOR('',#8782,10.);
#2183=VECTOR('',#8783,10.);
#2184=VECTOR('',#8788,10.);
#2185=VECTOR('',#8791,10.);
#2186=VECTOR('',#8794,10.);
#2187=VECTOR('',#8799,10.);
#2188=VECTOR('',#8802,10.);
#2189=VECTOR('',#8803,10.);
#2190=VECTOR('',#8808,10.);
#2191=VECTOR('',#8811,10.);
#2192=VECTOR('',#8814,10.);
#2193=VECTOR('',#8819,10.);
#2194=VECTOR('',#8822,10.);
#2195=VECTOR('',#8823,10.);
#2196=VECTOR('',#8828,10.);
#2197=VECTOR('',#8831,10.);
#2198=VECTOR('',#8834,10.);
#2199=VECTOR('',#8839,10.);
#2200=VECTOR('',#8842,10.);
#2201=VECTOR('',#8843,10.);
#2202=VECTOR('',#8848,10.);
#2203=VECTOR('',#8851,10.);
#2204=VECTOR('',#8854,10.);
#2205=VECTOR('',#8859,10.);
#2206=VECTOR('',#8864,10.);
#2207=VECTOR('',#8869,10.);
#2208=VECTOR('',#8870,10.);
#2209=VECTOR('',#8871,10.);
#2210=VECTOR('',#8882,10.);
#2211=VECTOR('',#8887,10.);
#2212=VECTOR('',#8890,10.);
#2213=VECTOR('',#8897,10.);
#2214=VECTOR('',#8900,10.);
#2215=VECTOR('',#8907,10.);
#2216=VECTOR('',#8910,10.);
#2217=VECTOR('',#8913,10.);
#2218=VECTOR('',#8914,10.);
#2219=VECTOR('',#8925,10.);
#2220=VECTOR('',#8930,10.);
#2221=VECTOR('',#8931,10.);
#2222=VECTOR('',#8932,10.);
#2223=VECTOR('',#8937,10.);
#2224=VECTOR('',#8944,10.);
#2225=VECTOR('',#8947,10.);
#2226=VECTOR('',#8948,10.);
#2227=VECTOR('',#8949,10.);
#2228=VECTOR('',#8950,10.);
#2229=VECTOR('',#8955,10.);
#2230=VECTOR('',#8964,10.);
#2231=VECTOR('',#8967,10.);
#2232=VECTOR('',#8968,10.);
#2233=VECTOR('',#8969,10.);
#2234=VECTOR('',#8970,10.);
#2235=VECTOR('',#8975,10.);
#2236=VECTOR('',#8984,10.);
#2237=VECTOR('',#8987,10.);
#2238=VECTOR('',#8988,10.);
#2239=VECTOR('',#8989,10.);
#2240=VECTOR('',#8990,10.);
#2241=VECTOR('',#8995,10.);
#2242=VECTOR('',#9004,10.);
#2243=VECTOR('',#9007,10.);
#2244=VECTOR('',#9008,10.);
#2245=VECTOR('',#9009,10.);
#2246=VECTOR('',#9010,10.);
#2247=VECTOR('',#9015,10.);
#2248=VECTOR('',#9024,10.);
#2249=VECTOR('',#9031,10.);
#2250=VECTOR('',#9036,10.);
#2251=VECTOR('',#9041,10.);
#2252=VECTOR('',#9048,10.);
#2253=VECTOR('',#9051,10.);
#2254=VECTOR('',#9054,10.);
#2255=VECTOR('',#9055,10.);
#2256=VECTOR('',#9068,10.);
#2257=VECTOR('',#9071,10.);
#2258=VECTOR('',#9074,10.);
#2259=VECTOR('',#9075,10.);
#2260=VECTOR('',#9086,10.);
#2261=VECTOR('',#9089,10.);
#2262=VECTOR('',#9092,10.);
#2263=VECTOR('',#9093,10.);
#2264=VECTOR('',#9098,10.);
#2265=VECTOR('',#9099,10.);
#2266=VECTOR('',#9106,10.);
#2267=VECTOR('',#9109,10.);
#2268=CIRCLE('',#6449,1.5);
#2269=CIRCLE('',#6450,1.5);
#2270=CIRCLE('',#6451,1.5);
#2271=CIRCLE('',#6454,1.5);
#2272=CIRCLE('',#6455,1.5);
#2273=CIRCLE('',#6456,1.5);
#2274=CIRCLE('',#6459,0.550000000000002);
#2275=CIRCLE('',#6463,3.);
#2276=CIRCLE('',#6466,1.5);
#2277=CIRCLE('',#6469,1.6);
#2278=CIRCLE('',#6470,1.6);
#2279=CIRCLE('',#6473,1.6);
#2280=CIRCLE('',#6474,1.6);
#2281=CIRCLE('',#6477,1.5);
#2282=CIRCLE('',#6480,1.5);
#2283=CIRCLE('',#6483,1.29999999999999);
#2284=CIRCLE('',#6486,1.3);
#2285=CIRCLE('',#6489,0.300000000000025);
#2286=CIRCLE('',#6492,1.8);
#2287=CIRCLE('',#6495,1.8);
#2288=CIRCLE('',#6499,1.4);
#2289=CIRCLE('',#6500,1.2);
#2290=CIRCLE('',#6504,1.3);
#2291=CIRCLE('',#6506,0.4);
#2292=CIRCLE('',#6507,0.6);
#2293=CIRCLE('',#6508,0.6);
#2294=CIRCLE('',#6509,0.4);
#2295=CIRCLE('',#6511,1.3);
#2296=CIRCLE('',#6515,0.4);
#2297=CIRCLE('',#6516,0.6);
#2298=CIRCLE('',#6517,0.6);
#2299=CIRCLE('',#6518,0.4);
#2300=CIRCLE('',#6521,1.3);
#2301=CIRCLE('',#6522,1.5);
#2302=CIRCLE('',#6525,0.200000000000001);
#2303=CIRCLE('',#6526,0.4);
#2304=CIRCLE('',#6529,1.8);
#2305=CIRCLE('',#6530,1.6);
#2306=CIRCLE('',#6533,1.8);
#2307=CIRCLE('',#6534,1.6);
#2308=CIRCLE('',#6537,1.7);
#2309=CIRCLE('',#6539,1.3);
#2310=CIRCLE('',#6541,1.55);
#2311=CIRCLE('',#6542,1.75);
#2312=CIRCLE('',#6544,1.55);
#2313=CIRCLE('',#6546,1.55);
#2314=CIRCLE('',#6547,1.75);
#2315=CIRCLE('',#6549,1.55);
#2316=CIRCLE('',#6551,1.4);
#2317=CIRCLE('',#6552,1.2);
#2318=CIRCLE('',#6555,1.3);
#2319=CIRCLE('',#6556,1.5);
#2320=CIRCLE('',#6559,1.3);
#2321=CIRCLE('',#6560,1.5);
#2322=CIRCLE('',#6563,1.3);
#2323=CIRCLE('',#6565,0.199999999999999);
#2324=CIRCLE('',#6566,0.4);
#2325=CIRCLE('',#6569,0.800000000000001);
#2326=CIRCLE('',#6570,0.6);
#2327=CIRCLE('',#6573,0.8);
#2328=CIRCLE('',#6574,0.6);
#2329=CIRCLE('',#6577,0.2);
#2330=CIRCLE('',#6578,0.4);
#2331=CIRCLE('',#6581,0.2);
#2332=CIRCLE('',#6582,0.4);
#2333=CIRCLE('',#6585,0.800000000000001);
#2334=CIRCLE('',#6586,0.6);
#2335=CIRCLE('',#6589,0.800000000000001);
#2336=CIRCLE('',#6590,0.6);
#2337=CIRCLE('',#6593,0.199999999999999);
#2338=CIRCLE('',#6594,0.4);
#2339=CIRCLE('',#6596,1.3);
#2340=CIRCLE('',#6599,1.3);
#2341=CIRCLE('',#6600,1.5);
#2342=CIRCLE('',#6603,3.2);
#2343=CIRCLE('',#6604,3.);
#2344=CIRCLE('',#6610,1.5);
#2345=CIRCLE('',#6615,0.6);
#2346=CIRCLE('',#6618,0.6);
#2347=CIRCLE('',#6624,0.6);
#2348=CIRCLE('',#6627,0.6);
#2349=CIRCLE('',#6631,1.5);
#2350=CIRCLE('',#6634,3.);
#2351=CIRCLE('',#6636,1.75);
#2352=CIRCLE('',#6638,1.75);
#2353=CIRCLE('',#6640,3.2);
#2354=CIRCLE('',#6643,1.3);
#2355=CIRCLE('',#6645,0.4);
#2356=CIRCLE('',#6647,0.6);
#2357=CIRCLE('',#6648,0.6);
#2358=CIRCLE('',#6650,0.6);
#2359=CIRCLE('',#6653,0.6);
#2360=CIRCLE('',#6654,0.6);
#2361=CIRCLE('',#6656,0.6);
#2362=CIRCLE('',#6657,0.6);
#2363=CIRCLE('',#6660,0.6);
#2364=CIRCLE('',#6661,0.6);
#2365=CIRCLE('',#6663,0.6);
#2366=CIRCLE('',#6664,0.6);
#2367=CIRCLE('',#6667,0.6);
#2368=CIRCLE('',#6668,0.6);
#2369=CIRCLE('',#6670,0.6);
#2370=CIRCLE('',#6671,0.6);
#2371=CIRCLE('',#6674,0.6);
#2372=CIRCLE('',#6675,0.6);
#2373=CIRCLE('',#6677,0.6);
#2374=CIRCLE('',#6678,0.6);
#2375=CIRCLE('',#6680,0.6);
#2376=CIRCLE('',#6681,0.6);
#2377=CIRCLE('',#6684,0.6);
#2378=CIRCLE('',#6686,0.6);
#2379=CIRCLE('',#6688,0.6);
#2380=CIRCLE('',#6689,0.6);
#2381=CIRCLE('',#6692,0.6);
#2382=CIRCLE('',#6693,0.6);
#2383=CIRCLE('',#6696,0.6);
#2384=CIRCLE('',#6697,0.6);
#2385=CIRCLE('',#6701,0.6);
#2386=CIRCLE('',#6702,0.6);
#2387=CIRCLE('',#6704,0.6);
#2388=CIRCLE('',#6708,0.6);
#2389=CIRCLE('',#6709,0.6);
#2390=CIRCLE('',#6711,0.6);
#2391=CIRCLE('',#6714,0.6);
#2392=CIRCLE('',#6715,0.6);
#2393=CIRCLE('',#6716,0.6);
#2394=CIRCLE('',#6718,0.6);
#2395=CIRCLE('',#6721,0.6);
#2396=CIRCLE('',#6722,0.6);
#2397=CIRCLE('',#6723,0.6);
#2398=CIRCLE('',#6725,0.6);
#2399=CIRCLE('',#6728,0.6);
#2400=CIRCLE('',#6729,0.6);
#2401=CIRCLE('',#6730,0.6);
#2402=CIRCLE('',#6732,0.6);
#2403=CIRCLE('',#6735,0.6);
#2404=CIRCLE('',#6736,0.6);
#2405=CIRCLE('',#6737,0.6);
#2406=CIRCLE('',#6739,0.6);
#2407=CIRCLE('',#6741,0.6);
#2408=CIRCLE('',#6742,0.6);
#2409=CIRCLE('',#6744,0.6);
#2410=CIRCLE('',#6745,0.6);
#2411=CIRCLE('',#6748,0.6);
#2412=CIRCLE('',#6749,0.6);
#2413=CIRCLE('',#6753,0.6);
#2414=CIRCLE('',#6754,0.6);
#2415=CIRCLE('',#6756,0.6);
#2416=CIRCLE('',#6757,0.6);
#2417=CIRCLE('',#6761,0.6);
#2418=CIRCLE('',#6762,0.6);
#2419=CIRCLE('',#6764,0.6);
#2420=CIRCLE('',#6767,1.6);
#2421=CIRCLE('',#6770,1.6);
#2422=CIRCLE('',#6786,1.5);
#2423=CIRCLE('',#6787,1.5);
#2424=CIRCLE('',#6788,1.5);
#2425=CIRCLE('',#6791,1.5);
#2426=CIRCLE('',#6792,1.5);
#2427=CIRCLE('',#6793,1.5);
#2428=CIRCLE('',#6796,0.550000000000002);
#2429=CIRCLE('',#6800,3.);
#2430=CIRCLE('',#6803,1.5);
#2431=CIRCLE('',#6806,1.6);
#2432=CIRCLE('',#6807,1.6);
#2433=CIRCLE('',#6810,1.6);
#2434=CIRCLE('',#6811,1.6);
#2435=CIRCLE('',#6815,1.5);
#2436=CIRCLE('',#6818,1.5);
#2437=CIRCLE('',#6822,1.29999999999999);
#2438=CIRCLE('',#6825,1.3);
#2439=CIRCLE('',#6828,0.300000000000025);
#2440=CIRCLE('',#6831,1.8);
#2441=CIRCLE('',#6834,1.8);
#2442=CIRCLE('',#6840,1.2);
#2443=CIRCLE('',#6841,1.4);
#2444=CIRCLE('',#6844,0.4);
#2445=CIRCLE('',#6845,1.6);
#2446=CIRCLE('',#6846,1.6);
#2447=CIRCLE('',#6850,1.3);
#2448=CIRCLE('',#6852,0.4);
#2449=CIRCLE('',#6853,0.6);
#2450=CIRCLE('',#6854,0.6);
#2451=CIRCLE('',#6855,0.4);
#2452=CIRCLE('',#6857,1.3);
#2453=CIRCLE('',#6861,0.4);
#2454=CIRCLE('',#6862,0.6);
#2455=CIRCLE('',#6863,0.6);
#2456=CIRCLE('',#6864,0.4);
#2457=CIRCLE('',#6867,1.5);
#2458=CIRCLE('',#6868,1.3);
#2459=CIRCLE('',#6871,0.4);
#2460=CIRCLE('',#6872,0.200000000000001);
#2461=CIRCLE('',#6875,1.6);
#2462=CIRCLE('',#6876,1.8);
#2463=CIRCLE('',#6879,1.6);
#2464=CIRCLE('',#6880,1.8);
#2465=CIRCLE('',#6883,1.3);
#2466=CIRCLE('',#6884,3.2);
#2467=CIRCLE('',#6885,1.75);
#2468=CIRCLE('',#6886,1.75);
#2469=CIRCLE('',#6889,1.7);
#2470=CIRCLE('',#6891,1.3);
#2471=CIRCLE('',#6894,1.5);
#2472=CIRCLE('',#6896,1.55);
#2473=CIRCLE('',#6897,1.75);
#2474=CIRCLE('',#6899,3.2);
#2475=CIRCLE('',#6900,1.3);
#2476=CIRCLE('',#6901,1.3);
#2477=CIRCLE('',#6902,0.199999999999999);
#2478=CIRCLE('',#6903,0.800000000000001);
#2479=CIRCLE('',#6904,0.800000000000001);
#2480=CIRCLE('',#6905,0.2);
#2481=CIRCLE('',#6906,0.2);
#2482=CIRCLE('',#6907,0.8);
#2483=CIRCLE('',#6908,0.800000000000001);
#2484=CIRCLE('',#6909,0.199999999999999);
#2485=CIRCLE('',#6910,1.3);
#2486=CIRCLE('',#6911,1.3);
#2487=CIRCLE('',#6912,1.3);
#2488=CIRCLE('',#6913,1.4);
#2489=CIRCLE('',#6914,1.75);
#2490=CIRCLE('',#6916,1.55);
#2491=CIRCLE('',#6918,1.55);
#2492=CIRCLE('',#6920,1.55);
#2493=CIRCLE('',#6923,1.2);
#2494=CIRCLE('',#6926,1.5);
#2495=CIRCLE('',#6929,1.5);
#2496=CIRCLE('',#6933,0.4);
#2497=CIRCLE('',#6936,0.6);
#2498=CIRCLE('',#6939,0.6);
#2499=CIRCLE('',#6942,0.4);
#2500=CIRCLE('',#6945,0.4);
#2501=CIRCLE('',#6948,0.6);
#2502=CIRCLE('',#6951,0.6);
#2503=CIRCLE('',#6954,0.4);
#2504=CIRCLE('',#6958,1.5);
#2505=CIRCLE('',#6961,3.);
#2506=CIRCLE('',#6973,0.6);
#2507=CIRCLE('',#6976,0.6);
#2508=CIRCLE('',#6982,0.6);
#2509=CIRCLE('',#6985,0.6);
#2510=CIRCLE('',#6989,1.5);
#2511=CIRCLE('',#6992,3.);
#2512=CIRCLE('',#7003,0.6);
#2513=CIRCLE('',#7004,0.6);
#2514=CIRCLE('',#7006,0.6);
#2515=CIRCLE('',#7009,0.6);
#2516=CIRCLE('',#7010,0.6);
#2517=CIRCLE('',#7012,0.6);
#2518=CIRCLE('',#7013,0.6);
#2519=CIRCLE('',#7016,0.6);
#2520=CIRCLE('',#7017,0.6);
#2521=CIRCLE('',#7019,0.6);
#2522=CIRCLE('',#7020,0.6);
#2523=CIRCLE('',#7023,0.6);
#2524=CIRCLE('',#7024,0.6);
#2525=CIRCLE('',#7026,0.6);
#2526=CIRCLE('',#7027,0.6);
#2527=CIRCLE('',#7030,0.6);
#2528=CIRCLE('',#7031,0.6);
#2529=CIRCLE('',#7033,0.6);
#2530=CIRCLE('',#7034,0.6);
#2531=CIRCLE('',#7036,0.6);
#2532=CIRCLE('',#7037,0.6);
#2533=CIRCLE('',#7040,0.6);
#2534=CIRCLE('',#7042,0.6);
#2535=CIRCLE('',#7044,0.6);
#2536=CIRCLE('',#7045,0.6);
#2537=CIRCLE('',#7048,0.6);
#2538=CIRCLE('',#7049,0.6);
#2539=CIRCLE('',#7052,0.6);
#2540=CIRCLE('',#7053,0.6);
#2541=CIRCLE('',#7057,0.6);
#2542=CIRCLE('',#7058,0.6);
#2543=CIRCLE('',#7060,0.6);
#2544=CIRCLE('',#7064,0.6);
#2545=CIRCLE('',#7065,0.6);
#2546=CIRCLE('',#7067,0.6);
#2547=CIRCLE('',#7070,0.6);
#2548=CIRCLE('',#7071,0.6);
#2549=CIRCLE('',#7072,0.6);
#2550=CIRCLE('',#7074,0.6);
#2551=CIRCLE('',#7077,0.6);
#2552=CIRCLE('',#7078,0.6);
#2553=CIRCLE('',#7079,0.6);
#2554=CIRCLE('',#7081,0.6);
#2555=CIRCLE('',#7084,0.6);
#2556=CIRCLE('',#7085,0.6);
#2557=CIRCLE('',#7086,0.6);
#2558=CIRCLE('',#7088,0.6);
#2559=CIRCLE('',#7091,0.6);
#2560=CIRCLE('',#7092,0.6);
#2561=CIRCLE('',#7093,0.6);
#2562=CIRCLE('',#7095,0.6);
#2563=CIRCLE('',#7097,0.6);
#2564=CIRCLE('',#7098,0.6);
#2565=CIRCLE('',#7100,0.6);
#2566=CIRCLE('',#7101,0.6);
#2567=CIRCLE('',#7104,0.6);
#2568=CIRCLE('',#7105,0.6);
#2569=CIRCLE('',#7109,0.6);
#2570=CIRCLE('',#7110,0.6);
#2571=CIRCLE('',#7112,0.6);
#2572=CIRCLE('',#7113,0.6);
#2573=CIRCLE('',#7117,0.6);
#2574=CIRCLE('',#7118,0.6);
#2575=CIRCLE('',#7120,0.6);
#2576=VERTEX_POINT('',#9132);
#2577=VERTEX_POINT('',#9133);
#2578=VERTEX_POINT('',#9135);
#2579=VERTEX_POINT('',#9137);
#2580=VERTEX_POINT('',#9139);
#2581=VERTEX_POINT('',#9141);
#2582=VERTEX_POINT('',#9145);
#2583=VERTEX_POINT('',#9147);
#2584=VERTEX_POINT('',#9149);
#2585=VERTEX_POINT('',#9151);
#2586=VERTEX_POINT('',#9153);
#2587=VERTEX_POINT('',#9155);
#2588=VERTEX_POINT('',#9159);
#2589=VERTEX_POINT('',#9161);
#2590=VERTEX_POINT('',#9163);
#2591=VERTEX_POINT('',#9165);
#2592=VERTEX_POINT('',#9169);
#2593=VERTEX_POINT('',#9171);
#2594=VERTEX_POINT('',#9173);
#2595=VERTEX_POINT('',#9177);
#2596=VERTEX_POINT('',#9196);
#2597=VERTEX_POINT('',#9198);
#2598=VERTEX_POINT('',#9211);
#2599=VERTEX_POINT('',#9212);
#2600=VERTEX_POINT('',#9214);
#2601=VERTEX_POINT('',#9216);
#2602=VERTEX_POINT('',#9220);
#2603=VERTEX_POINT('',#9222);
#2604=VERTEX_POINT('',#9226);
#2605=VERTEX_POINT('',#9228);
#2606=VERTEX_POINT('',#9235);
#2607=VERTEX_POINT('',#9237);
#2608=VERTEX_POINT('',#9241);
#2609=VERTEX_POINT('',#9243);
#2610=VERTEX_POINT('',#9247);
#2611=VERTEX_POINT('',#9249);
#2612=VERTEX_POINT('',#9253);
#2613=VERTEX_POINT('',#9254);
#2614=VERTEX_POINT('',#9256);
#2615=VERTEX_POINT('',#9258);
#2616=VERTEX_POINT('',#9262);
#2617=VERTEX_POINT('',#9264);
#2618=VERTEX_POINT('',#9269);
#2619=VERTEX_POINT('',#9271);
#2620=VERTEX_POINT('',#9273);
#2621=VERTEX_POINT('',#9277);
#2622=VERTEX_POINT('',#9279);
#2623=VERTEX_POINT('',#9283);
#2624=VERTEX_POINT('',#9287);
#2625=VERTEX_POINT('',#9291);
#2626=VERTEX_POINT('',#9295);
#2627=VERTEX_POINT('',#9299);
#2628=VERTEX_POINT('',#9303);
#2629=VERTEX_POINT('',#9307);
#2630=VERTEX_POINT('',#9311);
#2631=VERTEX_POINT('',#9315);
#2632=VERTEX_POINT('',#9316);
#2633=VERTEX_POINT('',#9318);
#2634=VERTEX_POINT('',#9320);
#2635=VERTEX_POINT('',#9324);
#2636=VERTEX_POINT('',#9325);
#2637=VERTEX_POINT('',#9330);
#2638=VERTEX_POINT('',#9332);
#2639=VERTEX_POINT('',#9336);
#2640=VERTEX_POINT('',#9349);
#2641=VERTEX_POINT('',#9351);
#2642=VERTEX_POINT('',#9353);
#2643=VERTEX_POINT('',#9355);
#2644=VERTEX_POINT('',#9357);
#2645=VERTEX_POINT('',#9359);
#2646=VERTEX_POINT('',#9363);
#2647=VERTEX_POINT('',#9374);
#2648=VERTEX_POINT('',#9378);
#2649=VERTEX_POINT('',#9382);
#2650=VERTEX_POINT('',#9384);
#2651=VERTEX_POINT('',#9386);
#2652=VERTEX_POINT('',#9388);
#2653=VERTEX_POINT('',#9390);
#2654=VERTEX_POINT('',#9392);
#2655=VERTEX_POINT('',#9396);
#2656=VERTEX_POINT('',#9398);
#2657=VERTEX_POINT('',#9402);
#2658=VERTEX_POINT('',#9403);
#2659=VERTEX_POINT('',#9408);
#2660=VERTEX_POINT('',#9409);
#2661=VERTEX_POINT('',#9414);
#2662=VERTEX_POINT('',#9415);
#2663=VERTEX_POINT('',#9420);
#2664=VERTEX_POINT('',#9422);
#2665=VERTEX_POINT('',#9426);
#2666=VERTEX_POINT('',#9427);
#2667=VERTEX_POINT('',#9432);
#2668=VERTEX_POINT('',#9434);
#2669=VERTEX_POINT('',#9438);
#2670=VERTEX_POINT('',#9439);
#2671=VERTEX_POINT('',#9444);
#2672=VERTEX_POINT('',#9446);
#2673=VERTEX_POINT('',#9450);
#2674=VERTEX_POINT('',#9454);
#2675=VERTEX_POINT('',#9458);
#2676=VERTEX_POINT('',#9460);
#2677=VERTEX_POINT('',#9464);
#2678=VERTEX_POINT('',#9468);
#2679=VERTEX_POINT('',#9470);
#2680=VERTEX_POINT('',#9474);
#2681=VERTEX_POINT('',#9478);
#2682=VERTEX_POINT('',#9479);
#2683=VERTEX_POINT('',#9481);
#2684=VERTEX_POINT('',#9483);
#2685=VERTEX_POINT('',#9487);
#2686=VERTEX_POINT('',#9488);
#2687=VERTEX_POINT('',#9493);
#2688=VERTEX_POINT('',#9494);
#2689=VERTEX_POINT('',#9499);
#2690=VERTEX_POINT('',#9500);
#2691=VERTEX_POINT('',#9505);
#2692=VERTEX_POINT('',#9506);
#2693=VERTEX_POINT('',#9511);
#2694=VERTEX_POINT('',#9516);
#2695=VERTEX_POINT('',#9520);
#2696=VERTEX_POINT('',#9521);
#2697=VERTEX_POINT('',#9526);
#2698=VERTEX_POINT('',#9528);
#2699=VERTEX_POINT('',#9532);
#2700=VERTEX_POINT('',#9533);
#2701=VERTEX_POINT('',#9538);
#2702=VERTEX_POINT('',#9540);
#2703=VERTEX_POINT('',#9544);
#2704=VERTEX_POINT('',#9545);
#2705=VERTEX_POINT('',#9550);
#2706=VERTEX_POINT('',#9552);
#2707=VERTEX_POINT('',#9556);
#2708=VERTEX_POINT('',#9561);
#2709=VERTEX_POINT('',#9565);
#2710=VERTEX_POINT('',#9566);
#2711=VERTEX_POINT('',#9571);
#2712=VERTEX_POINT('',#9573);
#2713=VERTEX_POINT('',#9577);
#2714=VERTEX_POINT('',#9578);
#2715=VERTEX_POINT('',#9583);
#2716=VERTEX_POINT('',#9585);
#2717=VERTEX_POINT('',#9589);
#2718=VERTEX_POINT('',#9590);
#2719=VERTEX_POINT('',#9595);
#2720=VERTEX_POINT('',#9597);
#2721=VERTEX_POINT('',#9601);
#2722=VERTEX_POINT('',#9606);
#2723=VERTEX_POINT('',#9610);
#2724=VERTEX_POINT('',#9614);
#2725=VERTEX_POINT('',#9615);
#2726=VERTEX_POINT('',#9620);
#2727=VERTEX_POINT('',#9622);
#2728=VERTEX_POINT('',#9626);
#2729=VERTEX_POINT('',#9627);
#2730=VERTEX_POINT('',#9640);
#2731=VERTEX_POINT('',#9644);
#2732=VERTEX_POINT('',#9646);
#2733=VERTEX_POINT('',#9652);
#2734=VERTEX_POINT('',#9654);
#2735=VERTEX_POINT('',#9656);
#2736=VERTEX_POINT('',#9658);
#2737=VERTEX_POINT('',#9660);
#2738=VERTEX_POINT('',#9662);
#2739=VERTEX_POINT('',#9664);
#2740=VERTEX_POINT('',#9668);
#2741=VERTEX_POINT('',#9672);
#2742=VERTEX_POINT('',#9676);
#2743=VERTEX_POINT('',#9680);
#2744=VERTEX_POINT('',#9682);
#2745=VERTEX_POINT('',#9684);
#2746=VERTEX_POINT('',#9686);
#2747=VERTEX_POINT('',#9688);
#2748=VERTEX_POINT('',#9690);
#2749=VERTEX_POINT('',#9698);
#2750=VERTEX_POINT('',#9700);
#2751=VERTEX_POINT('',#9702);
#2752=VERTEX_POINT('',#9704);
#2753=VERTEX_POINT('',#9706);
#2754=VERTEX_POINT('',#9708);
#2755=VERTEX_POINT('',#9710);
#2756=VERTEX_POINT('',#9714);
#2757=VERTEX_POINT('',#9718);
#2758=VERTEX_POINT('',#9722);
#2759=VERTEX_POINT('',#9726);
#2760=VERTEX_POINT('',#9728);
#2761=VERTEX_POINT('',#9730);
#2762=VERTEX_POINT('',#9732);
#2763=VERTEX_POINT('',#9734);
#2764=VERTEX_POINT('',#9736);
#2765=VERTEX_POINT('',#9742);
#2766=VERTEX_POINT('',#9746);
#2767=VERTEX_POINT('',#9750);
#2768=VERTEX_POINT('',#9754);
#2769=VERTEX_POINT('',#9758);
#2770=VERTEX_POINT('',#9762);
#2771=VERTEX_POINT('',#9764);
#2772=VERTEX_POINT('',#9768);
#2773=VERTEX_POINT('',#9774);
#2774=VERTEX_POINT('',#9778);
#2775=VERTEX_POINT('',#9779);
#2776=VERTEX_POINT('',#9781);
#2777=VERTEX_POINT('',#9783);
#2778=VERTEX_POINT('',#9787);
#2779=VERTEX_POINT('',#9792);
#2780=VERTEX_POINT('',#9796);
#2781=VERTEX_POINT('',#9797);
#2782=VERTEX_POINT('',#9799);
#2783=VERTEX_POINT('',#9801);
#2784=VERTEX_POINT('',#9805);
#2785=VERTEX_POINT('',#9808);
#2786=VERTEX_POINT('',#9812);
#2787=VERTEX_POINT('',#9816);
#2788=VERTEX_POINT('',#9817);
#2789=VERTEX_POINT('',#9819);
#2790=VERTEX_POINT('',#9821);
#2791=VERTEX_POINT('',#9825);
#2792=VERTEX_POINT('',#9828);
#2793=VERTEX_POINT('',#9832);
#2794=VERTEX_POINT('',#9836);
#2795=VERTEX_POINT('',#9837);
#2796=VERTEX_POINT('',#9839);
#2797=VERTEX_POINT('',#9841);
#2798=VERTEX_POINT('',#9845);
#2799=VERTEX_POINT('',#9848);
#2800=VERTEX_POINT('',#9852);
#2801=VERTEX_POINT('',#9856);
#2802=VERTEX_POINT('',#9857);
#2803=VERTEX_POINT('',#9859);
#2804=VERTEX_POINT('',#9861);
#2805=VERTEX_POINT('',#9865);
#2806=VERTEX_POINT('',#9868);
#2807=VERTEX_POINT('',#9872);
#2808=VERTEX_POINT('',#9874);
#2809=VERTEX_POINT('',#9878);
#2810=VERTEX_POINT('',#9880);
#2811=VERTEX_POINT('',#9888);
#2812=VERTEX_POINT('',#9891);
#2813=VERTEX_POINT('',#9897);
#2814=VERTEX_POINT('',#9904);
#2815=VERTEX_POINT('',#9911);
#2816=VERTEX_POINT('',#9922);
#2817=VERTEX_POINT('',#9924);
#2818=VERTEX_POINT('',#9928);
#2819=VERTEX_POINT('',#9930);
#2820=VERTEX_POINT('',#9934);
#2821=VERTEX_POINT('',#9938);
#2822=VERTEX_POINT('',#9939);
#2823=VERTEX_POINT('',#9941);
#2824=VERTEX_POINT('',#9943);
#2825=VERTEX_POINT('',#9947);
#2826=VERTEX_POINT('',#9950);
#2827=VERTEX_POINT('',#9954);
#2828=VERTEX_POINT('',#9958);
#2829=VERTEX_POINT('',#9959);
#2830=VERTEX_POINT('',#9961);
#2831=VERTEX_POINT('',#9963);
#2832=VERTEX_POINT('',#9967);
#2833=VERTEX_POINT('',#9970);
#2834=VERTEX_POINT('',#9974);
#2835=VERTEX_POINT('',#9978);
#2836=VERTEX_POINT('',#9979);
#2837=VERTEX_POINT('',#9981);
#2838=VERTEX_POINT('',#9983);
#2839=VERTEX_POINT('',#9987);
#2840=VERTEX_POINT('',#9990);
#2841=VERTEX_POINT('',#9994);
#2842=VERTEX_POINT('',#9998);
#2843=VERTEX_POINT('',#9999);
#2844=VERTEX_POINT('',#10001);
#2845=VERTEX_POINT('',#10003);
#2846=VERTEX_POINT('',#10007);
#2847=VERTEX_POINT('',#10010);
#2848=VERTEX_POINT('',#10014);
#2849=VERTEX_POINT('',#10018);
#2850=VERTEX_POINT('',#10020);
#2851=VERTEX_POINT('',#10024);
#2852=VERTEX_POINT('',#10026);
#2853=VERTEX_POINT('',#10032);
#2854=VERTEX_POINT('',#10039);
#2855=VERTEX_POINT('',#10046);
#2856=VERTEX_POINT('',#10053);
#2857=VERTEX_POINT('',#10060);
#2858=VERTEX_POINT('',#10066);
#2859=VERTEX_POINT('',#10068);
#2860=VERTEX_POINT('',#10074);
#2861=VERTEX_POINT('',#10076);
#2862=VERTEX_POINT('',#10096);
#2863=VERTEX_POINT('',#10098);
#2864=VERTEX_POINT('',#10100);
#2865=VERTEX_POINT('',#10102);
#2866=VERTEX_POINT('',#10106);
#2867=VERTEX_POINT('',#10108);
#2868=VERTEX_POINT('',#10110);
#2869=VERTEX_POINT('',#10112);
#2870=VERTEX_POINT('',#10116);
#2871=VERTEX_POINT('',#10118);
#2872=VERTEX_POINT('',#10120);
#2873=VERTEX_POINT('',#10122);
#2874=VERTEX_POINT('',#10124);
#2875=VERTEX_POINT('',#10126);
#2876=VERTEX_POINT('',#10130);
#2877=VERTEX_POINT('',#10132);
#2878=VERTEX_POINT('',#10134);
#2879=VERTEX_POINT('',#10136);
#2880=VERTEX_POINT('',#10140);
#2881=VERTEX_POINT('',#10142);
#2882=VERTEX_POINT('',#10144);
#2883=VERTEX_POINT('',#10148);
#2884=VERTEX_POINT('',#10167);
#2885=VERTEX_POINT('',#10178);
#2886=VERTEX_POINT('',#10182);
#2887=VERTEX_POINT('',#10183);
#2888=VERTEX_POINT('',#10185);
#2889=VERTEX_POINT('',#10187);
#2890=VERTEX_POINT('',#10191);
#2891=VERTEX_POINT('',#10193);
#2892=VERTEX_POINT('',#10197);
#2893=VERTEX_POINT('',#10199);
#2894=VERTEX_POINT('',#10206);
#2895=VERTEX_POINT('',#10208);
#2896=VERTEX_POINT('',#10212);
#2897=VERTEX_POINT('',#10214);
#2898=VERTEX_POINT('',#10218);
#2899=VERTEX_POINT('',#10220);
#2900=VERTEX_POINT('',#10224);
#2901=VERTEX_POINT('',#10226);
#2902=VERTEX_POINT('',#10230);
#2903=VERTEX_POINT('',#10232);
#2904=VERTEX_POINT('',#10236);
#2905=VERTEX_POINT('',#10238);
#2906=VERTEX_POINT('',#10243);
#2907=VERTEX_POINT('',#10245);
#2908=VERTEX_POINT('',#10247);
#2909=VERTEX_POINT('',#10251);
#2910=VERTEX_POINT('',#10255);
#2911=VERTEX_POINT('',#10259);
#2912=VERTEX_POINT('',#10263);
#2913=VERTEX_POINT('',#10267);
#2914=VERTEX_POINT('',#10271);
#2915=VERTEX_POINT('',#10275);
#2916=VERTEX_POINT('',#10279);
#2917=VERTEX_POINT('',#10283);
#2918=VERTEX_POINT('',#10287);
#2919=VERTEX_POINT('',#10294);
#2920=VERTEX_POINT('',#10295);
#2921=VERTEX_POINT('',#10297);
#2922=VERTEX_POINT('',#10299);
#2923=VERTEX_POINT('',#10303);
#2924=VERTEX_POINT('',#10304);
#2925=VERTEX_POINT('',#10312);
#2926=VERTEX_POINT('',#10314);
#2927=VERTEX_POINT('',#10316);
#2928=VERTEX_POINT('',#10318);
#2929=VERTEX_POINT('',#10320);
#2930=VERTEX_POINT('',#10324);
#2931=VERTEX_POINT('',#10326);
#2932=VERTEX_POINT('',#10330);
#2933=VERTEX_POINT('',#10343);
#2934=VERTEX_POINT('',#10345);
#2935=VERTEX_POINT('',#10347);
#2936=VERTEX_POINT('',#10349);
#2937=VERTEX_POINT('',#10351);
#2938=VERTEX_POINT('',#10353);
#2939=VERTEX_POINT('',#10357);
#2940=VERTEX_POINT('',#10368);
#2941=VERTEX_POINT('',#10372);
#2942=VERTEX_POINT('',#10376);
#2943=VERTEX_POINT('',#10378);
#2944=VERTEX_POINT('',#10380);
#2945=VERTEX_POINT('',#10382);
#2946=VERTEX_POINT('',#10384);
#2947=VERTEX_POINT('',#10386);
#2948=VERTEX_POINT('',#10390);
#2949=VERTEX_POINT('',#10392);
#2950=VERTEX_POINT('',#10396);
#2951=VERTEX_POINT('',#10397);
#2952=VERTEX_POINT('',#10402);
#2953=VERTEX_POINT('',#10403);
#2954=VERTEX_POINT('',#10408);
#2955=VERTEX_POINT('',#10409);
#2956=VERTEX_POINT('',#10414);
#2957=VERTEX_POINT('',#10416);
#2958=VERTEX_POINT('',#10420);
#2959=VERTEX_POINT('',#10421);
#2960=VERTEX_POINT('',#10426);
#2961=VERTEX_POINT('',#10428);
#2962=VERTEX_POINT('',#10432);
#2963=VERTEX_POINT('',#10433);
#2964=VERTEX_POINT('',#10441);
#2965=VERTEX_POINT('',#10443);
#2966=VERTEX_POINT('',#10445);
#2967=VERTEX_POINT('',#10448);
#2968=VERTEX_POINT('',#10450);
#2969=VERTEX_POINT('',#10453);
#2970=VERTEX_POINT('',#10455);
#2971=VERTEX_POINT('',#10459);
#2972=VERTEX_POINT('',#10463);
#2973=VERTEX_POINT('',#10469);
#2974=VERTEX_POINT('',#10471);
#2975=VERTEX_POINT('',#10475);
#2976=VERTEX_POINT('',#10477);
#2977=VERTEX_POINT('',#10481);
#2978=VERTEX_POINT('',#10483);
#2979=VERTEX_POINT('',#10485);
#2980=VERTEX_POINT('',#10487);
#2981=VERTEX_POINT('',#10489);
#2982=VERTEX_POINT('',#10491);
#2983=VERTEX_POINT('',#10493);
#2984=VERTEX_POINT('',#10495);
#2985=VERTEX_POINT('',#10497);
#2986=VERTEX_POINT('',#10499);
#2987=VERTEX_POINT('',#10501);
#2988=VERTEX_POINT('',#10503);
#2989=VERTEX_POINT('',#10505);
#2990=VERTEX_POINT('',#10507);
#2991=VERTEX_POINT('',#10509);
#2992=VERTEX_POINT('',#10511);
#2993=VERTEX_POINT('',#10513);
#2994=VERTEX_POINT('',#10515);
#2995=VERTEX_POINT('',#10517);
#2996=VERTEX_POINT('',#10519);
#2997=VERTEX_POINT('',#10521);
#2998=VERTEX_POINT('',#10523);
#2999=VERTEX_POINT('',#10525);
#3000=VERTEX_POINT('',#10527);
#3001=VERTEX_POINT('',#10529);
#3002=VERTEX_POINT('',#10531);
#3003=VERTEX_POINT('',#10533);
#3004=VERTEX_POINT('',#10535);
#3005=VERTEX_POINT('',#10538);
#3006=VERTEX_POINT('',#10541);
#3007=VERTEX_POINT('',#10545);
#3008=VERTEX_POINT('',#10549);
#3009=VERTEX_POINT('',#10553);
#3010=VERTEX_POINT('',#10557);
#3011=VERTEX_POINT('',#10561);
#3012=VERTEX_POINT('',#10565);
#3013=VERTEX_POINT('',#10569);
#3014=VERTEX_POINT('',#10580);
#3015=VERTEX_POINT('',#10584);
#3016=VERTEX_POINT('',#10588);
#3017=VERTEX_POINT('',#10592);
#3018=VERTEX_POINT('',#10596);
#3019=VERTEX_POINT('',#10600);
#3020=VERTEX_POINT('',#10609);
#3021=VERTEX_POINT('',#10613);
#3022=VERTEX_POINT('',#10617);
#3023=VERTEX_POINT('',#10621);
#3024=VERTEX_POINT('',#10625);
#3025=VERTEX_POINT('',#10629);
#3026=VERTEX_POINT('',#10640);
#3027=VERTEX_POINT('',#10644);
#3028=VERTEX_POINT('',#10648);
#3029=VERTEX_POINT('',#10669);
#3030=VERTEX_POINT('',#10671);
#3031=VERTEX_POINT('',#10673);
#3032=VERTEX_POINT('',#10675);
#3033=VERTEX_POINT('',#10677);
#3034=VERTEX_POINT('',#10679);
#3035=VERTEX_POINT('',#10681);
#3036=VERTEX_POINT('',#10685);
#3037=VERTEX_POINT('',#10689);
#3038=VERTEX_POINT('',#10693);
#3039=VERTEX_POINT('',#10698);
#3040=VERTEX_POINT('',#10700);
#3041=VERTEX_POINT('',#10702);
#3042=VERTEX_POINT('',#10704);
#3043=VERTEX_POINT('',#10706);
#3044=VERTEX_POINT('',#10708);
#3045=VERTEX_POINT('',#10715);
#3046=VERTEX_POINT('',#10717);
#3047=VERTEX_POINT('',#10719);
#3048=VERTEX_POINT('',#10721);
#3049=VERTEX_POINT('',#10723);
#3050=VERTEX_POINT('',#10725);
#3051=VERTEX_POINT('',#10727);
#3052=VERTEX_POINT('',#10731);
#3053=VERTEX_POINT('',#10735);
#3054=VERTEX_POINT('',#10739);
#3055=VERTEX_POINT('',#10744);
#3056=VERTEX_POINT('',#10746);
#3057=VERTEX_POINT('',#10748);
#3058=VERTEX_POINT('',#10750);
#3059=VERTEX_POINT('',#10752);
#3060=VERTEX_POINT('',#10754);
#3061=VERTEX_POINT('',#10759);
#3062=VERTEX_POINT('',#10763);
#3063=VERTEX_POINT('',#10767);
#3064=VERTEX_POINT('',#10787);
#3065=VERTEX_POINT('',#10788);
#3066=VERTEX_POINT('',#10790);
#3067=VERTEX_POINT('',#10792);
#3068=VERTEX_POINT('',#10797);
#3069=VERTEX_POINT('',#10801);
#3070=VERTEX_POINT('',#10805);
#3071=VERTEX_POINT('',#10806);
#3072=VERTEX_POINT('',#10808);
#3073=VERTEX_POINT('',#10810);
#3074=VERTEX_POINT('',#10814);
#3075=VERTEX_POINT('',#10817);
#3076=VERTEX_POINT('',#10821);
#3077=VERTEX_POINT('',#10825);
#3078=VERTEX_POINT('',#10826);
#3079=VERTEX_POINT('',#10828);
#3080=VERTEX_POINT('',#10830);
#3081=VERTEX_POINT('',#10834);
#3082=VERTEX_POINT('',#10837);
#3083=VERTEX_POINT('',#10841);
#3084=VERTEX_POINT('',#10845);
#3085=VERTEX_POINT('',#10846);
#3086=VERTEX_POINT('',#10848);
#3087=VERTEX_POINT('',#10850);
#3088=VERTEX_POINT('',#10854);
#3089=VERTEX_POINT('',#10857);
#3090=VERTEX_POINT('',#10861);
#3091=VERTEX_POINT('',#10865);
#3092=VERTEX_POINT('',#10866);
#3093=VERTEX_POINT('',#10868);
#3094=VERTEX_POINT('',#10870);
#3095=VERTEX_POINT('',#10874);
#3096=VERTEX_POINT('',#10877);
#3097=VERTEX_POINT('',#10881);
#3098=VERTEX_POINT('',#10883);
#3099=VERTEX_POINT('',#10887);
#3100=VERTEX_POINT('',#10889);
#3101=VERTEX_POINT('',#10897);
#3102=VERTEX_POINT('',#10900);
#3103=VERTEX_POINT('',#10907);
#3104=VERTEX_POINT('',#10914);
#3105=VERTEX_POINT('',#10920);
#3106=VERTEX_POINT('',#10931);
#3107=VERTEX_POINT('',#10933);
#3108=VERTEX_POINT('',#10937);
#3109=VERTEX_POINT('',#10939);
#3110=VERTEX_POINT('',#10943);
#3111=VERTEX_POINT('',#10947);
#3112=VERTEX_POINT('',#10948);
#3113=VERTEX_POINT('',#10950);
#3114=VERTEX_POINT('',#10952);
#3115=VERTEX_POINT('',#10956);
#3116=VERTEX_POINT('',#10958);
#3117=VERTEX_POINT('',#10963);
#3118=VERTEX_POINT('',#10967);
#3119=VERTEX_POINT('',#10968);
#3120=VERTEX_POINT('',#10970);
#3121=VERTEX_POINT('',#10972);
#3122=VERTEX_POINT('',#10976);
#3123=VERTEX_POINT('',#10978);
#3124=VERTEX_POINT('',#10983);
#3125=VERTEX_POINT('',#10987);
#3126=VERTEX_POINT('',#10988);
#3127=VERTEX_POINT('',#10990);
#3128=VERTEX_POINT('',#10992);
#3129=VERTEX_POINT('',#10996);
#3130=VERTEX_POINT('',#10998);
#3131=VERTEX_POINT('',#11003);
#3132=VERTEX_POINT('',#11007);
#3133=VERTEX_POINT('',#11008);
#3134=VERTEX_POINT('',#11010);
#3135=VERTEX_POINT('',#11012);
#3136=VERTEX_POINT('',#11016);
#3137=VERTEX_POINT('',#11018);
#3138=VERTEX_POINT('',#11023);
#3139=VERTEX_POINT('',#11027);
#3140=VERTEX_POINT('',#11029);
#3141=VERTEX_POINT('',#11033);
#3142=VERTEX_POINT('',#11035);
#3143=VERTEX_POINT('',#11042);
#3144=VERTEX_POINT('',#11048);
#3145=VERTEX_POINT('',#11056);
#3146=VERTEX_POINT('',#11062);
#3147=VERTEX_POINT('',#11069);
#3148=EDGE_CURVE('',#2576,#2577,#2268,.T.);
#3149=EDGE_CURVE('',#2578,#2577,#1054,.T.);
#3150=EDGE_CURVE('',#2578,#2579,#2269,.T.);
#3151=EDGE_CURVE('',#2579,#2580,#1055,.T.);
#3152=EDGE_CURVE('',#2580,#2581,#2270,.T.);
#3153=EDGE_CURVE('',#2576,#2581,#1056,.T.);
#3154=EDGE_CURVE('',#2577,#2582,#1057,.T.);
#3155=EDGE_CURVE('',#2582,#2583,#1058,.T.);
#3156=EDGE_CURVE('',#2583,#2584,#1059,.T.);
#3157=EDGE_CURVE('',#2584,#2585,#1060,.T.);
#3158=EDGE_CURVE('',#2585,#2586,#1061,.T.);
#3159=EDGE_CURVE('',#2586,#2587,#1062,.T.);
#3160=EDGE_CURVE('',#2587,#2578,#1063,.T.);
#3161=EDGE_CURVE('',#2582,#2588,#2271,.T.);
#3162=EDGE_CURVE('',#2589,#2588,#1064,.T.);
#3163=EDGE_CURVE('',#2589,#2590,#2272,.T.);
#3164=EDGE_CURVE('',#2590,#2591,#1065,.T.);
#3165=EDGE_CURVE('',#2591,#2583,#2273,.T.);
#3166=EDGE_CURVE('',#2588,#2592,#1066,.T.);
#3167=EDGE_CURVE('',#2593,#2592,#1067,.T.);
#3168=EDGE_CURVE('',#2593,#2594,#1068,.T.);
#3169=EDGE_CURVE('',#2594,#2589,#1069,.T.);
#3170=EDGE_CURVE('',#2592,#2595,#109,.T.);
#3171=EDGE_CURVE('',#2595,#2596,#1070,.T.);
#3172=EDGE_CURVE('',#2597,#2596,#2274,.T.);
#3173=EDGE_CURVE('',#2593,#2597,#110,.F.);
#3174=EDGE_CURVE('',#2598,#2599,#1071,.T.);
#3175=EDGE_CURVE('',#2599,#2600,#1072,.T.);
#3176=EDGE_CURVE('',#2601,#2600,#1073,.T.);
#3177=EDGE_CURVE('',#2601,#2598,#1074,.T.);
#3178=EDGE_CURVE('',#2602,#2598,#93,.T.);
#3179=EDGE_CURVE('',#2601,#2603,#2275,.T.);
#3180=EDGE_CURVE('',#2603,#2602,#1075,.T.);
#3181=EDGE_CURVE('',#2604,#2602,#94,.T.);
#3182=EDGE_CURVE('',#2605,#2603,#2276,.F.);
#3183=EDGE_CURVE('',#2604,#2605,#1076,.T.);
#3184=EDGE_CURVE('',#2595,#2604,#1077,.T.);
#3185=EDGE_CURVE('',#2596,#2605,#1078,.T.);
#3186=EDGE_CURVE('',#2599,#2606,#2277,.T.);
#3187=EDGE_CURVE('',#2607,#2606,#1079,.T.);
#3188=EDGE_CURVE('',#2607,#2600,#2278,.T.);
#3189=EDGE_CURVE('',#2606,#2608,#1080,.T.);
#3190=EDGE_CURVE('',#2608,#2609,#1081,.T.);
#3191=EDGE_CURVE('',#2607,#2609,#1082,.T.);
#3192=EDGE_CURVE('',#2608,#2610,#2279,.T.);
#3193=EDGE_CURVE('',#2611,#2610,#1083,.T.);
#3194=EDGE_CURVE('',#2611,#2609,#2280,.T.);
#3195=EDGE_CURVE('',#2612,#2613,#95,.T.);
#3196=EDGE_CURVE('',#2614,#2613,#1084,.T.);
#3197=EDGE_CURVE('',#2614,#2615,#2281,.T.);
#3198=EDGE_CURVE('',#2612,#2615,#1085,.T.);
#3199=EDGE_CURVE('',#2616,#2612,#96,.T.);
#3200=EDGE_CURVE('',#2615,#2617,#2282,.T.);
#3201=EDGE_CURVE('',#2616,#2617,#1086,.T.);
#3202=EDGE_CURVE('',#2610,#2616,#1087,.T.);
#3203=EDGE_CURVE('',#2617,#2618,#1088,.T.);
#3204=EDGE_CURVE('',#2618,#2619,#1089,.T.);
#3205=EDGE_CURVE('',#2619,#2620,#1090,.F.);
#3206=EDGE_CURVE('',#2611,#2620,#1091,.T.);
#3207=EDGE_CURVE('',#2576,#2621,#1092,.T.);
#3208=EDGE_CURVE('',#2621,#2622,#2283,.T.);
#3209=EDGE_CURVE('',#2577,#2622,#1093,.T.);
#3210=EDGE_CURVE('',#2622,#2623,#1094,.T.);
#3211=EDGE_CURVE('',#2582,#2623,#1095,.T.);
#3212=EDGE_CURVE('',#2623,#2624,#2284,.T.);
#3213=EDGE_CURVE('',#2588,#2624,#1096,.T.);
#3214=EDGE_CURVE('',#2624,#2625,#1097,.T.);
#3215=EDGE_CURVE('',#2592,#2625,#1098,.T.);
#3216=EDGE_CURVE('',#2625,#2626,#2285,.T.);
#3217=EDGE_CURVE('',#2595,#2626,#1099,.T.);
#3218=EDGE_CURVE('',#2626,#2627,#1100,.T.);
#3219=EDGE_CURVE('',#2599,#2627,#1101,.T.);
#3220=EDGE_CURVE('',#2627,#2628,#2286,.T.);
#3221=EDGE_CURVE('',#2606,#2628,#1102,.T.);
#3222=EDGE_CURVE('',#2628,#2629,#1103,.T.);
#3223=EDGE_CURVE('',#2608,#2629,#1104,.T.);
#3224=EDGE_CURVE('',#2629,#2630,#2287,.T.);
#3225=EDGE_CURVE('',#2610,#2630,#1105,.T.);
#3226=EDGE_CURVE('',#2631,#2632,#97,.F.);
#3227=EDGE_CURVE('',#2633,#2631,#1106,.T.);
#3228=EDGE_CURVE('',#2634,#2633,#1107,.T.);
#3229=EDGE_CURVE('',#2632,#2634,#1108,.T.);
#3230=EDGE_CURVE('',#2635,#2636,#1109,.T.);
#3231=EDGE_CURVE('',#2634,#2635,#2288,.T.);
#3232=EDGE_CURVE('',#2636,#2633,#2289,.T.);
#3233=EDGE_CURVE('',#2584,#2637,#98,.F.);
#3234=EDGE_CURVE('',#2638,#2583,#1110,.T.);
#3235=EDGE_CURVE('',#2637,#2638,#1111,.T.);
#3236=EDGE_CURVE('',#2639,#2591,#111,.T.);
#3237=EDGE_CURVE('',#2638,#2639,#2290,.T.);
#3238=EDGE_CURVE('',#2639,#2640,#2291,.F.);
#3239=EDGE_CURVE('',#2640,#2641,#1112,.T.);
#3240=EDGE_CURVE('',#2641,#2642,#2292,.T.);
#3241=EDGE_CURVE('',#2643,#2642,#1113,.T.);
#3242=EDGE_CURVE('',#2644,#2643,#2293,.F.);
#3243=EDGE_CURVE('',#2644,#2645,#1114,.T.);
#3244=EDGE_CURVE('',#2645,#2637,#2294,.F.);
#3245=EDGE_CURVE('',#2579,#2646,#112,.T.);
#3246=EDGE_CURVE('',#2647,#2578,#1115,.T.);
#3247=EDGE_CURVE('',#2646,#2647,#2295,.T.);
#3248=EDGE_CURVE('',#2648,#2587,#99,.F.);
#3249=EDGE_CURVE('',#2647,#2648,#1116,.T.);
#3250=EDGE_CURVE('',#2648,#2649,#2296,.F.);
#3251=EDGE_CURVE('',#2649,#2650,#1117,.T.);
#3252=EDGE_CURVE('',#2650,#2651,#2297,.T.);
#3253=EDGE_CURVE('',#2652,#2651,#1118,.T.);
#3254=EDGE_CURVE('',#2653,#2652,#2298,.F.);
#3255=EDGE_CURVE('',#2653,#2654,#1119,.T.);
#3256=EDGE_CURVE('',#2654,#2646,#2299,.F.);
#3257=EDGE_CURVE('',#2655,#2619,#1120,.T.);
#3258=EDGE_CURVE('',#2656,#2655,#1121,.T.);
#3259=EDGE_CURVE('',#2620,#2656,#1122,.T.);
#3260=EDGE_CURVE('',#2657,#2658,#1123,.T.);
#3261=EDGE_CURVE('',#2656,#2657,#2300,.T.);
#3262=EDGE_CURVE('',#2658,#2655,#2301,.T.);
#3263=EDGE_CURVE('',#2659,#2660,#1124,.T.);
#3264=EDGE_CURVE('',#2657,#2659,#1125,.T.);
#3265=EDGE_CURVE('',#2660,#2658,#1126,.T.);
#3266=EDGE_CURVE('',#2661,#2662,#1127,.T.);
#3267=EDGE_CURVE('',#2659,#2661,#2302,.T.);
#3268=EDGE_CURVE('',#2662,#2660,#2303,.T.);
#3269=EDGE_CURVE('',#2663,#2662,#1128,.T.);
#3270=EDGE_CURVE('',#2664,#2663,#1129,.T.);
#3271=EDGE_CURVE('',#2661,#2664,#1130,.T.);
#3272=EDGE_CURVE('',#2665,#2666,#1131,.T.);
#3273=EDGE_CURVE('',#2664,#2665,#2304,.T.);
#3274=EDGE_CURVE('',#2666,#2663,#2305,.T.);
#3275=EDGE_CURVE('',#2667,#2666,#1132,.T.);
#3276=EDGE_CURVE('',#2668,#2667,#1133,.T.);
#3277=EDGE_CURVE('',#2665,#2668,#1134,.T.);
#3278=EDGE_CURVE('',#2669,#2670,#1135,.T.);
#3279=EDGE_CURVE('',#2668,#2669,#2306,.T.);
#3280=EDGE_CURVE('',#2670,#2667,#2307,.T.);
#3281=EDGE_CURVE('',#2618,#2671,#1136,.F.);
#3282=EDGE_CURVE('',#2672,#2617,#1137,.T.);
#3283=EDGE_CURVE('',#2671,#2672,#1138,.T.);
#3284=EDGE_CURVE('',#2673,#2615,#1139,.T.);
#3285=EDGE_CURVE('',#2672,#2673,#2308,.T.);
#3286=EDGE_CURVE('',#2674,#2614,#1140,.T.);
#3287=EDGE_CURVE('',#2673,#2674,#2309,.T.);
#3288=EDGE_CURVE('',#2675,#2675,#2310,.T.);
#3289=EDGE_CURVE('',#2675,#2676,#1141,.T.);
#3290=EDGE_CURVE('',#2676,#2676,#2311,.T.);
#3291=EDGE_CURVE('',#2677,#2677,#2312,.T.);
#3292=EDGE_CURVE('',#2677,#2675,#1142,.T.);
#3293=EDGE_CURVE('',#2678,#2678,#2313,.T.);
#3294=EDGE_CURVE('',#2678,#2679,#1143,.T.);
#3295=EDGE_CURVE('',#2679,#2679,#2314,.T.);
#3296=EDGE_CURVE('',#2680,#2680,#2315,.T.);
#3297=EDGE_CURVE('',#2680,#2678,#1144,.T.);
#3298=EDGE_CURVE('',#2681,#2682,#1145,.T.);
#3299=EDGE_CURVE('',#2683,#2681,#2316,.T.);
#3300=EDGE_CURVE('',#2683,#2684,#1146,.T.);
#3301=EDGE_CURVE('',#2682,#2684,#2317,.T.);
#3302=EDGE_CURVE('',#2685,#2686,#1147,.T.);
#3303=EDGE_CURVE('',#2681,#2685,#1148,.T.);
#3304=EDGE_CURVE('',#2686,#2682,#1149,.T.);
#3305=EDGE_CURVE('',#2687,#2688,#1150,.T.);
#3306=EDGE_CURVE('',#2685,#2687,#2318,.T.);
#3307=EDGE_CURVE('',#2688,#2686,#2319,.T.);
#3308=EDGE_CURVE('',#2689,#2690,#1151,.T.);
#3309=EDGE_CURVE('',#2687,#2689,#1152,.T.);
#3310=EDGE_CURVE('',#2690,#2688,#1153,.T.);
#3311=EDGE_CURVE('',#2691,#2692,#1154,.T.);
#3312=EDGE_CURVE('',#2689,#2691,#2320,.T.);
#3313=EDGE_CURVE('',#2692,#2690,#2321,.T.);
#3314=EDGE_CURVE('',#2693,#2581,#1155,.T.);
#3315=EDGE_CURVE('',#2691,#2693,#1156,.T.);
#3316=EDGE_CURVE('',#2581,#2692,#1157,.T.);
#3317=EDGE_CURVE('',#2694,#2580,#1158,.T.);
#3318=EDGE_CURVE('',#2693,#2694,#2322,.T.);
#3319=EDGE_CURVE('',#2695,#2696,#1159,.T.);
#3320=EDGE_CURVE('',#2694,#2695,#2323,.T.);
#3321=EDGE_CURVE('',#2696,#2580,#2324,.T.);
#3322=EDGE_CURVE('',#2697,#2696,#1160,.T.);
#3323=EDGE_CURVE('',#2698,#2697,#1161,.T.);
#3324=EDGE_CURVE('',#2695,#2698,#1162,.T.);
#3325=EDGE_CURVE('',#2699,#2700,#1163,.T.);
#3326=EDGE_CURVE('',#2698,#2699,#2325,.T.);
#3327=EDGE_CURVE('',#2700,#2697,#2326,.T.);
#3328=EDGE_CURVE('',#2701,#2700,#1164,.T.);
#3329=EDGE_CURVE('',#2702,#2701,#1165,.T.);
#3330=EDGE_CURVE('',#2699,#2702,#1166,.T.);
#3331=EDGE_CURVE('',#2703,#2704,#1167,.T.);
#3332=EDGE_CURVE('',#2702,#2703,#2327,.T.);
#3333=EDGE_CURVE('',#2704,#2701,#2328,.T.);
#3334=EDGE_CURVE('',#2705,#2704,#1168,.T.);
#3335=EDGE_CURVE('',#2706,#2705,#1169,.T.);
#3336=EDGE_CURVE('',#2703,#2706,#1170,.T.);
#3337=EDGE_CURVE('',#2707,#2586,#1171,.T.);
#3338=EDGE_CURVE('',#2706,#2707,#2329,.T.);
#3339=EDGE_CURVE('',#2586,#2705,#2330,.T.);
#3340=EDGE_CURVE('',#2708,#2585,#1172,.T.);
#3341=EDGE_CURVE('',#2707,#2708,#1173,.T.);
#3342=EDGE_CURVE('',#2709,#2710,#1174,.T.);
#3343=EDGE_CURVE('',#2708,#2709,#2331,.T.);
#3344=EDGE_CURVE('',#2710,#2585,#2332,.T.);
#3345=EDGE_CURVE('',#2711,#2710,#1175,.T.);
#3346=EDGE_CURVE('',#2712,#2711,#1176,.T.);
#3347=EDGE_CURVE('',#2709,#2712,#1177,.T.);
#3348=EDGE_CURVE('',#2713,#2714,#1178,.T.);
#3349=EDGE_CURVE('',#2712,#2713,#2333,.T.);
#3350=EDGE_CURVE('',#2714,#2711,#2334,.T.);
#3351=EDGE_CURVE('',#2715,#2714,#1179,.T.);
#3352=EDGE_CURVE('',#2716,#2715,#1180,.T.);
#3353=EDGE_CURVE('',#2713,#2716,#1181,.T.);
#3354=EDGE_CURVE('',#2717,#2718,#1182,.T.);
#3355=EDGE_CURVE('',#2716,#2717,#2335,.T.);
#3356=EDGE_CURVE('',#2718,#2715,#2336,.T.);
#3357=EDGE_CURVE('',#2719,#2718,#1183,.T.);
#3358=EDGE_CURVE('',#2720,#2719,#1184,.T.);
#3359=EDGE_CURVE('',#2717,#2720,#1185,.T.);
#3360=EDGE_CURVE('',#2721,#2590,#1186,.T.);
#3361=EDGE_CURVE('',#2720,#2721,#2337,.T.);
#3362=EDGE_CURVE('',#2590,#2719,#2338,.T.);
#3363=EDGE_CURVE('',#2722,#2589,#1187,.T.);
#3364=EDGE_CURVE('',#2721,#2722,#2339,.T.);
#3365=EDGE_CURVE('',#2723,#2594,#1188,.T.);
#3366=EDGE_CURVE('',#2722,#2723,#1189,.T.);
#3367=EDGE_CURVE('',#2724,#2725,#1190,.T.);
#3368=EDGE_CURVE('',#2723,#2724,#2340,.T.);
#3369=EDGE_CURVE('',#2725,#2594,#2341,.T.);
#3370=EDGE_CURVE('',#2726,#2725,#1191,.T.);
#3371=EDGE_CURVE('',#2727,#2726,#1192,.T.);
#3372=EDGE_CURVE('',#2724,#2727,#1193,.T.);
#3373=EDGE_CURVE('',#2728,#2729,#1194,.T.);
#3374=EDGE_CURVE('',#2727,#2728,#2342,.T.);
#3375=EDGE_CURVE('',#2729,#2726,#2343,.T.);
#3376=EDGE_CURVE('',#2682,#2633,#1195,.T.);
#3377=EDGE_CURVE('',#2636,#2684,#1196,.T.);
#3378=EDGE_CURVE('',#2631,#2660,#1197,.T.);
#3379=EDGE_CURVE('',#2658,#2686,#1198,.T.);
#3380=EDGE_CURVE('',#2688,#2655,#1199,.T.);
#3381=EDGE_CURVE('',#2730,#2671,#1200,.T.);
#3382=EDGE_CURVE('',#2730,#2690,#1201,.T.);
#3383=EDGE_CURVE('',#2731,#2730,#2344,.F.);
#3384=EDGE_CURVE('',#2731,#2732,#100,.F.);
#3385=EDGE_CURVE('',#2692,#2732,#1202,.T.);
#3386=EDGE_CURVE('',#2696,#2654,#1203,.T.);
#3387=EDGE_CURVE('',#2733,#2653,#1204,.T.);
#3388=EDGE_CURVE('',#2734,#2733,#1205,.T.);
#3389=EDGE_CURVE('',#2735,#2734,#1206,.T.);
#3390=EDGE_CURVE('',#2736,#2735,#1207,.T.);
#3391=EDGE_CURVE('',#2737,#2736,#1208,.T.);
#3392=EDGE_CURVE('',#2737,#2738,#1209,.T.);
#3393=EDGE_CURVE('',#2739,#2738,#1210,.T.);
#3394=EDGE_CURVE('',#2739,#2697,#1211,.T.);
#3395=EDGE_CURVE('',#2739,#2740,#2345,.T.);
#3396=EDGE_CURVE('',#2700,#2740,#1212,.T.);
#3397=EDGE_CURVE('',#2741,#2740,#1213,.T.);
#3398=EDGE_CURVE('',#2741,#2701,#1214,.T.);
#3399=EDGE_CURVE('',#2741,#2742,#2346,.T.);
#3400=EDGE_CURVE('',#2704,#2742,#1215,.T.);
#3401=EDGE_CURVE('',#2743,#2742,#1216,.T.);
#3402=EDGE_CURVE('',#2743,#2744,#1217,.T.);
#3403=EDGE_CURVE('',#2745,#2744,#1218,.T.);
#3404=EDGE_CURVE('',#2746,#2745,#1219,.T.);
#3405=EDGE_CURVE('',#2747,#2746,#1220,.T.);
#3406=EDGE_CURVE('',#2748,#2747,#1221,.T.);
#3407=EDGE_CURVE('',#2650,#2748,#1222,.T.);
#3408=EDGE_CURVE('',#2649,#2705,#1223,.T.);
#3409=EDGE_CURVE('',#2710,#2645,#1224,.T.);
#3410=EDGE_CURVE('',#2749,#2644,#1225,.T.);
#3411=EDGE_CURVE('',#2750,#2749,#1226,.T.);
#3412=EDGE_CURVE('',#2751,#2750,#1227,.T.);
#3413=EDGE_CURVE('',#2752,#2751,#1228,.T.);
#3414=EDGE_CURVE('',#2753,#2752,#1229,.T.);
#3415=EDGE_CURVE('',#2753,#2754,#1230,.T.);
#3416=EDGE_CURVE('',#2755,#2754,#1231,.T.);
#3417=EDGE_CURVE('',#2755,#2711,#1232,.T.);
#3418=EDGE_CURVE('',#2755,#2756,#2347,.T.);
#3419=EDGE_CURVE('',#2714,#2756,#1233,.T.);
#3420=EDGE_CURVE('',#2757,#2756,#1234,.T.);
#3421=EDGE_CURVE('',#2757,#2715,#1235,.T.);
#3422=EDGE_CURVE('',#2757,#2758,#2348,.T.);
#3423=EDGE_CURVE('',#2718,#2758,#1236,.T.);
#3424=EDGE_CURVE('',#2759,#2758,#1237,.T.);
#3425=EDGE_CURVE('',#2759,#2760,#1238,.T.);
#3426=EDGE_CURVE('',#2761,#2760,#1239,.T.);
#3427=EDGE_CURVE('',#2762,#2761,#1240,.T.);
#3428=EDGE_CURVE('',#2763,#2762,#1241,.T.);
#3429=EDGE_CURVE('',#2764,#2763,#1242,.T.);
#3430=EDGE_CURVE('',#2641,#2764,#1243,.T.);
#3431=EDGE_CURVE('',#2640,#2719,#1244,.T.);
#3432=EDGE_CURVE('',#2593,#2765,#2349,.T.);
#3433=EDGE_CURVE('',#2725,#2765,#1245,.T.);
#3434=EDGE_CURVE('',#2765,#2766,#1246,.T.);
#3435=EDGE_CURVE('',#2766,#2726,#1247,.T.);
#3436=EDGE_CURVE('',#2766,#2767,#2350,.T.);
#3437=EDGE_CURVE('',#2729,#2767,#1248,.T.);
#3438=EDGE_CURVE('',#2680,#2768,#1249,.T.);
#3439=EDGE_CURVE('',#2768,#2768,#2351,.T.);
#3440=EDGE_CURVE('',#2677,#2769,#1250,.T.);
#3441=EDGE_CURVE('',#2769,#2769,#2352,.T.);
#3442=EDGE_CURVE('',#2770,#2766,#1251,.T.);
#3443=EDGE_CURVE('',#2771,#2770,#2353,.T.);
#3444=EDGE_CURVE('',#2771,#2767,#1252,.T.);
#3445=EDGE_CURVE('',#2772,#2765,#1253,.T.);
#3446=EDGE_CURVE('',#2770,#2772,#1254,.T.);
#3447=EDGE_CURVE('',#2772,#2597,#2354,.T.);
#3448=EDGE_CURVE('',#2773,#2632,#2355,.F.);
#3449=EDGE_CURVE('',#2662,#2773,#1255,.T.);
#3450=EDGE_CURVE('',#2774,#2775,#2356,.T.);
#3451=EDGE_CURVE('',#2774,#2776,#1256,.T.);
#3452=EDGE_CURVE('',#2777,#2776,#2357,.T.);
#3453=EDGE_CURVE('',#2777,#2775,#1257,.T.);
#3454=EDGE_CURVE('',#2778,#2775,#1258,.T.);
#3455=EDGE_CURVE('',#2644,#2778,#2358,.T.);
#3456=EDGE_CURVE('',#2774,#2643,#1259,.T.);
#3457=EDGE_CURVE('',#2777,#2779,#1260,.T.);
#3458=EDGE_CURVE('',#2779,#2778,#1261,.T.);
#3459=EDGE_CURVE('',#2780,#2781,#2359,.T.);
#3460=EDGE_CURVE('',#2780,#2782,#1262,.T.);
#3461=EDGE_CURVE('',#2783,#2782,#2360,.T.);
#3462=EDGE_CURVE('',#2783,#2781,#1263,.T.);
#3463=EDGE_CURVE('',#2784,#2781,#1264,.T.);
#3464=EDGE_CURVE('',#2749,#2784,#2361,.T.);
#3465=EDGE_CURVE('',#2749,#2785,#2362,.F.);
#3466=EDGE_CURVE('',#2780,#2785,#1265,.T.);
#3467=EDGE_CURVE('',#2783,#2786,#1266,.T.);
#3468=EDGE_CURVE('',#2786,#2784,#1267,.T.);
#3469=EDGE_CURVE('',#2787,#2788,#2363,.T.);
#3470=EDGE_CURVE('',#2787,#2789,#1268,.T.);
#3471=EDGE_CURVE('',#2790,#2789,#2364,.T.);
#3472=EDGE_CURVE('',#2790,#2788,#1269,.T.);
#3473=EDGE_CURVE('',#2791,#2788,#1270,.T.);
#3474=EDGE_CURVE('',#2750,#2791,#2365,.T.);
#3475=EDGE_CURVE('',#2750,#2792,#2366,.F.);
#3476=EDGE_CURVE('',#2787,#2792,#1271,.T.);
#3477=EDGE_CURVE('',#2790,#2793,#1272,.T.);
#3478=EDGE_CURVE('',#2793,#2791,#1273,.T.);
#3479=EDGE_CURVE('',#2794,#2795,#2367,.T.);
#3480=EDGE_CURVE('',#2794,#2796,#1274,.T.);
#3481=EDGE_CURVE('',#2797,#2796,#2368,.T.);
#3482=EDGE_CURVE('',#2797,#2795,#1275,.T.);
#3483=EDGE_CURVE('',#2798,#2795,#1276,.T.);
#3484=EDGE_CURVE('',#2751,#2798,#2369,.T.);
#3485=EDGE_CURVE('',#2751,#2799,#2370,.F.);
#3486=EDGE_CURVE('',#2794,#2799,#1277,.T.);
#3487=EDGE_CURVE('',#2797,#2800,#1278,.T.);
#3488=EDGE_CURVE('',#2800,#2798,#1279,.T.);
#3489=EDGE_CURVE('',#2801,#2802,#2371,.T.);
#3490=EDGE_CURVE('',#2801,#2803,#1280,.T.);
#3491=EDGE_CURVE('',#2804,#2803,#2372,.T.);
#3492=EDGE_CURVE('',#2804,#2802,#1281,.T.);
#3493=EDGE_CURVE('',#2805,#2802,#1282,.T.);
#3494=EDGE_CURVE('',#2752,#2805,#2373,.T.);
#3495=EDGE_CURVE('',#2752,#2806,#2374,.F.);
#3496=EDGE_CURVE('',#2801,#2806,#1283,.T.);
#3497=EDGE_CURVE('',#2807,#2754,#2375,.T.);
#3498=EDGE_CURVE('',#2808,#2753,#2376,.T.);
#3499=EDGE_CURVE('',#2807,#2808,#1284,.T.);
#3500=EDGE_CURVE('',#2808,#2809,#1285,.T.);
#3501=EDGE_CURVE('',#2809,#2810,#1286,.T.);
#3502=EDGE_CURVE('',#2807,#2810,#1287,.T.);
#3503=EDGE_CURVE('',#2759,#2810,#2377,.T.);
#3504=EDGE_CURVE('',#2760,#2809,#2378,.T.);
#3505=EDGE_CURVE('',#2811,#2803,#1288,.T.);
#3506=EDGE_CURVE('',#2761,#2811,#2379,.T.);
#3507=EDGE_CURVE('',#2761,#2812,#2380,.F.);
#3508=EDGE_CURVE('',#2804,#2812,#1289,.T.);
#3509=EDGE_CURVE('',#2806,#2811,#1290,.T.);
#3510=EDGE_CURVE('',#2813,#2796,#1291,.T.);
#3511=EDGE_CURVE('',#2762,#2813,#2381,.T.);
#3512=EDGE_CURVE('',#2762,#2800,#2382,.F.);
#3513=EDGE_CURVE('',#2799,#2813,#1292,.T.);
#3514=EDGE_CURVE('',#2814,#2789,#1293,.T.);
#3515=EDGE_CURVE('',#2763,#2814,#2383,.T.);
#3516=EDGE_CURVE('',#2763,#2793,#2384,.F.);
#3517=EDGE_CURVE('',#2792,#2814,#1294,.T.);
#3518=EDGE_CURVE('',#2785,#2815,#1295,.T.);
#3519=EDGE_CURVE('',#2815,#2782,#1296,.T.);
#3520=EDGE_CURVE('',#2764,#2815,#2385,.T.);
#3521=EDGE_CURVE('',#2786,#2764,#2386,.T.);
#3522=EDGE_CURVE('',#2642,#2776,#1297,.T.);
#3523=EDGE_CURVE('',#2641,#2779,#2387,.F.);
#3524=EDGE_CURVE('',#2651,#2816,#1298,.T.);
#3525=EDGE_CURVE('',#2817,#2816,#1299,.T.);
#3526=EDGE_CURVE('',#2817,#2652,#1300,.T.);
#3527=EDGE_CURVE('',#2818,#2816,#2388,.T.);
#3528=EDGE_CURVE('',#2819,#2650,#2389,.T.);
#3529=EDGE_CURVE('',#2818,#2819,#1301,.T.);
#3530=EDGE_CURVE('',#2818,#2820,#1302,.T.);
#3531=EDGE_CURVE('',#2817,#2820,#2390,.T.);
#3532=EDGE_CURVE('',#2821,#2822,#1303,.T.);
#3533=EDGE_CURVE('',#2823,#2822,#1304,.T.);
#3534=EDGE_CURVE('',#2823,#2824,#1305,.T.);
#3535=EDGE_CURVE('',#2824,#2821,#1306,.T.);
#3536=EDGE_CURVE('',#2825,#2822,#2391,.T.);
#3537=EDGE_CURVE('',#2748,#2821,#2392,.T.);
#3538=EDGE_CURVE('',#2826,#2748,#2393,.T.);
#3539=EDGE_CURVE('',#2825,#2826,#1307,.T.);
#3540=EDGE_CURVE('',#2825,#2827,#1308,.T.);
#3541=EDGE_CURVE('',#2823,#2827,#2394,.T.);
#3542=EDGE_CURVE('',#2828,#2829,#1309,.T.);
#3543=EDGE_CURVE('',#2830,#2829,#1310,.T.);
#3544=EDGE_CURVE('',#2830,#2831,#1311,.T.);
#3545=EDGE_CURVE('',#2831,#2828,#1312,.T.);
#3546=EDGE_CURVE('',#2832,#2829,#2395,.T.);
#3547=EDGE_CURVE('',#2747,#2828,#2396,.T.);
#3548=EDGE_CURVE('',#2833,#2747,#2397,.T.);
#3549=EDGE_CURVE('',#2832,#2833,#1313,.T.);
#3550=EDGE_CURVE('',#2832,#2834,#1314,.T.);
#3551=EDGE_CURVE('',#2830,#2834,#2398,.T.);
#3552=EDGE_CURVE('',#2835,#2836,#1315,.T.);
#3553=EDGE_CURVE('',#2837,#2836,#1316,.T.);
#3554=EDGE_CURVE('',#2837,#2838,#1317,.T.);
#3555=EDGE_CURVE('',#2838,#2835,#1318,.T.);
#3556=EDGE_CURVE('',#2839,#2836,#2399,.T.);
#3557=EDGE_CURVE('',#2746,#2835,#2400,.T.);
#3558=EDGE_CURVE('',#2840,#2746,#2401,.T.);
#3559=EDGE_CURVE('',#2839,#2840,#1319,.T.);
#3560=EDGE_CURVE('',#2839,#2841,#1320,.T.);
#3561=EDGE_CURVE('',#2837,#2841,#2402,.T.);
#3562=EDGE_CURVE('',#2842,#2843,#1321,.T.);
#3563=EDGE_CURVE('',#2844,#2843,#1322,.T.);
#3564=EDGE_CURVE('',#2844,#2845,#1323,.T.);
#3565=EDGE_CURVE('',#2845,#2842,#1324,.T.);
#3566=EDGE_CURVE('',#2846,#2843,#2403,.T.);
#3567=EDGE_CURVE('',#2745,#2842,#2404,.T.);
#3568=EDGE_CURVE('',#2847,#2745,#2405,.T.);
#3569=EDGE_CURVE('',#2846,#2847,#1325,.T.);
#3570=EDGE_CURVE('',#2846,#2848,#1326,.T.);
#3571=EDGE_CURVE('',#2844,#2848,#2406,.T.);
#3572=EDGE_CURVE('',#2743,#2849,#2407,.T.);
#3573=EDGE_CURVE('',#2850,#2849,#1327,.T.);
#3574=EDGE_CURVE('',#2744,#2850,#2408,.T.);
#3575=EDGE_CURVE('',#2851,#2738,#2409,.T.);
#3576=EDGE_CURVE('',#2852,#2737,#2410,.T.);
#3577=EDGE_CURVE('',#2851,#2852,#1328,.T.);
#3578=EDGE_CURVE('',#2851,#2849,#1329,.T.);
#3579=EDGE_CURVE('',#2853,#2848,#1330,.T.);
#3580=EDGE_CURVE('',#2736,#2853,#2411,.T.);
#3581=EDGE_CURVE('',#2736,#2845,#2412,.F.);
#3582=EDGE_CURVE('',#2847,#2853,#1331,.T.);
#3583=EDGE_CURVE('',#2840,#2854,#1332,.T.);
#3584=EDGE_CURVE('',#2854,#2841,#1333,.T.);
#3585=EDGE_CURVE('',#2735,#2854,#2413,.T.);
#3586=EDGE_CURVE('',#2838,#2735,#2414,.T.);
#3587=EDGE_CURVE('',#2855,#2834,#1334,.T.);
#3588=EDGE_CURVE('',#2734,#2855,#2415,.T.);
#3589=EDGE_CURVE('',#2734,#2831,#2416,.F.);
#3590=EDGE_CURVE('',#2833,#2855,#1335,.T.);
#3591=EDGE_CURVE('',#2826,#2856,#1336,.T.);
#3592=EDGE_CURVE('',#2856,#2827,#1337,.T.);
#3593=EDGE_CURVE('',#2733,#2856,#2417,.T.);
#3594=EDGE_CURVE('',#2824,#2733,#2418,.T.);
#3595=EDGE_CURVE('',#2857,#2820,#1338,.T.);
#3596=EDGE_CURVE('',#2653,#2857,#2419,.T.);
#3597=EDGE_CURVE('',#2819,#2857,#1339,.T.);
#3598=EDGE_CURVE('',#2858,#2663,#1340,.T.);
#3599=EDGE_CURVE('',#2858,#2859,#2420,.T.);
#3600=EDGE_CURVE('',#2666,#2859,#1341,.T.);
#3601=EDGE_CURVE('',#2858,#2773,#1342,.T.);
#3602=EDGE_CURVE('',#2860,#2667,#1343,.T.);
#3603=EDGE_CURVE('',#2860,#2861,#2421,.T.);
#3604=EDGE_CURVE('',#2670,#2861,#1344,.T.);
#3605=EDGE_CURVE('',#2860,#2859,#1345,.T.);
#3606=EDGE_CURVE('',#2812,#2805,#1346,.T.);
#3607=EDGE_CURVE('',#2852,#2850,#1347,.T.);
#3608=EDGE_CURVE('',#2862,#2576,#1348,.T.);
#3609=EDGE_CURVE('',#2863,#2732,#1349,.T.);
#3610=EDGE_CURVE('',#2864,#2863,#1350,.T.);
#3611=EDGE_CURVE('',#2865,#2864,#1351,.T.);
#3612=EDGE_CURVE('',#2862,#2865,#1352,.T.);
#3613=EDGE_CURVE('',#2862,#2866,#2422,.T.);
#3614=EDGE_CURVE('',#2867,#2865,#2423,.T.);
#3615=EDGE_CURVE('',#2868,#2867,#1353,.T.);
#3616=EDGE_CURVE('',#2869,#2868,#2424,.T.);
#3617=EDGE_CURVE('',#2869,#2866,#1354,.T.);
#3618=EDGE_CURVE('',#2866,#2870,#1355,.T.);
#3619=EDGE_CURVE('',#2871,#2869,#1356,.T.);
#3620=EDGE_CURVE('',#2872,#2871,#1357,.T.);
#3621=EDGE_CURVE('',#2873,#2872,#1358,.T.);
#3622=EDGE_CURVE('',#2874,#2873,#1359,.T.);
#3623=EDGE_CURVE('',#2875,#2874,#1360,.T.);
#3624=EDGE_CURVE('',#2870,#2875,#1361,.T.);
#3625=EDGE_CURVE('',#2870,#2876,#2425,.T.);
#3626=EDGE_CURVE('',#2877,#2875,#2426,.T.);
#3627=EDGE_CURVE('',#2878,#2877,#1362,.T.);
#3628=EDGE_CURVE('',#2879,#2878,#2427,.T.);
#3629=EDGE_CURVE('',#2879,#2876,#1363,.T.);
#3630=EDGE_CURVE('',#2876,#2880,#1364,.T.);
#3631=EDGE_CURVE('',#2881,#2879,#1365,.T.);
#3632=EDGE_CURVE('',#2882,#2881,#1366,.T.);
#3633=EDGE_CURVE('',#2882,#2880,#1367,.T.);
#3634=EDGE_CURVE('',#2880,#2883,#113,.T.);
#3635=EDGE_CURVE('',#2882,#2884,#114,.F.);
#3636=EDGE_CURVE('',#2884,#2885,#2428,.T.);
#3637=EDGE_CURVE('',#2883,#2885,#1368,.T.);
#3638=EDGE_CURVE('',#2886,#2887,#1369,.T.);
#3639=EDGE_CURVE('',#2888,#2886,#1370,.T.);
#3640=EDGE_CURVE('',#2888,#2889,#1371,.T.);
#3641=EDGE_CURVE('',#2887,#2889,#1372,.T.);
#3642=EDGE_CURVE('',#2890,#2886,#101,.T.);
#3643=EDGE_CURVE('',#2891,#2890,#1373,.T.);
#3644=EDGE_CURVE('',#2888,#2891,#2429,.T.);
#3645=EDGE_CURVE('',#2892,#2890,#102,.T.);
#3646=EDGE_CURVE('',#2892,#2893,#1374,.T.);
#3647=EDGE_CURVE('',#2893,#2891,#2430,.F.);
#3648=EDGE_CURVE('',#2883,#2892,#1375,.T.);
#3649=EDGE_CURVE('',#2885,#2893,#1376,.T.);
#3650=EDGE_CURVE('',#2887,#2894,#2431,.T.);
#3651=EDGE_CURVE('',#2895,#2889,#2432,.T.);
#3652=EDGE_CURVE('',#2895,#2894,#1377,.T.);
#3653=EDGE_CURVE('',#2894,#2896,#1378,.T.);
#3654=EDGE_CURVE('',#2895,#2897,#1379,.T.);
#3655=EDGE_CURVE('',#2896,#2897,#1380,.T.);
#3656=EDGE_CURVE('',#2896,#2898,#2433,.T.);
#3657=EDGE_CURVE('',#2899,#2897,#2434,.T.);
#3658=EDGE_CURVE('',#2899,#2898,#1381,.T.);
#3659=EDGE_CURVE('',#2900,#2613,#1382,.T.);
#3660=EDGE_CURVE('',#2901,#2900,#1383,.T.);
#3661=EDGE_CURVE('',#2614,#2901,#1384,.T.);
#3662=EDGE_CURVE('',#2902,#2900,#103,.T.);
#3663=EDGE_CURVE('',#2902,#2903,#1385,.T.);
#3664=EDGE_CURVE('',#2901,#2903,#2435,.T.);
#3665=EDGE_CURVE('',#2904,#2902,#104,.T.);
#3666=EDGE_CURVE('',#2904,#2905,#1386,.T.);
#3667=EDGE_CURVE('',#2903,#2905,#2436,.T.);
#3668=EDGE_CURVE('',#2898,#2904,#1387,.T.);
#3669=EDGE_CURVE('',#2899,#2906,#1388,.T.);
#3670=EDGE_CURVE('',#2907,#2906,#1389,.F.);
#3671=EDGE_CURVE('',#2908,#2907,#1390,.T.);
#3672=EDGE_CURVE('',#2905,#2908,#1391,.T.);
#3673=EDGE_CURVE('',#2862,#2909,#1392,.T.);
#3674=EDGE_CURVE('',#2621,#2909,#1393,.T.);
#3675=EDGE_CURVE('',#2866,#2910,#1394,.T.);
#3676=EDGE_CURVE('',#2909,#2910,#2437,.T.);
#3677=EDGE_CURVE('',#2870,#2911,#1395,.T.);
#3678=EDGE_CURVE('',#2910,#2911,#1396,.T.);
#3679=EDGE_CURVE('',#2876,#2912,#1397,.T.);
#3680=EDGE_CURVE('',#2911,#2912,#2438,.T.);
#3681=EDGE_CURVE('',#2880,#2913,#1398,.T.);
#3682=EDGE_CURVE('',#2912,#2913,#1399,.T.);
#3683=EDGE_CURVE('',#2883,#2914,#1400,.T.);
#3684=EDGE_CURVE('',#2913,#2914,#2439,.T.);
#3685=EDGE_CURVE('',#2887,#2915,#1401,.T.);
#3686=EDGE_CURVE('',#2914,#2915,#1402,.T.);
#3687=EDGE_CURVE('',#2894,#2916,#1403,.T.);
#3688=EDGE_CURVE('',#2915,#2916,#2440,.T.);
#3689=EDGE_CURVE('',#2896,#2917,#1404,.T.);
#3690=EDGE_CURVE('',#2916,#2917,#1405,.T.);
#3691=EDGE_CURVE('',#2898,#2918,#1406,.T.);
#3692=EDGE_CURVE('',#2917,#2918,#2441,.T.);
#3693=EDGE_CURVE('',#2630,#2918,#1407,.T.);
#3694=EDGE_CURVE('',#2919,#2920,#105,.F.);
#3695=EDGE_CURVE('',#2920,#2921,#1408,.T.);
#3696=EDGE_CURVE('',#2921,#2922,#1409,.T.);
#3697=EDGE_CURVE('',#2922,#2919,#1410,.T.);
#3698=EDGE_CURVE('',#2923,#2924,#1411,.T.);
#3699=EDGE_CURVE('',#2924,#2922,#2442,.T.);
#3700=EDGE_CURVE('',#2921,#2923,#2443,.T.);
#3701=EDGE_CURVE('',#2636,#2924,#1412,.T.);
#3702=EDGE_CURVE('',#2923,#2635,#1413,.T.);
#3703=EDGE_CURVE('',#2925,#2920,#2444,.F.);
#3704=EDGE_CURVE('',#2926,#2925,#1414,.T.);
#3705=EDGE_CURVE('',#2926,#2927,#2445,.T.);
#3706=EDGE_CURVE('',#2928,#2927,#1415,.T.);
#3707=EDGE_CURVE('',#2928,#2929,#2446,.T.);
#3708=EDGE_CURVE('',#2861,#2929,#1416,.T.);
#3709=EDGE_CURVE('',#2874,#2930,#106,.F.);
#3710=EDGE_CURVE('',#2930,#2931,#1417,.T.);
#3711=EDGE_CURVE('',#2931,#2875,#1418,.T.);
#3712=EDGE_CURVE('',#2932,#2877,#115,.T.);
#3713=EDGE_CURVE('',#2931,#2932,#2447,.T.);
#3714=EDGE_CURVE('',#2933,#2930,#2448,.F.);
#3715=EDGE_CURVE('',#2934,#2933,#1419,.T.);
#3716=EDGE_CURVE('',#2934,#2935,#2449,.F.);
#3717=EDGE_CURVE('',#2935,#2936,#1420,.T.);
#3718=EDGE_CURVE('',#2937,#2936,#2450,.T.);
#3719=EDGE_CURVE('',#2938,#2937,#1421,.T.);
#3720=EDGE_CURVE('',#2932,#2938,#2451,.F.);
#3721=EDGE_CURVE('',#2868,#2939,#116,.T.);
#3722=EDGE_CURVE('',#2939,#2940,#2452,.T.);
#3723=EDGE_CURVE('',#2940,#2869,#1422,.T.);
#3724=EDGE_CURVE('',#2941,#2871,#107,.F.);
#3725=EDGE_CURVE('',#2940,#2941,#1423,.T.);
#3726=EDGE_CURVE('',#2942,#2939,#2453,.F.);
#3727=EDGE_CURVE('',#2943,#2942,#1424,.T.);
#3728=EDGE_CURVE('',#2943,#2944,#2454,.F.);
#3729=EDGE_CURVE('',#2944,#2945,#1425,.T.);
#3730=EDGE_CURVE('',#2946,#2945,#2455,.T.);
#3731=EDGE_CURVE('',#2947,#2946,#1426,.T.);
#3732=EDGE_CURVE('',#2941,#2947,#2456,.F.);
#3733=EDGE_CURVE('',#2906,#2948,#1427,.T.);
#3734=EDGE_CURVE('',#2948,#2949,#1428,.T.);
#3735=EDGE_CURVE('',#2949,#2907,#1429,.T.);
#3736=EDGE_CURVE('',#2950,#2951,#1430,.T.);
#3737=EDGE_CURVE('',#2951,#2949,#2457,.T.);
#3738=EDGE_CURVE('',#2948,#2950,#2458,.T.);
#3739=EDGE_CURVE('',#2952,#2953,#1431,.T.);
#3740=EDGE_CURVE('',#2953,#2951,#1432,.T.);
#3741=EDGE_CURVE('',#2950,#2952,#1433,.T.);
#3742=EDGE_CURVE('',#2954,#2955,#1434,.T.);
#3743=EDGE_CURVE('',#2955,#2953,#2459,.T.);
#3744=EDGE_CURVE('',#2952,#2954,#2460,.T.);
#3745=EDGE_CURVE('',#2954,#2956,#1435,.T.);
#3746=EDGE_CURVE('',#2956,#2957,#1436,.T.);
#3747=EDGE_CURVE('',#2957,#2955,#1437,.T.);
#3748=EDGE_CURVE('',#2958,#2959,#1438,.T.);
#3749=EDGE_CURVE('',#2959,#2957,#2461,.T.);
#3750=EDGE_CURVE('',#2956,#2958,#2462,.T.);
#3751=EDGE_CURVE('',#2958,#2960,#1439,.T.);
#3752=EDGE_CURVE('',#2960,#2961,#1440,.T.);
#3753=EDGE_CURVE('',#2961,#2959,#1441,.T.);
#3754=EDGE_CURVE('',#2962,#2963,#1442,.T.);
#3755=EDGE_CURVE('',#2963,#2961,#2463,.T.);
#3756=EDGE_CURVE('',#2960,#2962,#2464,.T.);
#3757=EDGE_CURVE('',#2670,#2963,#1443,.T.);
#3758=EDGE_CURVE('',#2962,#2669,#1444,.T.);
#3759=EDGE_CURVE('',#2964,#2884,#2465,.T.);
#3760=EDGE_CURVE('',#2965,#2964,#1445,.T.);
#3761=EDGE_CURVE('',#2966,#2965,#2466,.T.);
#3762=EDGE_CURVE('',#2771,#2966,#1446,.T.);
#3763=EDGE_CURVE('',#2967,#2967,#2467,.T.);
#3764=EDGE_CURVE('',#2968,#2968,#2468,.T.);
#3765=EDGE_CURVE('',#2908,#2969,#1447,.F.);
#3766=EDGE_CURVE('',#2969,#2970,#1448,.T.);
#3767=EDGE_CURVE('',#2970,#2905,#1449,.T.);
#3768=EDGE_CURVE('',#2971,#2903,#1450,.T.);
#3769=EDGE_CURVE('',#2970,#2971,#2469,.T.);
#3770=EDGE_CURVE('',#2972,#2901,#1451,.T.);
#3771=EDGE_CURVE('',#2971,#2972,#2470,.T.);
#3772=EDGE_CURVE('',#2972,#2674,#1452,.T.);
#3773=EDGE_CURVE('',#2973,#2969,#1453,.T.);
#3774=EDGE_CURVE('',#2974,#2973,#2471,.F.);
#3775=EDGE_CURVE('',#2731,#2974,#1454,.T.);
#3776=EDGE_CURVE('',#2975,#2975,#2472,.T.);
#3777=EDGE_CURVE('',#2975,#2976,#1455,.T.);
#3778=EDGE_CURVE('',#2976,#2976,#2473,.T.);
#3779=EDGE_CURVE('',#2683,#2977,#1456,.T.);
#3780=EDGE_CURVE('',#2978,#2728,#1457,.T.);
#3781=EDGE_CURVE('',#2979,#2978,#2474,.T.);
#3782=EDGE_CURVE('',#2980,#2979,#1458,.T.);
#3783=EDGE_CURVE('',#2981,#2980,#2475,.T.);
#3784=EDGE_CURVE('',#2982,#2981,#1459,.T.);
#3785=EDGE_CURVE('',#2983,#2982,#2476,.T.);
#3786=EDGE_CURVE('',#2984,#2983,#2477,.T.);
#3787=EDGE_CURVE('',#2985,#2984,#1460,.T.);
#3788=EDGE_CURVE('',#2986,#2985,#2478,.T.);
#3789=EDGE_CURVE('',#2987,#2986,#1461,.T.);
#3790=EDGE_CURVE('',#2988,#2987,#2479,.T.);
#3791=EDGE_CURVE('',#2989,#2988,#1462,.T.);
#3792=EDGE_CURVE('',#2990,#2989,#2480,.T.);
#3793=EDGE_CURVE('',#2991,#2990,#1463,.T.);
#3794=EDGE_CURVE('',#2992,#2991,#2481,.T.);
#3795=EDGE_CURVE('',#2993,#2992,#1464,.T.);
#3796=EDGE_CURVE('',#2994,#2993,#2482,.T.);
#3797=EDGE_CURVE('',#2995,#2994,#1465,.T.);
#3798=EDGE_CURVE('',#2996,#2995,#2483,.T.);
#3799=EDGE_CURVE('',#2997,#2996,#1466,.T.);
#3800=EDGE_CURVE('',#2998,#2997,#2484,.T.);
#3801=EDGE_CURVE('',#2999,#2998,#2485,.T.);
#3802=EDGE_CURVE('',#3000,#2999,#1467,.T.);
#3803=EDGE_CURVE('',#3001,#3000,#2486,.T.);
#3804=EDGE_CURVE('',#3002,#3001,#1468,.T.);
#3805=EDGE_CURVE('',#3003,#3002,#2487,.T.);
#3806=EDGE_CURVE('',#3004,#3003,#1469,.T.);
#3807=EDGE_CURVE('',#2977,#3004,#2488,.T.);
#3808=EDGE_CURVE('',#3005,#3005,#2489,.T.);
#3809=EDGE_CURVE('',#3006,#3006,#2490,.T.);
#3810=EDGE_CURVE('',#3006,#2975,#1470,.T.);
#3811=EDGE_CURVE('',#3007,#3007,#2491,.T.);
#3812=EDGE_CURVE('',#3007,#3005,#1471,.T.);
#3813=EDGE_CURVE('',#3008,#3008,#2492,.T.);
#3814=EDGE_CURVE('',#3008,#3007,#1472,.T.);
#3815=EDGE_CURVE('',#2977,#3009,#1473,.T.);
#3816=EDGE_CURVE('',#3009,#2684,#1474,.T.);
#3817=EDGE_CURVE('',#3004,#3010,#1475,.T.);
#3818=EDGE_CURVE('',#3010,#3009,#2493,.T.);
#3819=EDGE_CURVE('',#3003,#3011,#1476,.T.);
#3820=EDGE_CURVE('',#3011,#3010,#1477,.T.);
#3821=EDGE_CURVE('',#3002,#3012,#1478,.T.);
#3822=EDGE_CURVE('',#3012,#3011,#2494,.T.);
#3823=EDGE_CURVE('',#3001,#3013,#1479,.T.);
#3824=EDGE_CURVE('',#3013,#3012,#1480,.T.);
#3825=EDGE_CURVE('',#3000,#2864,#1481,.T.);
#3826=EDGE_CURVE('',#2864,#3013,#2495,.T.);
#3827=EDGE_CURVE('',#2999,#2865,#1482,.T.);
#3828=EDGE_CURVE('',#2998,#2867,#1483,.T.);
#3829=EDGE_CURVE('',#2997,#3014,#1484,.T.);
#3830=EDGE_CURVE('',#3014,#2867,#2496,.T.);
#3831=EDGE_CURVE('',#2996,#3015,#1485,.T.);
#3832=EDGE_CURVE('',#3015,#3014,#1486,.T.);
#3833=EDGE_CURVE('',#2995,#3016,#1487,.T.);
#3834=EDGE_CURVE('',#3016,#3015,#2497,.T.);
#3835=EDGE_CURVE('',#2994,#3017,#1488,.T.);
#3836=EDGE_CURVE('',#3017,#3016,#1489,.T.);
#3837=EDGE_CURVE('',#2993,#3018,#1490,.T.);
#3838=EDGE_CURVE('',#3018,#3017,#2498,.T.);
#3839=EDGE_CURVE('',#2992,#3019,#1491,.T.);
#3840=EDGE_CURVE('',#3019,#3018,#1492,.T.);
#3841=EDGE_CURVE('',#2991,#2872,#1493,.T.);
#3842=EDGE_CURVE('',#2872,#3019,#2499,.T.);
#3843=EDGE_CURVE('',#2990,#2873,#1494,.T.);
#3844=EDGE_CURVE('',#2989,#3020,#1495,.T.);
#3845=EDGE_CURVE('',#3020,#2873,#2500,.T.);
#3846=EDGE_CURVE('',#2988,#3021,#1496,.T.);
#3847=EDGE_CURVE('',#3021,#3020,#1497,.T.);
#3848=EDGE_CURVE('',#2987,#3022,#1498,.T.);
#3849=EDGE_CURVE('',#3022,#3021,#2501,.T.);
#3850=EDGE_CURVE('',#2986,#3023,#1499,.T.);
#3851=EDGE_CURVE('',#3023,#3022,#1500,.T.);
#3852=EDGE_CURVE('',#2985,#3024,#1501,.T.);
#3853=EDGE_CURVE('',#3024,#3023,#2502,.T.);
#3854=EDGE_CURVE('',#2984,#3025,#1502,.T.);
#3855=EDGE_CURVE('',#3025,#3024,#1503,.T.);
#3856=EDGE_CURVE('',#2983,#2878,#1504,.T.);
#3857=EDGE_CURVE('',#2878,#3025,#2503,.T.);
#3858=EDGE_CURVE('',#2982,#2879,#1505,.T.);
#3859=EDGE_CURVE('',#2981,#2881,#1506,.T.);
#3860=EDGE_CURVE('',#2980,#3026,#1507,.T.);
#3861=EDGE_CURVE('',#3026,#2881,#2504,.T.);
#3862=EDGE_CURVE('',#2979,#3027,#1508,.T.);
#3863=EDGE_CURVE('',#3027,#3026,#1509,.T.);
#3864=EDGE_CURVE('',#2978,#3028,#1510,.T.);
#3865=EDGE_CURVE('',#3028,#3027,#2505,.T.);
#3866=EDGE_CURVE('',#3028,#2729,#1511,.T.);
#3867=EDGE_CURVE('',#2924,#3009,#1512,.T.);
#3868=EDGE_CURVE('',#3010,#2922,#1513,.T.);
#3869=EDGE_CURVE('',#2951,#3011,#1514,.T.);
#3870=EDGE_CURVE('',#2919,#2953,#1515,.T.);
#3871=EDGE_CURVE('',#3012,#2949,#1516,.T.);
#3872=EDGE_CURVE('',#2973,#3013,#1517,.T.);
#3873=EDGE_CURVE('',#2974,#2863,#108,.F.);
#3874=EDGE_CURVE('',#3014,#2942,#1518,.T.);
#3875=EDGE_CURVE('',#3029,#3015,#1519,.T.);
#3876=EDGE_CURVE('',#3029,#3030,#1520,.T.);
#3877=EDGE_CURVE('',#3031,#3030,#1521,.T.);
#3878=EDGE_CURVE('',#3031,#3032,#1522,.T.);
#3879=EDGE_CURVE('',#3032,#3033,#1523,.T.);
#3880=EDGE_CURVE('',#3033,#3034,#1524,.T.);
#3881=EDGE_CURVE('',#3034,#3035,#1525,.T.);
#3882=EDGE_CURVE('',#3035,#2943,#1526,.T.);
#3883=EDGE_CURVE('',#3016,#3036,#1527,.T.);
#3884=EDGE_CURVE('',#3029,#3036,#2506,.T.);
#3885=EDGE_CURVE('',#3037,#3017,#1528,.T.);
#3886=EDGE_CURVE('',#3037,#3036,#1529,.T.);
#3887=EDGE_CURVE('',#3018,#3038,#1530,.T.);
#3888=EDGE_CURVE('',#3037,#3038,#2507,.T.);
#3889=EDGE_CURVE('',#2947,#3019,#1531,.T.);
#3890=EDGE_CURVE('',#2946,#3039,#1532,.T.);
#3891=EDGE_CURVE('',#3039,#3040,#1533,.T.);
#3892=EDGE_CURVE('',#3040,#3041,#1534,.T.);
#3893=EDGE_CURVE('',#3041,#3042,#1535,.T.);
#3894=EDGE_CURVE('',#3042,#3043,#1536,.T.);
#3895=EDGE_CURVE('',#3044,#3043,#1537,.T.);
#3896=EDGE_CURVE('',#3044,#3038,#1538,.T.);
#3897=EDGE_CURVE('',#3020,#2933,#1539,.T.);
#3898=EDGE_CURVE('',#3045,#3021,#1540,.T.);
#3899=EDGE_CURVE('',#3045,#3046,#1541,.T.);
#3900=EDGE_CURVE('',#3047,#3046,#1542,.T.);
#3901=EDGE_CURVE('',#3047,#3048,#1543,.T.);
#3902=EDGE_CURVE('',#3048,#3049,#1544,.T.);
#3903=EDGE_CURVE('',#3049,#3050,#1545,.T.);
#3904=EDGE_CURVE('',#3050,#3051,#1546,.T.);
#3905=EDGE_CURVE('',#3051,#2934,#1547,.T.);
#3906=EDGE_CURVE('',#3022,#3052,#1548,.T.);
#3907=EDGE_CURVE('',#3045,#3052,#2508,.T.);
#3908=EDGE_CURVE('',#3053,#3023,#1549,.T.);
#3909=EDGE_CURVE('',#3053,#3052,#1550,.T.);
#3910=EDGE_CURVE('',#3024,#3054,#1551,.T.);
#3911=EDGE_CURVE('',#3053,#3054,#2509,.T.);
#3912=EDGE_CURVE('',#2938,#3025,#1552,.T.);
#3913=EDGE_CURVE('',#2937,#3055,#1553,.T.);
#3914=EDGE_CURVE('',#3055,#3056,#1554,.T.);
#3915=EDGE_CURVE('',#3056,#3057,#1555,.T.);
#3916=EDGE_CURVE('',#3057,#3058,#1556,.T.);
#3917=EDGE_CURVE('',#3058,#3059,#1557,.T.);
#3918=EDGE_CURVE('',#3060,#3059,#1558,.T.);
#3919=EDGE_CURVE('',#3060,#3054,#1559,.T.);
#3920=EDGE_CURVE('',#3026,#3061,#1560,.T.);
#3921=EDGE_CURVE('',#2882,#3061,#2510,.T.);
#3922=EDGE_CURVE('',#3062,#3027,#1561,.T.);
#3923=EDGE_CURVE('',#3061,#3062,#1562,.T.);
#3924=EDGE_CURVE('',#3028,#3063,#1563,.T.);
#3925=EDGE_CURVE('',#3062,#3063,#2511,.T.);
#3926=EDGE_CURVE('',#3063,#2767,#1564,.T.);
#3927=EDGE_CURVE('',#3008,#2967,#1565,.T.);
#3928=EDGE_CURVE('',#3006,#2968,#1566,.T.);
#3929=EDGE_CURVE('',#2966,#3063,#1567,.T.);
#3930=EDGE_CURVE('',#2965,#3062,#1568,.T.);
#3931=EDGE_CURVE('',#2964,#3061,#1569,.T.);
#3932=EDGE_CURVE('',#2955,#2925,#1570,.T.);
#3933=EDGE_CURVE('',#3064,#3065,#2512,.T.);
#3934=EDGE_CURVE('',#3066,#3065,#1571,.T.);
#3935=EDGE_CURVE('',#3066,#3067,#2513,.T.);
#3936=EDGE_CURVE('',#3064,#3067,#1572,.T.);
#3937=EDGE_CURVE('',#3064,#2935,#1573,.T.);
#3938=EDGE_CURVE('',#2934,#3068,#2514,.T.);
#3939=EDGE_CURVE('',#3068,#3065,#1574,.T.);
#3940=EDGE_CURVE('',#3069,#3068,#1575,.T.);
#3941=EDGE_CURVE('',#3066,#3069,#1576,.T.);
#3942=EDGE_CURVE('',#3070,#3071,#2515,.T.);
#3943=EDGE_CURVE('',#3072,#3071,#1577,.T.);
#3944=EDGE_CURVE('',#3072,#3073,#2516,.T.);
#3945=EDGE_CURVE('',#3070,#3073,#1578,.T.);
#3946=EDGE_CURVE('',#3070,#3074,#1579,.T.);
#3947=EDGE_CURVE('',#3051,#3074,#2517,.F.);
#3948=EDGE_CURVE('',#3051,#3075,#2518,.T.);
#3949=EDGE_CURVE('',#3075,#3071,#1580,.T.);
#3950=EDGE_CURVE('',#3076,#3075,#1581,.T.);
#3951=EDGE_CURVE('',#3072,#3076,#1582,.T.);
#3952=EDGE_CURVE('',#3077,#3078,#2519,.T.);
#3953=EDGE_CURVE('',#3079,#3078,#1583,.T.);
#3954=EDGE_CURVE('',#3079,#3080,#2520,.T.);
#3955=EDGE_CURVE('',#3077,#3080,#1584,.T.);
#3956=EDGE_CURVE('',#3077,#3081,#1585,.T.);
#3957=EDGE_CURVE('',#3050,#3081,#2521,.F.);
#3958=EDGE_CURVE('',#3050,#3082,#2522,.T.);
#3959=EDGE_CURVE('',#3082,#3078,#1586,.T.);
#3960=EDGE_CURVE('',#3083,#3082,#1587,.T.);
#3961=EDGE_CURVE('',#3079,#3083,#1588,.T.);
#3962=EDGE_CURVE('',#3084,#3085,#2523,.T.);
#3963=EDGE_CURVE('',#3086,#3085,#1589,.T.);
#3964=EDGE_CURVE('',#3086,#3087,#2524,.T.);
#3965=EDGE_CURVE('',#3084,#3087,#1590,.T.);
#3966=EDGE_CURVE('',#3084,#3088,#1591,.T.);
#3967=EDGE_CURVE('',#3049,#3088,#2525,.F.);
#3968=EDGE_CURVE('',#3049,#3089,#2526,.T.);
#3969=EDGE_CURVE('',#3089,#3085,#1592,.T.);
#3970=EDGE_CURVE('',#3090,#3089,#1593,.T.);
#3971=EDGE_CURVE('',#3086,#3090,#1594,.T.);
#3972=EDGE_CURVE('',#3091,#3092,#2527,.T.);
#3973=EDGE_CURVE('',#3093,#3092,#1595,.T.);
#3974=EDGE_CURVE('',#3093,#3094,#2528,.T.);
#3975=EDGE_CURVE('',#3091,#3094,#1596,.T.);
#3976=EDGE_CURVE('',#3091,#3095,#1597,.T.);
#3977=EDGE_CURVE('',#3048,#3095,#2529,.F.);
#3978=EDGE_CURVE('',#3048,#3096,#2530,.T.);
#3979=EDGE_CURVE('',#3096,#3092,#1598,.T.);
#3980=EDGE_CURVE('',#3097,#3046,#2531,.T.);
#3981=EDGE_CURVE('',#3097,#3098,#1599,.T.);
#3982=EDGE_CURVE('',#3098,#3047,#2532,.T.);
#3983=EDGE_CURVE('',#3097,#3099,#1600,.T.);
#3984=EDGE_CURVE('',#3100,#3099,#1601,.T.);
#3985=EDGE_CURVE('',#3098,#3100,#1602,.T.);
#3986=EDGE_CURVE('',#3060,#3099,#2533,.T.);
#3987=EDGE_CURVE('',#3059,#3100,#2534,.T.);
#3988=EDGE_CURVE('',#3093,#3101,#1603,.T.);
#3989=EDGE_CURVE('',#3058,#3101,#2535,.F.);
#3990=EDGE_CURVE('',#3058,#3102,#2536,.T.);
#3991=EDGE_CURVE('',#3102,#3094,#1604,.T.);
#3992=EDGE_CURVE('',#3095,#3102,#1605,.T.);
#3993=EDGE_CURVE('',#3057,#3090,#2537,.F.);
#3994=EDGE_CURVE('',#3057,#3103,#2538,.T.);
#3995=EDGE_CURVE('',#3103,#3087,#1606,.T.);
#3996=EDGE_CURVE('',#3088,#3103,#1607,.T.);
#3997=EDGE_CURVE('',#3056,#3083,#2539,.F.);
#3998=EDGE_CURVE('',#3056,#3104,#2540,.T.);
#3999=EDGE_CURVE('',#3104,#3080,#1608,.T.);
#4000=EDGE_CURVE('',#3081,#3104,#1609,.T.);
#4001=EDGE_CURVE('',#3105,#3073,#1610,.T.);
#4002=EDGE_CURVE('',#3074,#3105,#1611,.T.);
#4003=EDGE_CURVE('',#3076,#3055,#2541,.T.);
#4004=EDGE_CURVE('',#3055,#3105,#2542,.T.);
#4005=EDGE_CURVE('',#2937,#3069,#2543,.F.);
#4006=EDGE_CURVE('',#2936,#3067,#1612,.T.);
#4007=EDGE_CURVE('',#2945,#3106,#1613,.T.);
#4008=EDGE_CURVE('',#3107,#2944,#1614,.T.);
#4009=EDGE_CURVE('',#3107,#3106,#1615,.T.);
#4010=EDGE_CURVE('',#3108,#3106,#2544,.T.);
#4011=EDGE_CURVE('',#3108,#3109,#1616,.T.);
#4012=EDGE_CURVE('',#3109,#2946,#2545,.T.);
#4013=EDGE_CURVE('',#3107,#3110,#2546,.T.);
#4014=EDGE_CURVE('',#3108,#3110,#1617,.T.);
#4015=EDGE_CURVE('',#3111,#3112,#1618,.T.);
#4016=EDGE_CURVE('',#3113,#3111,#1619,.T.);
#4017=EDGE_CURVE('',#3114,#3113,#1620,.T.);
#4018=EDGE_CURVE('',#3114,#3112,#1621,.T.);
#4019=EDGE_CURVE('',#3115,#3112,#2547,.T.);
#4020=EDGE_CURVE('',#3115,#3116,#1622,.T.);
#4021=EDGE_CURVE('',#3116,#3039,#2548,.T.);
#4022=EDGE_CURVE('',#3039,#3111,#2549,.T.);
#4023=EDGE_CURVE('',#3114,#3117,#2550,.T.);
#4024=EDGE_CURVE('',#3115,#3117,#1623,.T.);
#4025=EDGE_CURVE('',#3118,#3119,#1624,.T.);
#4026=EDGE_CURVE('',#3120,#3118,#1625,.T.);
#4027=EDGE_CURVE('',#3121,#3120,#1626,.T.);
#4028=EDGE_CURVE('',#3121,#3119,#1627,.T.);
#4029=EDGE_CURVE('',#3122,#3119,#2551,.T.);
#4030=EDGE_CURVE('',#3122,#3123,#1628,.T.);
#4031=EDGE_CURVE('',#3123,#3040,#2552,.T.);
#4032=EDGE_CURVE('',#3040,#3118,#2553,.T.);
#4033=EDGE_CURVE('',#3121,#3124,#2554,.T.);
#4034=EDGE_CURVE('',#3122,#3124,#1629,.T.);
#4035=EDGE_CURVE('',#3125,#3126,#1630,.T.);
#4036=EDGE_CURVE('',#3127,#3125,#1631,.T.);
#4037=EDGE_CURVE('',#3128,#3127,#1632,.T.);
#4038=EDGE_CURVE('',#3128,#3126,#1633,.T.);
#4039=EDGE_CURVE('',#3129,#3126,#2555,.T.);
#4040=EDGE_CURVE('',#3129,#3130,#1634,.T.);
#4041=EDGE_CURVE('',#3130,#3041,#2556,.T.);
#4042=EDGE_CURVE('',#3041,#3125,#2557,.T.);
#4043=EDGE_CURVE('',#3128,#3131,#2558,.T.);
#4044=EDGE_CURVE('',#3129,#3131,#1635,.T.);
#4045=EDGE_CURVE('',#3132,#3133,#1636,.T.);
#4046=EDGE_CURVE('',#3134,#3132,#1637,.T.);
#4047=EDGE_CURVE('',#3135,#3134,#1638,.T.);
#4048=EDGE_CURVE('',#3135,#3133,#1639,.T.);
#4049=EDGE_CURVE('',#3136,#3133,#2559,.T.);
#4050=EDGE_CURVE('',#3136,#3137,#1640,.T.);
#4051=EDGE_CURVE('',#3137,#3042,#2560,.T.);
#4052=EDGE_CURVE('',#3042,#3132,#2561,.T.);
#4053=EDGE_CURVE('',#3135,#3138,#2562,.T.);
#4054=EDGE_CURVE('',#3136,#3138,#1641,.T.);
#4055=EDGE_CURVE('',#3044,#3139,#2563,.T.);
#4056=EDGE_CURVE('',#3043,#3140,#2564,.T.);
#4057=EDGE_CURVE('',#3140,#3139,#1642,.T.);
#4058=EDGE_CURVE('',#3141,#3030,#2565,.T.);
#4059=EDGE_CURVE('',#3141,#3142,#1643,.T.);
#4060=EDGE_CURVE('',#3142,#3031,#2566,.T.);
#4061=EDGE_CURVE('',#3141,#3139,#1644,.T.);
#4062=EDGE_CURVE('',#3032,#3134,#2567,.F.);
#4063=EDGE_CURVE('',#3032,#3143,#2568,.T.);
#4064=EDGE_CURVE('',#3143,#3138,#1645,.T.);
#4065=EDGE_CURVE('',#3137,#3143,#1646,.T.);
#4066=EDGE_CURVE('',#3144,#3131,#1647,.T.);
#4067=EDGE_CURVE('',#3130,#3144,#1648,.T.);
#4068=EDGE_CURVE('',#3127,#3033,#2569,.T.);
#4069=EDGE_CURVE('',#3033,#3144,#2570,.T.);
#4070=EDGE_CURVE('',#3034,#3120,#2571,.F.);
#4071=EDGE_CURVE('',#3034,#3145,#2572,.T.);
#4072=EDGE_CURVE('',#3145,#3124,#1649,.T.);
#4073=EDGE_CURVE('',#3123,#3145,#1650,.T.);
#4074=EDGE_CURVE('',#3146,#3117,#1651,.T.);
#4075=EDGE_CURVE('',#3116,#3146,#1652,.T.);
#4076=EDGE_CURVE('',#3113,#3035,#2573,.T.);
#4077=EDGE_CURVE('',#3035,#3146,#2574,.T.);
#4078=EDGE_CURVE('',#2943,#3147,#2575,.T.);
#4079=EDGE_CURVE('',#3147,#3110,#1653,.T.);
#4080=EDGE_CURVE('',#3109,#3147,#1654,.T.);
#4081=EDGE_CURVE('',#2959,#2927,#1655,.T.);
#4082=EDGE_CURVE('',#2926,#2957,#1656,.T.);
#4083=EDGE_CURVE('',#2963,#2929,#1657,.T.);
#4084=EDGE_CURVE('',#2928,#2961,#1658,.T.);
#4085=EDGE_CURVE('',#3101,#3096,#1659,.T.);
#4086=EDGE_CURVE('',#3142,#3140,#1660,.T.);
#4087=ORIENTED_EDGE('',*,*,#3148,.T.);
#4088=ORIENTED_EDGE('',*,*,#3149,.F.);
#4089=ORIENTED_EDGE('',*,*,#3150,.T.);
#4090=ORIENTED_EDGE('',*,*,#3151,.T.);
#4091=ORIENTED_EDGE('',*,*,#3152,.T.);
#4092=ORIENTED_EDGE('',*,*,#3153,.F.);
#4093=ORIENTED_EDGE('',*,*,#3154,.T.);
#4094=ORIENTED_EDGE('',*,*,#3155,.T.);
#4095=ORIENTED_EDGE('',*,*,#3156,.T.);
#4096=ORIENTED_EDGE('',*,*,#3157,.T.);
#4097=ORIENTED_EDGE('',*,*,#3158,.T.);
#4098=ORIENTED_EDGE('',*,*,#3159,.T.);
#4099=ORIENTED_EDGE('',*,*,#3160,.T.);
#4100=ORIENTED_EDGE('',*,*,#3149,.T.);
#4101=ORIENTED_EDGE('',*,*,#3161,.T.);
#4102=ORIENTED_EDGE('',*,*,#3162,.F.);
#4103=ORIENTED_EDGE('',*,*,#3163,.T.);
#4104=ORIENTED_EDGE('',*,*,#3164,.T.);
#4105=ORIENTED_EDGE('',*,*,#3165,.T.);
#4106=ORIENTED_EDGE('',*,*,#3155,.F.);
#4107=ORIENTED_EDGE('',*,*,#3166,.T.);
#4108=ORIENTED_EDGE('',*,*,#3167,.F.);
#4109=ORIENTED_EDGE('',*,*,#3168,.T.);
#4110=ORIENTED_EDGE('',*,*,#3169,.T.);
#4111=ORIENTED_EDGE('',*,*,#3162,.T.);
#4112=ORIENTED_EDGE('',*,*,#3170,.T.);
#4113=ORIENTED_EDGE('',*,*,#3171,.T.);
#4114=ORIENTED_EDGE('',*,*,#3172,.F.);
#4115=ORIENTED_EDGE('',*,*,#3173,.F.);
#4116=ORIENTED_EDGE('',*,*,#3167,.T.);
#4117=ORIENTED_EDGE('',*,*,#3174,.T.);
#4118=ORIENTED_EDGE('',*,*,#3175,.T.);
#4119=ORIENTED_EDGE('',*,*,#3176,.F.);
#4120=ORIENTED_EDGE('',*,*,#3177,.T.);
#4121=ORIENTED_EDGE('',*,*,#3178,.T.);
#4122=ORIENTED_EDGE('',*,*,#3177,.F.);
#4123=ORIENTED_EDGE('',*,*,#3179,.T.);
#4124=ORIENTED_EDGE('',*,*,#3180,.T.);
#4125=ORIENTED_EDGE('',*,*,#3181,.T.);
#4126=ORIENTED_EDGE('',*,*,#3180,.F.);
#4127=ORIENTED_EDGE('',*,*,#3182,.F.);
#4128=ORIENTED_EDGE('',*,*,#3183,.F.);
#4129=ORIENTED_EDGE('',*,*,#3184,.T.);
#4130=ORIENTED_EDGE('',*,*,#3183,.T.);
#4131=ORIENTED_EDGE('',*,*,#3185,.F.);
#4132=ORIENTED_EDGE('',*,*,#3171,.F.);
#4133=ORIENTED_EDGE('',*,*,#3186,.T.);
#4134=ORIENTED_EDGE('',*,*,#3187,.F.);
#4135=ORIENTED_EDGE('',*,*,#3188,.T.);
#4136=ORIENTED_EDGE('',*,*,#3175,.F.);
#4137=ORIENTED_EDGE('',*,*,#3189,.T.);
#4138=ORIENTED_EDGE('',*,*,#3190,.T.);
#4139=ORIENTED_EDGE('',*,*,#3191,.F.);
#4140=ORIENTED_EDGE('',*,*,#3187,.T.);
#4141=ORIENTED_EDGE('',*,*,#3192,.T.);
#4142=ORIENTED_EDGE('',*,*,#3193,.F.);
#4143=ORIENTED_EDGE('',*,*,#3194,.T.);
#4144=ORIENTED_EDGE('',*,*,#3190,.F.);
#4145=ORIENTED_EDGE('',*,*,#3195,.T.);
#4146=ORIENTED_EDGE('',*,*,#3196,.F.);
#4147=ORIENTED_EDGE('',*,*,#3197,.T.);
#4148=ORIENTED_EDGE('',*,*,#3198,.F.);
#4149=ORIENTED_EDGE('',*,*,#3199,.T.);
#4150=ORIENTED_EDGE('',*,*,#3198,.T.);
#4151=ORIENTED_EDGE('',*,*,#3200,.T.);
#4152=ORIENTED_EDGE('',*,*,#3201,.F.);
#4153=ORIENTED_EDGE('',*,*,#3202,.T.);
#4154=ORIENTED_EDGE('',*,*,#3201,.T.);
#4155=ORIENTED_EDGE('',*,*,#3203,.T.);
#4156=ORIENTED_EDGE('',*,*,#3204,.T.);
#4157=ORIENTED_EDGE('',*,*,#3205,.T.);
#4158=ORIENTED_EDGE('',*,*,#3206,.F.);
#4159=ORIENTED_EDGE('',*,*,#3193,.T.);
#4160=ORIENTED_EDGE('',*,*,#3148,.F.);
#4161=ORIENTED_EDGE('',*,*,#3207,.T.);
#4162=ORIENTED_EDGE('',*,*,#3208,.T.);
#4163=ORIENTED_EDGE('',*,*,#3209,.F.);
#4164=ORIENTED_EDGE('',*,*,#3154,.F.);
#4165=ORIENTED_EDGE('',*,*,#3209,.T.);
#4166=ORIENTED_EDGE('',*,*,#3210,.T.);
#4167=ORIENTED_EDGE('',*,*,#3211,.F.);
#4168=ORIENTED_EDGE('',*,*,#3161,.F.);
#4169=ORIENTED_EDGE('',*,*,#3211,.T.);
#4170=ORIENTED_EDGE('',*,*,#3212,.T.);
#4171=ORIENTED_EDGE('',*,*,#3213,.F.);
#4172=ORIENTED_EDGE('',*,*,#3166,.F.);
#4173=ORIENTED_EDGE('',*,*,#3213,.T.);
#4174=ORIENTED_EDGE('',*,*,#3214,.T.);
#4175=ORIENTED_EDGE('',*,*,#3215,.F.);
#4176=ORIENTED_EDGE('',*,*,#3170,.F.);
#4177=ORIENTED_EDGE('',*,*,#3215,.T.);
#4178=ORIENTED_EDGE('',*,*,#3216,.T.);
#4179=ORIENTED_EDGE('',*,*,#3217,.F.);
#4180=ORIENTED_EDGE('',*,*,#3174,.F.);
#4181=ORIENTED_EDGE('',*,*,#3178,.F.);
#4182=ORIENTED_EDGE('',*,*,#3181,.F.);
#4183=ORIENTED_EDGE('',*,*,#3184,.F.);
#4184=ORIENTED_EDGE('',*,*,#3217,.T.);
#4185=ORIENTED_EDGE('',*,*,#3218,.T.);
#4186=ORIENTED_EDGE('',*,*,#3219,.F.);
#4187=ORIENTED_EDGE('',*,*,#3186,.F.);
#4188=ORIENTED_EDGE('',*,*,#3219,.T.);
#4189=ORIENTED_EDGE('',*,*,#3220,.T.);
#4190=ORIENTED_EDGE('',*,*,#3221,.F.);
#4191=ORIENTED_EDGE('',*,*,#3189,.F.);
#4192=ORIENTED_EDGE('',*,*,#3221,.T.);
#4193=ORIENTED_EDGE('',*,*,#3222,.T.);
#4194=ORIENTED_EDGE('',*,*,#3223,.F.);
#4195=ORIENTED_EDGE('',*,*,#3192,.F.);
#4196=ORIENTED_EDGE('',*,*,#3223,.T.);
#4197=ORIENTED_EDGE('',*,*,#3224,.T.);
#4198=ORIENTED_EDGE('',*,*,#3225,.F.);
#4199=ORIENTED_EDGE('',*,*,#3226,.F.);
#4200=ORIENTED_EDGE('',*,*,#3227,.F.);
#4201=ORIENTED_EDGE('',*,*,#3228,.F.);
#4202=ORIENTED_EDGE('',*,*,#3229,.F.);
#4203=ORIENTED_EDGE('',*,*,#3230,.F.);
#4204=ORIENTED_EDGE('',*,*,#3231,.F.);
#4205=ORIENTED_EDGE('',*,*,#3228,.T.);
#4206=ORIENTED_EDGE('',*,*,#3232,.F.);
#4207=ORIENTED_EDGE('',*,*,#3233,.F.);
#4208=ORIENTED_EDGE('',*,*,#3156,.F.);
#4209=ORIENTED_EDGE('',*,*,#3234,.F.);
#4210=ORIENTED_EDGE('',*,*,#3235,.F.);
#4211=ORIENTED_EDGE('',*,*,#3236,.F.);
#4212=ORIENTED_EDGE('',*,*,#3237,.F.);
#4213=ORIENTED_EDGE('',*,*,#3234,.T.);
#4214=ORIENTED_EDGE('',*,*,#3165,.F.);
#4215=ORIENTED_EDGE('',*,*,#3237,.T.);
#4216=ORIENTED_EDGE('',*,*,#3238,.T.);
#4217=ORIENTED_EDGE('',*,*,#3239,.T.);
#4218=ORIENTED_EDGE('',*,*,#3240,.T.);
#4219=ORIENTED_EDGE('',*,*,#3241,.F.);
#4220=ORIENTED_EDGE('',*,*,#3242,.F.);
#4221=ORIENTED_EDGE('',*,*,#3243,.T.);
#4222=ORIENTED_EDGE('',*,*,#3244,.T.);
#4223=ORIENTED_EDGE('',*,*,#3235,.T.);
#4224=ORIENTED_EDGE('',*,*,#3245,.F.);
#4225=ORIENTED_EDGE('',*,*,#3150,.F.);
#4226=ORIENTED_EDGE('',*,*,#3246,.F.);
#4227=ORIENTED_EDGE('',*,*,#3247,.F.);
#4228=ORIENTED_EDGE('',*,*,#3248,.F.);
#4229=ORIENTED_EDGE('',*,*,#3249,.F.);
#4230=ORIENTED_EDGE('',*,*,#3246,.T.);
#4231=ORIENTED_EDGE('',*,*,#3160,.F.);
#4232=ORIENTED_EDGE('',*,*,#3249,.T.);
#4233=ORIENTED_EDGE('',*,*,#3250,.T.);
#4234=ORIENTED_EDGE('',*,*,#3251,.T.);
#4235=ORIENTED_EDGE('',*,*,#3252,.T.);
#4236=ORIENTED_EDGE('',*,*,#3253,.F.);
#4237=ORIENTED_EDGE('',*,*,#3254,.F.);
#4238=ORIENTED_EDGE('',*,*,#3255,.T.);
#4239=ORIENTED_EDGE('',*,*,#3256,.T.);
#4240=ORIENTED_EDGE('',*,*,#3247,.T.);
#4241=ORIENTED_EDGE('',*,*,#3205,.F.);
#4242=ORIENTED_EDGE('',*,*,#3257,.F.);
#4243=ORIENTED_EDGE('',*,*,#3258,.F.);
#4244=ORIENTED_EDGE('',*,*,#3259,.F.);
#4245=ORIENTED_EDGE('',*,*,#3260,.F.);
#4246=ORIENTED_EDGE('',*,*,#3261,.F.);
#4247=ORIENTED_EDGE('',*,*,#3258,.T.);
#4248=ORIENTED_EDGE('',*,*,#3262,.F.);
#4249=ORIENTED_EDGE('',*,*,#3263,.F.);
#4250=ORIENTED_EDGE('',*,*,#3264,.F.);
#4251=ORIENTED_EDGE('',*,*,#3260,.T.);
#4252=ORIENTED_EDGE('',*,*,#3265,.F.);
#4253=ORIENTED_EDGE('',*,*,#3266,.F.);
#4254=ORIENTED_EDGE('',*,*,#3267,.F.);
#4255=ORIENTED_EDGE('',*,*,#3263,.T.);
#4256=ORIENTED_EDGE('',*,*,#3268,.F.);
#4257=ORIENTED_EDGE('',*,*,#3266,.T.);
#4258=ORIENTED_EDGE('',*,*,#3269,.F.);
#4259=ORIENTED_EDGE('',*,*,#3270,.F.);
#4260=ORIENTED_EDGE('',*,*,#3271,.F.);
#4261=ORIENTED_EDGE('',*,*,#3272,.F.);
#4262=ORIENTED_EDGE('',*,*,#3273,.F.);
#4263=ORIENTED_EDGE('',*,*,#3270,.T.);
#4264=ORIENTED_EDGE('',*,*,#3274,.F.);
#4265=ORIENTED_EDGE('',*,*,#3272,.T.);
#4266=ORIENTED_EDGE('',*,*,#3275,.F.);
#4267=ORIENTED_EDGE('',*,*,#3276,.F.);
#4268=ORIENTED_EDGE('',*,*,#3277,.F.);
#4269=ORIENTED_EDGE('',*,*,#3278,.F.);
#4270=ORIENTED_EDGE('',*,*,#3279,.F.);
#4271=ORIENTED_EDGE('',*,*,#3276,.T.);
#4272=ORIENTED_EDGE('',*,*,#3280,.F.);
#4273=ORIENTED_EDGE('',*,*,#3281,.F.);
#4274=ORIENTED_EDGE('',*,*,#3203,.F.);
#4275=ORIENTED_EDGE('',*,*,#3282,.F.);
#4276=ORIENTED_EDGE('',*,*,#3283,.F.);
#4277=ORIENTED_EDGE('',*,*,#3284,.F.);
#4278=ORIENTED_EDGE('',*,*,#3285,.F.);
#4279=ORIENTED_EDGE('',*,*,#3282,.T.);
#4280=ORIENTED_EDGE('',*,*,#3200,.F.);
#4281=ORIENTED_EDGE('',*,*,#3286,.F.);
#4282=ORIENTED_EDGE('',*,*,#3287,.F.);
#4283=ORIENTED_EDGE('',*,*,#3284,.T.);
#4284=ORIENTED_EDGE('',*,*,#3197,.F.);
#4285=ORIENTED_EDGE('',*,*,#3288,.F.);
#4286=ORIENTED_EDGE('',*,*,#3289,.T.);
#4287=ORIENTED_EDGE('',*,*,#3290,.F.);
#4288=ORIENTED_EDGE('',*,*,#3289,.F.);
#4289=ORIENTED_EDGE('',*,*,#3291,.T.);
#4290=ORIENTED_EDGE('',*,*,#3292,.T.);
#4291=ORIENTED_EDGE('',*,*,#3288,.T.);
#4292=ORIENTED_EDGE('',*,*,#3292,.F.);
#4293=ORIENTED_EDGE('',*,*,#3293,.F.);
#4294=ORIENTED_EDGE('',*,*,#3294,.T.);
#4295=ORIENTED_EDGE('',*,*,#3295,.F.);
#4296=ORIENTED_EDGE('',*,*,#3294,.F.);
#4297=ORIENTED_EDGE('',*,*,#3296,.T.);
#4298=ORIENTED_EDGE('',*,*,#3297,.T.);
#4299=ORIENTED_EDGE('',*,*,#3293,.T.);
#4300=ORIENTED_EDGE('',*,*,#3297,.F.);
#4301=ORIENTED_EDGE('',*,*,#3298,.F.);
#4302=ORIENTED_EDGE('',*,*,#3299,.F.);
#4303=ORIENTED_EDGE('',*,*,#3300,.T.);
#4304=ORIENTED_EDGE('',*,*,#3301,.F.);
#4305=ORIENTED_EDGE('',*,*,#3302,.F.);
#4306=ORIENTED_EDGE('',*,*,#3303,.F.);
#4307=ORIENTED_EDGE('',*,*,#3298,.T.);
#4308=ORIENTED_EDGE('',*,*,#3304,.F.);
#4309=ORIENTED_EDGE('',*,*,#3305,.F.);
#4310=ORIENTED_EDGE('',*,*,#3306,.F.);
#4311=ORIENTED_EDGE('',*,*,#3302,.T.);
#4312=ORIENTED_EDGE('',*,*,#3307,.F.);
#4313=ORIENTED_EDGE('',*,*,#3308,.F.);
#4314=ORIENTED_EDGE('',*,*,#3309,.F.);
#4315=ORIENTED_EDGE('',*,*,#3305,.T.);
#4316=ORIENTED_EDGE('',*,*,#3310,.F.);
#4317=ORIENTED_EDGE('',*,*,#3311,.F.);
#4318=ORIENTED_EDGE('',*,*,#3312,.F.);
#4319=ORIENTED_EDGE('',*,*,#3308,.T.);
#4320=ORIENTED_EDGE('',*,*,#3313,.F.);
#4321=ORIENTED_EDGE('',*,*,#3314,.F.);
#4322=ORIENTED_EDGE('',*,*,#3315,.F.);
#4323=ORIENTED_EDGE('',*,*,#3311,.T.);
#4324=ORIENTED_EDGE('',*,*,#3316,.F.);
#4325=ORIENTED_EDGE('',*,*,#3317,.F.);
#4326=ORIENTED_EDGE('',*,*,#3318,.F.);
#4327=ORIENTED_EDGE('',*,*,#3314,.T.);
#4328=ORIENTED_EDGE('',*,*,#3152,.F.);
#4329=ORIENTED_EDGE('',*,*,#3319,.F.);
#4330=ORIENTED_EDGE('',*,*,#3320,.F.);
#4331=ORIENTED_EDGE('',*,*,#3317,.T.);
#4332=ORIENTED_EDGE('',*,*,#3321,.F.);
#4333=ORIENTED_EDGE('',*,*,#3319,.T.);
#4334=ORIENTED_EDGE('',*,*,#3322,.F.);
#4335=ORIENTED_EDGE('',*,*,#3323,.F.);
#4336=ORIENTED_EDGE('',*,*,#3324,.F.);
#4337=ORIENTED_EDGE('',*,*,#3325,.F.);
#4338=ORIENTED_EDGE('',*,*,#3326,.F.);
#4339=ORIENTED_EDGE('',*,*,#3323,.T.);
#4340=ORIENTED_EDGE('',*,*,#3327,.F.);
#4341=ORIENTED_EDGE('',*,*,#3325,.T.);
#4342=ORIENTED_EDGE('',*,*,#3328,.F.);
#4343=ORIENTED_EDGE('',*,*,#3329,.F.);
#4344=ORIENTED_EDGE('',*,*,#3330,.F.);
#4345=ORIENTED_EDGE('',*,*,#3331,.F.);
#4346=ORIENTED_EDGE('',*,*,#3332,.F.);
#4347=ORIENTED_EDGE('',*,*,#3329,.T.);
#4348=ORIENTED_EDGE('',*,*,#3333,.F.);
#4349=ORIENTED_EDGE('',*,*,#3331,.T.);
#4350=ORIENTED_EDGE('',*,*,#3334,.F.);
#4351=ORIENTED_EDGE('',*,*,#3335,.F.);
#4352=ORIENTED_EDGE('',*,*,#3336,.F.);
#4353=ORIENTED_EDGE('',*,*,#3337,.F.);
#4354=ORIENTED_EDGE('',*,*,#3338,.F.);
#4355=ORIENTED_EDGE('',*,*,#3335,.T.);
#4356=ORIENTED_EDGE('',*,*,#3339,.F.);
#4357=ORIENTED_EDGE('',*,*,#3340,.F.);
#4358=ORIENTED_EDGE('',*,*,#3341,.F.);
#4359=ORIENTED_EDGE('',*,*,#3337,.T.);
#4360=ORIENTED_EDGE('',*,*,#3158,.F.);
#4361=ORIENTED_EDGE('',*,*,#3342,.F.);
#4362=ORIENTED_EDGE('',*,*,#3343,.F.);
#4363=ORIENTED_EDGE('',*,*,#3340,.T.);
#4364=ORIENTED_EDGE('',*,*,#3344,.F.);
#4365=ORIENTED_EDGE('',*,*,#3342,.T.);
#4366=ORIENTED_EDGE('',*,*,#3345,.F.);
#4367=ORIENTED_EDGE('',*,*,#3346,.F.);
#4368=ORIENTED_EDGE('',*,*,#3347,.F.);
#4369=ORIENTED_EDGE('',*,*,#3348,.F.);
#4370=ORIENTED_EDGE('',*,*,#3349,.F.);
#4371=ORIENTED_EDGE('',*,*,#3346,.T.);
#4372=ORIENTED_EDGE('',*,*,#3350,.F.);
#4373=ORIENTED_EDGE('',*,*,#3348,.T.);
#4374=ORIENTED_EDGE('',*,*,#3351,.F.);
#4375=ORIENTED_EDGE('',*,*,#3352,.F.);
#4376=ORIENTED_EDGE('',*,*,#3353,.F.);
#4377=ORIENTED_EDGE('',*,*,#3354,.F.);
#4378=ORIENTED_EDGE('',*,*,#3355,.F.);
#4379=ORIENTED_EDGE('',*,*,#3352,.T.);
#4380=ORIENTED_EDGE('',*,*,#3356,.F.);
#4381=ORIENTED_EDGE('',*,*,#3354,.T.);
#4382=ORIENTED_EDGE('',*,*,#3357,.F.);
#4383=ORIENTED_EDGE('',*,*,#3358,.F.);
#4384=ORIENTED_EDGE('',*,*,#3359,.F.);
#4385=ORIENTED_EDGE('',*,*,#3360,.F.);
#4386=ORIENTED_EDGE('',*,*,#3361,.F.);
#4387=ORIENTED_EDGE('',*,*,#3358,.T.);
#4388=ORIENTED_EDGE('',*,*,#3362,.F.);
#4389=ORIENTED_EDGE('',*,*,#3363,.F.);
#4390=ORIENTED_EDGE('',*,*,#3364,.F.);
#4391=ORIENTED_EDGE('',*,*,#3360,.T.);
#4392=ORIENTED_EDGE('',*,*,#3163,.F.);
#4393=ORIENTED_EDGE('',*,*,#3365,.F.);
#4394=ORIENTED_EDGE('',*,*,#3366,.F.);
#4395=ORIENTED_EDGE('',*,*,#3363,.T.);
#4396=ORIENTED_EDGE('',*,*,#3169,.F.);
#4397=ORIENTED_EDGE('',*,*,#3367,.F.);
#4398=ORIENTED_EDGE('',*,*,#3368,.F.);
#4399=ORIENTED_EDGE('',*,*,#3365,.T.);
#4400=ORIENTED_EDGE('',*,*,#3369,.F.);
#4401=ORIENTED_EDGE('',*,*,#3367,.T.);
#4402=ORIENTED_EDGE('',*,*,#3370,.F.);
#4403=ORIENTED_EDGE('',*,*,#3371,.F.);
#4404=ORIENTED_EDGE('',*,*,#3372,.F.);
#4405=ORIENTED_EDGE('',*,*,#3373,.F.);
#4406=ORIENTED_EDGE('',*,*,#3374,.F.);
#4407=ORIENTED_EDGE('',*,*,#3371,.T.);
#4408=ORIENTED_EDGE('',*,*,#3375,.F.);
#4409=ORIENTED_EDGE('',*,*,#3232,.T.);
#4410=ORIENTED_EDGE('',*,*,#3376,.F.);
#4411=ORIENTED_EDGE('',*,*,#3301,.T.);
#4412=ORIENTED_EDGE('',*,*,#3377,.F.);
#4413=ORIENTED_EDGE('',*,*,#3227,.T.);
#4414=ORIENTED_EDGE('',*,*,#3378,.T.);
#4415=ORIENTED_EDGE('',*,*,#3265,.T.);
#4416=ORIENTED_EDGE('',*,*,#3379,.T.);
#4417=ORIENTED_EDGE('',*,*,#3304,.T.);
#4418=ORIENTED_EDGE('',*,*,#3376,.T.);
#4419=ORIENTED_EDGE('',*,*,#3262,.T.);
#4420=ORIENTED_EDGE('',*,*,#3380,.F.);
#4421=ORIENTED_EDGE('',*,*,#3307,.T.);
#4422=ORIENTED_EDGE('',*,*,#3379,.F.);
#4423=ORIENTED_EDGE('',*,*,#3257,.T.);
#4424=ORIENTED_EDGE('',*,*,#3204,.F.);
#4425=ORIENTED_EDGE('',*,*,#3281,.T.);
#4426=ORIENTED_EDGE('',*,*,#3381,.F.);
#4427=ORIENTED_EDGE('',*,*,#3382,.T.);
#4428=ORIENTED_EDGE('',*,*,#3310,.T.);
#4429=ORIENTED_EDGE('',*,*,#3380,.T.);
#4430=ORIENTED_EDGE('',*,*,#3313,.T.);
#4431=ORIENTED_EDGE('',*,*,#3382,.F.);
#4432=ORIENTED_EDGE('',*,*,#3383,.F.);
#4433=ORIENTED_EDGE('',*,*,#3384,.T.);
#4434=ORIENTED_EDGE('',*,*,#3385,.F.);
#4435=ORIENTED_EDGE('',*,*,#3321,.T.);
#4436=ORIENTED_EDGE('',*,*,#3151,.F.);
#4437=ORIENTED_EDGE('',*,*,#3245,.T.);
#4438=ORIENTED_EDGE('',*,*,#3256,.F.);
#4439=ORIENTED_EDGE('',*,*,#3386,.F.);
#4440=ORIENTED_EDGE('',*,*,#3322,.T.);
#4441=ORIENTED_EDGE('',*,*,#3386,.T.);
#4442=ORIENTED_EDGE('',*,*,#3255,.F.);
#4443=ORIENTED_EDGE('',*,*,#3387,.F.);
#4444=ORIENTED_EDGE('',*,*,#3388,.F.);
#4445=ORIENTED_EDGE('',*,*,#3389,.F.);
#4446=ORIENTED_EDGE('',*,*,#3390,.F.);
#4447=ORIENTED_EDGE('',*,*,#3391,.F.);
#4448=ORIENTED_EDGE('',*,*,#3392,.T.);
#4449=ORIENTED_EDGE('',*,*,#3393,.F.);
#4450=ORIENTED_EDGE('',*,*,#3394,.T.);
#4451=ORIENTED_EDGE('',*,*,#3327,.T.);
#4452=ORIENTED_EDGE('',*,*,#3394,.F.);
#4453=ORIENTED_EDGE('',*,*,#3395,.T.);
#4454=ORIENTED_EDGE('',*,*,#3396,.F.);
#4455=ORIENTED_EDGE('',*,*,#3328,.T.);
#4456=ORIENTED_EDGE('',*,*,#3396,.T.);
#4457=ORIENTED_EDGE('',*,*,#3397,.F.);
#4458=ORIENTED_EDGE('',*,*,#3398,.T.);
#4459=ORIENTED_EDGE('',*,*,#3333,.T.);
#4460=ORIENTED_EDGE('',*,*,#3398,.F.);
#4461=ORIENTED_EDGE('',*,*,#3399,.T.);
#4462=ORIENTED_EDGE('',*,*,#3400,.F.);
#4463=ORIENTED_EDGE('',*,*,#3334,.T.);
#4464=ORIENTED_EDGE('',*,*,#3400,.T.);
#4465=ORIENTED_EDGE('',*,*,#3401,.F.);
#4466=ORIENTED_EDGE('',*,*,#3402,.T.);
#4467=ORIENTED_EDGE('',*,*,#3403,.F.);
#4468=ORIENTED_EDGE('',*,*,#3404,.F.);
#4469=ORIENTED_EDGE('',*,*,#3405,.F.);
#4470=ORIENTED_EDGE('',*,*,#3406,.F.);
#4471=ORIENTED_EDGE('',*,*,#3407,.F.);
#4472=ORIENTED_EDGE('',*,*,#3251,.F.);
#4473=ORIENTED_EDGE('',*,*,#3408,.T.);
#4474=ORIENTED_EDGE('',*,*,#3339,.T.);
#4475=ORIENTED_EDGE('',*,*,#3408,.F.);
#4476=ORIENTED_EDGE('',*,*,#3250,.F.);
#4477=ORIENTED_EDGE('',*,*,#3248,.T.);
#4478=ORIENTED_EDGE('',*,*,#3159,.F.);
#4479=ORIENTED_EDGE('',*,*,#3344,.T.);
#4480=ORIENTED_EDGE('',*,*,#3157,.F.);
#4481=ORIENTED_EDGE('',*,*,#3233,.T.);
#4482=ORIENTED_EDGE('',*,*,#3244,.F.);
#4483=ORIENTED_EDGE('',*,*,#3409,.F.);
#4484=ORIENTED_EDGE('',*,*,#3345,.T.);
#4485=ORIENTED_EDGE('',*,*,#3409,.T.);
#4486=ORIENTED_EDGE('',*,*,#3243,.F.);
#4487=ORIENTED_EDGE('',*,*,#3410,.F.);
#4488=ORIENTED_EDGE('',*,*,#3411,.F.);
#4489=ORIENTED_EDGE('',*,*,#3412,.F.);
#4490=ORIENTED_EDGE('',*,*,#3413,.F.);
#4491=ORIENTED_EDGE('',*,*,#3414,.F.);
#4492=ORIENTED_EDGE('',*,*,#3415,.T.);
#4493=ORIENTED_EDGE('',*,*,#3416,.F.);
#4494=ORIENTED_EDGE('',*,*,#3417,.T.);
#4495=ORIENTED_EDGE('',*,*,#3350,.T.);
#4496=ORIENTED_EDGE('',*,*,#3417,.F.);
#4497=ORIENTED_EDGE('',*,*,#3418,.T.);
#4498=ORIENTED_EDGE('',*,*,#3419,.F.);
#4499=ORIENTED_EDGE('',*,*,#3351,.T.);
#4500=ORIENTED_EDGE('',*,*,#3419,.T.);
#4501=ORIENTED_EDGE('',*,*,#3420,.F.);
#4502=ORIENTED_EDGE('',*,*,#3421,.T.);
#4503=ORIENTED_EDGE('',*,*,#3356,.T.);
#4504=ORIENTED_EDGE('',*,*,#3421,.F.);
#4505=ORIENTED_EDGE('',*,*,#3422,.T.);
#4506=ORIENTED_EDGE('',*,*,#3423,.F.);
#4507=ORIENTED_EDGE('',*,*,#3357,.T.);
#4508=ORIENTED_EDGE('',*,*,#3423,.T.);
#4509=ORIENTED_EDGE('',*,*,#3424,.F.);
#4510=ORIENTED_EDGE('',*,*,#3425,.T.);
#4511=ORIENTED_EDGE('',*,*,#3426,.F.);
#4512=ORIENTED_EDGE('',*,*,#3427,.F.);
#4513=ORIENTED_EDGE('',*,*,#3428,.F.);
#4514=ORIENTED_EDGE('',*,*,#3429,.F.);
#4515=ORIENTED_EDGE('',*,*,#3430,.F.);
#4516=ORIENTED_EDGE('',*,*,#3239,.F.);
#4517=ORIENTED_EDGE('',*,*,#3431,.T.);
#4518=ORIENTED_EDGE('',*,*,#3362,.T.);
#4519=ORIENTED_EDGE('',*,*,#3431,.F.);
#4520=ORIENTED_EDGE('',*,*,#3238,.F.);
#4521=ORIENTED_EDGE('',*,*,#3236,.T.);
#4522=ORIENTED_EDGE('',*,*,#3164,.F.);
#4523=ORIENTED_EDGE('',*,*,#3369,.T.);
#4524=ORIENTED_EDGE('',*,*,#3168,.F.);
#4525=ORIENTED_EDGE('',*,*,#3432,.T.);
#4526=ORIENTED_EDGE('',*,*,#3433,.F.);
#4527=ORIENTED_EDGE('',*,*,#3370,.T.);
#4528=ORIENTED_EDGE('',*,*,#3433,.T.);
#4529=ORIENTED_EDGE('',*,*,#3434,.T.);
#4530=ORIENTED_EDGE('',*,*,#3435,.T.);
#4531=ORIENTED_EDGE('',*,*,#3375,.T.);
#4532=ORIENTED_EDGE('',*,*,#3435,.F.);
#4533=ORIENTED_EDGE('',*,*,#3436,.T.);
#4534=ORIENTED_EDGE('',*,*,#3437,.F.);
#4535=ORIENTED_EDGE('',*,*,#3296,.F.);
#4536=ORIENTED_EDGE('',*,*,#3438,.T.);
#4537=ORIENTED_EDGE('',*,*,#3439,.F.);
#4538=ORIENTED_EDGE('',*,*,#3438,.F.);
#4539=ORIENTED_EDGE('',*,*,#3291,.F.);
#4540=ORIENTED_EDGE('',*,*,#3440,.T.);
#4541=ORIENTED_EDGE('',*,*,#3441,.F.);
#4542=ORIENTED_EDGE('',*,*,#3440,.F.);
#4543=ORIENTED_EDGE('',*,*,#3442,.F.);
#4544=ORIENTED_EDGE('',*,*,#3443,.F.);
#4545=ORIENTED_EDGE('',*,*,#3444,.T.);
#4546=ORIENTED_EDGE('',*,*,#3436,.F.);
#4547=ORIENTED_EDGE('',*,*,#3445,.F.);
#4548=ORIENTED_EDGE('',*,*,#3446,.F.);
#4549=ORIENTED_EDGE('',*,*,#3442,.T.);
#4550=ORIENTED_EDGE('',*,*,#3434,.F.);
#4551=ORIENTED_EDGE('',*,*,#3173,.T.);
#4552=ORIENTED_EDGE('',*,*,#3447,.F.);
#4553=ORIENTED_EDGE('',*,*,#3445,.T.);
#4554=ORIENTED_EDGE('',*,*,#3432,.F.);
#4555=ORIENTED_EDGE('',*,*,#3268,.T.);
#4556=ORIENTED_EDGE('',*,*,#3378,.F.);
#4557=ORIENTED_EDGE('',*,*,#3226,.T.);
#4558=ORIENTED_EDGE('',*,*,#3448,.F.);
#4559=ORIENTED_EDGE('',*,*,#3449,.F.);
#4560=ORIENTED_EDGE('',*,*,#3450,.F.);
#4561=ORIENTED_EDGE('',*,*,#3451,.T.);
#4562=ORIENTED_EDGE('',*,*,#3452,.F.);
#4563=ORIENTED_EDGE('',*,*,#3453,.T.);
#4564=ORIENTED_EDGE('',*,*,#3450,.T.);
#4565=ORIENTED_EDGE('',*,*,#3454,.F.);
#4566=ORIENTED_EDGE('',*,*,#3455,.F.);
#4567=ORIENTED_EDGE('',*,*,#3242,.T.);
#4568=ORIENTED_EDGE('',*,*,#3456,.F.);
#4569=ORIENTED_EDGE('',*,*,#3454,.T.);
#4570=ORIENTED_EDGE('',*,*,#3453,.F.);
#4571=ORIENTED_EDGE('',*,*,#3457,.T.);
#4572=ORIENTED_EDGE('',*,*,#3458,.T.);
#4573=ORIENTED_EDGE('',*,*,#3459,.F.);
#4574=ORIENTED_EDGE('',*,*,#3460,.T.);
#4575=ORIENTED_EDGE('',*,*,#3461,.F.);
#4576=ORIENTED_EDGE('',*,*,#3462,.T.);
#4577=ORIENTED_EDGE('',*,*,#3459,.T.);
#4578=ORIENTED_EDGE('',*,*,#3463,.F.);
#4579=ORIENTED_EDGE('',*,*,#3464,.F.);
#4580=ORIENTED_EDGE('',*,*,#3465,.T.);
#4581=ORIENTED_EDGE('',*,*,#3466,.F.);
#4582=ORIENTED_EDGE('',*,*,#3463,.T.);
#4583=ORIENTED_EDGE('',*,*,#3462,.F.);
#4584=ORIENTED_EDGE('',*,*,#3467,.T.);
#4585=ORIENTED_EDGE('',*,*,#3468,.T.);
#4586=ORIENTED_EDGE('',*,*,#3469,.F.);
#4587=ORIENTED_EDGE('',*,*,#3470,.T.);
#4588=ORIENTED_EDGE('',*,*,#3471,.F.);
#4589=ORIENTED_EDGE('',*,*,#3472,.T.);
#4590=ORIENTED_EDGE('',*,*,#3469,.T.);
#4591=ORIENTED_EDGE('',*,*,#3473,.F.);
#4592=ORIENTED_EDGE('',*,*,#3474,.F.);
#4593=ORIENTED_EDGE('',*,*,#3475,.T.);
#4594=ORIENTED_EDGE('',*,*,#3476,.F.);
#4595=ORIENTED_EDGE('',*,*,#3473,.T.);
#4596=ORIENTED_EDGE('',*,*,#3472,.F.);
#4597=ORIENTED_EDGE('',*,*,#3477,.T.);
#4598=ORIENTED_EDGE('',*,*,#3478,.T.);
#4599=ORIENTED_EDGE('',*,*,#3479,.F.);
#4600=ORIENTED_EDGE('',*,*,#3480,.T.);
#4601=ORIENTED_EDGE('',*,*,#3481,.F.);
#4602=ORIENTED_EDGE('',*,*,#3482,.T.);
#4603=ORIENTED_EDGE('',*,*,#3479,.T.);
#4604=ORIENTED_EDGE('',*,*,#3483,.F.);
#4605=ORIENTED_EDGE('',*,*,#3484,.F.);
#4606=ORIENTED_EDGE('',*,*,#3485,.T.);
#4607=ORIENTED_EDGE('',*,*,#3486,.F.);
#4608=ORIENTED_EDGE('',*,*,#3483,.T.);
#4609=ORIENTED_EDGE('',*,*,#3482,.F.);
#4610=ORIENTED_EDGE('',*,*,#3487,.T.);
#4611=ORIENTED_EDGE('',*,*,#3488,.T.);
#4612=ORIENTED_EDGE('',*,*,#3489,.F.);
#4613=ORIENTED_EDGE('',*,*,#3490,.T.);
#4614=ORIENTED_EDGE('',*,*,#3491,.F.);
#4615=ORIENTED_EDGE('',*,*,#3492,.T.);
#4616=ORIENTED_EDGE('',*,*,#3489,.T.);
#4617=ORIENTED_EDGE('',*,*,#3493,.F.);
#4618=ORIENTED_EDGE('',*,*,#3494,.F.);
#4619=ORIENTED_EDGE('',*,*,#3495,.T.);
#4620=ORIENTED_EDGE('',*,*,#3496,.F.);
#4621=ORIENTED_EDGE('',*,*,#3497,.T.);
#4622=ORIENTED_EDGE('',*,*,#3415,.F.);
#4623=ORIENTED_EDGE('',*,*,#3498,.F.);
#4624=ORIENTED_EDGE('',*,*,#3499,.F.);
#4625=ORIENTED_EDGE('',*,*,#3499,.T.);
#4626=ORIENTED_EDGE('',*,*,#3500,.T.);
#4627=ORIENTED_EDGE('',*,*,#3501,.T.);
#4628=ORIENTED_EDGE('',*,*,#3502,.F.);
#4629=ORIENTED_EDGE('',*,*,#3497,.F.);
#4630=ORIENTED_EDGE('',*,*,#3502,.T.);
#4631=ORIENTED_EDGE('',*,*,#3503,.F.);
#4632=ORIENTED_EDGE('',*,*,#3424,.T.);
#4633=ORIENTED_EDGE('',*,*,#3422,.F.);
#4634=ORIENTED_EDGE('',*,*,#3420,.T.);
#4635=ORIENTED_EDGE('',*,*,#3418,.F.);
#4636=ORIENTED_EDGE('',*,*,#3416,.T.);
#4637=ORIENTED_EDGE('',*,*,#3503,.T.);
#4638=ORIENTED_EDGE('',*,*,#3501,.F.);
#4639=ORIENTED_EDGE('',*,*,#3504,.F.);
#4640=ORIENTED_EDGE('',*,*,#3425,.F.);
#4641=ORIENTED_EDGE('',*,*,#3491,.T.);
#4642=ORIENTED_EDGE('',*,*,#3505,.F.);
#4643=ORIENTED_EDGE('',*,*,#3506,.F.);
#4644=ORIENTED_EDGE('',*,*,#3507,.T.);
#4645=ORIENTED_EDGE('',*,*,#3508,.F.);
#4646=ORIENTED_EDGE('',*,*,#3496,.T.);
#4647=ORIENTED_EDGE('',*,*,#3509,.T.);
#4648=ORIENTED_EDGE('',*,*,#3505,.T.);
#4649=ORIENTED_EDGE('',*,*,#3490,.F.);
#4650=ORIENTED_EDGE('',*,*,#3481,.T.);
#4651=ORIENTED_EDGE('',*,*,#3510,.F.);
#4652=ORIENTED_EDGE('',*,*,#3511,.F.);
#4653=ORIENTED_EDGE('',*,*,#3512,.T.);
#4654=ORIENTED_EDGE('',*,*,#3487,.F.);
#4655=ORIENTED_EDGE('',*,*,#3486,.T.);
#4656=ORIENTED_EDGE('',*,*,#3513,.T.);
#4657=ORIENTED_EDGE('',*,*,#3510,.T.);
#4658=ORIENTED_EDGE('',*,*,#3480,.F.);
#4659=ORIENTED_EDGE('',*,*,#3471,.T.);
#4660=ORIENTED_EDGE('',*,*,#3514,.F.);
#4661=ORIENTED_EDGE('',*,*,#3515,.F.);
#4662=ORIENTED_EDGE('',*,*,#3516,.T.);
#4663=ORIENTED_EDGE('',*,*,#3477,.F.);
#4664=ORIENTED_EDGE('',*,*,#3476,.T.);
#4665=ORIENTED_EDGE('',*,*,#3517,.T.);
#4666=ORIENTED_EDGE('',*,*,#3514,.T.);
#4667=ORIENTED_EDGE('',*,*,#3470,.F.);
#4668=ORIENTED_EDGE('',*,*,#3466,.T.);
#4669=ORIENTED_EDGE('',*,*,#3518,.T.);
#4670=ORIENTED_EDGE('',*,*,#3519,.T.);
#4671=ORIENTED_EDGE('',*,*,#3460,.F.);
#4672=ORIENTED_EDGE('',*,*,#3461,.T.);
#4673=ORIENTED_EDGE('',*,*,#3519,.F.);
#4674=ORIENTED_EDGE('',*,*,#3520,.F.);
#4675=ORIENTED_EDGE('',*,*,#3521,.F.);
#4676=ORIENTED_EDGE('',*,*,#3467,.F.);
#4677=ORIENTED_EDGE('',*,*,#3452,.T.);
#4678=ORIENTED_EDGE('',*,*,#3522,.F.);
#4679=ORIENTED_EDGE('',*,*,#3240,.F.);
#4680=ORIENTED_EDGE('',*,*,#3523,.T.);
#4681=ORIENTED_EDGE('',*,*,#3457,.F.);
#4682=ORIENTED_EDGE('',*,*,#3456,.T.);
#4683=ORIENTED_EDGE('',*,*,#3241,.T.);
#4684=ORIENTED_EDGE('',*,*,#3522,.T.);
#4685=ORIENTED_EDGE('',*,*,#3451,.F.);
#4686=ORIENTED_EDGE('',*,*,#3524,.T.);
#4687=ORIENTED_EDGE('',*,*,#3525,.F.);
#4688=ORIENTED_EDGE('',*,*,#3526,.T.);
#4689=ORIENTED_EDGE('',*,*,#3253,.T.);
#4690=ORIENTED_EDGE('',*,*,#3527,.T.);
#4691=ORIENTED_EDGE('',*,*,#3524,.F.);
#4692=ORIENTED_EDGE('',*,*,#3252,.F.);
#4693=ORIENTED_EDGE('',*,*,#3528,.F.);
#4694=ORIENTED_EDGE('',*,*,#3529,.F.);
#4695=ORIENTED_EDGE('',*,*,#3527,.F.);
#4696=ORIENTED_EDGE('',*,*,#3530,.T.);
#4697=ORIENTED_EDGE('',*,*,#3531,.F.);
#4698=ORIENTED_EDGE('',*,*,#3525,.T.);
#4699=ORIENTED_EDGE('',*,*,#3532,.T.);
#4700=ORIENTED_EDGE('',*,*,#3533,.F.);
#4701=ORIENTED_EDGE('',*,*,#3534,.T.);
#4702=ORIENTED_EDGE('',*,*,#3535,.T.);
#4703=ORIENTED_EDGE('',*,*,#3536,.T.);
#4704=ORIENTED_EDGE('',*,*,#3532,.F.);
#4705=ORIENTED_EDGE('',*,*,#3537,.F.);
#4706=ORIENTED_EDGE('',*,*,#3538,.F.);
#4707=ORIENTED_EDGE('',*,*,#3539,.F.);
#4708=ORIENTED_EDGE('',*,*,#3536,.F.);
#4709=ORIENTED_EDGE('',*,*,#3540,.T.);
#4710=ORIENTED_EDGE('',*,*,#3541,.F.);
#4711=ORIENTED_EDGE('',*,*,#3533,.T.);
#4712=ORIENTED_EDGE('',*,*,#3542,.T.);
#4713=ORIENTED_EDGE('',*,*,#3543,.F.);
#4714=ORIENTED_EDGE('',*,*,#3544,.T.);
#4715=ORIENTED_EDGE('',*,*,#3545,.T.);
#4716=ORIENTED_EDGE('',*,*,#3546,.T.);
#4717=ORIENTED_EDGE('',*,*,#3542,.F.);
#4718=ORIENTED_EDGE('',*,*,#3547,.F.);
#4719=ORIENTED_EDGE('',*,*,#3548,.F.);
#4720=ORIENTED_EDGE('',*,*,#3549,.F.);
#4721=ORIENTED_EDGE('',*,*,#3546,.F.);
#4722=ORIENTED_EDGE('',*,*,#3550,.T.);
#4723=ORIENTED_EDGE('',*,*,#3551,.F.);
#4724=ORIENTED_EDGE('',*,*,#3543,.T.);
#4725=ORIENTED_EDGE('',*,*,#3552,.T.);
#4726=ORIENTED_EDGE('',*,*,#3553,.F.);
#4727=ORIENTED_EDGE('',*,*,#3554,.T.);
#4728=ORIENTED_EDGE('',*,*,#3555,.T.);
#4729=ORIENTED_EDGE('',*,*,#3556,.T.);
#4730=ORIENTED_EDGE('',*,*,#3552,.F.);
#4731=ORIENTED_EDGE('',*,*,#3557,.F.);
#4732=ORIENTED_EDGE('',*,*,#3558,.F.);
#4733=ORIENTED_EDGE('',*,*,#3559,.F.);
#4734=ORIENTED_EDGE('',*,*,#3556,.F.);
#4735=ORIENTED_EDGE('',*,*,#3560,.T.);
#4736=ORIENTED_EDGE('',*,*,#3561,.F.);
#4737=ORIENTED_EDGE('',*,*,#3553,.T.);
#4738=ORIENTED_EDGE('',*,*,#3562,.T.);
#4739=ORIENTED_EDGE('',*,*,#3563,.F.);
#4740=ORIENTED_EDGE('',*,*,#3564,.T.);
#4741=ORIENTED_EDGE('',*,*,#3565,.T.);
#4742=ORIENTED_EDGE('',*,*,#3566,.T.);
#4743=ORIENTED_EDGE('',*,*,#3562,.F.);
#4744=ORIENTED_EDGE('',*,*,#3567,.F.);
#4745=ORIENTED_EDGE('',*,*,#3568,.F.);
#4746=ORIENTED_EDGE('',*,*,#3569,.F.);
#4747=ORIENTED_EDGE('',*,*,#3566,.F.);
#4748=ORIENTED_EDGE('',*,*,#3570,.T.);
#4749=ORIENTED_EDGE('',*,*,#3571,.F.);
#4750=ORIENTED_EDGE('',*,*,#3563,.T.);
#4751=ORIENTED_EDGE('',*,*,#3572,.T.);
#4752=ORIENTED_EDGE('',*,*,#3573,.F.);
#4753=ORIENTED_EDGE('',*,*,#3574,.F.);
#4754=ORIENTED_EDGE('',*,*,#3402,.F.);
#4755=ORIENTED_EDGE('',*,*,#3575,.T.);
#4756=ORIENTED_EDGE('',*,*,#3392,.F.);
#4757=ORIENTED_EDGE('',*,*,#3576,.F.);
#4758=ORIENTED_EDGE('',*,*,#3577,.F.);
#4759=ORIENTED_EDGE('',*,*,#3572,.F.);
#4760=ORIENTED_EDGE('',*,*,#3401,.T.);
#4761=ORIENTED_EDGE('',*,*,#3399,.F.);
#4762=ORIENTED_EDGE('',*,*,#3397,.T.);
#4763=ORIENTED_EDGE('',*,*,#3395,.F.);
#4764=ORIENTED_EDGE('',*,*,#3393,.T.);
#4765=ORIENTED_EDGE('',*,*,#3575,.F.);
#4766=ORIENTED_EDGE('',*,*,#3578,.T.);
#4767=ORIENTED_EDGE('',*,*,#3571,.T.);
#4768=ORIENTED_EDGE('',*,*,#3579,.F.);
#4769=ORIENTED_EDGE('',*,*,#3580,.F.);
#4770=ORIENTED_EDGE('',*,*,#3581,.T.);
#4771=ORIENTED_EDGE('',*,*,#3564,.F.);
#4772=ORIENTED_EDGE('',*,*,#3569,.T.);
#4773=ORIENTED_EDGE('',*,*,#3582,.T.);
#4774=ORIENTED_EDGE('',*,*,#3579,.T.);
#4775=ORIENTED_EDGE('',*,*,#3570,.F.);
#4776=ORIENTED_EDGE('',*,*,#3559,.T.);
#4777=ORIENTED_EDGE('',*,*,#3583,.T.);
#4778=ORIENTED_EDGE('',*,*,#3584,.T.);
#4779=ORIENTED_EDGE('',*,*,#3560,.F.);
#4780=ORIENTED_EDGE('',*,*,#3561,.T.);
#4781=ORIENTED_EDGE('',*,*,#3584,.F.);
#4782=ORIENTED_EDGE('',*,*,#3585,.F.);
#4783=ORIENTED_EDGE('',*,*,#3586,.F.);
#4784=ORIENTED_EDGE('',*,*,#3554,.F.);
#4785=ORIENTED_EDGE('',*,*,#3551,.T.);
#4786=ORIENTED_EDGE('',*,*,#3587,.F.);
#4787=ORIENTED_EDGE('',*,*,#3588,.F.);
#4788=ORIENTED_EDGE('',*,*,#3589,.T.);
#4789=ORIENTED_EDGE('',*,*,#3544,.F.);
#4790=ORIENTED_EDGE('',*,*,#3549,.T.);
#4791=ORIENTED_EDGE('',*,*,#3590,.T.);
#4792=ORIENTED_EDGE('',*,*,#3587,.T.);
#4793=ORIENTED_EDGE('',*,*,#3550,.F.);
#4794=ORIENTED_EDGE('',*,*,#3539,.T.);
#4795=ORIENTED_EDGE('',*,*,#3591,.T.);
#4796=ORIENTED_EDGE('',*,*,#3592,.T.);
#4797=ORIENTED_EDGE('',*,*,#3540,.F.);
#4798=ORIENTED_EDGE('',*,*,#3541,.T.);
#4799=ORIENTED_EDGE('',*,*,#3592,.F.);
#4800=ORIENTED_EDGE('',*,*,#3593,.F.);
#4801=ORIENTED_EDGE('',*,*,#3594,.F.);
#4802=ORIENTED_EDGE('',*,*,#3534,.F.);
#4803=ORIENTED_EDGE('',*,*,#3531,.T.);
#4804=ORIENTED_EDGE('',*,*,#3595,.F.);
#4805=ORIENTED_EDGE('',*,*,#3596,.F.);
#4806=ORIENTED_EDGE('',*,*,#3254,.T.);
#4807=ORIENTED_EDGE('',*,*,#3526,.F.);
#4808=ORIENTED_EDGE('',*,*,#3529,.T.);
#4809=ORIENTED_EDGE('',*,*,#3597,.T.);
#4810=ORIENTED_EDGE('',*,*,#3595,.T.);
#4811=ORIENTED_EDGE('',*,*,#3530,.F.);
#4812=ORIENTED_EDGE('',*,*,#3274,.T.);
#4813=ORIENTED_EDGE('',*,*,#3598,.F.);
#4814=ORIENTED_EDGE('',*,*,#3599,.T.);
#4815=ORIENTED_EDGE('',*,*,#3600,.F.);
#4816=ORIENTED_EDGE('',*,*,#3269,.T.);
#4817=ORIENTED_EDGE('',*,*,#3449,.T.);
#4818=ORIENTED_EDGE('',*,*,#3601,.F.);
#4819=ORIENTED_EDGE('',*,*,#3598,.T.);
#4820=ORIENTED_EDGE('',*,*,#3280,.T.);
#4821=ORIENTED_EDGE('',*,*,#3602,.F.);
#4822=ORIENTED_EDGE('',*,*,#3603,.T.);
#4823=ORIENTED_EDGE('',*,*,#3604,.F.);
#4824=ORIENTED_EDGE('',*,*,#3275,.T.);
#4825=ORIENTED_EDGE('',*,*,#3600,.T.);
#4826=ORIENTED_EDGE('',*,*,#3605,.F.);
#4827=ORIENTED_EDGE('',*,*,#3602,.T.);
#4828=ORIENTED_EDGE('',*,*,#3493,.T.);
#4829=ORIENTED_EDGE('',*,*,#3492,.F.);
#4830=ORIENTED_EDGE('',*,*,#3508,.T.);
#4831=ORIENTED_EDGE('',*,*,#3606,.T.);
#4832=ORIENTED_EDGE('',*,*,#3573,.T.);
#4833=ORIENTED_EDGE('',*,*,#3578,.F.);
#4834=ORIENTED_EDGE('',*,*,#3577,.T.);
#4835=ORIENTED_EDGE('',*,*,#3607,.T.);
#4836=ORIENTED_EDGE('',*,*,#3518,.F.);
#4837=ORIENTED_EDGE('',*,*,#3465,.F.);
#4838=ORIENTED_EDGE('',*,*,#3410,.T.);
#4839=ORIENTED_EDGE('',*,*,#3455,.T.);
#4840=ORIENTED_EDGE('',*,*,#3458,.F.);
#4841=ORIENTED_EDGE('',*,*,#3523,.F.);
#4842=ORIENTED_EDGE('',*,*,#3430,.T.);
#4843=ORIENTED_EDGE('',*,*,#3520,.T.);
#4844=ORIENTED_EDGE('',*,*,#3606,.F.);
#4845=ORIENTED_EDGE('',*,*,#3507,.F.);
#4846=ORIENTED_EDGE('',*,*,#3426,.T.);
#4847=ORIENTED_EDGE('',*,*,#3504,.T.);
#4848=ORIENTED_EDGE('',*,*,#3500,.F.);
#4849=ORIENTED_EDGE('',*,*,#3498,.T.);
#4850=ORIENTED_EDGE('',*,*,#3414,.T.);
#4851=ORIENTED_EDGE('',*,*,#3494,.T.);
#4852=ORIENTED_EDGE('',*,*,#3478,.F.);
#4853=ORIENTED_EDGE('',*,*,#3516,.F.);
#4854=ORIENTED_EDGE('',*,*,#3428,.T.);
#4855=ORIENTED_EDGE('',*,*,#3511,.T.);
#4856=ORIENTED_EDGE('',*,*,#3513,.F.);
#4857=ORIENTED_EDGE('',*,*,#3485,.F.);
#4858=ORIENTED_EDGE('',*,*,#3412,.T.);
#4859=ORIENTED_EDGE('',*,*,#3474,.T.);
#4860=ORIENTED_EDGE('',*,*,#3517,.F.);
#4861=ORIENTED_EDGE('',*,*,#3475,.F.);
#4862=ORIENTED_EDGE('',*,*,#3411,.T.);
#4863=ORIENTED_EDGE('',*,*,#3464,.T.);
#4864=ORIENTED_EDGE('',*,*,#3468,.F.);
#4865=ORIENTED_EDGE('',*,*,#3521,.T.);
#4866=ORIENTED_EDGE('',*,*,#3429,.T.);
#4867=ORIENTED_EDGE('',*,*,#3515,.T.);
#4868=ORIENTED_EDGE('',*,*,#3509,.F.);
#4869=ORIENTED_EDGE('',*,*,#3495,.F.);
#4870=ORIENTED_EDGE('',*,*,#3413,.T.);
#4871=ORIENTED_EDGE('',*,*,#3484,.T.);
#4872=ORIENTED_EDGE('',*,*,#3488,.F.);
#4873=ORIENTED_EDGE('',*,*,#3512,.F.);
#4874=ORIENTED_EDGE('',*,*,#3427,.T.);
#4875=ORIENTED_EDGE('',*,*,#3506,.T.);
#4876=ORIENTED_EDGE('',*,*,#3582,.F.);
#4877=ORIENTED_EDGE('',*,*,#3568,.T.);
#4878=ORIENTED_EDGE('',*,*,#3403,.T.);
#4879=ORIENTED_EDGE('',*,*,#3574,.T.);
#4880=ORIENTED_EDGE('',*,*,#3607,.F.);
#4881=ORIENTED_EDGE('',*,*,#3576,.T.);
#4882=ORIENTED_EDGE('',*,*,#3391,.T.);
#4883=ORIENTED_EDGE('',*,*,#3580,.T.);
#4884=ORIENTED_EDGE('',*,*,#3597,.F.);
#4885=ORIENTED_EDGE('',*,*,#3528,.T.);
#4886=ORIENTED_EDGE('',*,*,#3407,.T.);
#4887=ORIENTED_EDGE('',*,*,#3537,.T.);
#4888=ORIENTED_EDGE('',*,*,#3535,.F.);
#4889=ORIENTED_EDGE('',*,*,#3594,.T.);
#4890=ORIENTED_EDGE('',*,*,#3387,.T.);
#4891=ORIENTED_EDGE('',*,*,#3596,.T.);
#4892=ORIENTED_EDGE('',*,*,#3545,.F.);
#4893=ORIENTED_EDGE('',*,*,#3589,.F.);
#4894=ORIENTED_EDGE('',*,*,#3388,.T.);
#4895=ORIENTED_EDGE('',*,*,#3593,.T.);
#4896=ORIENTED_EDGE('',*,*,#3591,.F.);
#4897=ORIENTED_EDGE('',*,*,#3538,.T.);
#4898=ORIENTED_EDGE('',*,*,#3406,.T.);
#4899=ORIENTED_EDGE('',*,*,#3547,.T.);
#4900=ORIENTED_EDGE('',*,*,#3583,.F.);
#4901=ORIENTED_EDGE('',*,*,#3558,.T.);
#4902=ORIENTED_EDGE('',*,*,#3404,.T.);
#4903=ORIENTED_EDGE('',*,*,#3567,.T.);
#4904=ORIENTED_EDGE('',*,*,#3565,.F.);
#4905=ORIENTED_EDGE('',*,*,#3581,.F.);
#4906=ORIENTED_EDGE('',*,*,#3390,.T.);
#4907=ORIENTED_EDGE('',*,*,#3585,.T.);
#4908=ORIENTED_EDGE('',*,*,#3555,.F.);
#4909=ORIENTED_EDGE('',*,*,#3586,.T.);
#4910=ORIENTED_EDGE('',*,*,#3389,.T.);
#4911=ORIENTED_EDGE('',*,*,#3588,.T.);
#4912=ORIENTED_EDGE('',*,*,#3590,.F.);
#4913=ORIENTED_EDGE('',*,*,#3548,.T.);
#4914=ORIENTED_EDGE('',*,*,#3405,.T.);
#4915=ORIENTED_EDGE('',*,*,#3557,.T.);
#4916=ORIENTED_EDGE('',*,*,#3608,.T.);
#4917=ORIENTED_EDGE('',*,*,#3153,.T.);
#4918=ORIENTED_EDGE('',*,*,#3316,.T.);
#4919=ORIENTED_EDGE('',*,*,#3385,.T.);
#4920=ORIENTED_EDGE('',*,*,#3609,.F.);
#4921=ORIENTED_EDGE('',*,*,#3610,.F.);
#4922=ORIENTED_EDGE('',*,*,#3611,.F.);
#4923=ORIENTED_EDGE('',*,*,#3612,.F.);
#4924=ORIENTED_EDGE('',*,*,#3613,.F.);
#4925=ORIENTED_EDGE('',*,*,#3612,.T.);
#4926=ORIENTED_EDGE('',*,*,#3614,.F.);
#4927=ORIENTED_EDGE('',*,*,#3615,.F.);
#4928=ORIENTED_EDGE('',*,*,#3616,.F.);
#4929=ORIENTED_EDGE('',*,*,#3617,.T.);
#4930=ORIENTED_EDGE('',*,*,#3618,.F.);
#4931=ORIENTED_EDGE('',*,*,#3617,.F.);
#4932=ORIENTED_EDGE('',*,*,#3619,.F.);
#4933=ORIENTED_EDGE('',*,*,#3620,.F.);
#4934=ORIENTED_EDGE('',*,*,#3621,.F.);
#4935=ORIENTED_EDGE('',*,*,#3622,.F.);
#4936=ORIENTED_EDGE('',*,*,#3623,.F.);
#4937=ORIENTED_EDGE('',*,*,#3624,.F.);
#4938=ORIENTED_EDGE('',*,*,#3625,.F.);
#4939=ORIENTED_EDGE('',*,*,#3624,.T.);
#4940=ORIENTED_EDGE('',*,*,#3626,.F.);
#4941=ORIENTED_EDGE('',*,*,#3627,.F.);
#4942=ORIENTED_EDGE('',*,*,#3628,.F.);
#4943=ORIENTED_EDGE('',*,*,#3629,.T.);
#4944=ORIENTED_EDGE('',*,*,#3630,.F.);
#4945=ORIENTED_EDGE('',*,*,#3629,.F.);
#4946=ORIENTED_EDGE('',*,*,#3631,.F.);
#4947=ORIENTED_EDGE('',*,*,#3632,.F.);
#4948=ORIENTED_EDGE('',*,*,#3633,.T.);
#4949=ORIENTED_EDGE('',*,*,#3634,.F.);
#4950=ORIENTED_EDGE('',*,*,#3633,.F.);
#4951=ORIENTED_EDGE('',*,*,#3635,.T.);
#4952=ORIENTED_EDGE('',*,*,#3636,.T.);
#4953=ORIENTED_EDGE('',*,*,#3637,.F.);
#4954=ORIENTED_EDGE('',*,*,#3638,.F.);
#4955=ORIENTED_EDGE('',*,*,#3639,.F.);
#4956=ORIENTED_EDGE('',*,*,#3640,.T.);
#4957=ORIENTED_EDGE('',*,*,#3641,.F.);
#4958=ORIENTED_EDGE('',*,*,#3642,.F.);
#4959=ORIENTED_EDGE('',*,*,#3643,.F.);
#4960=ORIENTED_EDGE('',*,*,#3644,.F.);
#4961=ORIENTED_EDGE('',*,*,#3639,.T.);
#4962=ORIENTED_EDGE('',*,*,#3645,.F.);
#4963=ORIENTED_EDGE('',*,*,#3646,.T.);
#4964=ORIENTED_EDGE('',*,*,#3647,.T.);
#4965=ORIENTED_EDGE('',*,*,#3643,.T.);
#4966=ORIENTED_EDGE('',*,*,#3648,.F.);
#4967=ORIENTED_EDGE('',*,*,#3637,.T.);
#4968=ORIENTED_EDGE('',*,*,#3649,.T.);
#4969=ORIENTED_EDGE('',*,*,#3646,.F.);
#4970=ORIENTED_EDGE('',*,*,#3650,.F.);
#4971=ORIENTED_EDGE('',*,*,#3641,.T.);
#4972=ORIENTED_EDGE('',*,*,#3651,.F.);
#4973=ORIENTED_EDGE('',*,*,#3652,.T.);
#4974=ORIENTED_EDGE('',*,*,#3653,.F.);
#4975=ORIENTED_EDGE('',*,*,#3652,.F.);
#4976=ORIENTED_EDGE('',*,*,#3654,.T.);
#4977=ORIENTED_EDGE('',*,*,#3655,.F.);
#4978=ORIENTED_EDGE('',*,*,#3656,.F.);
#4979=ORIENTED_EDGE('',*,*,#3655,.T.);
#4980=ORIENTED_EDGE('',*,*,#3657,.F.);
#4981=ORIENTED_EDGE('',*,*,#3658,.T.);
#4982=ORIENTED_EDGE('',*,*,#3659,.F.);
#4983=ORIENTED_EDGE('',*,*,#3660,.F.);
#4984=ORIENTED_EDGE('',*,*,#3661,.F.);
#4985=ORIENTED_EDGE('',*,*,#3196,.T.);
#4986=ORIENTED_EDGE('',*,*,#3662,.F.);
#4987=ORIENTED_EDGE('',*,*,#3663,.T.);
#4988=ORIENTED_EDGE('',*,*,#3664,.F.);
#4989=ORIENTED_EDGE('',*,*,#3660,.T.);
#4990=ORIENTED_EDGE('',*,*,#3665,.F.);
#4991=ORIENTED_EDGE('',*,*,#3666,.T.);
#4992=ORIENTED_EDGE('',*,*,#3667,.F.);
#4993=ORIENTED_EDGE('',*,*,#3663,.F.);
#4994=ORIENTED_EDGE('',*,*,#3668,.F.);
#4995=ORIENTED_EDGE('',*,*,#3658,.F.);
#4996=ORIENTED_EDGE('',*,*,#3669,.T.);
#4997=ORIENTED_EDGE('',*,*,#3670,.F.);
#4998=ORIENTED_EDGE('',*,*,#3671,.F.);
#4999=ORIENTED_EDGE('',*,*,#3672,.F.);
#5000=ORIENTED_EDGE('',*,*,#3666,.F.);
#5001=ORIENTED_EDGE('',*,*,#3608,.F.);
#5002=ORIENTED_EDGE('',*,*,#3673,.T.);
#5003=ORIENTED_EDGE('',*,*,#3674,.F.);
#5004=ORIENTED_EDGE('',*,*,#3207,.F.);
#5005=ORIENTED_EDGE('',*,*,#3613,.T.);
#5006=ORIENTED_EDGE('',*,*,#3675,.T.);
#5007=ORIENTED_EDGE('',*,*,#3676,.F.);
#5008=ORIENTED_EDGE('',*,*,#3673,.F.);
#5009=ORIENTED_EDGE('',*,*,#3618,.T.);
#5010=ORIENTED_EDGE('',*,*,#3677,.T.);
#5011=ORIENTED_EDGE('',*,*,#3678,.F.);
#5012=ORIENTED_EDGE('',*,*,#3675,.F.);
#5013=ORIENTED_EDGE('',*,*,#3625,.T.);
#5014=ORIENTED_EDGE('',*,*,#3679,.T.);
#5015=ORIENTED_EDGE('',*,*,#3680,.F.);
#5016=ORIENTED_EDGE('',*,*,#3677,.F.);
#5017=ORIENTED_EDGE('',*,*,#3630,.T.);
#5018=ORIENTED_EDGE('',*,*,#3681,.T.);
#5019=ORIENTED_EDGE('',*,*,#3682,.F.);
#5020=ORIENTED_EDGE('',*,*,#3679,.F.);
#5021=ORIENTED_EDGE('',*,*,#3634,.T.);
#5022=ORIENTED_EDGE('',*,*,#3683,.T.);
#5023=ORIENTED_EDGE('',*,*,#3684,.F.);
#5024=ORIENTED_EDGE('',*,*,#3681,.F.);
#5025=ORIENTED_EDGE('',*,*,#3638,.T.);
#5026=ORIENTED_EDGE('',*,*,#3685,.T.);
#5027=ORIENTED_EDGE('',*,*,#3686,.F.);
#5028=ORIENTED_EDGE('',*,*,#3683,.F.);
#5029=ORIENTED_EDGE('',*,*,#3648,.T.);
#5030=ORIENTED_EDGE('',*,*,#3645,.T.);
#5031=ORIENTED_EDGE('',*,*,#3642,.T.);
#5032=ORIENTED_EDGE('',*,*,#3650,.T.);
#5033=ORIENTED_EDGE('',*,*,#3687,.T.);
#5034=ORIENTED_EDGE('',*,*,#3688,.F.);
#5035=ORIENTED_EDGE('',*,*,#3685,.F.);
#5036=ORIENTED_EDGE('',*,*,#3653,.T.);
#5037=ORIENTED_EDGE('',*,*,#3689,.T.);
#5038=ORIENTED_EDGE('',*,*,#3690,.F.);
#5039=ORIENTED_EDGE('',*,*,#3687,.F.);
#5040=ORIENTED_EDGE('',*,*,#3656,.T.);
#5041=ORIENTED_EDGE('',*,*,#3691,.T.);
#5042=ORIENTED_EDGE('',*,*,#3692,.F.);
#5043=ORIENTED_EDGE('',*,*,#3689,.F.);
#5044=ORIENTED_EDGE('',*,*,#3659,.T.);
#5045=ORIENTED_EDGE('',*,*,#3195,.F.);
#5046=ORIENTED_EDGE('',*,*,#3199,.F.);
#5047=ORIENTED_EDGE('',*,*,#3202,.F.);
#5048=ORIENTED_EDGE('',*,*,#3225,.T.);
#5049=ORIENTED_EDGE('',*,*,#3693,.T.);
#5050=ORIENTED_EDGE('',*,*,#3691,.F.);
#5051=ORIENTED_EDGE('',*,*,#3668,.T.);
#5052=ORIENTED_EDGE('',*,*,#3665,.T.);
#5053=ORIENTED_EDGE('',*,*,#3662,.T.);
#5054=ORIENTED_EDGE('',*,*,#3674,.T.);
#5055=ORIENTED_EDGE('',*,*,#3676,.T.);
#5056=ORIENTED_EDGE('',*,*,#3678,.T.);
#5057=ORIENTED_EDGE('',*,*,#3680,.T.);
#5058=ORIENTED_EDGE('',*,*,#3682,.T.);
#5059=ORIENTED_EDGE('',*,*,#3684,.T.);
#5060=ORIENTED_EDGE('',*,*,#3686,.T.);
#5061=ORIENTED_EDGE('',*,*,#3688,.T.);
#5062=ORIENTED_EDGE('',*,*,#3690,.T.);
#5063=ORIENTED_EDGE('',*,*,#3692,.T.);
#5064=ORIENTED_EDGE('',*,*,#3693,.F.);
#5065=ORIENTED_EDGE('',*,*,#3224,.F.);
#5066=ORIENTED_EDGE('',*,*,#3222,.F.);
#5067=ORIENTED_EDGE('',*,*,#3220,.F.);
#5068=ORIENTED_EDGE('',*,*,#3218,.F.);
#5069=ORIENTED_EDGE('',*,*,#3216,.F.);
#5070=ORIENTED_EDGE('',*,*,#3214,.F.);
#5071=ORIENTED_EDGE('',*,*,#3212,.F.);
#5072=ORIENTED_EDGE('',*,*,#3210,.F.);
#5073=ORIENTED_EDGE('',*,*,#3208,.F.);
#5074=ORIENTED_EDGE('',*,*,#3694,.T.);
#5075=ORIENTED_EDGE('',*,*,#3695,.T.);
#5076=ORIENTED_EDGE('',*,*,#3696,.T.);
#5077=ORIENTED_EDGE('',*,*,#3697,.T.);
#5078=ORIENTED_EDGE('',*,*,#3698,.T.);
#5079=ORIENTED_EDGE('',*,*,#3699,.T.);
#5080=ORIENTED_EDGE('',*,*,#3696,.F.);
#5081=ORIENTED_EDGE('',*,*,#3700,.T.);
#5082=ORIENTED_EDGE('',*,*,#3701,.T.);
#5083=ORIENTED_EDGE('',*,*,#3698,.F.);
#5084=ORIENTED_EDGE('',*,*,#3702,.T.);
#5085=ORIENTED_EDGE('',*,*,#3230,.T.);
#5086=ORIENTED_EDGE('',*,*,#3702,.F.);
#5087=ORIENTED_EDGE('',*,*,#3700,.F.);
#5088=ORIENTED_EDGE('',*,*,#3695,.F.);
#5089=ORIENTED_EDGE('',*,*,#3703,.F.);
#5090=ORIENTED_EDGE('',*,*,#3704,.F.);
#5091=ORIENTED_EDGE('',*,*,#3705,.T.);
#5092=ORIENTED_EDGE('',*,*,#3706,.F.);
#5093=ORIENTED_EDGE('',*,*,#3707,.T.);
#5094=ORIENTED_EDGE('',*,*,#3708,.F.);
#5095=ORIENTED_EDGE('',*,*,#3603,.F.);
#5096=ORIENTED_EDGE('',*,*,#3605,.T.);
#5097=ORIENTED_EDGE('',*,*,#3599,.F.);
#5098=ORIENTED_EDGE('',*,*,#3601,.T.);
#5099=ORIENTED_EDGE('',*,*,#3448,.T.);
#5100=ORIENTED_EDGE('',*,*,#3229,.T.);
#5101=ORIENTED_EDGE('',*,*,#3231,.T.);
#5102=ORIENTED_EDGE('',*,*,#3709,.T.);
#5103=ORIENTED_EDGE('',*,*,#3710,.T.);
#5104=ORIENTED_EDGE('',*,*,#3711,.T.);
#5105=ORIENTED_EDGE('',*,*,#3623,.T.);
#5106=ORIENTED_EDGE('',*,*,#3712,.T.);
#5107=ORIENTED_EDGE('',*,*,#3626,.T.);
#5108=ORIENTED_EDGE('',*,*,#3711,.F.);
#5109=ORIENTED_EDGE('',*,*,#3713,.T.);
#5110=ORIENTED_EDGE('',*,*,#3713,.F.);
#5111=ORIENTED_EDGE('',*,*,#3710,.F.);
#5112=ORIENTED_EDGE('',*,*,#3714,.F.);
#5113=ORIENTED_EDGE('',*,*,#3715,.F.);
#5114=ORIENTED_EDGE('',*,*,#3716,.T.);
#5115=ORIENTED_EDGE('',*,*,#3717,.T.);
#5116=ORIENTED_EDGE('',*,*,#3718,.F.);
#5117=ORIENTED_EDGE('',*,*,#3719,.F.);
#5118=ORIENTED_EDGE('',*,*,#3720,.F.);
#5119=ORIENTED_EDGE('',*,*,#3721,.T.);
#5120=ORIENTED_EDGE('',*,*,#3722,.T.);
#5121=ORIENTED_EDGE('',*,*,#3723,.T.);
#5122=ORIENTED_EDGE('',*,*,#3616,.T.);
#5123=ORIENTED_EDGE('',*,*,#3724,.T.);
#5124=ORIENTED_EDGE('',*,*,#3619,.T.);
#5125=ORIENTED_EDGE('',*,*,#3723,.F.);
#5126=ORIENTED_EDGE('',*,*,#3725,.T.);
#5127=ORIENTED_EDGE('',*,*,#3725,.F.);
#5128=ORIENTED_EDGE('',*,*,#3722,.F.);
#5129=ORIENTED_EDGE('',*,*,#3726,.F.);
#5130=ORIENTED_EDGE('',*,*,#3727,.F.);
#5131=ORIENTED_EDGE('',*,*,#3728,.T.);
#5132=ORIENTED_EDGE('',*,*,#3729,.T.);
#5133=ORIENTED_EDGE('',*,*,#3730,.F.);
#5134=ORIENTED_EDGE('',*,*,#3731,.F.);
#5135=ORIENTED_EDGE('',*,*,#3732,.F.);
#5136=ORIENTED_EDGE('',*,*,#3670,.T.);
#5137=ORIENTED_EDGE('',*,*,#3733,.T.);
#5138=ORIENTED_EDGE('',*,*,#3734,.T.);
#5139=ORIENTED_EDGE('',*,*,#3735,.T.);
#5140=ORIENTED_EDGE('',*,*,#3736,.T.);
#5141=ORIENTED_EDGE('',*,*,#3737,.T.);
#5142=ORIENTED_EDGE('',*,*,#3734,.F.);
#5143=ORIENTED_EDGE('',*,*,#3738,.T.);
#5144=ORIENTED_EDGE('',*,*,#3739,.T.);
#5145=ORIENTED_EDGE('',*,*,#3740,.T.);
#5146=ORIENTED_EDGE('',*,*,#3736,.F.);
#5147=ORIENTED_EDGE('',*,*,#3741,.T.);
#5148=ORIENTED_EDGE('',*,*,#3742,.T.);
#5149=ORIENTED_EDGE('',*,*,#3743,.T.);
#5150=ORIENTED_EDGE('',*,*,#3739,.F.);
#5151=ORIENTED_EDGE('',*,*,#3744,.T.);
#5152=ORIENTED_EDGE('',*,*,#3742,.F.);
#5153=ORIENTED_EDGE('',*,*,#3745,.T.);
#5154=ORIENTED_EDGE('',*,*,#3746,.T.);
#5155=ORIENTED_EDGE('',*,*,#3747,.T.);
#5156=ORIENTED_EDGE('',*,*,#3748,.T.);
#5157=ORIENTED_EDGE('',*,*,#3749,.T.);
#5158=ORIENTED_EDGE('',*,*,#3746,.F.);
#5159=ORIENTED_EDGE('',*,*,#3750,.T.);
#5160=ORIENTED_EDGE('',*,*,#3748,.F.);
#5161=ORIENTED_EDGE('',*,*,#3751,.T.);
#5162=ORIENTED_EDGE('',*,*,#3752,.T.);
#5163=ORIENTED_EDGE('',*,*,#3753,.T.);
#5164=ORIENTED_EDGE('',*,*,#3754,.T.);
#5165=ORIENTED_EDGE('',*,*,#3755,.T.);
#5166=ORIENTED_EDGE('',*,*,#3752,.F.);
#5167=ORIENTED_EDGE('',*,*,#3756,.T.);
#5168=ORIENTED_EDGE('',*,*,#3757,.T.);
#5169=ORIENTED_EDGE('',*,*,#3754,.F.);
#5170=ORIENTED_EDGE('',*,*,#3758,.T.);
#5171=ORIENTED_EDGE('',*,*,#3278,.T.);
#5172=ORIENTED_EDGE('',*,*,#3758,.F.);
#5173=ORIENTED_EDGE('',*,*,#3756,.F.);
#5174=ORIENTED_EDGE('',*,*,#3751,.F.);
#5175=ORIENTED_EDGE('',*,*,#3750,.F.);
#5176=ORIENTED_EDGE('',*,*,#3745,.F.);
#5177=ORIENTED_EDGE('',*,*,#3744,.F.);
#5178=ORIENTED_EDGE('',*,*,#3741,.F.);
#5179=ORIENTED_EDGE('',*,*,#3738,.F.);
#5180=ORIENTED_EDGE('',*,*,#3733,.F.);
#5181=ORIENTED_EDGE('',*,*,#3669,.F.);
#5182=ORIENTED_EDGE('',*,*,#3657,.T.);
#5183=ORIENTED_EDGE('',*,*,#3654,.F.);
#5184=ORIENTED_EDGE('',*,*,#3651,.T.);
#5185=ORIENTED_EDGE('',*,*,#3640,.F.);
#5186=ORIENTED_EDGE('',*,*,#3644,.T.);
#5187=ORIENTED_EDGE('',*,*,#3647,.F.);
#5188=ORIENTED_EDGE('',*,*,#3649,.F.);
#5189=ORIENTED_EDGE('',*,*,#3636,.F.);
#5190=ORIENTED_EDGE('',*,*,#3759,.F.);
#5191=ORIENTED_EDGE('',*,*,#3760,.F.);
#5192=ORIENTED_EDGE('',*,*,#3761,.F.);
#5193=ORIENTED_EDGE('',*,*,#3762,.F.);
#5194=ORIENTED_EDGE('',*,*,#3443,.T.);
#5195=ORIENTED_EDGE('',*,*,#3446,.T.);
#5196=ORIENTED_EDGE('',*,*,#3447,.T.);
#5197=ORIENTED_EDGE('',*,*,#3172,.T.);
#5198=ORIENTED_EDGE('',*,*,#3185,.T.);
#5199=ORIENTED_EDGE('',*,*,#3182,.T.);
#5200=ORIENTED_EDGE('',*,*,#3179,.F.);
#5201=ORIENTED_EDGE('',*,*,#3176,.T.);
#5202=ORIENTED_EDGE('',*,*,#3188,.F.);
#5203=ORIENTED_EDGE('',*,*,#3191,.T.);
#5204=ORIENTED_EDGE('',*,*,#3194,.F.);
#5205=ORIENTED_EDGE('',*,*,#3206,.T.);
#5206=ORIENTED_EDGE('',*,*,#3259,.T.);
#5207=ORIENTED_EDGE('',*,*,#3261,.T.);
#5208=ORIENTED_EDGE('',*,*,#3264,.T.);
#5209=ORIENTED_EDGE('',*,*,#3267,.T.);
#5210=ORIENTED_EDGE('',*,*,#3271,.T.);
#5211=ORIENTED_EDGE('',*,*,#3273,.T.);
#5212=ORIENTED_EDGE('',*,*,#3277,.T.);
#5213=ORIENTED_EDGE('',*,*,#3279,.T.);
#5214=ORIENTED_EDGE('',*,*,#3441,.T.);
#5215=ORIENTED_EDGE('',*,*,#3439,.T.);
#5216=ORIENTED_EDGE('',*,*,#3763,.F.);
#5217=ORIENTED_EDGE('',*,*,#3764,.F.);
#5218=ORIENTED_EDGE('',*,*,#3765,.T.);
#5219=ORIENTED_EDGE('',*,*,#3766,.T.);
#5220=ORIENTED_EDGE('',*,*,#3767,.T.);
#5221=ORIENTED_EDGE('',*,*,#3672,.T.);
#5222=ORIENTED_EDGE('',*,*,#3768,.T.);
#5223=ORIENTED_EDGE('',*,*,#3667,.T.);
#5224=ORIENTED_EDGE('',*,*,#3767,.F.);
#5225=ORIENTED_EDGE('',*,*,#3769,.T.);
#5226=ORIENTED_EDGE('',*,*,#3770,.T.);
#5227=ORIENTED_EDGE('',*,*,#3664,.T.);
#5228=ORIENTED_EDGE('',*,*,#3768,.F.);
#5229=ORIENTED_EDGE('',*,*,#3771,.T.);
#5230=ORIENTED_EDGE('',*,*,#3661,.T.);
#5231=ORIENTED_EDGE('',*,*,#3770,.F.);
#5232=ORIENTED_EDGE('',*,*,#3772,.T.);
#5233=ORIENTED_EDGE('',*,*,#3286,.T.);
#5234=ORIENTED_EDGE('',*,*,#3772,.F.);
#5235=ORIENTED_EDGE('',*,*,#3771,.F.);
#5236=ORIENTED_EDGE('',*,*,#3769,.F.);
#5237=ORIENTED_EDGE('',*,*,#3766,.F.);
#5238=ORIENTED_EDGE('',*,*,#3773,.F.);
#5239=ORIENTED_EDGE('',*,*,#3774,.F.);
#5240=ORIENTED_EDGE('',*,*,#3775,.F.);
#5241=ORIENTED_EDGE('',*,*,#3383,.T.);
#5242=ORIENTED_EDGE('',*,*,#3381,.T.);
#5243=ORIENTED_EDGE('',*,*,#3283,.T.);
#5244=ORIENTED_EDGE('',*,*,#3285,.T.);
#5245=ORIENTED_EDGE('',*,*,#3287,.T.);
#5246=ORIENTED_EDGE('',*,*,#3776,.T.);
#5247=ORIENTED_EDGE('',*,*,#3777,.T.);
#5248=ORIENTED_EDGE('',*,*,#3778,.T.);
#5249=ORIENTED_EDGE('',*,*,#3777,.F.);
#5250=ORIENTED_EDGE('',*,*,#3779,.F.);
#5251=ORIENTED_EDGE('',*,*,#3299,.T.);
#5252=ORIENTED_EDGE('',*,*,#3303,.T.);
#5253=ORIENTED_EDGE('',*,*,#3306,.T.);
#5254=ORIENTED_EDGE('',*,*,#3309,.T.);
#5255=ORIENTED_EDGE('',*,*,#3312,.T.);
#5256=ORIENTED_EDGE('',*,*,#3315,.T.);
#5257=ORIENTED_EDGE('',*,*,#3318,.T.);
#5258=ORIENTED_EDGE('',*,*,#3320,.T.);
#5259=ORIENTED_EDGE('',*,*,#3324,.T.);
#5260=ORIENTED_EDGE('',*,*,#3326,.T.);
#5261=ORIENTED_EDGE('',*,*,#3330,.T.);
#5262=ORIENTED_EDGE('',*,*,#3332,.T.);
#5263=ORIENTED_EDGE('',*,*,#3336,.T.);
#5264=ORIENTED_EDGE('',*,*,#3338,.T.);
#5265=ORIENTED_EDGE('',*,*,#3341,.T.);
#5266=ORIENTED_EDGE('',*,*,#3343,.T.);
#5267=ORIENTED_EDGE('',*,*,#3347,.T.);
#5268=ORIENTED_EDGE('',*,*,#3349,.T.);
#5269=ORIENTED_EDGE('',*,*,#3353,.T.);
#5270=ORIENTED_EDGE('',*,*,#3355,.T.);
#5271=ORIENTED_EDGE('',*,*,#3359,.T.);
#5272=ORIENTED_EDGE('',*,*,#3361,.T.);
#5273=ORIENTED_EDGE('',*,*,#3364,.T.);
#5274=ORIENTED_EDGE('',*,*,#3366,.T.);
#5275=ORIENTED_EDGE('',*,*,#3368,.T.);
#5276=ORIENTED_EDGE('',*,*,#3372,.T.);
#5277=ORIENTED_EDGE('',*,*,#3374,.T.);
#5278=ORIENTED_EDGE('',*,*,#3780,.F.);
#5279=ORIENTED_EDGE('',*,*,#3781,.F.);
#5280=ORIENTED_EDGE('',*,*,#3782,.F.);
#5281=ORIENTED_EDGE('',*,*,#3783,.F.);
#5282=ORIENTED_EDGE('',*,*,#3784,.F.);
#5283=ORIENTED_EDGE('',*,*,#3785,.F.);
#5284=ORIENTED_EDGE('',*,*,#3786,.F.);
#5285=ORIENTED_EDGE('',*,*,#3787,.F.);
#5286=ORIENTED_EDGE('',*,*,#3788,.F.);
#5287=ORIENTED_EDGE('',*,*,#3789,.F.);
#5288=ORIENTED_EDGE('',*,*,#3790,.F.);
#5289=ORIENTED_EDGE('',*,*,#3791,.F.);
#5290=ORIENTED_EDGE('',*,*,#3792,.F.);
#5291=ORIENTED_EDGE('',*,*,#3793,.F.);
#5292=ORIENTED_EDGE('',*,*,#3794,.F.);
#5293=ORIENTED_EDGE('',*,*,#3795,.F.);
#5294=ORIENTED_EDGE('',*,*,#3796,.F.);
#5295=ORIENTED_EDGE('',*,*,#3797,.F.);
#5296=ORIENTED_EDGE('',*,*,#3798,.F.);
#5297=ORIENTED_EDGE('',*,*,#3799,.F.);
#5298=ORIENTED_EDGE('',*,*,#3800,.F.);
#5299=ORIENTED_EDGE('',*,*,#3801,.F.);
#5300=ORIENTED_EDGE('',*,*,#3802,.F.);
#5301=ORIENTED_EDGE('',*,*,#3803,.F.);
#5302=ORIENTED_EDGE('',*,*,#3804,.F.);
#5303=ORIENTED_EDGE('',*,*,#3805,.F.);
#5304=ORIENTED_EDGE('',*,*,#3806,.F.);
#5305=ORIENTED_EDGE('',*,*,#3807,.F.);
#5306=ORIENTED_EDGE('',*,*,#3290,.T.);
#5307=ORIENTED_EDGE('',*,*,#3295,.T.);
#5308=ORIENTED_EDGE('',*,*,#3808,.F.);
#5309=ORIENTED_EDGE('',*,*,#3778,.F.);
#5310=ORIENTED_EDGE('',*,*,#3809,.F.);
#5311=ORIENTED_EDGE('',*,*,#3810,.T.);
#5312=ORIENTED_EDGE('',*,*,#3776,.F.);
#5313=ORIENTED_EDGE('',*,*,#3810,.F.);
#5314=ORIENTED_EDGE('',*,*,#3811,.T.);
#5315=ORIENTED_EDGE('',*,*,#3812,.T.);
#5316=ORIENTED_EDGE('',*,*,#3808,.T.);
#5317=ORIENTED_EDGE('',*,*,#3812,.F.);
#5318=ORIENTED_EDGE('',*,*,#3813,.F.);
#5319=ORIENTED_EDGE('',*,*,#3814,.T.);
#5320=ORIENTED_EDGE('',*,*,#3811,.F.);
#5321=ORIENTED_EDGE('',*,*,#3814,.F.);
#5322=ORIENTED_EDGE('',*,*,#3779,.T.);
#5323=ORIENTED_EDGE('',*,*,#3815,.T.);
#5324=ORIENTED_EDGE('',*,*,#3816,.T.);
#5325=ORIENTED_EDGE('',*,*,#3300,.F.);
#5326=ORIENTED_EDGE('',*,*,#3817,.T.);
#5327=ORIENTED_EDGE('',*,*,#3818,.T.);
#5328=ORIENTED_EDGE('',*,*,#3815,.F.);
#5329=ORIENTED_EDGE('',*,*,#3807,.T.);
#5330=ORIENTED_EDGE('',*,*,#3819,.T.);
#5331=ORIENTED_EDGE('',*,*,#3820,.T.);
#5332=ORIENTED_EDGE('',*,*,#3817,.F.);
#5333=ORIENTED_EDGE('',*,*,#3806,.T.);
#5334=ORIENTED_EDGE('',*,*,#3821,.T.);
#5335=ORIENTED_EDGE('',*,*,#3822,.T.);
#5336=ORIENTED_EDGE('',*,*,#3819,.F.);
#5337=ORIENTED_EDGE('',*,*,#3805,.T.);
#5338=ORIENTED_EDGE('',*,*,#3823,.T.);
#5339=ORIENTED_EDGE('',*,*,#3824,.T.);
#5340=ORIENTED_EDGE('',*,*,#3821,.F.);
#5341=ORIENTED_EDGE('',*,*,#3804,.T.);
#5342=ORIENTED_EDGE('',*,*,#3825,.T.);
#5343=ORIENTED_EDGE('',*,*,#3826,.T.);
#5344=ORIENTED_EDGE('',*,*,#3823,.F.);
#5345=ORIENTED_EDGE('',*,*,#3803,.T.);
#5346=ORIENTED_EDGE('',*,*,#3827,.T.);
#5347=ORIENTED_EDGE('',*,*,#3611,.T.);
#5348=ORIENTED_EDGE('',*,*,#3825,.F.);
#5349=ORIENTED_EDGE('',*,*,#3802,.T.);
#5350=ORIENTED_EDGE('',*,*,#3828,.T.);
#5351=ORIENTED_EDGE('',*,*,#3614,.T.);
#5352=ORIENTED_EDGE('',*,*,#3827,.F.);
#5353=ORIENTED_EDGE('',*,*,#3801,.T.);
#5354=ORIENTED_EDGE('',*,*,#3829,.T.);
#5355=ORIENTED_EDGE('',*,*,#3830,.T.);
#5356=ORIENTED_EDGE('',*,*,#3828,.F.);
#5357=ORIENTED_EDGE('',*,*,#3800,.T.);
#5358=ORIENTED_EDGE('',*,*,#3829,.F.);
#5359=ORIENTED_EDGE('',*,*,#3799,.T.);
#5360=ORIENTED_EDGE('',*,*,#3831,.T.);
#5361=ORIENTED_EDGE('',*,*,#3832,.T.);
#5362=ORIENTED_EDGE('',*,*,#3833,.T.);
#5363=ORIENTED_EDGE('',*,*,#3834,.T.);
#5364=ORIENTED_EDGE('',*,*,#3831,.F.);
#5365=ORIENTED_EDGE('',*,*,#3798,.T.);
#5366=ORIENTED_EDGE('',*,*,#3833,.F.);
#5367=ORIENTED_EDGE('',*,*,#3797,.T.);
#5368=ORIENTED_EDGE('',*,*,#3835,.T.);
#5369=ORIENTED_EDGE('',*,*,#3836,.T.);
#5370=ORIENTED_EDGE('',*,*,#3837,.T.);
#5371=ORIENTED_EDGE('',*,*,#3838,.T.);
#5372=ORIENTED_EDGE('',*,*,#3835,.F.);
#5373=ORIENTED_EDGE('',*,*,#3796,.T.);
#5374=ORIENTED_EDGE('',*,*,#3837,.F.);
#5375=ORIENTED_EDGE('',*,*,#3795,.T.);
#5376=ORIENTED_EDGE('',*,*,#3839,.T.);
#5377=ORIENTED_EDGE('',*,*,#3840,.T.);
#5378=ORIENTED_EDGE('',*,*,#3841,.T.);
#5379=ORIENTED_EDGE('',*,*,#3842,.T.);
#5380=ORIENTED_EDGE('',*,*,#3839,.F.);
#5381=ORIENTED_EDGE('',*,*,#3794,.T.);
#5382=ORIENTED_EDGE('',*,*,#3843,.T.);
#5383=ORIENTED_EDGE('',*,*,#3621,.T.);
#5384=ORIENTED_EDGE('',*,*,#3841,.F.);
#5385=ORIENTED_EDGE('',*,*,#3793,.T.);
#5386=ORIENTED_EDGE('',*,*,#3844,.T.);
#5387=ORIENTED_EDGE('',*,*,#3845,.T.);
#5388=ORIENTED_EDGE('',*,*,#3843,.F.);
#5389=ORIENTED_EDGE('',*,*,#3792,.T.);
#5390=ORIENTED_EDGE('',*,*,#3844,.F.);
#5391=ORIENTED_EDGE('',*,*,#3791,.T.);
#5392=ORIENTED_EDGE('',*,*,#3846,.T.);
#5393=ORIENTED_EDGE('',*,*,#3847,.T.);
#5394=ORIENTED_EDGE('',*,*,#3848,.T.);
#5395=ORIENTED_EDGE('',*,*,#3849,.T.);
#5396=ORIENTED_EDGE('',*,*,#3846,.F.);
#5397=ORIENTED_EDGE('',*,*,#3790,.T.);
#5398=ORIENTED_EDGE('',*,*,#3848,.F.);
#5399=ORIENTED_EDGE('',*,*,#3789,.T.);
#5400=ORIENTED_EDGE('',*,*,#3850,.T.);
#5401=ORIENTED_EDGE('',*,*,#3851,.T.);
#5402=ORIENTED_EDGE('',*,*,#3852,.T.);
#5403=ORIENTED_EDGE('',*,*,#3853,.T.);
#5404=ORIENTED_EDGE('',*,*,#3850,.F.);
#5405=ORIENTED_EDGE('',*,*,#3788,.T.);
#5406=ORIENTED_EDGE('',*,*,#3852,.F.);
#5407=ORIENTED_EDGE('',*,*,#3787,.T.);
#5408=ORIENTED_EDGE('',*,*,#3854,.T.);
#5409=ORIENTED_EDGE('',*,*,#3855,.T.);
#5410=ORIENTED_EDGE('',*,*,#3856,.T.);
#5411=ORIENTED_EDGE('',*,*,#3857,.T.);
#5412=ORIENTED_EDGE('',*,*,#3854,.F.);
#5413=ORIENTED_EDGE('',*,*,#3786,.T.);
#5414=ORIENTED_EDGE('',*,*,#3858,.T.);
#5415=ORIENTED_EDGE('',*,*,#3628,.T.);
#5416=ORIENTED_EDGE('',*,*,#3856,.F.);
#5417=ORIENTED_EDGE('',*,*,#3785,.T.);
#5418=ORIENTED_EDGE('',*,*,#3859,.T.);
#5419=ORIENTED_EDGE('',*,*,#3631,.T.);
#5420=ORIENTED_EDGE('',*,*,#3858,.F.);
#5421=ORIENTED_EDGE('',*,*,#3784,.T.);
#5422=ORIENTED_EDGE('',*,*,#3860,.T.);
#5423=ORIENTED_EDGE('',*,*,#3861,.T.);
#5424=ORIENTED_EDGE('',*,*,#3859,.F.);
#5425=ORIENTED_EDGE('',*,*,#3783,.T.);
#5426=ORIENTED_EDGE('',*,*,#3860,.F.);
#5427=ORIENTED_EDGE('',*,*,#3782,.T.);
#5428=ORIENTED_EDGE('',*,*,#3862,.T.);
#5429=ORIENTED_EDGE('',*,*,#3863,.T.);
#5430=ORIENTED_EDGE('',*,*,#3864,.T.);
#5431=ORIENTED_EDGE('',*,*,#3865,.T.);
#5432=ORIENTED_EDGE('',*,*,#3862,.F.);
#5433=ORIENTED_EDGE('',*,*,#3781,.T.);
#5434=ORIENTED_EDGE('',*,*,#3866,.F.);
#5435=ORIENTED_EDGE('',*,*,#3864,.F.);
#5436=ORIENTED_EDGE('',*,*,#3780,.T.);
#5437=ORIENTED_EDGE('',*,*,#3373,.T.);
#5438=ORIENTED_EDGE('',*,*,#3701,.F.);
#5439=ORIENTED_EDGE('',*,*,#3377,.T.);
#5440=ORIENTED_EDGE('',*,*,#3816,.F.);
#5441=ORIENTED_EDGE('',*,*,#3867,.F.);
#5442=ORIENTED_EDGE('',*,*,#3699,.F.);
#5443=ORIENTED_EDGE('',*,*,#3867,.T.);
#5444=ORIENTED_EDGE('',*,*,#3818,.F.);
#5445=ORIENTED_EDGE('',*,*,#3868,.T.);
#5446=ORIENTED_EDGE('',*,*,#3697,.F.);
#5447=ORIENTED_EDGE('',*,*,#3868,.F.);
#5448=ORIENTED_EDGE('',*,*,#3820,.F.);
#5449=ORIENTED_EDGE('',*,*,#3869,.F.);
#5450=ORIENTED_EDGE('',*,*,#3740,.F.);
#5451=ORIENTED_EDGE('',*,*,#3870,.F.);
#5452=ORIENTED_EDGE('',*,*,#3737,.F.);
#5453=ORIENTED_EDGE('',*,*,#3869,.T.);
#5454=ORIENTED_EDGE('',*,*,#3822,.F.);
#5455=ORIENTED_EDGE('',*,*,#3871,.T.);
#5456=ORIENTED_EDGE('',*,*,#3735,.F.);
#5457=ORIENTED_EDGE('',*,*,#3871,.F.);
#5458=ORIENTED_EDGE('',*,*,#3824,.F.);
#5459=ORIENTED_EDGE('',*,*,#3872,.F.);
#5460=ORIENTED_EDGE('',*,*,#3773,.T.);
#5461=ORIENTED_EDGE('',*,*,#3765,.F.);
#5462=ORIENTED_EDGE('',*,*,#3671,.T.);
#5463=ORIENTED_EDGE('',*,*,#3826,.F.);
#5464=ORIENTED_EDGE('',*,*,#3610,.T.);
#5465=ORIENTED_EDGE('',*,*,#3873,.F.);
#5466=ORIENTED_EDGE('',*,*,#3774,.T.);
#5467=ORIENTED_EDGE('',*,*,#3872,.T.);
#5468=ORIENTED_EDGE('',*,*,#3830,.F.);
#5469=ORIENTED_EDGE('',*,*,#3874,.T.);
#5470=ORIENTED_EDGE('',*,*,#3726,.T.);
#5471=ORIENTED_EDGE('',*,*,#3721,.F.);
#5472=ORIENTED_EDGE('',*,*,#3615,.T.);
#5473=ORIENTED_EDGE('',*,*,#3832,.F.);
#5474=ORIENTED_EDGE('',*,*,#3875,.F.);
#5475=ORIENTED_EDGE('',*,*,#3876,.T.);
#5476=ORIENTED_EDGE('',*,*,#3877,.F.);
#5477=ORIENTED_EDGE('',*,*,#3878,.T.);
#5478=ORIENTED_EDGE('',*,*,#3879,.T.);
#5479=ORIENTED_EDGE('',*,*,#3880,.T.);
#5480=ORIENTED_EDGE('',*,*,#3881,.T.);
#5481=ORIENTED_EDGE('',*,*,#3882,.T.);
#5482=ORIENTED_EDGE('',*,*,#3727,.T.);
#5483=ORIENTED_EDGE('',*,*,#3874,.F.);
#5484=ORIENTED_EDGE('',*,*,#3834,.F.);
#5485=ORIENTED_EDGE('',*,*,#3883,.T.);
#5486=ORIENTED_EDGE('',*,*,#3884,.F.);
#5487=ORIENTED_EDGE('',*,*,#3875,.T.);
#5488=ORIENTED_EDGE('',*,*,#3836,.F.);
#5489=ORIENTED_EDGE('',*,*,#3885,.F.);
#5490=ORIENTED_EDGE('',*,*,#3886,.T.);
#5491=ORIENTED_EDGE('',*,*,#3883,.F.);
#5492=ORIENTED_EDGE('',*,*,#3838,.F.);
#5493=ORIENTED_EDGE('',*,*,#3887,.T.);
#5494=ORIENTED_EDGE('',*,*,#3888,.F.);
#5495=ORIENTED_EDGE('',*,*,#3885,.T.);
#5496=ORIENTED_EDGE('',*,*,#3840,.F.);
#5497=ORIENTED_EDGE('',*,*,#3889,.F.);
#5498=ORIENTED_EDGE('',*,*,#3731,.T.);
#5499=ORIENTED_EDGE('',*,*,#3890,.T.);
#5500=ORIENTED_EDGE('',*,*,#3891,.T.);
#5501=ORIENTED_EDGE('',*,*,#3892,.T.);
#5502=ORIENTED_EDGE('',*,*,#3893,.T.);
#5503=ORIENTED_EDGE('',*,*,#3894,.T.);
#5504=ORIENTED_EDGE('',*,*,#3895,.F.);
#5505=ORIENTED_EDGE('',*,*,#3896,.T.);
#5506=ORIENTED_EDGE('',*,*,#3887,.F.);
#5507=ORIENTED_EDGE('',*,*,#3842,.F.);
#5508=ORIENTED_EDGE('',*,*,#3620,.T.);
#5509=ORIENTED_EDGE('',*,*,#3724,.F.);
#5510=ORIENTED_EDGE('',*,*,#3732,.T.);
#5511=ORIENTED_EDGE('',*,*,#3889,.T.);
#5512=ORIENTED_EDGE('',*,*,#3845,.F.);
#5513=ORIENTED_EDGE('',*,*,#3897,.T.);
#5514=ORIENTED_EDGE('',*,*,#3714,.T.);
#5515=ORIENTED_EDGE('',*,*,#3709,.F.);
#5516=ORIENTED_EDGE('',*,*,#3622,.T.);
#5517=ORIENTED_EDGE('',*,*,#3847,.F.);
#5518=ORIENTED_EDGE('',*,*,#3898,.F.);
#5519=ORIENTED_EDGE('',*,*,#3899,.T.);
#5520=ORIENTED_EDGE('',*,*,#3900,.F.);
#5521=ORIENTED_EDGE('',*,*,#3901,.T.);
#5522=ORIENTED_EDGE('',*,*,#3902,.T.);
#5523=ORIENTED_EDGE('',*,*,#3903,.T.);
#5524=ORIENTED_EDGE('',*,*,#3904,.T.);
#5525=ORIENTED_EDGE('',*,*,#3905,.T.);
#5526=ORIENTED_EDGE('',*,*,#3715,.T.);
#5527=ORIENTED_EDGE('',*,*,#3897,.F.);
#5528=ORIENTED_EDGE('',*,*,#3849,.F.);
#5529=ORIENTED_EDGE('',*,*,#3906,.T.);
#5530=ORIENTED_EDGE('',*,*,#3907,.F.);
#5531=ORIENTED_EDGE('',*,*,#3898,.T.);
#5532=ORIENTED_EDGE('',*,*,#3851,.F.);
#5533=ORIENTED_EDGE('',*,*,#3908,.F.);
#5534=ORIENTED_EDGE('',*,*,#3909,.T.);
#5535=ORIENTED_EDGE('',*,*,#3906,.F.);
#5536=ORIENTED_EDGE('',*,*,#3853,.F.);
#5537=ORIENTED_EDGE('',*,*,#3910,.T.);
#5538=ORIENTED_EDGE('',*,*,#3911,.F.);
#5539=ORIENTED_EDGE('',*,*,#3908,.T.);
#5540=ORIENTED_EDGE('',*,*,#3855,.F.);
#5541=ORIENTED_EDGE('',*,*,#3912,.F.);
#5542=ORIENTED_EDGE('',*,*,#3719,.T.);
#5543=ORIENTED_EDGE('',*,*,#3913,.T.);
#5544=ORIENTED_EDGE('',*,*,#3914,.T.);
#5545=ORIENTED_EDGE('',*,*,#3915,.T.);
#5546=ORIENTED_EDGE('',*,*,#3916,.T.);
#5547=ORIENTED_EDGE('',*,*,#3917,.T.);
#5548=ORIENTED_EDGE('',*,*,#3918,.F.);
#5549=ORIENTED_EDGE('',*,*,#3919,.T.);
#5550=ORIENTED_EDGE('',*,*,#3910,.F.);
#5551=ORIENTED_EDGE('',*,*,#3857,.F.);
#5552=ORIENTED_EDGE('',*,*,#3627,.T.);
#5553=ORIENTED_EDGE('',*,*,#3712,.F.);
#5554=ORIENTED_EDGE('',*,*,#3720,.T.);
#5555=ORIENTED_EDGE('',*,*,#3912,.T.);
#5556=ORIENTED_EDGE('',*,*,#3861,.F.);
#5557=ORIENTED_EDGE('',*,*,#3920,.T.);
#5558=ORIENTED_EDGE('',*,*,#3921,.F.);
#5559=ORIENTED_EDGE('',*,*,#3632,.T.);
#5560=ORIENTED_EDGE('',*,*,#3863,.F.);
#5561=ORIENTED_EDGE('',*,*,#3922,.F.);
#5562=ORIENTED_EDGE('',*,*,#3923,.F.);
#5563=ORIENTED_EDGE('',*,*,#3920,.F.);
#5564=ORIENTED_EDGE('',*,*,#3865,.F.);
#5565=ORIENTED_EDGE('',*,*,#3924,.T.);
#5566=ORIENTED_EDGE('',*,*,#3925,.F.);
#5567=ORIENTED_EDGE('',*,*,#3922,.T.);
#5568=ORIENTED_EDGE('',*,*,#3866,.T.);
#5569=ORIENTED_EDGE('',*,*,#3437,.T.);
#5570=ORIENTED_EDGE('',*,*,#3926,.F.);
#5571=ORIENTED_EDGE('',*,*,#3924,.F.);
#5572=ORIENTED_EDGE('',*,*,#3813,.T.);
#5573=ORIENTED_EDGE('',*,*,#3927,.T.);
#5574=ORIENTED_EDGE('',*,*,#3763,.T.);
#5575=ORIENTED_EDGE('',*,*,#3927,.F.);
#5576=ORIENTED_EDGE('',*,*,#3809,.T.);
#5577=ORIENTED_EDGE('',*,*,#3928,.T.);
#5578=ORIENTED_EDGE('',*,*,#3764,.T.);
#5579=ORIENTED_EDGE('',*,*,#3928,.F.);
#5580=ORIENTED_EDGE('',*,*,#3762,.T.);
#5581=ORIENTED_EDGE('',*,*,#3929,.T.);
#5582=ORIENTED_EDGE('',*,*,#3926,.T.);
#5583=ORIENTED_EDGE('',*,*,#3444,.F.);
#5584=ORIENTED_EDGE('',*,*,#3930,.T.);
#5585=ORIENTED_EDGE('',*,*,#3925,.T.);
#5586=ORIENTED_EDGE('',*,*,#3929,.F.);
#5587=ORIENTED_EDGE('',*,*,#3761,.T.);
#5588=ORIENTED_EDGE('',*,*,#3931,.T.);
#5589=ORIENTED_EDGE('',*,*,#3923,.T.);
#5590=ORIENTED_EDGE('',*,*,#3930,.F.);
#5591=ORIENTED_EDGE('',*,*,#3760,.T.);
#5592=ORIENTED_EDGE('',*,*,#3635,.F.);
#5593=ORIENTED_EDGE('',*,*,#3921,.T.);
#5594=ORIENTED_EDGE('',*,*,#3931,.F.);
#5595=ORIENTED_EDGE('',*,*,#3759,.T.);
#5596=ORIENTED_EDGE('',*,*,#3775,.T.);
#5597=ORIENTED_EDGE('',*,*,#3873,.T.);
#5598=ORIENTED_EDGE('',*,*,#3609,.T.);
#5599=ORIENTED_EDGE('',*,*,#3384,.F.);
#5600=ORIENTED_EDGE('',*,*,#3743,.F.);
#5601=ORIENTED_EDGE('',*,*,#3932,.T.);
#5602=ORIENTED_EDGE('',*,*,#3703,.T.);
#5603=ORIENTED_EDGE('',*,*,#3694,.F.);
#5604=ORIENTED_EDGE('',*,*,#3870,.T.);
#5605=ORIENTED_EDGE('',*,*,#3933,.T.);
#5606=ORIENTED_EDGE('',*,*,#3934,.F.);
#5607=ORIENTED_EDGE('',*,*,#3935,.T.);
#5608=ORIENTED_EDGE('',*,*,#3936,.F.);
#5609=ORIENTED_EDGE('',*,*,#3933,.F.);
#5610=ORIENTED_EDGE('',*,*,#3937,.T.);
#5611=ORIENTED_EDGE('',*,*,#3716,.F.);
#5612=ORIENTED_EDGE('',*,*,#3938,.T.);
#5613=ORIENTED_EDGE('',*,*,#3939,.T.);
#5614=ORIENTED_EDGE('',*,*,#3939,.F.);
#5615=ORIENTED_EDGE('',*,*,#3940,.F.);
#5616=ORIENTED_EDGE('',*,*,#3941,.F.);
#5617=ORIENTED_EDGE('',*,*,#3934,.T.);
#5618=ORIENTED_EDGE('',*,*,#3942,.T.);
#5619=ORIENTED_EDGE('',*,*,#3943,.F.);
#5620=ORIENTED_EDGE('',*,*,#3944,.T.);
#5621=ORIENTED_EDGE('',*,*,#3945,.F.);
#5622=ORIENTED_EDGE('',*,*,#3942,.F.);
#5623=ORIENTED_EDGE('',*,*,#3946,.T.);
#5624=ORIENTED_EDGE('',*,*,#3947,.F.);
#5625=ORIENTED_EDGE('',*,*,#3948,.T.);
#5626=ORIENTED_EDGE('',*,*,#3949,.T.);
#5627=ORIENTED_EDGE('',*,*,#3949,.F.);
#5628=ORIENTED_EDGE('',*,*,#3950,.F.);
#5629=ORIENTED_EDGE('',*,*,#3951,.F.);
#5630=ORIENTED_EDGE('',*,*,#3943,.T.);
#5631=ORIENTED_EDGE('',*,*,#3952,.T.);
#5632=ORIENTED_EDGE('',*,*,#3953,.F.);
#5633=ORIENTED_EDGE('',*,*,#3954,.T.);
#5634=ORIENTED_EDGE('',*,*,#3955,.F.);
#5635=ORIENTED_EDGE('',*,*,#3952,.F.);
#5636=ORIENTED_EDGE('',*,*,#3956,.T.);
#5637=ORIENTED_EDGE('',*,*,#3957,.F.);
#5638=ORIENTED_EDGE('',*,*,#3958,.T.);
#5639=ORIENTED_EDGE('',*,*,#3959,.T.);
#5640=ORIENTED_EDGE('',*,*,#3959,.F.);
#5641=ORIENTED_EDGE('',*,*,#3960,.F.);
#5642=ORIENTED_EDGE('',*,*,#3961,.F.);
#5643=ORIENTED_EDGE('',*,*,#3953,.T.);
#5644=ORIENTED_EDGE('',*,*,#3962,.T.);
#5645=ORIENTED_EDGE('',*,*,#3963,.F.);
#5646=ORIENTED_EDGE('',*,*,#3964,.T.);
#5647=ORIENTED_EDGE('',*,*,#3965,.F.);
#5648=ORIENTED_EDGE('',*,*,#3962,.F.);
#5649=ORIENTED_EDGE('',*,*,#3966,.T.);
#5650=ORIENTED_EDGE('',*,*,#3967,.F.);
#5651=ORIENTED_EDGE('',*,*,#3968,.T.);
#5652=ORIENTED_EDGE('',*,*,#3969,.T.);
#5653=ORIENTED_EDGE('',*,*,#3969,.F.);
#5654=ORIENTED_EDGE('',*,*,#3970,.F.);
#5655=ORIENTED_EDGE('',*,*,#3971,.F.);
#5656=ORIENTED_EDGE('',*,*,#3963,.T.);
#5657=ORIENTED_EDGE('',*,*,#3972,.T.);
#5658=ORIENTED_EDGE('',*,*,#3973,.F.);
#5659=ORIENTED_EDGE('',*,*,#3974,.T.);
#5660=ORIENTED_EDGE('',*,*,#3975,.F.);
#5661=ORIENTED_EDGE('',*,*,#3972,.F.);
#5662=ORIENTED_EDGE('',*,*,#3976,.T.);
#5663=ORIENTED_EDGE('',*,*,#3977,.F.);
#5664=ORIENTED_EDGE('',*,*,#3978,.T.);
#5665=ORIENTED_EDGE('',*,*,#3979,.T.);
#5666=ORIENTED_EDGE('',*,*,#3980,.F.);
#5667=ORIENTED_EDGE('',*,*,#3981,.T.);
#5668=ORIENTED_EDGE('',*,*,#3982,.T.);
#5669=ORIENTED_EDGE('',*,*,#3900,.T.);
#5670=ORIENTED_EDGE('',*,*,#3981,.F.);
#5671=ORIENTED_EDGE('',*,*,#3983,.T.);
#5672=ORIENTED_EDGE('',*,*,#3984,.F.);
#5673=ORIENTED_EDGE('',*,*,#3985,.F.);
#5674=ORIENTED_EDGE('',*,*,#3980,.T.);
#5675=ORIENTED_EDGE('',*,*,#3899,.F.);
#5676=ORIENTED_EDGE('',*,*,#3907,.T.);
#5677=ORIENTED_EDGE('',*,*,#3909,.F.);
#5678=ORIENTED_EDGE('',*,*,#3911,.T.);
#5679=ORIENTED_EDGE('',*,*,#3919,.F.);
#5680=ORIENTED_EDGE('',*,*,#3986,.T.);
#5681=ORIENTED_EDGE('',*,*,#3983,.F.);
#5682=ORIENTED_EDGE('',*,*,#3986,.F.);
#5683=ORIENTED_EDGE('',*,*,#3918,.T.);
#5684=ORIENTED_EDGE('',*,*,#3987,.T.);
#5685=ORIENTED_EDGE('',*,*,#3984,.T.);
#5686=ORIENTED_EDGE('',*,*,#3974,.F.);
#5687=ORIENTED_EDGE('',*,*,#3988,.T.);
#5688=ORIENTED_EDGE('',*,*,#3989,.F.);
#5689=ORIENTED_EDGE('',*,*,#3990,.T.);
#5690=ORIENTED_EDGE('',*,*,#3991,.T.);
#5691=ORIENTED_EDGE('',*,*,#3976,.F.);
#5692=ORIENTED_EDGE('',*,*,#3975,.T.);
#5693=ORIENTED_EDGE('',*,*,#3991,.F.);
#5694=ORIENTED_EDGE('',*,*,#3992,.F.);
#5695=ORIENTED_EDGE('',*,*,#3964,.F.);
#5696=ORIENTED_EDGE('',*,*,#3971,.T.);
#5697=ORIENTED_EDGE('',*,*,#3993,.F.);
#5698=ORIENTED_EDGE('',*,*,#3994,.T.);
#5699=ORIENTED_EDGE('',*,*,#3995,.T.);
#5700=ORIENTED_EDGE('',*,*,#3966,.F.);
#5701=ORIENTED_EDGE('',*,*,#3965,.T.);
#5702=ORIENTED_EDGE('',*,*,#3995,.F.);
#5703=ORIENTED_EDGE('',*,*,#3996,.F.);
#5704=ORIENTED_EDGE('',*,*,#3954,.F.);
#5705=ORIENTED_EDGE('',*,*,#3961,.T.);
#5706=ORIENTED_EDGE('',*,*,#3997,.F.);
#5707=ORIENTED_EDGE('',*,*,#3998,.T.);
#5708=ORIENTED_EDGE('',*,*,#3999,.T.);
#5709=ORIENTED_EDGE('',*,*,#3956,.F.);
#5710=ORIENTED_EDGE('',*,*,#3955,.T.);
#5711=ORIENTED_EDGE('',*,*,#3999,.F.);
#5712=ORIENTED_EDGE('',*,*,#4000,.F.);
#5713=ORIENTED_EDGE('',*,*,#3946,.F.);
#5714=ORIENTED_EDGE('',*,*,#3945,.T.);
#5715=ORIENTED_EDGE('',*,*,#4001,.F.);
#5716=ORIENTED_EDGE('',*,*,#4002,.F.);
#5717=ORIENTED_EDGE('',*,*,#3944,.F.);
#5718=ORIENTED_EDGE('',*,*,#3951,.T.);
#5719=ORIENTED_EDGE('',*,*,#4003,.T.);
#5720=ORIENTED_EDGE('',*,*,#4004,.T.);
#5721=ORIENTED_EDGE('',*,*,#4001,.T.);
#5722=ORIENTED_EDGE('',*,*,#3935,.F.);
#5723=ORIENTED_EDGE('',*,*,#3941,.T.);
#5724=ORIENTED_EDGE('',*,*,#4005,.F.);
#5725=ORIENTED_EDGE('',*,*,#3718,.T.);
#5726=ORIENTED_EDGE('',*,*,#4006,.T.);
#5727=ORIENTED_EDGE('',*,*,#3937,.F.);
#5728=ORIENTED_EDGE('',*,*,#3936,.T.);
#5729=ORIENTED_EDGE('',*,*,#4006,.F.);
#5730=ORIENTED_EDGE('',*,*,#3717,.F.);
#5731=ORIENTED_EDGE('',*,*,#4007,.F.);
#5732=ORIENTED_EDGE('',*,*,#3729,.F.);
#5733=ORIENTED_EDGE('',*,*,#4008,.F.);
#5734=ORIENTED_EDGE('',*,*,#4009,.T.);
#5735=ORIENTED_EDGE('',*,*,#4010,.F.);
#5736=ORIENTED_EDGE('',*,*,#4011,.T.);
#5737=ORIENTED_EDGE('',*,*,#4012,.T.);
#5738=ORIENTED_EDGE('',*,*,#3730,.T.);
#5739=ORIENTED_EDGE('',*,*,#4007,.T.);
#5740=ORIENTED_EDGE('',*,*,#4010,.T.);
#5741=ORIENTED_EDGE('',*,*,#4009,.F.);
#5742=ORIENTED_EDGE('',*,*,#4013,.T.);
#5743=ORIENTED_EDGE('',*,*,#4014,.F.);
#5744=ORIENTED_EDGE('',*,*,#4015,.F.);
#5745=ORIENTED_EDGE('',*,*,#4016,.F.);
#5746=ORIENTED_EDGE('',*,*,#4017,.F.);
#5747=ORIENTED_EDGE('',*,*,#4018,.T.);
#5748=ORIENTED_EDGE('',*,*,#4019,.F.);
#5749=ORIENTED_EDGE('',*,*,#4020,.T.);
#5750=ORIENTED_EDGE('',*,*,#4021,.T.);
#5751=ORIENTED_EDGE('',*,*,#4022,.T.);
#5752=ORIENTED_EDGE('',*,*,#4015,.T.);
#5753=ORIENTED_EDGE('',*,*,#4019,.T.);
#5754=ORIENTED_EDGE('',*,*,#4018,.F.);
#5755=ORIENTED_EDGE('',*,*,#4023,.T.);
#5756=ORIENTED_EDGE('',*,*,#4024,.F.);
#5757=ORIENTED_EDGE('',*,*,#4025,.F.);
#5758=ORIENTED_EDGE('',*,*,#4026,.F.);
#5759=ORIENTED_EDGE('',*,*,#4027,.F.);
#5760=ORIENTED_EDGE('',*,*,#4028,.T.);
#5761=ORIENTED_EDGE('',*,*,#4029,.F.);
#5762=ORIENTED_EDGE('',*,*,#4030,.T.);
#5763=ORIENTED_EDGE('',*,*,#4031,.T.);
#5764=ORIENTED_EDGE('',*,*,#4032,.T.);
#5765=ORIENTED_EDGE('',*,*,#4025,.T.);
#5766=ORIENTED_EDGE('',*,*,#4029,.T.);
#5767=ORIENTED_EDGE('',*,*,#4028,.F.);
#5768=ORIENTED_EDGE('',*,*,#4033,.T.);
#5769=ORIENTED_EDGE('',*,*,#4034,.F.);
#5770=ORIENTED_EDGE('',*,*,#4035,.F.);
#5771=ORIENTED_EDGE('',*,*,#4036,.F.);
#5772=ORIENTED_EDGE('',*,*,#4037,.F.);
#5773=ORIENTED_EDGE('',*,*,#4038,.T.);
#5774=ORIENTED_EDGE('',*,*,#4039,.F.);
#5775=ORIENTED_EDGE('',*,*,#4040,.T.);
#5776=ORIENTED_EDGE('',*,*,#4041,.T.);
#5777=ORIENTED_EDGE('',*,*,#4042,.T.);
#5778=ORIENTED_EDGE('',*,*,#4035,.T.);
#5779=ORIENTED_EDGE('',*,*,#4039,.T.);
#5780=ORIENTED_EDGE('',*,*,#4038,.F.);
#5781=ORIENTED_EDGE('',*,*,#4043,.T.);
#5782=ORIENTED_EDGE('',*,*,#4044,.F.);
#5783=ORIENTED_EDGE('',*,*,#4045,.F.);
#5784=ORIENTED_EDGE('',*,*,#4046,.F.);
#5785=ORIENTED_EDGE('',*,*,#4047,.F.);
#5786=ORIENTED_EDGE('',*,*,#4048,.T.);
#5787=ORIENTED_EDGE('',*,*,#4049,.F.);
#5788=ORIENTED_EDGE('',*,*,#4050,.T.);
#5789=ORIENTED_EDGE('',*,*,#4051,.T.);
#5790=ORIENTED_EDGE('',*,*,#4052,.T.);
#5791=ORIENTED_EDGE('',*,*,#4045,.T.);
#5792=ORIENTED_EDGE('',*,*,#4049,.T.);
#5793=ORIENTED_EDGE('',*,*,#4048,.F.);
#5794=ORIENTED_EDGE('',*,*,#4053,.T.);
#5795=ORIENTED_EDGE('',*,*,#4054,.F.);
#5796=ORIENTED_EDGE('',*,*,#4055,.F.);
#5797=ORIENTED_EDGE('',*,*,#3895,.T.);
#5798=ORIENTED_EDGE('',*,*,#4056,.T.);
#5799=ORIENTED_EDGE('',*,*,#4057,.T.);
#5800=ORIENTED_EDGE('',*,*,#4058,.F.);
#5801=ORIENTED_EDGE('',*,*,#4059,.T.);
#5802=ORIENTED_EDGE('',*,*,#4060,.T.);
#5803=ORIENTED_EDGE('',*,*,#3877,.T.);
#5804=ORIENTED_EDGE('',*,*,#4055,.T.);
#5805=ORIENTED_EDGE('',*,*,#4061,.F.);
#5806=ORIENTED_EDGE('',*,*,#4058,.T.);
#5807=ORIENTED_EDGE('',*,*,#3876,.F.);
#5808=ORIENTED_EDGE('',*,*,#3884,.T.);
#5809=ORIENTED_EDGE('',*,*,#3886,.F.);
#5810=ORIENTED_EDGE('',*,*,#3888,.T.);
#5811=ORIENTED_EDGE('',*,*,#3896,.F.);
#5812=ORIENTED_EDGE('',*,*,#4053,.F.);
#5813=ORIENTED_EDGE('',*,*,#4047,.T.);
#5814=ORIENTED_EDGE('',*,*,#4062,.F.);
#5815=ORIENTED_EDGE('',*,*,#4063,.T.);
#5816=ORIENTED_EDGE('',*,*,#4064,.T.);
#5817=ORIENTED_EDGE('',*,*,#4050,.F.);
#5818=ORIENTED_EDGE('',*,*,#4054,.T.);
#5819=ORIENTED_EDGE('',*,*,#4064,.F.);
#5820=ORIENTED_EDGE('',*,*,#4065,.F.);
#5821=ORIENTED_EDGE('',*,*,#4040,.F.);
#5822=ORIENTED_EDGE('',*,*,#4044,.T.);
#5823=ORIENTED_EDGE('',*,*,#4066,.F.);
#5824=ORIENTED_EDGE('',*,*,#4067,.F.);
#5825=ORIENTED_EDGE('',*,*,#4043,.F.);
#5826=ORIENTED_EDGE('',*,*,#4037,.T.);
#5827=ORIENTED_EDGE('',*,*,#4068,.T.);
#5828=ORIENTED_EDGE('',*,*,#4069,.T.);
#5829=ORIENTED_EDGE('',*,*,#4066,.T.);
#5830=ORIENTED_EDGE('',*,*,#4033,.F.);
#5831=ORIENTED_EDGE('',*,*,#4027,.T.);
#5832=ORIENTED_EDGE('',*,*,#4070,.F.);
#5833=ORIENTED_EDGE('',*,*,#4071,.T.);
#5834=ORIENTED_EDGE('',*,*,#4072,.T.);
#5835=ORIENTED_EDGE('',*,*,#4030,.F.);
#5836=ORIENTED_EDGE('',*,*,#4034,.T.);
#5837=ORIENTED_EDGE('',*,*,#4072,.F.);
#5838=ORIENTED_EDGE('',*,*,#4073,.F.);
#5839=ORIENTED_EDGE('',*,*,#4020,.F.);
#5840=ORIENTED_EDGE('',*,*,#4024,.T.);
#5841=ORIENTED_EDGE('',*,*,#4074,.F.);
#5842=ORIENTED_EDGE('',*,*,#4075,.F.);
#5843=ORIENTED_EDGE('',*,*,#4023,.F.);
#5844=ORIENTED_EDGE('',*,*,#4017,.T.);
#5845=ORIENTED_EDGE('',*,*,#4076,.T.);
#5846=ORIENTED_EDGE('',*,*,#4077,.T.);
#5847=ORIENTED_EDGE('',*,*,#4074,.T.);
#5848=ORIENTED_EDGE('',*,*,#4013,.F.);
#5849=ORIENTED_EDGE('',*,*,#4008,.T.);
#5850=ORIENTED_EDGE('',*,*,#3728,.F.);
#5851=ORIENTED_EDGE('',*,*,#4078,.T.);
#5852=ORIENTED_EDGE('',*,*,#4079,.T.);
#5853=ORIENTED_EDGE('',*,*,#4011,.F.);
#5854=ORIENTED_EDGE('',*,*,#4014,.T.);
#5855=ORIENTED_EDGE('',*,*,#4079,.F.);
#5856=ORIENTED_EDGE('',*,*,#4080,.F.);
#5857=ORIENTED_EDGE('',*,*,#3749,.F.);
#5858=ORIENTED_EDGE('',*,*,#4081,.T.);
#5859=ORIENTED_EDGE('',*,*,#3705,.F.);
#5860=ORIENTED_EDGE('',*,*,#4082,.T.);
#5861=ORIENTED_EDGE('',*,*,#3747,.F.);
#5862=ORIENTED_EDGE('',*,*,#4082,.F.);
#5863=ORIENTED_EDGE('',*,*,#3704,.T.);
#5864=ORIENTED_EDGE('',*,*,#3932,.F.);
#5865=ORIENTED_EDGE('',*,*,#3755,.F.);
#5866=ORIENTED_EDGE('',*,*,#4083,.T.);
#5867=ORIENTED_EDGE('',*,*,#3707,.F.);
#5868=ORIENTED_EDGE('',*,*,#4084,.T.);
#5869=ORIENTED_EDGE('',*,*,#3757,.F.);
#5870=ORIENTED_EDGE('',*,*,#3604,.T.);
#5871=ORIENTED_EDGE('',*,*,#3708,.T.);
#5872=ORIENTED_EDGE('',*,*,#4083,.F.);
#5873=ORIENTED_EDGE('',*,*,#3753,.F.);
#5874=ORIENTED_EDGE('',*,*,#4084,.F.);
#5875=ORIENTED_EDGE('',*,*,#3706,.T.);
#5876=ORIENTED_EDGE('',*,*,#4081,.F.);
#5877=ORIENTED_EDGE('',*,*,#3979,.F.);
#5878=ORIENTED_EDGE('',*,*,#4085,.F.);
#5879=ORIENTED_EDGE('',*,*,#3988,.F.);
#5880=ORIENTED_EDGE('',*,*,#3973,.T.);
#5881=ORIENTED_EDGE('',*,*,#4057,.F.);
#5882=ORIENTED_EDGE('',*,*,#4086,.F.);
#5883=ORIENTED_EDGE('',*,*,#4059,.F.);
#5884=ORIENTED_EDGE('',*,*,#4061,.T.);
#5885=ORIENTED_EDGE('',*,*,#4002,.T.);
#5886=ORIENTED_EDGE('',*,*,#4004,.F.);
#5887=ORIENTED_EDGE('',*,*,#3913,.F.);
#5888=ORIENTED_EDGE('',*,*,#4005,.T.);
#5889=ORIENTED_EDGE('',*,*,#3940,.T.);
#5890=ORIENTED_EDGE('',*,*,#3938,.F.);
#5891=ORIENTED_EDGE('',*,*,#3905,.F.);
#5892=ORIENTED_EDGE('',*,*,#3947,.T.);
#5893=ORIENTED_EDGE('',*,*,#4085,.T.);
#5894=ORIENTED_EDGE('',*,*,#3978,.F.);
#5895=ORIENTED_EDGE('',*,*,#3901,.F.);
#5896=ORIENTED_EDGE('',*,*,#3982,.F.);
#5897=ORIENTED_EDGE('',*,*,#3985,.T.);
#5898=ORIENTED_EDGE('',*,*,#3987,.F.);
#5899=ORIENTED_EDGE('',*,*,#3917,.F.);
#5900=ORIENTED_EDGE('',*,*,#3989,.T.);
#5901=ORIENTED_EDGE('',*,*,#3960,.T.);
#5902=ORIENTED_EDGE('',*,*,#3958,.F.);
#5903=ORIENTED_EDGE('',*,*,#3903,.F.);
#5904=ORIENTED_EDGE('',*,*,#3967,.T.);
#5905=ORIENTED_EDGE('',*,*,#3996,.T.);
#5906=ORIENTED_EDGE('',*,*,#3994,.F.);
#5907=ORIENTED_EDGE('',*,*,#3915,.F.);
#5908=ORIENTED_EDGE('',*,*,#3997,.T.);
#5909=ORIENTED_EDGE('',*,*,#4000,.T.);
#5910=ORIENTED_EDGE('',*,*,#3998,.F.);
#5911=ORIENTED_EDGE('',*,*,#3914,.F.);
#5912=ORIENTED_EDGE('',*,*,#4003,.F.);
#5913=ORIENTED_EDGE('',*,*,#3950,.T.);
#5914=ORIENTED_EDGE('',*,*,#3948,.F.);
#5915=ORIENTED_EDGE('',*,*,#3904,.F.);
#5916=ORIENTED_EDGE('',*,*,#3957,.T.);
#5917=ORIENTED_EDGE('',*,*,#3992,.T.);
#5918=ORIENTED_EDGE('',*,*,#3990,.F.);
#5919=ORIENTED_EDGE('',*,*,#3916,.F.);
#5920=ORIENTED_EDGE('',*,*,#3993,.T.);
#5921=ORIENTED_EDGE('',*,*,#3970,.T.);
#5922=ORIENTED_EDGE('',*,*,#3968,.F.);
#5923=ORIENTED_EDGE('',*,*,#3902,.F.);
#5924=ORIENTED_EDGE('',*,*,#3977,.T.);
#5925=ORIENTED_EDGE('',*,*,#4065,.T.);
#5926=ORIENTED_EDGE('',*,*,#4063,.F.);
#5927=ORIENTED_EDGE('',*,*,#3878,.F.);
#5928=ORIENTED_EDGE('',*,*,#4060,.F.);
#5929=ORIENTED_EDGE('',*,*,#4086,.T.);
#5930=ORIENTED_EDGE('',*,*,#4056,.F.);
#5931=ORIENTED_EDGE('',*,*,#3894,.F.);
#5932=ORIENTED_EDGE('',*,*,#4051,.F.);
#5933=ORIENTED_EDGE('',*,*,#4080,.T.);
#5934=ORIENTED_EDGE('',*,*,#4078,.F.);
#5935=ORIENTED_EDGE('',*,*,#3882,.F.);
#5936=ORIENTED_EDGE('',*,*,#4076,.F.);
#5937=ORIENTED_EDGE('',*,*,#4016,.T.);
#5938=ORIENTED_EDGE('',*,*,#4022,.F.);
#5939=ORIENTED_EDGE('',*,*,#3890,.F.);
#5940=ORIENTED_EDGE('',*,*,#4012,.F.);
#5941=ORIENTED_EDGE('',*,*,#4026,.T.);
#5942=ORIENTED_EDGE('',*,*,#4032,.F.);
#5943=ORIENTED_EDGE('',*,*,#3891,.F.);
#5944=ORIENTED_EDGE('',*,*,#4021,.F.);
#5945=ORIENTED_EDGE('',*,*,#4075,.T.);
#5946=ORIENTED_EDGE('',*,*,#4077,.F.);
#5947=ORIENTED_EDGE('',*,*,#3881,.F.);
#5948=ORIENTED_EDGE('',*,*,#4070,.T.);
#5949=ORIENTED_EDGE('',*,*,#4067,.T.);
#5950=ORIENTED_EDGE('',*,*,#4069,.F.);
#5951=ORIENTED_EDGE('',*,*,#3879,.F.);
#5952=ORIENTED_EDGE('',*,*,#4062,.T.);
#5953=ORIENTED_EDGE('',*,*,#4046,.T.);
#5954=ORIENTED_EDGE('',*,*,#4052,.F.);
#5955=ORIENTED_EDGE('',*,*,#3893,.F.);
#5956=ORIENTED_EDGE('',*,*,#4041,.F.);
#5957=ORIENTED_EDGE('',*,*,#4036,.T.);
#5958=ORIENTED_EDGE('',*,*,#4042,.F.);
#5959=ORIENTED_EDGE('',*,*,#3892,.F.);
#5960=ORIENTED_EDGE('',*,*,#4031,.F.);
#5961=ORIENTED_EDGE('',*,*,#4073,.T.);
#5962=ORIENTED_EDGE('',*,*,#4071,.F.);
#5963=ORIENTED_EDGE('',*,*,#3880,.F.);
#5964=ORIENTED_EDGE('',*,*,#4068,.F.);
#5965=CYLINDRICAL_SURFACE('',#6448,1.5);
#5966=CYLINDRICAL_SURFACE('',#6453,1.5);
#5967=CYLINDRICAL_SURFACE('',#6458,0.550000000000002);
#5968=CYLINDRICAL_SURFACE('',#6461,3.);
#5969=CYLINDRICAL_SURFACE('',#6464,1.5);
#5970=CYLINDRICAL_SURFACE('',#6468,1.6);
#5971=CYLINDRICAL_SURFACE('',#6472,1.6);
#5972=CYLINDRICAL_SURFACE('',#6475,1.5);
#5973=CYLINDRICAL_SURFACE('',#6478,1.5);
#5974=CYLINDRICAL_SURFACE('',#6543,1.55);
#5975=CYLINDRICAL_SURFACE('',#6548,1.55);
#5976=CYLINDRICAL_SURFACE('',#6605,1.2);
#5977=CYLINDRICAL_SURFACE('',#6607,1.5);
#5978=CYLINDRICAL_SURFACE('',#6609,1.5);
#5979=CYLINDRICAL_SURFACE('',#6612,0.4);
#5980=CYLINDRICAL_SURFACE('',#6614,0.6);
#5981=CYLINDRICAL_SURFACE('',#6617,0.6);
#5982=CYLINDRICAL_SURFACE('',#6620,0.4);
#5983=CYLINDRICAL_SURFACE('',#6621,0.4);
#5984=CYLINDRICAL_SURFACE('',#6623,0.6);
#5985=CYLINDRICAL_SURFACE('',#6626,0.6);
#5986=CYLINDRICAL_SURFACE('',#6629,0.4);
#5987=CYLINDRICAL_SURFACE('',#6630,1.5);
#5988=CYLINDRICAL_SURFACE('',#6633,3.);
#5989=CYLINDRICAL_SURFACE('',#6644,0.4);
#5990=CYLINDRICAL_SURFACE('',#6649,0.6);
#5991=CYLINDRICAL_SURFACE('',#6655,0.6);
#5992=CYLINDRICAL_SURFACE('',#6662,0.6);
#5993=CYLINDRICAL_SURFACE('',#6669,0.6);
#5994=CYLINDRICAL_SURFACE('',#6676,0.6);
#5995=CYLINDRICAL_SURFACE('',#6679,0.6);
#5996=CYLINDRICAL_SURFACE('',#6685,0.6);
#5997=CYLINDRICAL_SURFACE('',#6687,0.6);
#5998=CYLINDRICAL_SURFACE('',#6691,0.6);
#5999=CYLINDRICAL_SURFACE('',#6695,0.6);
#6000=CYLINDRICAL_SURFACE('',#6700,0.6);
#6001=CYLINDRICAL_SURFACE('',#6703,0.6);
#6002=CYLINDRICAL_SURFACE('',#6707,0.6);
#6003=CYLINDRICAL_SURFACE('',#6713,0.6);
#6004=CYLINDRICAL_SURFACE('',#6720,0.6);
#6005=CYLINDRICAL_SURFACE('',#6727,0.6);
#6006=CYLINDRICAL_SURFACE('',#6734,0.6);
#6007=CYLINDRICAL_SURFACE('',#6740,0.6);
#6008=CYLINDRICAL_SURFACE('',#6743,0.6);
#6009=CYLINDRICAL_SURFACE('',#6747,0.6);
#6010=CYLINDRICAL_SURFACE('',#6752,0.6);
#6011=CYLINDRICAL_SURFACE('',#6755,0.6);
#6012=CYLINDRICAL_SURFACE('',#6760,0.6);
#6013=CYLINDRICAL_SURFACE('',#6763,0.6);
#6014=CYLINDRICAL_SURFACE('',#6766,1.6);
#6015=CYLINDRICAL_SURFACE('',#6769,1.6);
#6016=CYLINDRICAL_SURFACE('',#6785,1.5);
#6017=CYLINDRICAL_SURFACE('',#6790,1.5);
#6018=CYLINDRICAL_SURFACE('',#6795,0.550000000000002);
#6019=CYLINDRICAL_SURFACE('',#6798,3.);
#6020=CYLINDRICAL_SURFACE('',#6801,1.5);
#6021=CYLINDRICAL_SURFACE('',#6805,1.6);
#6022=CYLINDRICAL_SURFACE('',#6809,1.6);
#6023=CYLINDRICAL_SURFACE('',#6813,1.5);
#6024=CYLINDRICAL_SURFACE('',#6816,1.5);
#6025=CYLINDRICAL_SURFACE('',#6915,1.55);
#6026=CYLINDRICAL_SURFACE('',#6919,1.55);
#6027=CYLINDRICAL_SURFACE('',#6964,1.2);
#6028=CYLINDRICAL_SURFACE('',#6966,1.5);
#6029=CYLINDRICAL_SURFACE('',#6968,1.5);
#6030=CYLINDRICAL_SURFACE('',#6970,0.4);
#6031=CYLINDRICAL_SURFACE('',#6972,0.6);
#6032=CYLINDRICAL_SURFACE('',#6975,0.6);
#6033=CYLINDRICAL_SURFACE('',#6978,0.4);
#6034=CYLINDRICAL_SURFACE('',#6979,0.4);
#6035=CYLINDRICAL_SURFACE('',#6981,0.6);
#6036=CYLINDRICAL_SURFACE('',#6984,0.6);
#6037=CYLINDRICAL_SURFACE('',#6987,0.4);
#6038=CYLINDRICAL_SURFACE('',#6988,1.5);
#6039=CYLINDRICAL_SURFACE('',#6991,3.);
#6040=CYLINDRICAL_SURFACE('',#7001,0.4);
#6041=CYLINDRICAL_SURFACE('',#7005,0.6);
#6042=CYLINDRICAL_SURFACE('',#7011,0.6);
#6043=CYLINDRICAL_SURFACE('',#7018,0.6);
#6044=CYLINDRICAL_SURFACE('',#7025,0.6);
#6045=CYLINDRICAL_SURFACE('',#7032,0.6);
#6046=CYLINDRICAL_SURFACE('',#7035,0.6);
#6047=CYLINDRICAL_SURFACE('',#7041,0.6);
#6048=CYLINDRICAL_SURFACE('',#7043,0.6);
#6049=CYLINDRICAL_SURFACE('',#7047,0.6);
#6050=CYLINDRICAL_SURFACE('',#7051,0.6);
#6051=CYLINDRICAL_SURFACE('',#7056,0.6);
#6052=CYLINDRICAL_SURFACE('',#7059,0.6);
#6053=CYLINDRICAL_SURFACE('',#7063,0.6);
#6054=CYLINDRICAL_SURFACE('',#7069,0.6);
#6055=CYLINDRICAL_SURFACE('',#7076,0.6);
#6056=CYLINDRICAL_SURFACE('',#7083,0.6);
#6057=CYLINDRICAL_SURFACE('',#7090,0.6);
#6058=CYLINDRICAL_SURFACE('',#7096,0.6);
#6059=CYLINDRICAL_SURFACE('',#7099,0.6);
#6060=CYLINDRICAL_SURFACE('',#7103,0.6);
#6061=CYLINDRICAL_SURFACE('',#7108,0.6);
#6062=CYLINDRICAL_SURFACE('',#7111,0.6);
#6063=CYLINDRICAL_SURFACE('',#7116,0.6);
#6064=CYLINDRICAL_SURFACE('',#7119,0.6);
#6065=CYLINDRICAL_SURFACE('',#7122,1.6);
#6066=CYLINDRICAL_SURFACE('',#7124,1.6);
#6067=ADVANCED_FACE('',(#312),#5965,.T.);
#6068=ADVANCED_FACE('',(#313),#117,.F.);
#6069=ADVANCED_FACE('',(#314),#5966,.T.);
#6070=ADVANCED_FACE('',(#315),#118,.F.);
#6071=ADVANCED_FACE('',(#316),#5967,.T.);
#6072=ADVANCED_FACE('',(#317),#119,.T.);
#6073=ADVANCED_FACE('',(#318),#5968,.F.);
#6074=ADVANCED_FACE('',(#319),#5969,.T.);
#6075=ADVANCED_FACE('',(#320),#120,.T.);
#6076=ADVANCED_FACE('',(#321),#5970,.F.);
#6077=ADVANCED_FACE('',(#322),#121,.T.);
#6078=ADVANCED_FACE('',(#323),#5971,.F.);
#6079=ADVANCED_FACE('',(#324),#5972,.T.);
#6080=ADVANCED_FACE('',(#325),#5973,.F.);
#6081=ADVANCED_FACE('',(#326),#122,.T.);
#6082=ADVANCED_FACE('',(#327),#23,.T.);
#6083=ADVANCED_FACE('',(#328),#123,.F.);
#6084=ADVANCED_FACE('',(#329),#24,.T.);
#6085=ADVANCED_FACE('',(#330),#124,.F.);
#6086=ADVANCED_FACE('',(#331),#25,.T.);
#6087=ADVANCED_FACE('',(#332),#125,.F.);
#6088=ADVANCED_FACE('',(#333),#26,.F.);
#6089=ADVANCED_FACE('',(#334),#126,.F.);
#6090=ADVANCED_FACE('',(#335),#27,.F.);
#6091=ADVANCED_FACE('',(#336),#127,.F.);
#6092=ADVANCED_FACE('',(#337),#28,.F.);
#6093=ADVANCED_FACE('',(#338),#128,.F.);
#6094=ADVANCED_FACE('',(#339),#29,.T.);
#6095=ADVANCED_FACE('',(#340),#129,.T.);
#6096=ADVANCED_FACE('',(#341),#30,.T.);
#6097=ADVANCED_FACE('',(#342),#130,.F.);
#6098=ADVANCED_FACE('',(#343),#131,.T.);
#6099=ADVANCED_FACE('',(#344),#132,.F.);
#6100=ADVANCED_FACE('',(#345),#31,.T.);
#6101=ADVANCED_FACE('',(#346),#133,.F.);
#6102=ADVANCED_FACE('',(#347),#32,.T.);
#6103=ADVANCED_FACE('',(#348),#134,.F.);
#6104=ADVANCED_FACE('',(#349),#33,.F.);
#6105=ADVANCED_FACE('',(#350),#135,.F.);
#6106=ADVANCED_FACE('',(#351),#34,.F.);
#6107=ADVANCED_FACE('',(#352),#136,.F.);
#6108=ADVANCED_FACE('',(#353),#35,.F.);
#6109=ADVANCED_FACE('',(#354),#36,.T.);
#6110=ADVANCED_FACE('',(#355),#37,.F.);
#6111=ADVANCED_FACE('',(#356),#5974,.F.);
#6112=ADVANCED_FACE('',(#357),#38,.F.);
#6113=ADVANCED_FACE('',(#358),#5975,.F.);
#6114=ADVANCED_FACE('',(#359),#39,.F.);
#6115=ADVANCED_FACE('',(#360),#137,.F.);
#6116=ADVANCED_FACE('',(#361),#40,.T.);
#6117=ADVANCED_FACE('',(#362),#138,.F.);
#6118=ADVANCED_FACE('',(#363),#41,.T.);
#6119=ADVANCED_FACE('',(#364),#139,.F.);
#6120=ADVANCED_FACE('',(#365),#42,.T.);
#6121=ADVANCED_FACE('',(#366),#43,.T.);
#6122=ADVANCED_FACE('',(#367),#140,.F.);
#6123=ADVANCED_FACE('',(#368),#44,.F.);
#6124=ADVANCED_FACE('',(#369),#141,.F.);
#6125=ADVANCED_FACE('',(#370),#45,.F.);
#6126=ADVANCED_FACE('',(#371),#142,.F.);
#6127=ADVANCED_FACE('',(#372),#46,.T.);
#6128=ADVANCED_FACE('',(#373),#143,.F.);
#6129=ADVANCED_FACE('',(#374),#47,.T.);
#6130=ADVANCED_FACE('',(#375),#144,.F.);
#6131=ADVANCED_FACE('',(#376),#48,.F.);
#6132=ADVANCED_FACE('',(#377),#145,.F.);
#6133=ADVANCED_FACE('',(#378),#49,.F.);
#6134=ADVANCED_FACE('',(#379),#146,.F.);
#6135=ADVANCED_FACE('',(#380),#50,.T.);
#6136=ADVANCED_FACE('',(#381),#51,.T.);
#6137=ADVANCED_FACE('',(#382),#147,.F.);
#6138=ADVANCED_FACE('',(#383),#52,.T.);
#6139=ADVANCED_FACE('',(#384),#148,.F.);
#6140=ADVANCED_FACE('',(#385),#53,.F.);
#6141=ADVANCED_FACE('',(#386),#5976,.F.);
#6142=ADVANCED_FACE('',(#387),#149,.F.);
#6143=ADVANCED_FACE('',(#388),#5977,.T.);
#6144=ADVANCED_FACE('',(#389),#150,.F.);
#6145=ADVANCED_FACE('',(#390),#5978,.T.);
#6146=ADVANCED_FACE('',(#391),#5979,.T.);
#6147=ADVANCED_FACE('',(#392),#151,.T.);
#6148=ADVANCED_FACE('',(#393),#5980,.F.);
#6149=ADVANCED_FACE('',(#394),#152,.T.);
#6150=ADVANCED_FACE('',(#395),#5981,.F.);
#6151=ADVANCED_FACE('',(#396),#153,.T.);
#6152=ADVANCED_FACE('',(#397),#5982,.T.);
#6153=ADVANCED_FACE('',(#398),#5983,.T.);
#6154=ADVANCED_FACE('',(#399),#154,.T.);
#6155=ADVANCED_FACE('',(#400),#5984,.F.);
#6156=ADVANCED_FACE('',(#401),#155,.T.);
#6157=ADVANCED_FACE('',(#402),#5985,.F.);
#6158=ADVANCED_FACE('',(#403),#156,.T.);
#6159=ADVANCED_FACE('',(#404),#5986,.T.);
#6160=ADVANCED_FACE('',(#405),#5987,.T.);
#6161=ADVANCED_FACE('',(#406),#157,.F.);
#6162=ADVANCED_FACE('',(#407),#5988,.F.);
#6163=ADVANCED_FACE('',(#408),#54,.F.);
#6164=ADVANCED_FACE('',(#409),#55,.F.);
#6165=ADVANCED_FACE('',(#410),#56,.F.);
#6166=ADVANCED_FACE('',(#411),#158,.F.);
#6167=ADVANCED_FACE('',(#412),#57,.T.);
#6168=ADVANCED_FACE('',(#413),#5989,.T.);
#6169=ADVANCED_FACE('',(#414),#159,.T.);
#6170=ADVANCED_FACE('',(#415),#5990,.F.);
#6171=ADVANCED_FACE('',(#416),#160,.T.);
#6172=ADVANCED_FACE('',(#417),#161,.T.);
#6173=ADVANCED_FACE('',(#418),#5991,.F.);
#6174=ADVANCED_FACE('',(#419),#162,.T.);
#6175=ADVANCED_FACE('',(#420),#163,.T.);
#6176=ADVANCED_FACE('',(#421),#5992,.F.);
#6177=ADVANCED_FACE('',(#422),#164,.T.);
#6178=ADVANCED_FACE('',(#423),#165,.T.);
#6179=ADVANCED_FACE('',(#424),#5993,.F.);
#6180=ADVANCED_FACE('',(#425),#166,.T.);
#6181=ADVANCED_FACE('',(#426),#167,.T.);
#6182=ADVANCED_FACE('',(#427),#5994,.F.);
#6183=ADVANCED_FACE('',(#428),#5995,.F.);
#6184=ADVANCED_FACE('',(#429),#168,.T.);
#6185=ADVANCED_FACE('',(#430),#169,.T.);
#6186=ADVANCED_FACE('',(#431),#5996,.F.);
#6187=ADVANCED_FACE('',(#432),#5997,.F.);
#6188=ADVANCED_FACE('',(#433),#170,.T.);
#6189=ADVANCED_FACE('',(#434),#5998,.F.);
#6190=ADVANCED_FACE('',(#435),#171,.T.);
#6191=ADVANCED_FACE('',(#436),#5999,.F.);
#6192=ADVANCED_FACE('',(#437),#172,.T.);
#6193=ADVANCED_FACE('',(#438),#173,.T.);
#6194=ADVANCED_FACE('',(#439),#6000,.F.);
#6195=ADVANCED_FACE('',(#440),#6001,.F.);
#6196=ADVANCED_FACE('',(#441),#174,.T.);
#6197=ADVANCED_FACE('',(#442),#175,.T.);
#6198=ADVANCED_FACE('',(#443),#6002,.F.);
#6199=ADVANCED_FACE('',(#444),#176,.T.);
#6200=ADVANCED_FACE('',(#445),#177,.T.);
#6201=ADVANCED_FACE('',(#446),#6003,.F.);
#6202=ADVANCED_FACE('',(#447),#178,.T.);
#6203=ADVANCED_FACE('',(#448),#179,.T.);
#6204=ADVANCED_FACE('',(#449),#6004,.F.);
#6205=ADVANCED_FACE('',(#450),#180,.T.);
#6206=ADVANCED_FACE('',(#451),#181,.T.);
#6207=ADVANCED_FACE('',(#452),#6005,.F.);
#6208=ADVANCED_FACE('',(#453),#182,.T.);
#6209=ADVANCED_FACE('',(#454),#183,.T.);
#6210=ADVANCED_FACE('',(#455),#6006,.F.);
#6211=ADVANCED_FACE('',(#456),#184,.T.);
#6212=ADVANCED_FACE('',(#457),#6007,.F.);
#6213=ADVANCED_FACE('',(#458),#6008,.F.);
#6214=ADVANCED_FACE('',(#459),#185,.T.);
#6215=ADVANCED_FACE('',(#460),#6009,.F.);
#6216=ADVANCED_FACE('',(#461),#186,.T.);
#6217=ADVANCED_FACE('',(#462),#187,.T.);
#6218=ADVANCED_FACE('',(#463),#6010,.F.);
#6219=ADVANCED_FACE('',(#464),#6011,.F.);
#6220=ADVANCED_FACE('',(#465),#188,.T.);
#6221=ADVANCED_FACE('',(#466),#189,.T.);
#6222=ADVANCED_FACE('',(#467),#6012,.F.);
#6223=ADVANCED_FACE('',(#468),#6013,.F.);
#6224=ADVANCED_FACE('',(#469),#190,.T.);
#6225=ADVANCED_FACE('',(#470),#6014,.F.);
#6226=ADVANCED_FACE('',(#471),#191,.T.);
#6227=ADVANCED_FACE('',(#472),#6015,.F.);
#6228=ADVANCED_FACE('',(#473),#192,.T.);
#6229=ADVANCED_FACE('',(#474),#193,.T.);
#6230=ADVANCED_FACE('',(#475),#194,.T.);
#6231=ADVANCED_FACE('',(#476),#195,.T.);
#6232=ADVANCED_FACE('',(#477),#196,.T.);
#6233=ADVANCED_FACE('',(#478),#197,.T.);
#6234=ADVANCED_FACE('',(#479),#198,.T.);
#6235=ADVANCED_FACE('',(#480),#199,.T.);
#6236=ADVANCED_FACE('',(#481),#200,.T.);
#6237=ADVANCED_FACE('',(#482),#201,.T.);
#6238=ADVANCED_FACE('',(#483),#202,.T.);
#6239=ADVANCED_FACE('',(#484),#203,.T.);
#6240=ADVANCED_FACE('',(#485),#204,.T.);
#6241=ADVANCED_FACE('',(#486),#205,.T.);
#6242=ADVANCED_FACE('',(#487),#6016,.T.);
#6243=ADVANCED_FACE('',(#488),#206,.T.);
#6244=ADVANCED_FACE('',(#489),#6017,.T.);
#6245=ADVANCED_FACE('',(#490),#207,.T.);
#6246=ADVANCED_FACE('',(#491),#6018,.T.);
#6247=ADVANCED_FACE('',(#492),#208,.F.);
#6248=ADVANCED_FACE('',(#493),#6019,.F.);
#6249=ADVANCED_FACE('',(#494),#6020,.T.);
#6250=ADVANCED_FACE('',(#495),#209,.F.);
#6251=ADVANCED_FACE('',(#496),#6021,.F.);
#6252=ADVANCED_FACE('',(#497),#210,.F.);
#6253=ADVANCED_FACE('',(#498),#6022,.F.);
#6254=ADVANCED_FACE('',(#499),#211,.T.);
#6255=ADVANCED_FACE('',(#500),#6023,.T.);
#6256=ADVANCED_FACE('',(#501),#6024,.F.);
#6257=ADVANCED_FACE('',(#502),#212,.F.);
#6258=ADVANCED_FACE('',(#503),#213,.T.);
#6259=ADVANCED_FACE('',(#504),#58,.T.);
#6260=ADVANCED_FACE('',(#505),#214,.T.);
#6261=ADVANCED_FACE('',(#506),#59,.T.);
#6262=ADVANCED_FACE('',(#507),#215,.T.);
#6263=ADVANCED_FACE('',(#508),#60,.T.);
#6264=ADVANCED_FACE('',(#509),#216,.T.);
#6265=ADVANCED_FACE('',(#510),#61,.F.);
#6266=ADVANCED_FACE('',(#511),#217,.T.);
#6267=ADVANCED_FACE('',(#512),#62,.F.);
#6268=ADVANCED_FACE('',(#513),#218,.T.);
#6269=ADVANCED_FACE('',(#514),#219,.T.);
#6270=ADVANCED_FACE('',(#515),#220,.T.);
#6271=ADVANCED_FACE('',(#516),#63,.F.);
#6272=ADVANCED_FACE('',(#517),#221,.T.);
#6273=ADVANCED_FACE('',(#518),#222,.F.);
#6274=ADVANCED_FACE('',(#519),#223,.T.);
#6275=ADVANCED_FACE('',(#520),#64,.T.);
#6276=ADVANCED_FACE('',(#521),#224,.F.);
#6277=ADVANCED_FACE('',(#522),#65,.T.);
#6278=ADVANCED_FACE('',(#523),#225,.T.);
#6279=ADVANCED_FACE('',(#524),#226,.F.);
#6280=ADVANCED_FACE('',(#525),#227,.T.);
#6281=ADVANCED_FACE('',(#526),#66,.T.);
#6282=ADVANCED_FACE('',(#527),#228,.T.);
#6283=ADVANCED_FACE('',(#528),#67,.T.);
#6284=ADVANCED_FACE('',(#529),#229,.T.);
#6285=ADVANCED_FACE('',(#530),#68,.F.);
#6286=ADVANCED_FACE('',(#531),#230,.T.);
#6287=ADVANCED_FACE('',(#532),#69,.F.);
#6288=ADVANCED_FACE('',(#533),#231,.T.);
#6289=ADVANCED_FACE('',(#534,#15,#16,#17,#18),#232,.T.);
#6290=ADVANCED_FACE('',(#535),#233,.T.);
#6291=ADVANCED_FACE('',(#536),#70,.F.);
#6292=ADVANCED_FACE('',(#537),#71,.T.);
#6293=ADVANCED_FACE('',(#538),#234,.T.);
#6294=ADVANCED_FACE('',(#539),#235,.F.);
#6295=ADVANCED_FACE('',(#540),#72,.F.);
#6296=ADVANCED_FACE('',(#541,#19,#20,#21,#22),#236,.F.);
#6297=ADVANCED_FACE('',(#542),#6025,.F.);
#6298=ADVANCED_FACE('',(#543),#73,.F.);
#6299=ADVANCED_FACE('',(#544),#6026,.F.);
#6300=ADVANCED_FACE('',(#545),#237,.T.);
#6301=ADVANCED_FACE('',(#546),#74,.F.);
#6302=ADVANCED_FACE('',(#547),#238,.T.);
#6303=ADVANCED_FACE('',(#548),#75,.T.);
#6304=ADVANCED_FACE('',(#549),#239,.T.);
#6305=ADVANCED_FACE('',(#550),#76,.T.);
#6306=ADVANCED_FACE('',(#551),#240,.T.);
#6307=ADVANCED_FACE('',(#552),#77,.T.);
#6308=ADVANCED_FACE('',(#553),#78,.T.);
#6309=ADVANCED_FACE('',(#554),#241,.T.);
#6310=ADVANCED_FACE('',(#555),#79,.F.);
#6311=ADVANCED_FACE('',(#556),#242,.T.);
#6312=ADVANCED_FACE('',(#557),#80,.F.);
#6313=ADVANCED_FACE('',(#558),#243,.T.);
#6314=ADVANCED_FACE('',(#559),#81,.T.);
#6315=ADVANCED_FACE('',(#560),#244,.T.);
#6316=ADVANCED_FACE('',(#561),#82,.T.);
#6317=ADVANCED_FACE('',(#562),#245,.T.);
#6318=ADVANCED_FACE('',(#563),#83,.F.);
#6319=ADVANCED_FACE('',(#564),#246,.T.);
#6320=ADVANCED_FACE('',(#565),#84,.F.);
#6321=ADVANCED_FACE('',(#566),#247,.T.);
#6322=ADVANCED_FACE('',(#567),#85,.T.);
#6323=ADVANCED_FACE('',(#568),#86,.T.);
#6324=ADVANCED_FACE('',(#569),#248,.T.);
#6325=ADVANCED_FACE('',(#570),#87,.T.);
#6326=ADVANCED_FACE('',(#571),#249,.T.);
#6327=ADVANCED_FACE('',(#572),#88,.F.);
#6328=ADVANCED_FACE('',(#573),#250,.T.);
#6329=ADVANCED_FACE('',(#574),#251,.T.);
#6330=ADVANCED_FACE('',(#575),#6027,.F.);
#6331=ADVANCED_FACE('',(#576),#252,.T.);
#6332=ADVANCED_FACE('',(#577),#6028,.T.);
#6333=ADVANCED_FACE('',(#578),#253,.T.);
#6334=ADVANCED_FACE('',(#579),#6029,.T.);
#6335=ADVANCED_FACE('',(#580),#6030,.T.);
#6336=ADVANCED_FACE('',(#581),#254,.F.);
#6337=ADVANCED_FACE('',(#582),#6031,.F.);
#6338=ADVANCED_FACE('',(#583),#255,.F.);
#6339=ADVANCED_FACE('',(#584),#6032,.F.);
#6340=ADVANCED_FACE('',(#585),#256,.F.);
#6341=ADVANCED_FACE('',(#586),#6033,.T.);
#6342=ADVANCED_FACE('',(#587),#6034,.T.);
#6343=ADVANCED_FACE('',(#588),#257,.F.);
#6344=ADVANCED_FACE('',(#589),#6035,.F.);
#6345=ADVANCED_FACE('',(#590),#258,.F.);
#6346=ADVANCED_FACE('',(#591),#6036,.F.);
#6347=ADVANCED_FACE('',(#592),#259,.F.);
#6348=ADVANCED_FACE('',(#593),#6037,.T.);
#6349=ADVANCED_FACE('',(#594),#6038,.T.);
#6350=ADVANCED_FACE('',(#595),#260,.T.);
#6351=ADVANCED_FACE('',(#596),#6039,.F.);
#6352=ADVANCED_FACE('',(#597),#261,.T.);
#6353=ADVANCED_FACE('',(#598),#89,.F.);
#6354=ADVANCED_FACE('',(#599),#90,.F.);
#6355=ADVANCED_FACE('',(#600),#262,.T.);
#6356=ADVANCED_FACE('',(#601),#91,.F.);
#6357=ADVANCED_FACE('',(#602),#263,.T.);
#6358=ADVANCED_FACE('',(#603),#92,.T.);
#6359=ADVANCED_FACE('',(#604),#264,.T.);
#6360=ADVANCED_FACE('',(#605),#6040,.T.);
#6361=ADVANCED_FACE('',(#606),#265,.F.);
#6362=ADVANCED_FACE('',(#607),#6041,.F.);
#6363=ADVANCED_FACE('',(#608),#266,.F.);
#6364=ADVANCED_FACE('',(#609),#267,.F.);
#6365=ADVANCED_FACE('',(#610),#6042,.F.);
#6366=ADVANCED_FACE('',(#611),#268,.F.);
#6367=ADVANCED_FACE('',(#612),#269,.F.);
#6368=ADVANCED_FACE('',(#613),#6043,.F.);
#6369=ADVANCED_FACE('',(#614),#270,.F.);
#6370=ADVANCED_FACE('',(#615),#271,.F.);
#6371=ADVANCED_FACE('',(#616),#6044,.F.);
#6372=ADVANCED_FACE('',(#617),#272,.F.);
#6373=ADVANCED_FACE('',(#618),#273,.F.);
#6374=ADVANCED_FACE('',(#619),#6045,.F.);
#6375=ADVANCED_FACE('',(#620),#6046,.F.);
#6376=ADVANCED_FACE('',(#621),#274,.F.);
#6377=ADVANCED_FACE('',(#622),#275,.F.);
#6378=ADVANCED_FACE('',(#623),#6047,.F.);
#6379=ADVANCED_FACE('',(#624),#6048,.F.);
#6380=ADVANCED_FACE('',(#625),#276,.F.);
#6381=ADVANCED_FACE('',(#626),#6049,.F.);
#6382=ADVANCED_FACE('',(#627),#277,.F.);
#6383=ADVANCED_FACE('',(#628),#6050,.F.);
#6384=ADVANCED_FACE('',(#629),#278,.F.);
#6385=ADVANCED_FACE('',(#630),#279,.F.);
#6386=ADVANCED_FACE('',(#631),#6051,.F.);
#6387=ADVANCED_FACE('',(#632),#6052,.F.);
#6388=ADVANCED_FACE('',(#633),#280,.F.);
#6389=ADVANCED_FACE('',(#634),#281,.F.);
#6390=ADVANCED_FACE('',(#635),#6053,.F.);
#6391=ADVANCED_FACE('',(#636),#282,.F.);
#6392=ADVANCED_FACE('',(#637),#283,.F.);
#6393=ADVANCED_FACE('',(#638),#6054,.F.);
#6394=ADVANCED_FACE('',(#639),#284,.F.);
#6395=ADVANCED_FACE('',(#640),#285,.F.);
#6396=ADVANCED_FACE('',(#641),#6055,.F.);
#6397=ADVANCED_FACE('',(#642),#286,.F.);
#6398=ADVANCED_FACE('',(#643),#287,.F.);
#6399=ADVANCED_FACE('',(#644),#6056,.F.);
#6400=ADVANCED_FACE('',(#645),#288,.F.);
#6401=ADVANCED_FACE('',(#646),#289,.F.);
#6402=ADVANCED_FACE('',(#647),#6057,.F.);
#6403=ADVANCED_FACE('',(#648),#290,.F.);
#6404=ADVANCED_FACE('',(#649),#6058,.F.);
#6405=ADVANCED_FACE('',(#650),#6059,.F.);
#6406=ADVANCED_FACE('',(#651),#291,.F.);
#6407=ADVANCED_FACE('',(#652),#6060,.F.);
#6408=ADVANCED_FACE('',(#653),#292,.F.);
#6409=ADVANCED_FACE('',(#654),#293,.F.);
#6410=ADVANCED_FACE('',(#655),#6061,.F.);
#6411=ADVANCED_FACE('',(#656),#6062,.F.);
#6412=ADVANCED_FACE('',(#657),#294,.F.);
#6413=ADVANCED_FACE('',(#658),#295,.F.);
#6414=ADVANCED_FACE('',(#659),#6063,.F.);
#6415=ADVANCED_FACE('',(#660),#6064,.F.);
#6416=ADVANCED_FACE('',(#661),#296,.F.);
#6417=ADVANCED_FACE('',(#662),#6065,.F.);
#6418=ADVANCED_FACE('',(#663),#297,.F.);
#6419=ADVANCED_FACE('',(#664),#6066,.F.);
#6420=ADVANCED_FACE('',(#665),#298,.F.);
#6421=ADVANCED_FACE('',(#666),#299,.F.);
#6422=ADVANCED_FACE('',(#667),#300,.F.);
#6423=ADVANCED_FACE('',(#668),#301,.F.);
#6424=ADVANCED_FACE('',(#669),#302,.F.);
#6425=ADVANCED_FACE('',(#670),#303,.F.);
#6426=ADVANCED_FACE('',(#671),#304,.F.);
#6427=ADVANCED_FACE('',(#672),#305,.F.);
#6428=ADVANCED_FACE('',(#673),#306,.F.);
#6429=ADVANCED_FACE('',(#674),#307,.F.);
#6430=ADVANCED_FACE('',(#675),#308,.F.);
#6431=ADVANCED_FACE('',(#676),#309,.F.);
#6432=ADVANCED_FACE('',(#677),#310,.F.);
#6433=ADVANCED_FACE('',(#678),#311,.F.);
#6434=CLOSED_SHELL('',(#6067,#6068,#6069,#6070,#6071,#6072,#6073,#6074,
#6075,#6076,#6077,#6078,#6079,#6080,#6081,#6082,#6083,#6084,#6085,#6086,
#6087,#6088,#6089,#6090,#6091,#6092,#6093,#6094,#6095,#6096,#6097,#6098,
#6099,#6100,#6101,#6102,#6103,#6104,#6105,#6106,#6107,#6108,#6109,#6110,
#6111,#6112,#6113,#6114,#6115,#6116,#6117,#6118,#6119,#6120,#6121,#6122,
#6123,#6124,#6125,#6126,#6127,#6128,#6129,#6130,#6131,#6132,#6133,#6134,
#6135,#6136,#6137,#6138,#6139,#6140,#6141,#6142,#6143,#6144,#6145,#6146,
#6147,#6148,#6149,#6150,#6151,#6152,#6153,#6154,#6155,#6156,#6157,#6158,
#6159,#6160,#6161,#6162,#6163,#6164,#6165,#6166,#6167,#6168,#6169,#6170,
#6171,#6172,#6173,#6174,#6175,#6176,#6177,#6178,#6179,#6180,#6181,#6182,
#6183,#6184,#6185,#6186,#6187,#6188,#6189,#6190,#6191,#6192,#6193,#6194,
#6195,#6196,#6197,#6198,#6199,#6200,#6201,#6202,#6203,#6204,#6205,#6206,
#6207,#6208,#6209,#6210,#6211,#6212,#6213,#6214,#6215,#6216,#6217,#6218,
#6219,#6220,#6221,#6222,#6223,#6224,#6225,#6226,#6227,#6228,#6229,#6230,
#6231,#6232,#6233,#6234,#6235,#6236,#6237,#6238,#6239,#6240,#6241,#6242,
#6243,#6244,#6245,#6246,#6247,#6248,#6249,#6250,#6251,#6252,#6253,#6254,
#6255,#6256,#6257,#6258,#6259,#6260,#6261,#6262,#6263,#6264,#6265,#6266,
#6267,#6268,#6269,#6270,#6271,#6272,#6273,#6274,#6275,#6276,#6277,#6278,
#6279,#6280,#6281,#6282,#6283,#6284,#6285,#6286,#6287,#6288,#6289,#6290,
#6291,#6292,#6293,#6294,#6295,#6296,#6297,#6298,#6299,#6300,#6301,#6302,
#6303,#6304,#6305,#6306,#6307,#6308,#6309,#6310,#6311,#6312,#6313,#6314,
#6315,#6316,#6317,#6318,#6319,#6320,#6321,#6322,#6323,#6324,#6325,#6326,
#6327,#6328,#6329,#6330,#6331,#6332,#6333,#6334,#6335,#6336,#6337,#6338,
#6339,#6340,#6341,#6342,#6343,#6344,#6345,#6346,#6347,#6348,#6349,#6350,
#6351,#6352,#6353,#6354,#6355,#6356,#6357,#6358,#6359,#6360,#6361,#6362,
#6363,#6364,#6365,#6366,#6367,#6368,#6369,#6370,#6371,#6372,#6373,#6374,
#6375,#6376,#6377,#6378,#6379,#6380,#6381,#6382,#6383,#6384,#6385,#6386,
#6387,#6388,#6389,#6390,#6391,#6392,#6393,#6394,#6395,#6396,#6397,#6398,
#6399,#6400,#6401,#6402,#6403,#6404,#6405,#6406,#6407,#6408,#6409,#6410,
#6411,#6412,#6413,#6414,#6415,#6416,#6417,#6418,#6419,#6420,#6421,#6422,
#6423,#6424,#6425,#6426,#6427,#6428,#6429,#6430,#6431,#6432,#6433));
#6435=DERIVED_UNIT_ELEMENT(#6437,1.);
#6436=DERIVED_UNIT_ELEMENT(#11102,-3.);
#6437=(
MASS_UNIT()
NAMED_UNIT(*)
SI_UNIT(.KILO.,.GRAM.)
);
#6438=DERIVED_UNIT((#6435,#6436));
#6439=MEASURE_REPRESENTATION_ITEM('density measure',
POSITIVE_RATIO_MEASURE(2700.),#6438);
#6440=PROPERTY_DEFINITION_REPRESENTATION(#6445,#6442);
#6441=PROPERTY_DEFINITION_REPRESENTATION(#6446,#6443);
#6442=REPRESENTATION('material name',(#6444),#11099);
#6443=REPRESENTATION('density',(#6439),#11099);
#6444=DESCRIPTIVE_REPRESENTATION_ITEM('Aluminum 6061','Aluminum 6061');
#6445=PROPERTY_DEFINITION('material property','material name',#11109);
#6446=PROPERTY_DEFINITION('material property','density of part',#11109);
#6447=AXIS2_PLACEMENT_3D('',#9130,#7139,#7140);
#6448=AXIS2_PLACEMENT_3D('',#9131,#7141,#7142);
#6449=AXIS2_PLACEMENT_3D('',#9134,#7143,#7144);
#6450=AXIS2_PLACEMENT_3D('',#9138,#7146,#7147);
#6451=AXIS2_PLACEMENT_3D('',#9142,#7149,#7150);
#6452=AXIS2_PLACEMENT_3D('',#9144,#7152,#7153);
#6453=AXIS2_PLACEMENT_3D('',#9158,#7161,#7162);
#6454=AXIS2_PLACEMENT_3D('',#9160,#7163,#7164);
#6455=AXIS2_PLACEMENT_3D('',#9164,#7166,#7167);
#6456=AXIS2_PLACEMENT_3D('',#9167,#7169,#7170);
#6457=AXIS2_PLACEMENT_3D('',#9168,#7171,#7172);
#6458=AXIS2_PLACEMENT_3D('',#9176,#7177,#7178);
#6459=AXIS2_PLACEMENT_3D('',#9199,#7180,#7181);
#6460=AXIS2_PLACEMENT_3D('',#9210,#7182,#7183);
#6461=AXIS2_PLACEMENT_3D('',#9219,#7188,#7189);
#6462=AXIS2_PLACEMENT_3D('',#9221,#7190,#7191);
#6463=AXIS2_PLACEMENT_3D('',#9223,#7192,#7193);
#6464=AXIS2_PLACEMENT_3D('',#9225,#7195,#7196);
#6465=AXIS2_PLACEMENT_3D('',#9227,#7197,#7198);
#6466=AXIS2_PLACEMENT_3D('',#9229,#7199,#7200);
#6467=AXIS2_PLACEMENT_3D('',#9231,#7202,#7203);
#6468=AXIS2_PLACEMENT_3D('',#9234,#7206,#7207);
#6469=AXIS2_PLACEMENT_3D('',#9236,#7208,#7209);
#6470=AXIS2_PLACEMENT_3D('',#9239,#7211,#7212);
#6471=AXIS2_PLACEMENT_3D('',#9240,#7213,#7214);
#6472=AXIS2_PLACEMENT_3D('',#9246,#7218,#7219);
#6473=AXIS2_PLACEMENT_3D('',#9248,#7220,#7221);
#6474=AXIS2_PLACEMENT_3D('',#9251,#7223,#7224);
#6475=AXIS2_PLACEMENT_3D('',#9252,#7225,#7226);
#6476=AXIS2_PLACEMENT_3D('',#9255,#7227,#7228);
#6477=AXIS2_PLACEMENT_3D('',#9259,#7230,#7231);
#6478=AXIS2_PLACEMENT_3D('',#9261,#7233,#7234);
#6479=AXIS2_PLACEMENT_3D('',#9263,#7235,#7236);
#6480=AXIS2_PLACEMENT_3D('',#9265,#7237,#7238);
#6481=AXIS2_PLACEMENT_3D('',#9267,#7240,#7241);
#6482=AXIS2_PLACEMENT_3D('',#9276,#7247,#7248);
#6483=AXIS2_PLACEMENT_3D('',#9280,#7250,#7251);
#6484=AXIS2_PLACEMENT_3D('',#9282,#7253,#7254);
#6485=AXIS2_PLACEMENT_3D('',#9286,#7257,#7258);
#6486=AXIS2_PLACEMENT_3D('',#9288,#7259,#7260);
#6487=AXIS2_PLACEMENT_3D('',#9290,#7262,#7263);
#6488=AXIS2_PLACEMENT_3D('',#9294,#7266,#7267);
#6489=AXIS2_PLACEMENT_3D('',#9296,#7268,#7269);
#6490=AXIS2_PLACEMENT_3D('',#9298,#7271,#7272);
#6491=AXIS2_PLACEMENT_3D('',#9302,#7275,#7276);
#6492=AXIS2_PLACEMENT_3D('',#9304,#7277,#7278);
#6493=AXIS2_PLACEMENT_3D('',#9306,#7280,#7281);
#6494=AXIS2_PLACEMENT_3D('',#9310,#7284,#7285);
#6495=AXIS2_PLACEMENT_3D('',#9312,#7286,#7287);
#6496=AXIS2_PLACEMENT_3D('',#9314,#7289,#7290);
#6497=AXIS2_PLACEMENT_3D('',#9317,#7291,#7292);
#6498=AXIS2_PLACEMENT_3D('',#9323,#7296,#7297);
#6499=AXIS2_PLACEMENT_3D('',#9327,#7299,#7300);
#6500=AXIS2_PLACEMENT_3D('',#9328,#7301,#7302);
#6501=AXIS2_PLACEMENT_3D('',#9329,#7303,#7304);
#6502=AXIS2_PLACEMENT_3D('',#9331,#7305,#7306);
#6503=AXIS2_PLACEMENT_3D('',#9335,#7309,#7310);
#6504=AXIS2_PLACEMENT_3D('',#9347,#7311,#7312);
#6505=AXIS2_PLACEMENT_3D('',#9348,#7313,#7314);
#6506=AXIS2_PLACEMENT_3D('',#9350,#7315,#7316);
#6507=AXIS2_PLACEMENT_3D('',#9354,#7318,#7319);
#6508=AXIS2_PLACEMENT_3D('',#9358,#7321,#7322);
#6509=AXIS2_PLACEMENT_3D('',#9361,#7324,#7325);
#6510=AXIS2_PLACEMENT_3D('',#9362,#7326,#7327);
#6511=AXIS2_PLACEMENT_3D('',#9376,#7329,#7330);
#6512=AXIS2_PLACEMENT_3D('',#9377,#7331,#7332);
#6513=AXIS2_PLACEMENT_3D('',#9379,#7333,#7334);
#6514=AXIS2_PLACEMENT_3D('',#9381,#7336,#7337);
#6515=AXIS2_PLACEMENT_3D('',#9383,#7338,#7339);
#6516=AXIS2_PLACEMENT_3D('',#9387,#7341,#7342);
#6517=AXIS2_PLACEMENT_3D('',#9391,#7344,#7345);
#6518=AXIS2_PLACEMENT_3D('',#9394,#7347,#7348);
#6519=AXIS2_PLACEMENT_3D('',#9395,#7349,#7350);
#6520=AXIS2_PLACEMENT_3D('',#9401,#7354,#7355);
#6521=AXIS2_PLACEMENT_3D('',#9405,#7357,#7358);
#6522=AXIS2_PLACEMENT_3D('',#9406,#7359,#7360);
#6523=AXIS2_PLACEMENT_3D('',#9407,#7361,#7362);
#6524=AXIS2_PLACEMENT_3D('',#9413,#7366,#7367);
#6525=AXIS2_PLACEMENT_3D('',#9417,#7369,#7370);
#6526=AXIS2_PLACEMENT_3D('',#9418,#7371,#7372);
#6527=AXIS2_PLACEMENT_3D('',#9419,#7373,#7374);
#6528=AXIS2_PLACEMENT_3D('',#9425,#7378,#7379);
#6529=AXIS2_PLACEMENT_3D('',#9429,#7381,#7382);
#6530=AXIS2_PLACEMENT_3D('',#9430,#7383,#7384);
#6531=AXIS2_PLACEMENT_3D('',#9431,#7385,#7386);
#6532=AXIS2_PLACEMENT_3D('',#9437,#7390,#7391);
#6533=AXIS2_PLACEMENT_3D('',#9441,#7393,#7394);
#6534=AXIS2_PLACEMENT_3D('',#9442,#7395,#7396);
#6535=AXIS2_PLACEMENT_3D('',#9443,#7397,#7398);
#6536=AXIS2_PLACEMENT_3D('',#9449,#7402,#7403);
#6537=AXIS2_PLACEMENT_3D('',#9452,#7405,#7406);
#6538=AXIS2_PLACEMENT_3D('',#9453,#7407,#7408);
#6539=AXIS2_PLACEMENT_3D('',#9456,#7410,#7411);
#6540=AXIS2_PLACEMENT_3D('',#9457,#7412,#7413);
#6541=AXIS2_PLACEMENT_3D('',#9459,#7414,#7415);
#6542=AXIS2_PLACEMENT_3D('',#9462,#7417,#7418);
#6543=AXIS2_PLACEMENT_3D('',#9463,#7419,#7420);
#6544=AXIS2_PLACEMENT_3D('',#9465,#7421,#7422);
#6545=AXIS2_PLACEMENT_3D('',#9467,#7424,#7425);
#6546=AXIS2_PLACEMENT_3D('',#9469,#7426,#7427);
#6547=AXIS2_PLACEMENT_3D('',#9472,#7429,#7430);
#6548=AXIS2_PLACEMENT_3D('',#9473,#7431,#7432);
#6549=AXIS2_PLACEMENT_3D('',#9475,#7433,#7434);
#6550=AXIS2_PLACEMENT_3D('',#9477,#7436,#7437);
#6551=AXIS2_PLACEMENT_3D('',#9482,#7439,#7440);
#6552=AXIS2_PLACEMENT_3D('',#9485,#7442,#7443);
#6553=AXIS2_PLACEMENT_3D('',#9486,#7444,#7445);
#6554=AXIS2_PLACEMENT_3D('',#9492,#7449,#7450);
#6555=AXIS2_PLACEMENT_3D('',#9496,#7452,#7453);
#6556=AXIS2_PLACEMENT_3D('',#9497,#7454,#7455);
#6557=AXIS2_PLACEMENT_3D('',#9498,#7456,#7457);
#6558=AXIS2_PLACEMENT_3D('',#9504,#7461,#7462);
#6559=AXIS2_PLACEMENT_3D('',#9508,#7464,#7465);
#6560=AXIS2_PLACEMENT_3D('',#9509,#7466,#7467);
#6561=AXIS2_PLACEMENT_3D('',#9510,#7468,#7469);
#6562=AXIS2_PLACEMENT_3D('',#9515,#7473,#7474);
#6563=AXIS2_PLACEMENT_3D('',#9518,#7476,#7477);
#6564=AXIS2_PLACEMENT_3D('',#9519,#7478,#7479);
#6565=AXIS2_PLACEMENT_3D('',#9523,#7481,#7482);
#6566=AXIS2_PLACEMENT_3D('',#9524,#7483,#7484);
#6567=AXIS2_PLACEMENT_3D('',#9525,#7485,#7486);
#6568=AXIS2_PLACEMENT_3D('',#9531,#7490,#7491);
#6569=AXIS2_PLACEMENT_3D('',#9535,#7493,#7494);
#6570=AXIS2_PLACEMENT_3D('',#9536,#7495,#7496);
#6571=AXIS2_PLACEMENT_3D('',#9537,#7497,#7498);
#6572=AXIS2_PLACEMENT_3D('',#9543,#7502,#7503);
#6573=AXIS2_PLACEMENT_3D('',#9547,#7505,#7506);
#6574=AXIS2_PLACEMENT_3D('',#9548,#7507,#7508);
#6575=AXIS2_PLACEMENT_3D('',#9549,#7509,#7510);
#6576=AXIS2_PLACEMENT_3D('',#9555,#7514,#7515);
#6577=AXIS2_PLACEMENT_3D('',#9558,#7517,#7518);
#6578=AXIS2_PLACEMENT_3D('',#9559,#7519,#7520);
#6579=AXIS2_PLACEMENT_3D('',#9560,#7521,#7522);
#6580=AXIS2_PLACEMENT_3D('',#9564,#7525,#7526);
#6581=AXIS2_PLACEMENT_3D('',#9568,#7528,#7529);
#6582=AXIS2_PLACEMENT_3D('',#9569,#7530,#7531);
#6583=AXIS2_PLACEMENT_3D('',#9570,#7532,#7533);
#6584=AXIS2_PLACEMENT_3D('',#9576,#7537,#7538);
#6585=AXIS2_PLACEMENT_3D('',#9580,#7540,#7541);
#6586=AXIS2_PLACEMENT_3D('',#9581,#7542,#7543);
#6587=AXIS2_PLACEMENT_3D('',#9582,#7544,#7545);
#6588=AXIS2_PLACEMENT_3D('',#9588,#7549,#7550);
#6589=AXIS2_PLACEMENT_3D('',#9592,#7552,#7553);
#6590=AXIS2_PLACEMENT_3D('',#9593,#7554,#7555);
#6591=AXIS2_PLACEMENT_3D('',#9594,#7556,#7557);
#6592=AXIS2_PLACEMENT_3D('',#9600,#7561,#7562);
#6593=AXIS2_PLACEMENT_3D('',#9603,#7564,#7565);
#6594=AXIS2_PLACEMENT_3D('',#9604,#7566,#7567);
#6595=AXIS2_PLACEMENT_3D('',#9605,#7568,#7569);
#6596=AXIS2_PLACEMENT_3D('',#9608,#7571,#7572);
#6597=AXIS2_PLACEMENT_3D('',#9609,#7573,#7574);
#6598=AXIS2_PLACEMENT_3D('',#9613,#7577,#7578);
#6599=AXIS2_PLACEMENT_3D('',#9617,#7580,#7581);
#6600=AXIS2_PLACEMENT_3D('',#9618,#7582,#7583);
#6601=AXIS2_PLACEMENT_3D('',#9619,#7584,#7585);
#6602=AXIS2_PLACEMENT_3D('',#9625,#7589,#7590);
#6603=AXIS2_PLACEMENT_3D('',#9629,#7592,#7593);
#6604=AXIS2_PLACEMENT_3D('',#9630,#7594,#7595);
#6605=AXIS2_PLACEMENT_3D('',#9631,#7596,#7597);
#6606=AXIS2_PLACEMENT_3D('',#9634,#7600,#7601);
#6607=AXIS2_PLACEMENT_3D('',#9637,#7604,#7605);
#6608=AXIS2_PLACEMENT_3D('',#9639,#7607,#7608);
#6609=AXIS2_PLACEMENT_3D('',#9643,#7611,#7612);
#6610=AXIS2_PLACEMENT_3D('',#9645,#7613,#7614);
#6611=AXIS2_PLACEMENT_3D('',#9647,#7615,#7616);
#6612=AXIS2_PLACEMENT_3D('',#9649,#7618,#7619);
#6613=AXIS2_PLACEMENT_3D('',#9651,#7621,#7622);
#6614=AXIS2_PLACEMENT_3D('',#9667,#7631,#7632);
#6615=AXIS2_PLACEMENT_3D('',#9669,#7633,#7634);
#6616=AXIS2_PLACEMENT_3D('',#9671,#7636,#7637);
#6617=AXIS2_PLACEMENT_3D('',#9675,#7640,#7641);
#6618=AXIS2_PLACEMENT_3D('',#9677,#7642,#7643);
#6619=AXIS2_PLACEMENT_3D('',#9679,#7645,#7646);
#6620=AXIS2_PLACEMENT_3D('',#9694,#7655,#7656);
#6621=AXIS2_PLACEMENT_3D('',#9695,#7657,#7658);
#6622=AXIS2_PLACEMENT_3D('',#9697,#7660,#7661);
#6623=AXIS2_PLACEMENT_3D('',#9713,#7670,#7671);
#6624=AXIS2_PLACEMENT_3D('',#9715,#7672,#7673);
#6625=AXIS2_PLACEMENT_3D('',#9717,#7675,#7676);
#6626=AXIS2_PLACEMENT_3D('',#9721,#7679,#7680);
#6627=AXIS2_PLACEMENT_3D('',#9723,#7681,#7682);
#6628=AXIS2_PLACEMENT_3D('',#9725,#7684,#7685);
#6629=AXIS2_PLACEMENT_3D('',#9740,#7694,#7695);
#6630=AXIS2_PLACEMENT_3D('',#9741,#7696,#7697);
#6631=AXIS2_PLACEMENT_3D('',#9743,#7698,#7699);
#6632=AXIS2_PLACEMENT_3D('',#9745,#7701,#7702);
#6633=AXIS2_PLACEMENT_3D('',#9749,#7705,#7706);
#6634=AXIS2_PLACEMENT_3D('',#9751,#7707,#7708);
#6635=AXIS2_PLACEMENT_3D('',#9753,#7710,#7711);
#6636=AXIS2_PLACEMENT_3D('',#9756,#7713,#7714);
#6637=AXIS2_PLACEMENT_3D('',#9757,#7715,#7716);
#6638=AXIS2_PLACEMENT_3D('',#9760,#7718,#7719);
#6639=AXIS2_PLACEMENT_3D('',#9761,#7720,#7721);
#6640=AXIS2_PLACEMENT_3D('',#9765,#7723,#7724);
#6641=AXIS2_PLACEMENT_3D('',#9767,#7726,#7727);
#6642=AXIS2_PLACEMENT_3D('',#9771,#7730,#7731);
#6643=AXIS2_PLACEMENT_3D('',#9772,#7732,#7733);
#6644=AXIS2_PLACEMENT_3D('',#9773,#7734,#7735);
#6645=AXIS2_PLACEMENT_3D('',#9775,#7736,#7737);
#6646=AXIS2_PLACEMENT_3D('',#9777,#7739,#7740);
#6647=AXIS2_PLACEMENT_3D('',#9780,#7741,#7742);
#6648=AXIS2_PLACEMENT_3D('',#9784,#7744,#7745);
#6649=AXIS2_PLACEMENT_3D('',#9786,#7747,#7748);
#6650=AXIS2_PLACEMENT_3D('',#9789,#7750,#7751);
#6651=AXIS2_PLACEMENT_3D('',#9791,#7753,#7754);
#6652=AXIS2_PLACEMENT_3D('',#9795,#7757,#7758);
#6653=AXIS2_PLACEMENT_3D('',#9798,#7759,#7760);
#6654=AXIS2_PLACEMENT_3D('',#9802,#7762,#7763);
#6655=AXIS2_PLACEMENT_3D('',#9804,#7765,#7766);
#6656=AXIS2_PLACEMENT_3D('',#9807,#7768,#7769);
#6657=AXIS2_PLACEMENT_3D('',#9809,#7770,#7771);
#6658=AXIS2_PLACEMENT_3D('',#9811,#7773,#7774);
#6659=AXIS2_PLACEMENT_3D('',#9815,#7777,#7778);
#6660=AXIS2_PLACEMENT_3D('',#9818,#7779,#7780);
#6661=AXIS2_PLACEMENT_3D('',#9822,#7782,#7783);
#6662=AXIS2_PLACEMENT_3D('',#9824,#7785,#7786);
#6663=AXIS2_PLACEMENT_3D('',#9827,#7788,#7789);
#6664=AXIS2_PLACEMENT_3D('',#9829,#7790,#7791);
#6665=AXIS2_PLACEMENT_3D('',#9831,#7793,#7794);
#6666=AXIS2_PLACEMENT_3D('',#9835,#7797,#7798);
#6667=AXIS2_PLACEMENT_3D('',#9838,#7799,#7800);
#6668=AXIS2_PLACEMENT_3D('',#9842,#7802,#7803);
#6669=AXIS2_PLACEMENT_3D('',#9844,#7805,#7806);
#6670=AXIS2_PLACEMENT_3D('',#9847,#7808,#7809);
#6671=AXIS2_PLACEMENT_3D('',#9849,#7810,#7811);
#6672=AXIS2_PLACEMENT_3D('',#9851,#7813,#7814);
#6673=AXIS2_PLACEMENT_3D('',#9855,#7817,#7818);
#6674=AXIS2_PLACEMENT_3D('',#9858,#7819,#7820);
#6675=AXIS2_PLACEMENT_3D('',#9862,#7822,#7823);
#6676=AXIS2_PLACEMENT_3D('',#9864,#7825,#7826);
#6677=AXIS2_PLACEMENT_3D('',#9867,#7828,#7829);
#6678=AXIS2_PLACEMENT_3D('',#9869,#7830,#7831);
#6679=AXIS2_PLACEMENT_3D('',#9871,#7833,#7834);
#6680=AXIS2_PLACEMENT_3D('',#9873,#7835,#7836);
#6681=AXIS2_PLACEMENT_3D('',#9875,#7837,#7838);
#6682=AXIS2_PLACEMENT_3D('',#9877,#7840,#7841);
#6683=AXIS2_PLACEMENT_3D('',#9883,#7845,#7846);
#6684=AXIS2_PLACEMENT_3D('',#9884,#7847,#7848);
#6685=AXIS2_PLACEMENT_3D('',#9885,#7849,#7850);
#6686=AXIS2_PLACEMENT_3D('',#9886,#7851,#7852);
#6687=AXIS2_PLACEMENT_3D('',#9887,#7853,#7854);
#6688=AXIS2_PLACEMENT_3D('',#9890,#7856,#7857);
#6689=AXIS2_PLACEMENT_3D('',#9892,#7858,#7859);
#6690=AXIS2_PLACEMENT_3D('',#9894,#7861,#7862);
#6691=AXIS2_PLACEMENT_3D('',#9896,#7864,#7865);
#6692=AXIS2_PLACEMENT_3D('',#9899,#7867,#7868);
#6693=AXIS2_PLACEMENT_3D('',#9900,#7869,#7870);
#6694=AXIS2_PLACEMENT_3D('',#9901,#7871,#7872);
#6695=AXIS2_PLACEMENT_3D('',#9903,#7874,#7875);
#6696=AXIS2_PLACEMENT_3D('',#9906,#7877,#7878);
#6697=AXIS2_PLACEMENT_3D('',#9907,#7879,#7880);
#6698=AXIS2_PLACEMENT_3D('',#9908,#7881,#7882);
#6699=AXIS2_PLACEMENT_3D('',#9910,#7884,#7885);
#6700=AXIS2_PLACEMENT_3D('',#9914,#7888,#7889);
#6701=AXIS2_PLACEMENT_3D('',#9915,#7890,#7891);
#6702=AXIS2_PLACEMENT_3D('',#9916,#7892,#7893);
#6703=AXIS2_PLACEMENT_3D('',#9917,#7894,#7895);
#6704=AXIS2_PLACEMENT_3D('',#9919,#7897,#7898);
#6705=AXIS2_PLACEMENT_3D('',#9920,#7899,#7900);
#6706=AXIS2_PLACEMENT_3D('',#9921,#7901,#7902);
#6707=AXIS2_PLACEMENT_3D('',#9927,#7906,#7907);
#6708=AXIS2_PLACEMENT_3D('',#9929,#7908,#7909);
#6709=AXIS2_PLACEMENT_3D('',#9931,#7910,#7911);
#6710=AXIS2_PLACEMENT_3D('',#9933,#7913,#7914);
#6711=AXIS2_PLACEMENT_3D('',#9936,#7916,#7917);
#6712=AXIS2_PLACEMENT_3D('',#9937,#7918,#7919);
#6713=AXIS2_PLACEMENT_3D('',#9946,#7924,#7925);
#6714=AXIS2_PLACEMENT_3D('',#9948,#7926,#7927);
#6715=AXIS2_PLACEMENT_3D('',#9949,#7928,#7929);
#6716=AXIS2_PLACEMENT_3D('',#9951,#7930,#7931);
#6717=AXIS2_PLACEMENT_3D('',#9953,#7933,#7934);
#6718=AXIS2_PLACEMENT_3D('',#9956,#7936,#7937);
#6719=AXIS2_PLACEMENT_3D('',#9957,#7938,#7939);
#6720=AXIS2_PLACEMENT_3D('',#9966,#7944,#7945);
#6721=AXIS2_PLACEMENT_3D('',#9968,#7946,#7947);
#6722=AXIS2_PLACEMENT_3D('',#9969,#7948,#7949);
#6723=AXIS2_PLACEMENT_3D('',#9971,#7950,#7951);
#6724=AXIS2_PLACEMENT_3D('',#9973,#7953,#7954);
#6725=AXIS2_PLACEMENT_3D('',#9976,#7956,#7957);
#6726=AXIS2_PLACEMENT_3D('',#9977,#7958,#7959);
#6727=AXIS2_PLACEMENT_3D('',#9986,#7964,#7965);
#6728=AXIS2_PLACEMENT_3D('',#9988,#7966,#7967);
#6729=AXIS2_PLACEMENT_3D('',#9989,#7968,#7969);
#6730=AXIS2_PLACEMENT_3D('',#9991,#7970,#7971);
#6731=AXIS2_PLACEMENT_3D('',#9993,#7973,#7974);
#6732=AXIS2_PLACEMENT_3D('',#9996,#7976,#7977);
#6733=AXIS2_PLACEMENT_3D('',#9997,#7978,#7979);
#6734=AXIS2_PLACEMENT_3D('',#10006,#7984,#7985);
#6735=AXIS2_PLACEMENT_3D('',#10008,#7986,#7987);
#6736=AXIS2_PLACEMENT_3D('',#10009,#7988,#7989);
#6737=AXIS2_PLACEMENT_3D('',#10011,#7990,#7991);
#6738=AXIS2_PLACEMENT_3D('',#10013,#7993,#7994);
#6739=AXIS2_PLACEMENT_3D('',#10016,#7996,#7997);
#6740=AXIS2_PLACEMENT_3D('',#10017,#7998,#7999);
#6741=AXIS2_PLACEMENT_3D('',#10019,#8000,#8001);
#6742=AXIS2_PLACEMENT_3D('',#10022,#8003,#8004);
#6743=AXIS2_PLACEMENT_3D('',#10023,#8005,#8006);
#6744=AXIS2_PLACEMENT_3D('',#10025,#8007,#8008);
#6745=AXIS2_PLACEMENT_3D('',#10027,#8009,#8010);
#6746=AXIS2_PLACEMENT_3D('',#10029,#8012,#8013);
#6747=AXIS2_PLACEMENT_3D('',#10031,#8015,#8016);
#6748=AXIS2_PLACEMENT_3D('',#10034,#8018,#8019);
#6749=AXIS2_PLACEMENT_3D('',#10035,#8020,#8021);
#6750=AXIS2_PLACEMENT_3D('',#10036,#8022,#8023);
#6751=AXIS2_PLACEMENT_3D('',#10038,#8025,#8026);
#6752=AXIS2_PLACEMENT_3D('',#10042,#8029,#8030);
#6753=AXIS2_PLACEMENT_3D('',#10043,#8031,#8032);
#6754=AXIS2_PLACEMENT_3D('',#10044,#8033,#8034);
#6755=AXIS2_PLACEMENT_3D('',#10045,#8035,#8036);
#6756=AXIS2_PLACEMENT_3D('',#10048,#8038,#8039);
#6757=AXIS2_PLACEMENT_3D('',#10049,#8040,#8041);
#6758=AXIS2_PLACEMENT_3D('',#10050,#8042,#8043);
#6759=AXIS2_PLACEMENT_3D('',#10052,#8045,#8046);
#6760=AXIS2_PLACEMENT_3D('',#10056,#8049,#8050);
#6761=AXIS2_PLACEMENT_3D('',#10057,#8051,#8052);
#6762=AXIS2_PLACEMENT_3D('',#10058,#8053,#8054);
#6763=AXIS2_PLACEMENT_3D('',#10059,#8055,#8056);
#6764=AXIS2_PLACEMENT_3D('',#10062,#8058,#8059);
#6765=AXIS2_PLACEMENT_3D('',#10063,#8060,#8061);
#6766=AXIS2_PLACEMENT_3D('',#10065,#8063,#8064);
#6767=AXIS2_PLACEMENT_3D('',#10069,#8066,#8067);
#6768=AXIS2_PLACEMENT_3D('',#10071,#8069,#8070);
#6769=AXIS2_PLACEMENT_3D('',#10073,#8072,#8073);
#6770=AXIS2_PLACEMENT_3D('',#10077,#8075,#8076);
#6771=AXIS2_PLACEMENT_3D('',#10079,#8078,#8079);
#6772=AXIS2_PLACEMENT_3D('',#10081,#8081,#8082);
#6773=AXIS2_PLACEMENT_3D('',#10083,#8084,#8085);
#6774=AXIS2_PLACEMENT_3D('',#10085,#8087,#8088);
#6775=AXIS2_PLACEMENT_3D('',#10086,#8089,#8090);
#6776=AXIS2_PLACEMENT_3D('',#10087,#8091,#8092);
#6777=AXIS2_PLACEMENT_3D('',#10088,#8093,#8094);
#6778=AXIS2_PLACEMENT_3D('',#10089,#8095,#8096);
#6779=AXIS2_PLACEMENT_3D('',#10090,#8097,#8098);
#6780=AXIS2_PLACEMENT_3D('',#10091,#8099,#8100);
#6781=AXIS2_PLACEMENT_3D('',#10092,#8101,#8102);
#6782=AXIS2_PLACEMENT_3D('',#10093,#8103,#8104);
#6783=AXIS2_PLACEMENT_3D('',#10094,#8105,#8106);
#6784=AXIS2_PLACEMENT_3D('',#10095,#8107,#8108);
#6785=AXIS2_PLACEMENT_3D('',#10105,#8114,#8115);
#6786=AXIS2_PLACEMENT_3D('',#10107,#8116,#8117);
#6787=AXIS2_PLACEMENT_3D('',#10109,#8118,#8119);
#6788=AXIS2_PLACEMENT_3D('',#10113,#8121,#8122);
#6789=AXIS2_PLACEMENT_3D('',#10115,#8124,#8125);
#6790=AXIS2_PLACEMENT_3D('',#10129,#8133,#8134);
#6791=AXIS2_PLACEMENT_3D('',#10131,#8135,#8136);
#6792=AXIS2_PLACEMENT_3D('',#10133,#8137,#8138);
#6793=AXIS2_PLACEMENT_3D('',#10137,#8140,#8141);
#6794=AXIS2_PLACEMENT_3D('',#10139,#8143,#8144);
#6795=AXIS2_PLACEMENT_3D('',#10147,#8149,#8150);
#6796=AXIS2_PLACEMENT_3D('',#10179,#8151,#8152);
#6797=AXIS2_PLACEMENT_3D('',#10181,#8154,#8155);
#6798=AXIS2_PLACEMENT_3D('',#10190,#8160,#8161);
#6799=AXIS2_PLACEMENT_3D('',#10192,#8162,#8163);
#6800=AXIS2_PLACEMENT_3D('',#10195,#8165,#8166);
#6801=AXIS2_PLACEMENT_3D('',#10196,#8167,#8168);
#6802=AXIS2_PLACEMENT_3D('',#10198,#8169,#8170);
#6803=AXIS2_PLACEMENT_3D('',#10201,#8172,#8173);
#6804=AXIS2_PLACEMENT_3D('',#10202,#8174,#8175);
#6805=AXIS2_PLACEMENT_3D('',#10205,#8178,#8179);
#6806=AXIS2_PLACEMENT_3D('',#10207,#8180,#8181);
#6807=AXIS2_PLACEMENT_3D('',#10209,#8182,#8183);
#6808=AXIS2_PLACEMENT_3D('',#10211,#8185,#8186);
#6809=AXIS2_PLACEMENT_3D('',#10217,#8190,#8191);
#6810=AXIS2_PLACEMENT_3D('',#10219,#8192,#8193);
#6811=AXIS2_PLACEMENT_3D('',#10221,#8194,#8195);
#6812=AXIS2_PLACEMENT_3D('',#10223,#8197,#8198);
#6813=AXIS2_PLACEMENT_3D('',#10229,#8202,#8203);
#6814=AXIS2_PLACEMENT_3D('',#10231,#8204,#8205);
#6815=AXIS2_PLACEMENT_3D('',#10234,#8207,#8208);
#6816=AXIS2_PLACEMENT_3D('',#10235,#8209,#8210);
#6817=AXIS2_PLACEMENT_3D('',#10237,#8211,#8212);
#6818=AXIS2_PLACEMENT_3D('',#10240,#8214,#8215);
#6819=AXIS2_PLACEMENT_3D('',#10241,#8216,#8217);
#6820=AXIS2_PLACEMENT_3D('',#10250,#8223,#8224);
#6821=AXIS2_PLACEMENT_3D('',#10254,#8227,#8228);
#6822=AXIS2_PLACEMENT_3D('',#10257,#8230,#8231);
#6823=AXIS2_PLACEMENT_3D('',#10258,#8232,#8233);
#6824=AXIS2_PLACEMENT_3D('',#10262,#8236,#8237);
#6825=AXIS2_PLACEMENT_3D('',#10265,#8239,#8240);
#6826=AXIS2_PLACEMENT_3D('',#10266,#8241,#8242);
#6827=AXIS2_PLACEMENT_3D('',#10270,#8245,#8246);
#6828=AXIS2_PLACEMENT_3D('',#10273,#8248,#8249);
#6829=AXIS2_PLACEMENT_3D('',#10274,#8250,#8251);
#6830=AXIS2_PLACEMENT_3D('',#10278,#8254,#8255);
#6831=AXIS2_PLACEMENT_3D('',#10281,#8257,#8258);
#6832=AXIS2_PLACEMENT_3D('',#10282,#8259,#8260);
#6833=AXIS2_PLACEMENT_3D('',#10286,#8263,#8264);
#6834=AXIS2_PLACEMENT_3D('',#10289,#8266,#8267);
#6835=AXIS2_PLACEMENT_3D('',#10290,#8268,#8269);
#6836=AXIS2_PLACEMENT_3D('',#10292,#8271,#8272);
#6837=AXIS2_PLACEMENT_3D('',#10293,#8273,#8274);
#6838=AXIS2_PLACEMENT_3D('',#10296,#8275,#8276);
#6839=AXIS2_PLACEMENT_3D('',#10302,#8280,#8281);
#6840=AXIS2_PLACEMENT_3D('',#10306,#8283,#8284);
#6841=AXIS2_PLACEMENT_3D('',#10307,#8285,#8286);
#6842=AXIS2_PLACEMENT_3D('',#10308,#8287,#8288);
#6843=AXIS2_PLACEMENT_3D('',#10311,#8291,#8292);
#6844=AXIS2_PLACEMENT_3D('',#10313,#8293,#8294);
#6845=AXIS2_PLACEMENT_3D('',#10317,#8296,#8297);
#6846=AXIS2_PLACEMENT_3D('',#10321,#8299,#8300);
#6847=AXIS2_PLACEMENT_3D('',#10323,#8302,#8303);
#6848=AXIS2_PLACEMENT_3D('',#10325,#8304,#8305);
#6849=AXIS2_PLACEMENT_3D('',#10329,#8308,#8309);
#6850=AXIS2_PLACEMENT_3D('',#10341,#8310,#8311);
#6851=AXIS2_PLACEMENT_3D('',#10342,#8312,#8313);
#6852=AXIS2_PLACEMENT_3D('',#10344,#8314,#8315);
#6853=AXIS2_PLACEMENT_3D('',#10348,#8317,#8318);
#6854=AXIS2_PLACEMENT_3D('',#10352,#8320,#8321);
#6855=AXIS2_PLACEMENT_3D('',#10355,#8323,#8324);
#6856=AXIS2_PLACEMENT_3D('',#10356,#8325,#8326);
#6857=AXIS2_PLACEMENT_3D('',#10369,#8327,#8328);
#6858=AXIS2_PLACEMENT_3D('',#10371,#8330,#8331);
#6859=AXIS2_PLACEMENT_3D('',#10373,#8332,#8333);
#6860=AXIS2_PLACEMENT_3D('',#10375,#8335,#8336);
#6861=AXIS2_PLACEMENT_3D('',#10377,#8337,#8338);
#6862=AXIS2_PLACEMENT_3D('',#10381,#8340,#8341);
#6863=AXIS2_PLACEMENT_3D('',#10385,#8343,#8344);
#6864=AXIS2_PLACEMENT_3D('',#10388,#8346,#8347);
#6865=AXIS2_PLACEMENT_3D('',#10389,#8348,#8349);
#6866=AXIS2_PLACEMENT_3D('',#10395,#8353,#8354);
#6867=AXIS2_PLACEMENT_3D('',#10399,#8356,#8357);
#6868=AXIS2_PLACEMENT_3D('',#10400,#8358,#8359);
#6869=AXIS2_PLACEMENT_3D('',#10401,#8360,#8361);
#6870=AXIS2_PLACEMENT_3D('',#10407,#8365,#8366);
#6871=AXIS2_PLACEMENT_3D('',#10411,#8368,#8369);
#6872=AXIS2_PLACEMENT_3D('',#10412,#8370,#8371);
#6873=AXIS2_PLACEMENT_3D('',#10413,#8372,#8373);
#6874=AXIS2_PLACEMENT_3D('',#10419,#8377,#8378);
#6875=AXIS2_PLACEMENT_3D('',#10423,#8380,#8381);
#6876=AXIS2_PLACEMENT_3D('',#10424,#8382,#8383);
#6877=AXIS2_PLACEMENT_3D('',#10425,#8384,#8385);
#6878=AXIS2_PLACEMENT_3D('',#10431,#8389,#8390);
#6879=AXIS2_PLACEMENT_3D('',#10435,#8392,#8393);
#6880=AXIS2_PLACEMENT_3D('',#10436,#8394,#8395);
#6881=AXIS2_PLACEMENT_3D('',#10437,#8396,#8397);
#6882=AXIS2_PLACEMENT_3D('',#10440,#8400,#8401);
#6883=AXIS2_PLACEMENT_3D('',#10442,#8402,#8403);
#6884=AXIS2_PLACEMENT_3D('',#10446,#8405,#8406);
#6885=AXIS2_PLACEMENT_3D('',#10449,#8408,#8409);
#6886=AXIS2_PLACEMENT_3D('',#10451,#8410,#8411);
#6887=AXIS2_PLACEMENT_3D('',#10452,#8412,#8413);
#6888=AXIS2_PLACEMENT_3D('',#10458,#8417,#8418);
#6889=AXIS2_PLACEMENT_3D('',#10461,#8420,#8421);
#6890=AXIS2_PLACEMENT_3D('',#10462,#8422,#8423);
#6891=AXIS2_PLACEMENT_3D('',#10465,#8425,#8426);
#6892=AXIS2_PLACEMENT_3D('',#10466,#8427,#8428);
#6893=AXIS2_PLACEMENT_3D('',#10468,#8430,#8431);
#6894=AXIS2_PLACEMENT_3D('',#10472,#8433,#8434);
#6895=AXIS2_PLACEMENT_3D('',#10474,#8436,#8437);
#6896=AXIS2_PLACEMENT_3D('',#10476,#8438,#8439);
#6897=AXIS2_PLACEMENT_3D('',#10479,#8441,#8442);
#6898=AXIS2_PLACEMENT_3D('',#10480,#8443,#8444);
#6899=AXIS2_PLACEMENT_3D('',#10486,#8447,#8448);
#6900=AXIS2_PLACEMENT_3D('',#10490,#8450,#8451);
#6901=AXIS2_PLACEMENT_3D('',#10494,#8453,#8454);
#6902=AXIS2_PLACEMENT_3D('',#10496,#8455,#8456);
#6903=AXIS2_PLACEMENT_3D('',#10500,#8458,#8459);
#6904=AXIS2_PLACEMENT_3D('',#10504,#8461,#8462);
#6905=AXIS2_PLACEMENT_3D('',#10508,#8464,#8465);
#6906=AXIS2_PLACEMENT_3D('',#10512,#8467,#8468);
#6907=AXIS2_PLACEMENT_3D('',#10516,#8470,#8471);
#6908=AXIS2_PLACEMENT_3D('',#10520,#8473,#8474);
#6909=AXIS2_PLACEMENT_3D('',#10524,#8476,#8477);
#6910=AXIS2_PLACEMENT_3D('',#10526,#8478,#8479);
#6911=AXIS2_PLACEMENT_3D('',#10530,#8481,#8482);
#6912=AXIS2_PLACEMENT_3D('',#10534,#8484,#8485);
#6913=AXIS2_PLACEMENT_3D('',#10537,#8487,#8488);
#6914=AXIS2_PLACEMENT_3D('',#10539,#8489,#8490);
#6915=AXIS2_PLACEMENT_3D('',#10540,#8491,#8492);
#6916=AXIS2_PLACEMENT_3D('',#10542,#8493,#8494);
#6917=AXIS2_PLACEMENT_3D('',#10544,#8496,#8497);
#6918=AXIS2_PLACEMENT_3D('',#10546,#8498,#8499);
#6919=AXIS2_PLACEMENT_3D('',#10548,#8501,#8502);
#6920=AXIS2_PLACEMENT_3D('',#10550,#8503,#8504);
#6921=AXIS2_PLACEMENT_3D('',#10552,#8506,#8507);
#6922=AXIS2_PLACEMENT_3D('',#10556,#8510,#8511);
#6923=AXIS2_PLACEMENT_3D('',#10559,#8513,#8514);
#6924=AXIS2_PLACEMENT_3D('',#10560,#8515,#8516);
#6925=AXIS2_PLACEMENT_3D('',#10564,#8519,#8520);
#6926=AXIS2_PLACEMENT_3D('',#10567,#8522,#8523);
#6927=AXIS2_PLACEMENT_3D('',#10568,#8524,#8525);
#6928=AXIS2_PLACEMENT_3D('',#10572,#8528,#8529);
#6929=AXIS2_PLACEMENT_3D('',#10574,#8531,#8532);
#6930=AXIS2_PLACEMENT_3D('',#10575,#8533,#8534);
#6931=AXIS2_PLACEMENT_3D('',#10577,#8536,#8537);
#6932=AXIS2_PLACEMENT_3D('',#10579,#8539,#8540);
#6933=AXIS2_PLACEMENT_3D('',#10582,#8542,#8543);
#6934=AXIS2_PLACEMENT_3D('',#10583,#8544,#8545);
#6935=AXIS2_PLACEMENT_3D('',#10587,#8548,#8549);
#6936=AXIS2_PLACEMENT_3D('',#10590,#8551,#8552);
#6937=AXIS2_PLACEMENT_3D('',#10591,#8553,#8554);
#6938=AXIS2_PLACEMENT_3D('',#10595,#8557,#8558);
#6939=AXIS2_PLACEMENT_3D('',#10598,#8560,#8561);
#6940=AXIS2_PLACEMENT_3D('',#10599,#8562,#8563);
#6941=AXIS2_PLACEMENT_3D('',#10603,#8566,#8567);
#6942=AXIS2_PLACEMENT_3D('',#10605,#8569,#8570);
#6943=AXIS2_PLACEMENT_3D('',#10606,#8571,#8572);
#6944=AXIS2_PLACEMENT_3D('',#10608,#8574,#8575);
#6945=AXIS2_PLACEMENT_3D('',#10611,#8577,#8578);
#6946=AXIS2_PLACEMENT_3D('',#10612,#8579,#8580);
#6947=AXIS2_PLACEMENT_3D('',#10616,#8583,#8584);
#6948=AXIS2_PLACEMENT_3D('',#10619,#8586,#8587);
#6949=AXIS2_PLACEMENT_3D('',#10620,#8588,#8589);
#6950=AXIS2_PLACEMENT_3D('',#10624,#8592,#8593);
#6951=AXIS2_PLACEMENT_3D('',#10627,#8595,#8596);
#6952=AXIS2_PLACEMENT_3D('',#10628,#8597,#8598);
#6953=AXIS2_PLACEMENT_3D('',#10632,#8601,#8602);
#6954=AXIS2_PLACEMENT_3D('',#10634,#8604,#8605);
#6955=AXIS2_PLACEMENT_3D('',#10635,#8606,#8607);
#6956=AXIS2_PLACEMENT_3D('',#10637,#8609,#8610);
#6957=AXIS2_PLACEMENT_3D('',#10639,#8612,#8613);
#6958=AXIS2_PLACEMENT_3D('',#10642,#8615,#8616);
#6959=AXIS2_PLACEMENT_3D('',#10643,#8617,#8618);
#6960=AXIS2_PLACEMENT_3D('',#10647,#8621,#8622);
#6961=AXIS2_PLACEMENT_3D('',#10650,#8624,#8625);
#6962=AXIS2_PLACEMENT_3D('',#10651,#8626,#8627);
#6963=AXIS2_PLACEMENT_3D('',#10653,#8629,#8630);
#6964=AXIS2_PLACEMENT_3D('',#10655,#8632,#8633);
#6965=AXIS2_PLACEMENT_3D('',#10657,#8635,#8636);
#6966=AXIS2_PLACEMENT_3D('',#10660,#8639,#8640);
#6967=AXIS2_PLACEMENT_3D('',#10662,#8642,#8643);
#6968=AXIS2_PLACEMENT_3D('',#10664,#8645,#8646);
#6969=AXIS2_PLACEMENT_3D('',#10665,#8647,#8648);
#6970=AXIS2_PLACEMENT_3D('',#10666,#8649,#8650);
#6971=AXIS2_PLACEMENT_3D('',#10668,#8652,#8653);
#6972=AXIS2_PLACEMENT_3D('',#10684,#8662,#8663);
#6973=AXIS2_PLACEMENT_3D('',#10687,#8665,#8666);
#6974=AXIS2_PLACEMENT_3D('',#10688,#8667,#8668);
#6975=AXIS2_PLACEMENT_3D('',#10692,#8671,#8672);
#6976=AXIS2_PLACEMENT_3D('',#10695,#8674,#8675);
#6977=AXIS2_PLACEMENT_3D('',#10696,#8676,#8677);
#6978=AXIS2_PLACEMENT_3D('',#10711,#8686,#8687);
#6979=AXIS2_PLACEMENT_3D('',#10712,#8688,#8689);
#6980=AXIS2_PLACEMENT_3D('',#10714,#8691,#8692);
#6981=AXIS2_PLACEMENT_3D('',#10730,#8701,#8702);
#6982=AXIS2_PLACEMENT_3D('',#10733,#8704,#8705);
#6983=AXIS2_PLACEMENT_3D('',#10734,#8706,#8707);
#6984=AXIS2_PLACEMENT_3D('',#10738,#8710,#8711);
#6985=AXIS2_PLACEMENT_3D('',#10741,#8713,#8714);
#6986=AXIS2_PLACEMENT_3D('',#10742,#8715,#8716);
#6987=AXIS2_PLACEMENT_3D('',#10757,#8725,#8726);
#6988=AXIS2_PLACEMENT_3D('',#10758,#8727,#8728);
#6989=AXIS2_PLACEMENT_3D('',#10761,#8730,#8731);
#6990=AXIS2_PLACEMENT_3D('',#10762,#8732,#8733);
#6991=AXIS2_PLACEMENT_3D('',#10766,#8736,#8737);
#6992=AXIS2_PLACEMENT_3D('',#10769,#8739,#8740);
#6993=AXIS2_PLACEMENT_3D('',#10770,#8741,#8742);
#6994=AXIS2_PLACEMENT_3D('',#10772,#8744,#8745);
#6995=AXIS2_PLACEMENT_3D('',#10774,#8747,#8748);
#6996=AXIS2_PLACEMENT_3D('',#10776,#8750,#8751);
#6997=AXIS2_PLACEMENT_3D('',#10778,#8753,#8754);
#6998=AXIS2_PLACEMENT_3D('',#10780,#8756,#8757);
#6999=AXIS2_PLACEMENT_3D('',#10782,#8759,#8760);
#7000=AXIS2_PLACEMENT_3D('',#10783,#8761,#8762);
#7001=AXIS2_PLACEMENT_3D('',#10784,#8763,#8764);
#7002=AXIS2_PLACEMENT_3D('',#10786,#8766,#8767);
#7003=AXIS2_PLACEMENT_3D('',#10789,#8768,#8769);
#7004=AXIS2_PLACEMENT_3D('',#10793,#8771,#8772);
#7005=AXIS2_PLACEMENT_3D('',#10795,#8774,#8775);
#7006=AXIS2_PLACEMENT_3D('',#10798,#8777,#8778);
#7007=AXIS2_PLACEMENT_3D('',#10800,#8780,#8781);
#7008=AXIS2_PLACEMENT_3D('',#10804,#8784,#8785);
#7009=AXIS2_PLACEMENT_3D('',#10807,#8786,#8787);
#7010=AXIS2_PLACEMENT_3D('',#10811,#8789,#8790);
#7011=AXIS2_PLACEMENT_3D('',#10813,#8792,#8793);
#7012=AXIS2_PLACEMENT_3D('',#10816,#8795,#8796);
#7013=AXIS2_PLACEMENT_3D('',#10818,#8797,#8798);
#7014=AXIS2_PLACEMENT_3D('',#10820,#8800,#8801);
#7015=AXIS2_PLACEMENT_3D('',#10824,#8804,#8805);
#7016=AXIS2_PLACEMENT_3D('',#10827,#8806,#8807);
#7017=AXIS2_PLACEMENT_3D('',#10831,#8809,#8810);
#7018=AXIS2_PLACEMENT_3D('',#10833,#8812,#8813);
#7019=AXIS2_PLACEMENT_3D('',#10836,#8815,#8816);
#7020=AXIS2_PLACEMENT_3D('',#10838,#8817,#8818);
#7021=AXIS2_PLACEMENT_3D('',#10840,#8820,#8821);
#7022=AXIS2_PLACEMENT_3D('',#10844,#8824,#8825);
#7023=AXIS2_PLACEMENT_3D('',#10847,#8826,#8827);
#7024=AXIS2_PLACEMENT_3D('',#10851,#8829,#8830);
#7025=AXIS2_PLACEMENT_3D('',#10853,#8832,#8833);
#7026=AXIS2_PLACEMENT_3D('',#10856,#8835,#8836);
#7027=AXIS2_PLACEMENT_3D('',#10858,#8837,#8838);
#7028=AXIS2_PLACEMENT_3D('',#10860,#8840,#8841);
#7029=AXIS2_PLACEMENT_3D('',#10864,#8844,#8845);
#7030=AXIS2_PLACEMENT_3D('',#10867,#8846,#8847);
#7031=AXIS2_PLACEMENT_3D('',#10871,#8849,#8850);
#7032=AXIS2_PLACEMENT_3D('',#10873,#8852,#8853);
#7033=AXIS2_PLACEMENT_3D('',#10876,#8855,#8856);
#7034=AXIS2_PLACEMENT_3D('',#10878,#8857,#8858);
#7035=AXIS2_PLACEMENT_3D('',#10880,#8860,#8861);
#7036=AXIS2_PLACEMENT_3D('',#10882,#8862,#8863);
#7037=AXIS2_PLACEMENT_3D('',#10885,#8865,#8866);
#7038=AXIS2_PLACEMENT_3D('',#10886,#8867,#8868);
#7039=AXIS2_PLACEMENT_3D('',#10892,#8872,#8873);
#7040=AXIS2_PLACEMENT_3D('',#10893,#8874,#8875);
#7041=AXIS2_PLACEMENT_3D('',#10894,#8876,#8877);
#7042=AXIS2_PLACEMENT_3D('',#10895,#8878,#8879);
#7043=AXIS2_PLACEMENT_3D('',#10896,#8880,#8881);
#7044=AXIS2_PLACEMENT_3D('',#10899,#8883,#8884);
#7045=AXIS2_PLACEMENT_3D('',#10901,#8885,#8886);
#7046=AXIS2_PLACEMENT_3D('',#10903,#8888,#8889);
#7047=AXIS2_PLACEMENT_3D('',#10905,#8891,#8892);
#7048=AXIS2_PLACEMENT_3D('',#10906,#8893,#8894);
#7049=AXIS2_PLACEMENT_3D('',#10908,#8895,#8896);
#7050=AXIS2_PLACEMENT_3D('',#10910,#8898,#8899);
#7051=AXIS2_PLACEMENT_3D('',#10912,#8901,#8902);
#7052=AXIS2_PLACEMENT_3D('',#10913,#8903,#8904);
#7053=AXIS2_PLACEMENT_3D('',#10915,#8905,#8906);
#7054=AXIS2_PLACEMENT_3D('',#10917,#8908,#8909);
#7055=AXIS2_PLACEMENT_3D('',#10919,#8911,#8912);
#7056=AXIS2_PLACEMENT_3D('',#10923,#8915,#8916);
#7057=AXIS2_PLACEMENT_3D('',#10924,#8917,#8918);
#7058=AXIS2_PLACEMENT_3D('',#10925,#8919,#8920);
#7059=AXIS2_PLACEMENT_3D('',#10926,#8921,#8922);
#7060=AXIS2_PLACEMENT_3D('',#10927,#8923,#8924);
#7061=AXIS2_PLACEMENT_3D('',#10929,#8926,#8927);
#7062=AXIS2_PLACEMENT_3D('',#10930,#8928,#8929);
#7063=AXIS2_PLACEMENT_3D('',#10936,#8933,#8934);
#7064=AXIS2_PLACEMENT_3D('',#10938,#8935,#8936);
#7065=AXIS2_PLACEMENT_3D('',#10941,#8938,#8939);
#7066=AXIS2_PLACEMENT_3D('',#10942,#8940,#8941);
#7067=AXIS2_PLACEMENT_3D('',#10944,#8942,#8943);
#7068=AXIS2_PLACEMENT_3D('',#10946,#8945,#8946);
#7069=AXIS2_PLACEMENT_3D('',#10955,#8951,#8952);
#7070=AXIS2_PLACEMENT_3D('',#10957,#8953,#8954);
#7071=AXIS2_PLACEMENT_3D('',#10960,#8956,#8957);
#7072=AXIS2_PLACEMENT_3D('',#10961,#8958,#8959);
#7073=AXIS2_PLACEMENT_3D('',#10962,#8960,#8961);
#7074=AXIS2_PLACEMENT_3D('',#10964,#8962,#8963);
#7075=AXIS2_PLACEMENT_3D('',#10966,#8965,#8966);
#7076=AXIS2_PLACEMENT_3D('',#10975,#8971,#8972);
#7077=AXIS2_PLACEMENT_3D('',#10977,#8973,#8974);
#7078=AXIS2_PLACEMENT_3D('',#10980,#8976,#8977);
#7079=AXIS2_PLACEMENT_3D('',#10981,#8978,#8979);
#7080=AXIS2_PLACEMENT_3D('',#10982,#8980,#8981);
#7081=AXIS2_PLACEMENT_3D('',#10984,#8982,#8983);
#7082=AXIS2_PLACEMENT_3D('',#10986,#8985,#8986);
#7083=AXIS2_PLACEMENT_3D('',#10995,#8991,#8992);
#7084=AXIS2_PLACEMENT_3D('',#10997,#8993,#8994);
#7085=AXIS2_PLACEMENT_3D('',#11000,#8996,#8997);
#7086=AXIS2_PLACEMENT_3D('',#11001,#8998,#8999);
#7087=AXIS2_PLACEMENT_3D('',#11002,#9000,#9001);
#7088=AXIS2_PLACEMENT_3D('',#11004,#9002,#9003);
#7089=AXIS2_PLACEMENT_3D('',#11006,#9005,#9006);
#7090=AXIS2_PLACEMENT_3D('',#11015,#9011,#9012);
#7091=AXIS2_PLACEMENT_3D('',#11017,#9013,#9014);
#7092=AXIS2_PLACEMENT_3D('',#11020,#9016,#9017);
#7093=AXIS2_PLACEMENT_3D('',#11021,#9018,#9019);
#7094=AXIS2_PLACEMENT_3D('',#11022,#9020,#9021);
#7095=AXIS2_PLACEMENT_3D('',#11024,#9022,#9023);
#7096=AXIS2_PLACEMENT_3D('',#11026,#9025,#9026);
#7097=AXIS2_PLACEMENT_3D('',#11028,#9027,#9028);
#7098=AXIS2_PLACEMENT_3D('',#11030,#9029,#9030);
#7099=AXIS2_PLACEMENT_3D('',#11032,#9032,#9033);
#7100=AXIS2_PLACEMENT_3D('',#11034,#9034,#9035);
#7101=AXIS2_PLACEMENT_3D('',#11037,#9037,#9038);
#7102=AXIS2_PLACEMENT_3D('',#11038,#9039,#9040);
#7103=AXIS2_PLACEMENT_3D('',#11040,#9042,#9043);
#7104=AXIS2_PLACEMENT_3D('',#11041,#9044,#9045);
#7105=AXIS2_PLACEMENT_3D('',#11043,#9046,#9047);
#7106=AXIS2_PLACEMENT_3D('',#11045,#9049,#9050);
#7107=AXIS2_PLACEMENT_3D('',#11047,#9052,#9053);
#7108=AXIS2_PLACEMENT_3D('',#11051,#9056,#9057);
#7109=AXIS2_PLACEMENT_3D('',#11052,#9058,#9059);
#7110=AXIS2_PLACEMENT_3D('',#11053,#9060,#9061);
#7111=AXIS2_PLACEMENT_3D('',#11054,#9062,#9063);
#7112=AXIS2_PLACEMENT_3D('',#11055,#9064,#9065);
#7113=AXIS2_PLACEMENT_3D('',#11057,#9066,#9067);
#7114=AXIS2_PLACEMENT_3D('',#11059,#9069,#9070);
#7115=AXIS2_PLACEMENT_3D('',#11061,#9072,#9073);
#7116=AXIS2_PLACEMENT_3D('',#11065,#9076,#9077);
#7117=AXIS2_PLACEMENT_3D('',#11066,#9078,#9079);
#7118=AXIS2_PLACEMENT_3D('',#11067,#9080,#9081);
#7119=AXIS2_PLACEMENT_3D('',#11068,#9082,#9083);
#7120=AXIS2_PLACEMENT_3D('',#11070,#9084,#9085);
#7121=AXIS2_PLACEMENT_3D('',#11072,#9087,#9088);
#7122=AXIS2_PLACEMENT_3D('',#11074,#9090,#9091);
#7123=AXIS2_PLACEMENT_3D('',#11077,#9094,#9095);
#7124=AXIS2_PLACEMENT_3D('',#11078,#9096,#9097);
#7125=AXIS2_PLACEMENT_3D('',#11081,#9100,#9101);
#7126=AXIS2_PLACEMENT_3D('',#11082,#9102,#9103);
#7127=AXIS2_PLACEMENT_3D('',#11083,#9104,#9105);
#7128=AXIS2_PLACEMENT_3D('',#11085,#9107,#9108);
#7129=AXIS2_PLACEMENT_3D('',#11087,#9110,#9111);
#7130=AXIS2_PLACEMENT_3D('',#11088,#9112,#9113);
#7131=AXIS2_PLACEMENT_3D('',#11089,#9114,#9115);
#7132=AXIS2_PLACEMENT_3D('',#11090,#9116,#9117);
#7133=AXIS2_PLACEMENT_3D('',#11091,#9118,#9119);
#7134=AXIS2_PLACEMENT_3D('',#11092,#9120,#9121);
#7135=AXIS2_PLACEMENT_3D('',#11093,#9122,#9123);
#7136=AXIS2_PLACEMENT_3D('',#11094,#9124,#9125);
#7137=AXIS2_PLACEMENT_3D('',#11095,#9126,#9127);
#7138=AXIS2_PLACEMENT_3D('',#11096,#9128,#9129);
#7139=DIRECTION('axis',(0.,0.,1.));
#7140=DIRECTION('refdir',(1.,0.,0.));
#7141=DIRECTION('center_axis',(0.,-1.,0.));
#7142=DIRECTION('ref_axis',(0.707106781186547,0.,-0.707106781186548));
#7143=DIRECTION('center_axis',(0.,-1.,0.));
#7144=DIRECTION('ref_axis',(0.707106781186547,0.,-0.707106781186548));
#7145=DIRECTION('',(0.,1.,0.));
#7146=DIRECTION('center_axis',(0.,1.,0.));
#7147=DIRECTION('ref_axis',(0.707106781186546,0.,-0.707106781186549));
#7148=DIRECTION('',(0.,-1.,0.));
#7149=DIRECTION('center_axis',(0.,1.,0.));
#7150=DIRECTION('ref_axis',(0.707106781186546,0.,-0.707106781186549));
#7151=DIRECTION('',(0.,-1.,0.));
#7152=DIRECTION('center_axis',(-1.,0.,-3.80213364597656E-17));
#7153=DIRECTION('ref_axis',(-3.80213364597656E-17,0.,1.));
#7154=DIRECTION('',(-3.80213364597656E-17,-1.69499698416058E-16,1.));
#7155=DIRECTION('',(0.,-1.,0.));
#7156=DIRECTION('',(3.80213364597656E-17,0.,-1.));
#7157=DIRECTION('',(0.,-1.,0.));
#7158=DIRECTION('',(3.80213364597656E-17,0.,-1.));
#7159=DIRECTION('',(0.,1.,0.));
#7160=DIRECTION('',(3.80213364597656E-17,0.,-1.));
#7161=DIRECTION('center_axis',(0.,-1.,0.));
#7162=DIRECTION('ref_axis',(0.707106781186549,0.,0.707106781186546));
#7163=DIRECTION('center_axis',(0.,-1.,0.));
#7164=DIRECTION('ref_axis',(0.707106781186549,0.,0.707106781186546));
#7165=DIRECTION('',(0.,1.,0.));
#7166=DIRECTION('center_axis',(0.,1.,0.));
#7167=DIRECTION('ref_axis',(0.707106781186549,0.,0.707106781186546));
#7168=DIRECTION('',(0.,1.,0.));
#7169=DIRECTION('center_axis',(0.,1.,0.));
#7170=DIRECTION('ref_axis',(0.707106781186549,0.,0.707106781186546));
#7171=DIRECTION('center_axis',(3.80213364597656E-17,0.,-1.));
#7172=DIRECTION('ref_axis',(-1.,0.,-3.80213364597656E-17));
#7173=DIRECTION('',(-1.,-1.58105147675432E-16,-3.80213364597656E-17));
#7174=DIRECTION('',(0.,1.,0.));
#7175=DIRECTION('',(0.,-1.,0.));
#7176=DIRECTION('',(1.,0.,3.80213364597656E-17));
#7177=DIRECTION('center_axis',(0.,1.,0.));
#7178=DIRECTION('ref_axis',(-1.,0.,-8.03735076245156E-16));
#7179=DIRECTION('',(0.,-1.,0.));
#7180=DIRECTION('center_axis',(0.,-1.,0.));
#7181=DIRECTION('ref_axis',(1.,0.,3.80213364597656E-17));
#7182=DIRECTION('center_axis',(3.80213364597656E-17,0.,-1.));
#7183=DIRECTION('ref_axis',(1.,0.,3.80213364597656E-17));
#7184=DIRECTION('',(1.,0.,3.80213364597656E-17));
#7185=DIRECTION('',(0.,-1.,0.));
#7186=DIRECTION('',(1.,0.,3.80213364597656E-17));
#7187=DIRECTION('',(0.,1.,0.));
#7188=DIRECTION('center_axis',(0.,1.,0.));
#7189=DIRECTION('ref_axis',(-0.25603819159562,0.,0.966666666666667));
#7190=DIRECTION('center_axis',(2.68851448404756E-17,0.707106781186548,-0.707106781186548));
#7191=DIRECTION('ref_axis',(-9.23056639522996E-17,0.707106781186548,0.707106781186548));
#7192=DIRECTION('center_axis',(0.,-1.,0.));
#7193=DIRECTION('ref_axis',(-0.25603819159562,0.,0.966666666666667));
#7194=DIRECTION('',(0.,1.,0.));
#7195=DIRECTION('center_axis',(0.,1.,0.));
#7196=DIRECTION('ref_axis',(0.105409255338945,0.,-0.994428926011753));
#7197=DIRECTION('center_axis',(-2.68851448404756E-17,-0.707106781186548,
0.707106781186548));
#7198=DIRECTION('ref_axis',(4.32402746184316E-17,-0.707106781186548,-0.707106781186548));
#7199=DIRECTION('center_axis',(0.,1.,0.));
#7200=DIRECTION('ref_axis',(0.105409255338945,0.,-0.994428926011753));
#7201=DIRECTION('',(0.,-1.,0.));
#7202=DIRECTION('center_axis',(3.80213364597656E-17,0.,-1.));
#7203=DIRECTION('ref_axis',(1.,0.,3.80213364597656E-17));
#7204=DIRECTION('',(1.,0.,3.80213364597656E-17));
#7205=DIRECTION('',(1.,0.,3.80213364597656E-17));
#7206=DIRECTION('center_axis',(0.,1.,0.));
#7207=DIRECTION('ref_axis',(0.707106781186548,0.,0.707106781186548));
#7208=DIRECTION('center_axis',(0.,1.,0.));
#7209=DIRECTION('ref_axis',(0.707106781186548,0.,0.707106781186548));
#7210=DIRECTION('',(0.,1.,0.));
#7211=DIRECTION('center_axis',(0.,-1.,0.));
#7212=DIRECTION('ref_axis',(0.707106781186548,0.,0.707106781186548));
#7213=DIRECTION('center_axis',(-1.,0.,-3.80213364597656E-17));
#7214=DIRECTION('ref_axis',(3.80213364597656E-17,0.,-1.));
#7215=DIRECTION('',(3.80213364597656E-17,0.,-1.));
#7216=DIRECTION('',(0.,-1.,0.));
#7217=DIRECTION('',(3.80213364597656E-17,0.,-1.));
#7218=DIRECTION('center_axis',(0.,1.,0.));
#7219=DIRECTION('ref_axis',(0.707106781186548,0.,-0.707106781186548));
#7220=DIRECTION('center_axis',(0.,1.,0.));
#7221=DIRECTION('ref_axis',(0.707106781186548,0.,-0.707106781186548));
#7222=DIRECTION('',(0.,1.,0.));
#7223=DIRECTION('center_axis',(0.,-1.,0.));
#7224=DIRECTION('ref_axis',(0.707106781186548,0.,-0.707106781186548));
#7225=DIRECTION('center_axis',(0.,1.,0.));
#7226=DIRECTION('ref_axis',(0.223606797749978,0.,0.974679434480897));
#7227=DIRECTION('center_axis',(2.68851448404756E-17,-0.707106781186548,
-0.707106781186548));
#7228=DIRECTION('ref_axis',(5.82511471543638E-18,-0.707106781186548,0.707106781186548));
#7229=DIRECTION('',(0.,1.,0.));
#7230=DIRECTION('center_axis',(0.,1.,0.));
#7231=DIRECTION('ref_axis',(0.223606797749978,0.,0.974679434480897));
#7232=DIRECTION('',(0.,-1.,0.));
#7233=DIRECTION('center_axis',(0.,-1.,0.));
#7234=DIRECTION('ref_axis',(-0.599999999999995,0.,-0.800000000000004));
#7235=DIRECTION('center_axis',(-2.68851448404756E-17,0.707106781186548,
0.707106781186548));
#7236=DIRECTION('ref_axis',(-3.85353742713484E-17,0.707106781186548,-0.707106781186548));
#7237=DIRECTION('center_axis',(0.,-1.,0.));
#7238=DIRECTION('ref_axis',(-0.599999999999995,0.,-0.800000000000003));
#7239=DIRECTION('',(0.,-1.,0.));
#7240=DIRECTION('center_axis',(5.95806876831053E-17,0.,1.));
#7241=DIRECTION('ref_axis',(-1.,0.,5.95806876831053E-17));
#7242=DIRECTION('',(-1.,-9.76020241428709E-17,5.95806876831053E-17));
#7243=DIRECTION('',(1.,0.,-5.95806876831053E-17));
#7244=DIRECTION('',(0.,1.,0.));
#7245=DIRECTION('',(-0.816496580927728,-0.577350269189623,4.86474277825782E-17));
#7246=DIRECTION('',(-1.,0.,5.95806876831053E-17));
#7247=DIRECTION('center_axis',(0.,-1.,0.));
#7248=DIRECTION('ref_axis',(-6.79412035354124E-15,0.,-1.));
#7249=DIRECTION('',(-2.68851448404756E-17,0.707106781186548,0.707106781186548));
#7250=DIRECTION('center_axis',(0.,-1.,0.));
#7251=DIRECTION('ref_axis',(-6.79412035354124E-15,0.,-1.));
#7252=DIRECTION('',(-0.70710678118654,0.707106781186555,-1.57278097316784E-14));
#7253=DIRECTION('center_axis',(-0.707106781186555,-0.70710678118654,-1.46739530999544E-16));
#7254=DIRECTION('ref_axis',(-2.0752103487582E-16,0.,1.));
#7255=DIRECTION('',(-2.0752103487582E-16,0.,1.));
#7256=DIRECTION('',(-0.70710678118654,0.707106781186555,-2.68851448404753E-17));
#7257=DIRECTION('center_axis',(0.,-1.,0.));
#7258=DIRECTION('ref_axis',(1.,0.,-3.37804950854072E-15));
#7259=DIRECTION('center_axis',(0.,-1.,0.));
#7260=DIRECTION('ref_axis',(1.,0.,-3.37804950854072E-15));
#7261=DIRECTION('',(2.68851448404753E-17,0.707106781186555,-0.70710678118654));
#7262=DIRECTION('center_axis',(1.38682366902273E-16,-0.70710678118654,-0.707106781186555));
#7263=DIRECTION('ref_axis',(-1.,0.,-1.96126484135195E-16));
#7264=DIRECTION('',(-1.,0.,-1.96126484135195E-16));
#7265=DIRECTION('',(2.68851448404756E-17,0.707106781186548,-0.707106781186548));
#7266=DIRECTION('center_axis',(0.,-1.,0.));
#7267=DIRECTION('ref_axis',(-3.80213364597656E-17,0.,1.));
#7268=DIRECTION('center_axis',(0.,-1.,0.));
#7269=DIRECTION('ref_axis',(-3.80213364597656E-17,0.,1.));
#7270=DIRECTION('',(-2.68851448404756E-17,0.707106781186548,0.707106781186548));
#7271=DIRECTION('center_axis',(-2.68851448404756E-17,-0.707106781186548,
0.707106781186548));
#7272=DIRECTION('ref_axis',(1.,0.,3.80213364597656E-17));
#7273=DIRECTION('',(1.,0.,3.80213364597656E-17));
#7274=DIRECTION('',(-2.68851448404756E-17,0.707106781186548,0.707106781186548));
#7275=DIRECTION('center_axis',(0.,1.,0.));
#7276=DIRECTION('ref_axis',(1.,0.,3.80213364597656E-17));
#7277=DIRECTION('center_axis',(0.,1.,0.));
#7278=DIRECTION('ref_axis',(1.,0.,3.80213364597656E-17));
#7279=DIRECTION('',(0.70710678118654,0.707106781186555,2.68851448404753E-17));
#7280=DIRECTION('center_axis',(0.707106781186555,-0.70710678118654,2.68851448404759E-17));
#7281=DIRECTION('ref_axis',(3.80213364597656E-17,0.,-1.));
#7282=DIRECTION('',(3.80213364597656E-17,0.,-1.));
#7283=DIRECTION('',(0.70710678118654,0.707106781186555,2.68851448404753E-17));
#7284=DIRECTION('center_axis',(0.,1.,0.));
#7285=DIRECTION('ref_axis',(3.80213364597656E-17,0.,-1.));
#7286=DIRECTION('center_axis',(0.,1.,0.));
#7287=DIRECTION('ref_axis',(3.80213364597656E-17,0.,-1.));
#7288=DIRECTION('',(2.68851448404753E-17,0.707106781186555,-0.70710678118654));
#7289=DIRECTION('center_axis',(0.707106781186547,-0.707106781186548,2.68851448404756E-17));
#7290=DIRECTION('ref_axis',(3.80213364597656E-17,0.,-1.));
#7291=DIRECTION('center_axis',(0.707106781186547,-0.707106781186548,2.68851448404756E-17));
#7292=DIRECTION('ref_axis',(-0.707106781186548,-0.707106781186547,-2.68851448404756E-17));
#7293=DIRECTION('',(3.80213364597656E-17,0.,-1.));
#7294=DIRECTION('',(-0.707106781186548,-0.707106781186547,-2.68851448404756E-17));
#7295=DIRECTION('',(-3.80213364597656E-17,0.,1.));
#7296=DIRECTION('center_axis',(0.,1.,0.));
#7297=DIRECTION('ref_axis',(0.707106781186547,0.,0.707106781186548));
#7298=DIRECTION('',(2.68851448404755E-17,-0.707106781186549,-0.707106781186546));
#7299=DIRECTION('center_axis',(0.,-1.,0.));
#7300=DIRECTION('ref_axis',(0.707106781186547,0.,0.707106781186548));
#7301=DIRECTION('center_axis',(0.,1.,0.));
#7302=DIRECTION('ref_axis',(0.707106781186547,0.,0.707106781186548));
#7303=DIRECTION('center_axis',(-0.707106781186547,0.707106781186548,-2.68851448404756E-17));
#7304=DIRECTION('ref_axis',(-3.80213364597656E-17,0.,1.));
#7305=DIRECTION('center_axis',(-0.707106781186547,0.707106781186548,-2.68851448404756E-17));
#7306=DIRECTION('ref_axis',(0.707106781186548,0.707106781186547,-3.44465918268594E-17));
#7307=DIRECTION('',(0.707106781186548,0.707106781186547,2.68851448404756E-17));
#7308=DIRECTION('',(-3.80213364597656E-17,0.,1.));
#7309=DIRECTION('center_axis',(0.,1.,0.));
#7310=DIRECTION('ref_axis',(0.707106781186549,0.,0.707106781186547));
#7311=DIRECTION('center_axis',(0.,-1.,0.));
#7312=DIRECTION('ref_axis',(0.707106781186549,0.,0.707106781186546));
#7313=DIRECTION('center_axis',(0.,-1.,0.));
#7314=DIRECTION('ref_axis',(-3.80213364597656E-17,0.,1.));
#7315=DIRECTION('center_axis',(0.,-1.,0.));
#7316=DIRECTION('ref_axis',(0.929320377284581,0.,-0.369274472938008));
#7317=DIRECTION('',(-1.,0.,-3.80213364597656E-17));
#7318=DIRECTION('center_axis',(0.,1.,0.));
#7319=DIRECTION('ref_axis',(0.70710678118655,0.,0.707106781186545));
#7320=DIRECTION('',(-3.80213364597656E-17,0.,1.));
#7321=DIRECTION('center_axis',(0.,1.,0.));
#7322=DIRECTION('ref_axis',(0.70710678118655,0.,-0.707106781186545));
#7323=DIRECTION('',(1.,0.,3.80213364597656E-17));
#7324=DIRECTION('center_axis',(0.,-1.,0.));
#7325=DIRECTION('ref_axis',(0.707106781186548,0.,0.707106781186547));
#7326=DIRECTION('center_axis',(0.,1.,0.));
#7327=DIRECTION('ref_axis',(0.707106781186547,0.,-0.707106781186548));
#7328=DIRECTION('',(0.70710678118654,0.707106781186555,2.68851448404753E-17));
#7329=DIRECTION('center_axis',(0.,-1.,0.));
#7330=DIRECTION('ref_axis',(0.707106781186547,0.,-0.707106781186549));
#7331=DIRECTION('center_axis',(-0.707106781186555,0.70710678118654,-2.68851448404759E-17));
#7332=DIRECTION('ref_axis',(-3.80213364597656E-17,0.,1.));
#7333=DIRECTION('center_axis',(-0.707106781186555,0.70710678118654,-2.68851448404759E-17));
#7334=DIRECTION('ref_axis',(0.70710678118654,0.707106781186555,-3.4446591826859E-17));
#7335=DIRECTION('',(-3.80213364597656E-17,0.,1.));
#7336=DIRECTION('center_axis',(0.,-1.,0.));
#7337=DIRECTION('ref_axis',(-3.80213364597656E-17,0.,1.));
#7338=DIRECTION('center_axis',(0.,-1.,0.));
#7339=DIRECTION('ref_axis',(0.707106781186548,0.,-0.707106781186547));
#7340=DIRECTION('',(-1.,0.,-1.04634717937275E-16));
#7341=DIRECTION('center_axis',(0.,1.,0.));
#7342=DIRECTION('ref_axis',(0.70710678118655,0.,0.707106781186545));
#7343=DIRECTION('',(-3.80213364597656E-17,0.,1.));
#7344=DIRECTION('center_axis',(0.,1.,0.));
#7345=DIRECTION('ref_axis',(0.70710678118655,0.,-0.707106781186545));
#7346=DIRECTION('',(1.,0.,3.80213364597656E-17));
#7347=DIRECTION('center_axis',(0.,-1.,0.));
#7348=DIRECTION('ref_axis',(0.929320377284586,0.,0.369274472937996));
#7349=DIRECTION('center_axis',(0.499999999999998,-0.707106781186549,0.500000000000001));
#7350=DIRECTION('ref_axis',(0.70710678118655,0.,-0.707106781186545));
#7351=DIRECTION('',(0.70710678118655,0.,-0.707106781186545));
#7352=DIRECTION('',(-0.500000000000004,-0.707106781186545,-0.5));
#7353=DIRECTION('',(-0.70710678118655,0.,0.707106781186545));
#7354=DIRECTION('center_axis',(0.,-1.,0.));
#7355=DIRECTION('ref_axis',(-0.923879532511286,0.,-0.382683432365092));
#7356=DIRECTION('',(-0.707106781186548,-0.707106781186548,-2.68851448404756E-17));
#7357=DIRECTION('center_axis',(0.,1.,0.));
#7358=DIRECTION('ref_axis',(-0.923879532511286,0.,-0.382683432365092));
#7359=DIRECTION('center_axis',(0.,-1.,0.));
#7360=DIRECTION('ref_axis',(-0.923879532511286,0.,-0.382683432365092));
#7361=DIRECTION('center_axis',(0.707106781186548,-0.707106781186548,2.68851448404756E-17));
#7362=DIRECTION('ref_axis',(3.80213364597656E-17,0.,-1.));
#7363=DIRECTION('',(-0.707106781186548,-0.707106781186548,-2.68851448404756E-17));
#7364=DIRECTION('',(-3.80213364597656E-17,0.,1.));
#7365=DIRECTION('',(3.80213364597656E-17,0.,-1.));
#7366=DIRECTION('center_axis',(0.,-1.,0.));
#7367=DIRECTION('ref_axis',(-0.707106781186547,0.,0.707106781186547));
#7368=DIRECTION('',(-2.68851448404756E-17,-0.707106781186548,0.707106781186548));
#7369=DIRECTION('center_axis',(0.,1.,0.));
#7370=DIRECTION('ref_axis',(-0.707106781186548,0.,0.707106781186548));
#7371=DIRECTION('center_axis',(0.,-1.,0.));
#7372=DIRECTION('ref_axis',(-0.707106781186548,0.,0.707106781186548));
#7373=DIRECTION('center_axis',(2.68851448404756E-17,-0.707106781186548,
-0.707106781186548));
#7374=DIRECTION('ref_axis',(-1.,0.,-3.80213364597656E-17));
#7375=DIRECTION('',(-1.,0.,-3.80213364597656E-17));
#7376=DIRECTION('',(-2.68851448404756E-17,-0.707106781186548,0.707106781186548));
#7377=DIRECTION('',(1.,0.,3.80213364597656E-17));
#7378=DIRECTION('center_axis',(0.,1.,0.));
#7379=DIRECTION('ref_axis',(0.707106781186547,0.,-0.707106781186548));
#7380=DIRECTION('',(-0.707106781186548,-0.707106781186548,-2.68851448404756E-17));
#7381=DIRECTION('center_axis',(0.,-1.,0.));
#7382=DIRECTION('ref_axis',(0.707106781186547,0.,-0.707106781186548));
#7383=DIRECTION('center_axis',(0.,1.,0.));
#7384=DIRECTION('ref_axis',(0.707106781186547,0.,-0.707106781186548));
#7385=DIRECTION('center_axis',(0.707106781186548,-0.707106781186548,2.68851448404756E-17));
#7386=DIRECTION('ref_axis',(3.80213364597656E-17,0.,-1.));
#7387=DIRECTION('',(3.80213364597656E-17,0.,-1.));
#7388=DIRECTION('',(-0.707106781186548,-0.707106781186548,-2.68851448404756E-17));
#7389=DIRECTION('',(-3.80213364597656E-17,0.,1.));
#7390=DIRECTION('center_axis',(0.,1.,0.));
#7391=DIRECTION('ref_axis',(0.707106781186547,0.,0.707106781186548));
#7392=DIRECTION('',(3.95211629154991E-15,-0.707106781186548,-0.707106781186548));
#7393=DIRECTION('center_axis',(0.,-1.,0.));
#7394=DIRECTION('ref_axis',(0.707106781186547,0.,0.707106781186548));
#7395=DIRECTION('center_axis',(0.,1.,0.));
#7396=DIRECTION('ref_axis',(0.707106781186547,0.,0.707106781186548));
#7397=DIRECTION('center_axis',(-4.21299082884816E-17,0.707106781186547,
-0.707106781186548));
#7398=DIRECTION('ref_axis',(-1.,0.,5.95806876831053E-17));
#7399=DIRECTION('',(-0.577350269189628,0.577350269189625,0.577350269189624));
#7400=DIRECTION('',(-1.00819293151783E-15,0.707106781186548,0.707106781186547));
#7401=DIRECTION('',(-1.,0.,5.95806876831053E-17));
#7402=DIRECTION('center_axis',(0.,-1.,0.));
#7403=DIRECTION('ref_axis',(-0.599999999999995,0.,-0.800000000000003));
#7404=DIRECTION('',(0.308220700148448,0.707106781186548,0.636396103067893));
#7405=DIRECTION('center_axis',(0.,1.,0.));
#7406=DIRECTION('ref_axis',(-0.599999999999995,0.,-0.800000000000003));
#7407=DIRECTION('center_axis',(0.,1.,0.));
#7408=DIRECTION('ref_axis',(0.223606797749978,0.,0.974679434480897));
#7409=DIRECTION('',(-5.17539038179157E-16,0.707106781186552,0.707106781186543));
#7410=DIRECTION('center_axis',(0.,-1.,0.));
#7411=DIRECTION('ref_axis',(0.223606797749978,0.,0.974679434480897));
#7412=DIRECTION('center_axis',(0.,-1.,0.));
#7413=DIRECTION('ref_axis',(-1.,0.,-3.80213364597656E-17));
#7414=DIRECTION('center_axis',(0.,-1.,0.));
#7415=DIRECTION('ref_axis',(-1.,0.,-3.80213364597656E-17));
#7416=DIRECTION('',(0.707106781186548,-0.707106781186547,1.13480750464025E-16));
#7417=DIRECTION('center_axis',(0.,1.,0.));
#7418=DIRECTION('ref_axis',(-1.,0.,-3.80213364597656E-17));
#7419=DIRECTION('center_axis',(0.,-1.,0.));
#7420=DIRECTION('ref_axis',(-1.,0.,-3.80213364597656E-17));
#7421=DIRECTION('center_axis',(0.,1.,0.));
#7422=DIRECTION('ref_axis',(-1.,0.,-3.80213364597656E-17));
#7423=DIRECTION('',(0.,-1.,0.));
#7424=DIRECTION('center_axis',(0.,-1.,0.));
#7425=DIRECTION('ref_axis',(-1.,0.,-3.80213364597656E-17));
#7426=DIRECTION('center_axis',(0.,-1.,0.));
#7427=DIRECTION('ref_axis',(-1.,0.,-3.80213364597656E-17));
#7428=DIRECTION('',(0.707106781186548,-0.707106781186547,1.13480750464025E-16));
#7429=DIRECTION('center_axis',(0.,1.,0.));
#7430=DIRECTION('ref_axis',(-1.,0.,-3.80213364597656E-17));
#7431=DIRECTION('center_axis',(0.,-1.,0.));
#7432=DIRECTION('ref_axis',(-1.,0.,-3.80213364597656E-17));
#7433=DIRECTION('center_axis',(0.,1.,0.));
#7434=DIRECTION('ref_axis',(-1.,0.,-3.80213364597656E-17));
#7435=DIRECTION('',(0.,-1.,0.));
#7436=DIRECTION('center_axis',(0.,-1.,0.));
#7437=DIRECTION('ref_axis',(0.707106781186547,0.,0.707106781186548));
#7438=DIRECTION('',(-0.707106781186546,0.707106781186549,-2.68851448404755E-17));
#7439=DIRECTION('center_axis',(0.,1.,0.));
#7440=DIRECTION('ref_axis',(0.707106781186547,0.,0.707106781186548));
#7441=DIRECTION('',(2.68851448404756E-17,0.707106781186547,-0.707106781186548));
#7442=DIRECTION('center_axis',(0.,-1.,0.));
#7443=DIRECTION('ref_axis',(0.707106781186547,0.,0.707106781186548));
#7444=DIRECTION('center_axis',(0.707106781186547,0.707106781186548,2.68851448404756E-17));
#7445=DIRECTION('ref_axis',(3.80213364597656E-17,0.,-1.));
#7446=DIRECTION('',(-0.707106781186548,0.707106781186547,-2.68851448404756E-17));
#7447=DIRECTION('',(3.80213364597656E-17,0.,-1.));
#7448=DIRECTION('',(-3.80213364597656E-17,0.,1.));
#7449=DIRECTION('center_axis',(0.,1.,0.));
#7450=DIRECTION('ref_axis',(-0.923879532511286,0.,-0.382683432365092));
#7451=DIRECTION('',(-0.500000000000001,0.707106781186546,-0.500000000000001));
#7452=DIRECTION('center_axis',(0.,-1.,0.));
#7453=DIRECTION('ref_axis',(-0.923879532511286,0.,-0.382683432365092));
#7454=DIRECTION('center_axis',(0.,1.,0.));
#7455=DIRECTION('ref_axis',(-0.923879532511286,0.,-0.382683432365092));
#7456=DIRECTION('center_axis',(0.499999999999999,0.707106781186548,0.500000000000001));
#7457=DIRECTION('ref_axis',(0.70710678118655,0.,-0.707106781186545));
#7458=DIRECTION('',(-0.499999999999995,0.707106781186549,-0.500000000000003));
#7459=DIRECTION('',(0.70710678118655,0.,-0.707106781186545));
#7460=DIRECTION('',(-0.70710678118655,0.,0.707106781186545));
#7461=DIRECTION('center_axis',(0.,1.,0.));
#7462=DIRECTION('ref_axis',(-0.382683432365088,0.,-0.923879532511287));
#7463=DIRECTION('',(2.68851448404755E-17,0.707106781186551,-0.707106781186544));
#7464=DIRECTION('center_axis',(0.,-1.,0.));
#7465=DIRECTION('ref_axis',(-0.382683432365088,0.,-0.923879532511288));
#7466=DIRECTION('center_axis',(0.,1.,0.));
#7467=DIRECTION('ref_axis',(-0.382683432365088,0.,-0.923879532511287));
#7468=DIRECTION('center_axis',(-2.68851448404756E-17,0.707106781186548,
0.707106781186547));
#7469=DIRECTION('ref_axis',(1.,0.,3.80213364597656E-17));
#7470=DIRECTION('',(2.68851448404756E-17,0.707106781186547,-0.707106781186548));
#7471=DIRECTION('',(1.,0.,3.80213364597656E-17));
#7472=DIRECTION('',(-1.,0.,-3.80213364597656E-17));
#7473=DIRECTION('center_axis',(0.,1.,0.));
#7474=DIRECTION('ref_axis',(0.707106781186546,0.,-0.707106781186549));
#7475=DIRECTION('',(0.485321738728695,0.70710678118655,-0.514259477226577));
#7476=DIRECTION('center_axis',(0.,-1.,0.));
#7477=DIRECTION('ref_axis',(0.707106781186546,0.,-0.707106781186548));
#7478=DIRECTION('center_axis',(0.,1.,0.));
#7479=DIRECTION('ref_axis',(0.929320377284586,0.,0.369274472937996));
#7480=DIRECTION('',(-2.68851448404758E-17,0.707106781186543,0.707106781186552));
#7481=DIRECTION('center_axis',(0.,-1.,0.));
#7482=DIRECTION('ref_axis',(0.929320377284586,0.,0.369274472937996));
#7483=DIRECTION('center_axis',(0.,1.,0.));
#7484=DIRECTION('ref_axis',(0.929320377284586,0.,0.369274472937996));
#7485=DIRECTION('center_axis',(2.68851448404756E-17,0.707106781186548,-0.707106781186547));
#7486=DIRECTION('ref_axis',(-1.,0.,-3.80213364597656E-17));
#7487=DIRECTION('',(1.,0.,3.80213364597656E-17));
#7488=DIRECTION('',(-2.68851448404756E-17,0.707106781186547,0.707106781186548));
#7489=DIRECTION('',(-1.,0.,-3.80213364597656E-17));
#7490=DIRECTION('center_axis',(0.,-1.,0.));
#7491=DIRECTION('ref_axis',(-0.707106781186547,0.,-0.707106781186547));
#7492=DIRECTION('',(0.707106781186548,0.707106781186547,2.68851448404756E-17));
#7493=DIRECTION('center_axis',(0.,1.,0.));
#7494=DIRECTION('ref_axis',(-0.707106781186547,0.,-0.707106781186547));
#7495=DIRECTION('center_axis',(0.,-1.,0.));
#7496=DIRECTION('ref_axis',(-0.707106781186547,0.,-0.707106781186547));
#7497=DIRECTION('center_axis',(-0.707106781186547,0.707106781186548,2.24329648548928E-16));
#7498=DIRECTION('ref_axis',(3.17250031420284E-16,0.,1.));
#7499=DIRECTION('',(-3.17250031420284E-16,0.,-1.));
#7500=DIRECTION('',(0.707106781186548,0.707106781186547,2.68851448404756E-17));
#7501=DIRECTION('',(3.17250031420284E-16,0.,1.));
#7502=DIRECTION('center_axis',(0.,-1.,0.));
#7503=DIRECTION('ref_axis',(-0.707106781186548,0.,0.707106781186547));
#7504=DIRECTION('',(2.68851448404756E-17,0.707106781186547,-0.707106781186548));
#7505=DIRECTION('center_axis',(0.,1.,0.));
#7506=DIRECTION('ref_axis',(-0.707106781186548,0.,0.707106781186547));
#7507=DIRECTION('center_axis',(0.,-1.,0.));
#7508=DIRECTION('ref_axis',(-0.707106781186548,0.,0.707106781186547));
#7509=DIRECTION('center_axis',(-7.39879186009888E-17,0.707106781186548,
0.707106781186548));
#7510=DIRECTION('ref_axis',(1.,0.,1.04634717937275E-16));
#7511=DIRECTION('',(-1.,0.,-1.04634717937275E-16));
#7512=DIRECTION('',(2.68851448404756E-17,0.707106781186547,-0.707106781186547));
#7513=DIRECTION('',(1.,0.,1.04634717937275E-16));
#7514=DIRECTION('center_axis',(0.,1.,0.));
#7515=DIRECTION('ref_axis',(0.707106781186548,0.,-0.707106781186547));
#7516=DIRECTION('',(0.707106781186556,0.707106781186539,2.68851448404759E-17));
#7517=DIRECTION('center_axis',(0.,-1.,0.));
#7518=DIRECTION('ref_axis',(0.707106781186548,0.,-0.707106781186547));
#7519=DIRECTION('center_axis',(0.,1.,0.));
#7520=DIRECTION('ref_axis',(0.707106781186548,0.,-0.707106781186547));
#7521=DIRECTION('center_axis',(-0.707106781186547,0.707106781186548,-2.68851448404756E-17));
#7522=DIRECTION('ref_axis',(-3.80213364597656E-17,0.,1.));
#7523=DIRECTION('',(0.707106781186548,0.707106781186547,2.68851448404756E-17));
#7524=DIRECTION('',(-3.80213364597656E-17,0.,1.));
#7525=DIRECTION('center_axis',(0.,1.,0.));
#7526=DIRECTION('ref_axis',(0.707106781186548,0.,0.707106781186547));
#7527=DIRECTION('',(-2.68851448404756E-17,0.707106781186548,0.707106781186547));
#7528=DIRECTION('center_axis',(0.,-1.,0.));
#7529=DIRECTION('ref_axis',(0.707106781186548,0.,0.707106781186547));
#7530=DIRECTION('center_axis',(0.,1.,0.));
#7531=DIRECTION('ref_axis',(0.707106781186548,0.,0.707106781186547));
#7532=DIRECTION('center_axis',(2.68851448404756E-17,0.707106781186548,-0.707106781186548));
#7533=DIRECTION('ref_axis',(-1.,0.,-3.80213364597656E-17));
#7534=DIRECTION('',(1.,0.,3.80213364597656E-17));
#7535=DIRECTION('',(-2.68851448404756E-17,0.707106781186547,0.707106781186547));
#7536=DIRECTION('',(-1.,0.,-3.80213364597656E-17));
#7537=DIRECTION('center_axis',(0.,-1.,0.));
#7538=DIRECTION('ref_axis',(-0.707106781186548,0.,-0.707106781186547));
#7539=DIRECTION('',(0.707106781186548,0.707106781186547,1.00819293151783E-15));
#7540=DIRECTION('center_axis',(0.,1.,0.));
#7541=DIRECTION('ref_axis',(-0.707106781186548,0.,-0.707106781186547));
#7542=DIRECTION('center_axis',(0.,-1.,0.));
#7543=DIRECTION('ref_axis',(-0.707106781186548,0.,-0.707106781186547));
#7544=DIRECTION('center_axis',(-0.707106781186547,0.707106781186548,-2.7809993822988E-16));
#7545=DIRECTION('ref_axis',(-3.93292704339816E-16,0.,1.));
#7546=DIRECTION('',(3.93292704339816E-16,0.,-1.));
#7547=DIRECTION('',(0.707106781186548,0.707106781186547,2.68851448404756E-17));
#7548=DIRECTION('',(-3.93292704339816E-16,0.,1.));
#7549=DIRECTION('center_axis',(0.,-1.,0.));
#7550=DIRECTION('ref_axis',(-0.707106781186547,0.,0.707106781186547));
#7551=DIRECTION('',(2.68851448404756E-17,0.707106781186547,-0.707106781186548));
#7552=DIRECTION('center_axis',(0.,1.,0.));
#7553=DIRECTION('ref_axis',(-0.707106781186547,0.,0.707106781186547));
#7554=DIRECTION('center_axis',(0.,-1.,0.));
#7555=DIRECTION('ref_axis',(-0.707106781186547,0.,0.707106781186547));
#7556=DIRECTION('center_axis',(-2.68851448404756E-17,0.707106781186548,
0.707106781186547));
#7557=DIRECTION('ref_axis',(1.,0.,3.80213364597656E-17));
#7558=DIRECTION('',(-1.,0.,-3.80213364597656E-17));
#7559=DIRECTION('',(2.68851448404756E-17,0.707106781186547,-0.707106781186548));
#7560=DIRECTION('',(1.,0.,3.80213364597656E-17));
#7561=DIRECTION('center_axis',(0.,1.,0.));
#7562=DIRECTION('ref_axis',(0.929320377284581,0.,-0.369274472938008));
#7563=DIRECTION('',(0.485321738728693,0.707106781186547,0.514259477226583));
#7564=DIRECTION('center_axis',(0.,-1.,0.));
#7565=DIRECTION('ref_axis',(0.929320377284581,0.,-0.369274472938009));
#7566=DIRECTION('center_axis',(0.,1.,0.));
#7567=DIRECTION('ref_axis',(0.929320377284581,0.,-0.369274472938009));
#7568=DIRECTION('center_axis',(0.,1.,0.));
#7569=DIRECTION('ref_axis',(0.707106781186549,0.,0.707106781186546));
#7570=DIRECTION('',(-2.68851448404755E-17,0.707106781186551,0.707106781186544));
#7571=DIRECTION('center_axis',(0.,-1.,0.));
#7572=DIRECTION('ref_axis',(0.707106781186549,0.,0.707106781186546));
#7573=DIRECTION('center_axis',(2.68851448404756E-17,0.707106781186548,-0.707106781186547));
#7574=DIRECTION('ref_axis',(-1.,0.,-3.80213364597656E-17));
#7575=DIRECTION('',(-2.68851448404756E-17,0.707106781186547,0.707106781186548));
#7576=DIRECTION('',(-1.,0.,-3.80213364597656E-17));
#7577=DIRECTION('center_axis',(0.,1.,0.));
#7578=DIRECTION('ref_axis',(-0.382683432365089,0.,0.923879532511287));
#7579=DIRECTION('',(-0.499999999999998,0.707106781186547,0.500000000000002));
#7580=DIRECTION('center_axis',(0.,-1.,0.));
#7581=DIRECTION('ref_axis',(-0.382683432365089,0.,0.923879532511287));
#7582=DIRECTION('center_axis',(0.,1.,0.));
#7583=DIRECTION('ref_axis',(-0.382683432365089,0.,0.923879532511287));
#7584=DIRECTION('center_axis',(0.499999999999998,0.707106781186549,-0.5));
#7585=DIRECTION('ref_axis',(-0.707106781186548,0.,-0.707106781186547));
#7586=DIRECTION('',(0.707106781186548,0.,0.707106781186547));
#7587=DIRECTION('',(-0.500000000000001,0.707106781186546,0.500000000000001));
#7588=DIRECTION('',(-0.707106781186548,0.,-0.707106781186547));
#7589=DIRECTION('center_axis',(0.,-1.,0.));
#7590=DIRECTION('ref_axis',(0.382683432365089,0.,-0.923879532511287));
#7591=DIRECTION('',(-2.68851448404756E-17,0.707106781186547,0.707106781186548));
#7592=DIRECTION('center_axis',(0.,1.,0.));
#7593=DIRECTION('ref_axis',(0.382683432365089,0.,-0.923879532511287));
#7594=DIRECTION('center_axis',(0.,-1.,0.));
#7595=DIRECTION('ref_axis',(0.382683432365089,0.,-0.923879532511287));
#7596=DIRECTION('center_axis',(0.,-1.,0.));
#7597=DIRECTION('ref_axis',(0.707106781186547,0.,0.707106781186548));
#7598=DIRECTION('',(0.,1.,0.));
#7599=DIRECTION('',(0.,-1.,0.));
#7600=DIRECTION('center_axis',(1.,0.,3.80213364597656E-17));
#7601=DIRECTION('ref_axis',(3.80213364597656E-17,0.,-1.));
#7602=DIRECTION('',(0.,1.,0.));
#7603=DIRECTION('',(0.,-1.,0.));
#7604=DIRECTION('center_axis',(0.,-1.,0.));
#7605=DIRECTION('ref_axis',(-0.923879532511286,0.,-0.382683432365092));
#7606=DIRECTION('',(0.,1.,0.));
#7607=DIRECTION('center_axis',(0.707106781186545,0.,0.70710678118655));
#7608=DIRECTION('ref_axis',(0.70710678118655,0.,-0.707106781186545));
#7609=DIRECTION('',(-0.70710678118655,0.,0.707106781186545));
#7610=DIRECTION('',(0.,-1.,0.));
#7611=DIRECTION('center_axis',(0.,-1.,0.));
#7612=DIRECTION('ref_axis',(-0.382683432365088,0.,-0.923879532511287));
#7613=DIRECTION('center_axis',(0.,-1.,0.));
#7614=DIRECTION('ref_axis',(-0.382683432365088,0.,-0.923879532511287));
#7615=DIRECTION('center_axis',(-2.68851448404756E-17,0.707106781186548,
0.707106781186547));
#7616=DIRECTION('ref_axis',(9.23056639522996E-17,0.707106781186547,-0.707106781186548));
#7617=DIRECTION('',(0.,1.,0.));
#7618=DIRECTION('center_axis',(0.,-1.,0.));
#7619=DIRECTION('ref_axis',(0.929320377284586,0.,0.369274472937996));
#7620=DIRECTION('',(0.,1.,0.));
#7621=DIRECTION('center_axis',(-3.80213364597656E-17,0.,1.));
#7622=DIRECTION('ref_axis',(1.,0.,3.80213364597656E-17));
#7623=DIRECTION('',(1.,0.,3.80213364597656E-17));
#7624=DIRECTION('',(1.,0.,3.80213364597656E-17));
#7625=DIRECTION('',(1.,0.,3.80213364597656E-17));
#7626=DIRECTION('',(1.,0.,3.80213364597656E-17));
#7627=DIRECTION('',(1.,0.,3.80213364597656E-17));
#7628=DIRECTION('',(0.,1.,0.));
#7629=DIRECTION('',(1.,0.,3.80213364597656E-17));
#7630=DIRECTION('',(0.,-1.,0.));
#7631=DIRECTION('center_axis',(0.,-1.,0.));
#7632=DIRECTION('ref_axis',(-0.707106781186547,0.,-0.707106781186547));
#7633=DIRECTION('center_axis',(0.,1.,0.));
#7634=DIRECTION('ref_axis',(-0.707106781186547,0.,-0.707106781186547));
#7635=DIRECTION('',(0.,1.,0.));
#7636=DIRECTION('center_axis',(1.,0.,-3.17250031420284E-16));
#7637=DIRECTION('ref_axis',(-3.17250031420284E-16,0.,-1.));
#7638=DIRECTION('',(-3.17250031420284E-16,0.,-1.));
#7639=DIRECTION('',(0.,-1.,0.));
#7640=DIRECTION('center_axis',(0.,-1.,0.));
#7641=DIRECTION('ref_axis',(-0.707106781186548,0.,0.707106781186547));
#7642=DIRECTION('center_axis',(0.,1.,0.));
#7643=DIRECTION('ref_axis',(-0.707106781186548,0.,0.707106781186547));
#7644=DIRECTION('',(0.,1.,0.));
#7645=DIRECTION('center_axis',(1.04634717937275E-16,0.,-1.));
#7646=DIRECTION('ref_axis',(-1.,0.,-1.04634717937275E-16));
#7647=DIRECTION('',(-1.,0.,-1.04634717937275E-16));
#7648=DIRECTION('',(0.,-1.,0.));
#7649=DIRECTION('',(-1.,0.,-1.04634717937275E-16));
#7650=DIRECTION('',(-1.,0.,-1.04634717937275E-16));
#7651=DIRECTION('',(-1.,0.,-1.04634717937275E-16));
#7652=DIRECTION('',(-1.,0.,-1.04634717937275E-16));
#7653=DIRECTION('',(-1.,0.,-1.04634717937275E-16));
#7654=DIRECTION('',(0.,-1.,0.));
#7655=DIRECTION('center_axis',(0.,1.,0.));
#7656=DIRECTION('ref_axis',(0.707106781186548,0.,-0.707106781186547));
#7657=DIRECTION('center_axis',(0.,-1.,0.));
#7658=DIRECTION('ref_axis',(0.707106781186548,0.,0.707106781186547));
#7659=DIRECTION('',(0.,1.,0.));
#7660=DIRECTION('center_axis',(-3.80213364597656E-17,0.,1.));
#7661=DIRECTION('ref_axis',(1.,0.,3.80213364597656E-17));
#7662=DIRECTION('',(1.,0.,3.80213364597656E-17));
#7663=DIRECTION('',(1.,0.,3.80213364597656E-17));
#7664=DIRECTION('',(1.,0.,3.80213364597656E-17));
#7665=DIRECTION('',(1.,0.,3.80213364597656E-17));
#7666=DIRECTION('',(1.,0.,3.80213364597656E-17));
#7667=DIRECTION('',(0.,1.,0.));
#7668=DIRECTION('',(1.,0.,3.80213364597656E-17));
#7669=DIRECTION('',(0.,-1.,0.));
#7670=DIRECTION('center_axis',(0.,-1.,0.));
#7671=DIRECTION('ref_axis',(-0.707106781186548,0.,-0.707106781186547));
#7672=DIRECTION('center_axis',(0.,1.,0.));
#7673=DIRECTION('ref_axis',(-0.707106781186548,0.,-0.707106781186547));
#7674=DIRECTION('',(0.,1.,0.));
#7675=DIRECTION('center_axis',(1.,0.,3.93292704339816E-16));
#7676=DIRECTION('ref_axis',(3.93292704339816E-16,0.,-1.));
#7677=DIRECTION('',(3.93292704339816E-16,0.,-1.));
#7678=DIRECTION('',(0.,-1.,0.));
#7679=DIRECTION('center_axis',(0.,-1.,0.));
#7680=DIRECTION('ref_axis',(-0.707106781186547,0.,0.707106781186547));
#7681=DIRECTION('center_axis',(0.,1.,0.));
#7682=DIRECTION('ref_axis',(-0.707106781186547,0.,0.707106781186547));
#7683=DIRECTION('',(0.,1.,0.));
#7684=DIRECTION('center_axis',(3.80213364597656E-17,0.,-1.));
#7685=DIRECTION('ref_axis',(-1.,0.,-3.80213364597656E-17));
#7686=DIRECTION('',(-1.,0.,-3.80213364597656E-17));
#7687=DIRECTION('',(0.,-1.,0.));
#7688=DIRECTION('',(-1.,0.,-3.80213364597656E-17));
#7689=DIRECTION('',(-1.,0.,-3.80213364597656E-17));
#7690=DIRECTION('',(-1.,0.,-3.80213364597656E-17));
#7691=DIRECTION('',(-1.,0.,-3.80213364597656E-17));
#7692=DIRECTION('',(-1.,0.,-3.80213364597656E-17));
#7693=DIRECTION('',(0.,-1.,0.));
#7694=DIRECTION('center_axis',(0.,1.,0.));
#7695=DIRECTION('ref_axis',(0.929320377284581,0.,-0.369274472938008));
#7696=DIRECTION('center_axis',(0.,-1.,0.));
#7697=DIRECTION('ref_axis',(-0.382683432365089,0.,0.923879532511287));
#7698=DIRECTION('center_axis',(0.,-1.,0.));
#7699=DIRECTION('ref_axis',(-0.382683432365089,0.,0.923879532511287));
#7700=DIRECTION('',(0.,1.,0.));
#7701=DIRECTION('center_axis',(0.707106781186547,0.,-0.707106781186548));
#7702=DIRECTION('ref_axis',(-0.707106781186548,0.,-0.707106781186547));
#7703=DIRECTION('',(-0.707106781186548,0.,-0.707106781186547));
#7704=DIRECTION('',(0.,-1.,0.));
#7705=DIRECTION('center_axis',(0.,-1.,0.));
#7706=DIRECTION('ref_axis',(0.382683432365089,0.,-0.923879532511287));
#7707=DIRECTION('center_axis',(0.,1.,0.));
#7708=DIRECTION('ref_axis',(0.382683432365089,0.,-0.923879532511287));
#7709=DIRECTION('',(0.,1.,0.));
#7710=DIRECTION('center_axis',(0.,1.,0.));
#7711=DIRECTION('ref_axis',(-1.,0.,-3.80213364597656E-17));
#7712=DIRECTION('',(0.707106781186548,0.707106781186548,-5.97104607830737E-17));
#7713=DIRECTION('center_axis',(0.,-1.,0.));
#7714=DIRECTION('ref_axis',(-1.,0.,-3.80213364597656E-17));
#7715=DIRECTION('center_axis',(0.,1.,0.));
#7716=DIRECTION('ref_axis',(-1.,0.,-3.80213364597656E-17));
#7717=DIRECTION('',(0.707106781186548,0.707106781186548,-5.97104607830737E-17));
#7718=DIRECTION('center_axis',(0.,-1.,0.));
#7719=DIRECTION('ref_axis',(-1.,0.,-3.80213364597656E-17));
#7720=DIRECTION('center_axis',(0.,1.,0.));
#7721=DIRECTION('ref_axis',(0.382683432365089,0.,-0.923879532511287));
#7722=DIRECTION('',(-0.499999999999997,-0.707106781186552,0.499999999999997));
#7723=DIRECTION('center_axis',(0.,-1.,0.));
#7724=DIRECTION('ref_axis',(0.382683432365089,0.,-0.923879532511287));
#7725=DIRECTION('',(-2.68851448404756E-17,-0.707106781186548,0.707106781186548));
#7726=DIRECTION('center_axis',(0.499999999999999,-0.707106781186549,-0.5));
#7727=DIRECTION('ref_axis',(-0.707106781186548,0.,-0.707106781186547));
#7728=DIRECTION('',(-0.500000000000004,-0.707106781186545,0.5));
#7729=DIRECTION('',(0.707106781186548,0.,0.707106781186547));
#7730=DIRECTION('center_axis',(0.,-1.,0.));
#7731=DIRECTION('ref_axis',(-0.382683432365089,0.,0.923879532511287));
#7732=DIRECTION('center_axis',(0.,1.,0.));
#7733=DIRECTION('ref_axis',(-0.382683432365089,0.,0.923879532511287));
#7734=DIRECTION('center_axis',(0.,1.,0.));
#7735=DIRECTION('ref_axis',(-0.707106781186548,0.,0.707106781186548));
#7736=DIRECTION('center_axis',(0.,1.,0.));
#7737=DIRECTION('ref_axis',(-0.707106781186548,0.,0.707106781186548));
#7738=DIRECTION('',(0.,-1.,0.));
#7739=DIRECTION('center_axis',(0.,-1.,0.));
#7740=DIRECTION('ref_axis',(-3.80213364597656E-17,0.,1.));
#7741=DIRECTION('center_axis',(0.,1.,0.));
#7742=DIRECTION('ref_axis',(0.70710678118655,0.,-0.707106781186545));
#7743=DIRECTION('',(-3.80213364597656E-17,0.,1.));
#7744=DIRECTION('center_axis',(0.,1.,0.));
#7745=DIRECTION('ref_axis',(-0.70710678118655,0.,0.707106781186545));
#7746=DIRECTION('',(3.80213364597656E-17,0.,-1.));
#7747=DIRECTION('center_axis',(0.,-1.,0.));
#7748=DIRECTION('ref_axis',(-0.707106781186551,0.,-0.707106781186544));
#7749=DIRECTION('',(0.,1.,0.));
#7750=DIRECTION('center_axis',(0.,1.,0.));
#7751=DIRECTION('ref_axis',(-0.707106781186551,0.,-0.707106781186544));
#7752=DIRECTION('',(0.,-1.,0.));
#7753=DIRECTION('center_axis',(1.,0.,3.80213364597656E-17));
#7754=DIRECTION('ref_axis',(3.80213364597656E-17,0.,-1.));
#7755=DIRECTION('',(0.,-1.,0.));
#7756=DIRECTION('',(3.80213364597656E-17,0.,-1.));
#7757=DIRECTION('center_axis',(0.,-1.,0.));
#7758=DIRECTION('ref_axis',(-3.80213364597656E-17,0.,1.));
#7759=DIRECTION('center_axis',(0.,1.,0.));
#7760=DIRECTION('ref_axis',(0.70710678118655,0.,-0.707106781186545));
#7761=DIRECTION('',(-3.80213364597656E-17,0.,1.));
#7762=DIRECTION('center_axis',(0.,1.,0.));
#7763=DIRECTION('ref_axis',(-0.70710678118655,0.,0.707106781186545));
#7764=DIRECTION('',(3.80213364597656E-17,0.,-1.));
#7765=DIRECTION('center_axis',(0.,-1.,0.));
#7766=DIRECTION('ref_axis',(-0.707106781186551,0.,-0.707106781186544));
#7767=DIRECTION('',(0.,1.,0.));
#7768=DIRECTION('center_axis',(0.,1.,0.));
#7769=DIRECTION('ref_axis',(-0.707106781186551,0.,-0.707106781186544));
#7770=DIRECTION('center_axis',(0.,1.,0.));
#7771=DIRECTION('ref_axis',(0.70710678118655,0.,-0.707106781186545));
#7772=DIRECTION('',(0.,-1.,0.));
#7773=DIRECTION('center_axis',(1.,0.,3.80213364597656E-17));
#7774=DIRECTION('ref_axis',(3.80213364597656E-17,0.,-1.));
#7775=DIRECTION('',(0.,-1.,0.));
#7776=DIRECTION('',(3.80213364597656E-17,0.,-1.));
#7777=DIRECTION('center_axis',(0.,-1.,0.));
#7778=DIRECTION('ref_axis',(-3.80213364597656E-17,0.,1.));
#7779=DIRECTION('center_axis',(0.,1.,0.));
#7780=DIRECTION('ref_axis',(0.707106781186545,0.,-0.70710678118655));
#7781=DIRECTION('',(-3.80213364597656E-17,0.,1.));
#7782=DIRECTION('center_axis',(0.,1.,0.));
#7783=DIRECTION('ref_axis',(-0.707106781186547,0.,0.707106781186547));
#7784=DIRECTION('',(3.80213364597656E-17,0.,-1.));
#7785=DIRECTION('center_axis',(0.,-1.,0.));
#7786=DIRECTION('ref_axis',(-0.707106781186548,0.,-0.707106781186547));
#7787=DIRECTION('',(0.,1.,0.));
#7788=DIRECTION('center_axis',(0.,1.,0.));
#7789=DIRECTION('ref_axis',(-0.707106781186548,0.,-0.707106781186547));
#7790=DIRECTION('center_axis',(0.,1.,0.));
#7791=DIRECTION('ref_axis',(0.707106781186545,0.,-0.70710678118655));
#7792=DIRECTION('',(0.,-1.,0.));
#7793=DIRECTION('center_axis',(1.,0.,3.80213364597656E-17));
#7794=DIRECTION('ref_axis',(3.80213364597656E-17,0.,-1.));
#7795=DIRECTION('',(0.,-1.,0.));
#7796=DIRECTION('',(3.80213364597656E-17,0.,-1.));
#7797=DIRECTION('center_axis',(0.,-1.,0.));
#7798=DIRECTION('ref_axis',(-3.80213364597656E-17,0.,1.));
#7799=DIRECTION('center_axis',(0.,1.,0.));
#7800=DIRECTION('ref_axis',(0.707106781186548,0.,-0.707106781186547));
#7801=DIRECTION('',(-3.80213364597656E-17,0.,1.));
#7802=DIRECTION('center_axis',(0.,1.,0.));
#7803=DIRECTION('ref_axis',(-0.707106781186547,0.,0.707106781186547));
#7804=DIRECTION('',(3.80213364597656E-17,0.,-1.));
#7805=DIRECTION('center_axis',(0.,-1.,0.));
#7806=DIRECTION('ref_axis',(-0.707106781186548,0.,-0.707106781186547));
#7807=DIRECTION('',(0.,1.,0.));
#7808=DIRECTION('center_axis',(0.,1.,0.));
#7809=DIRECTION('ref_axis',(-0.707106781186548,0.,-0.707106781186547));
#7810=DIRECTION('center_axis',(0.,1.,0.));
#7811=DIRECTION('ref_axis',(0.707106781186548,0.,-0.707106781186547));
#7812=DIRECTION('',(0.,-1.,0.));
#7813=DIRECTION('center_axis',(1.,0.,3.80213364597656E-17));
#7814=DIRECTION('ref_axis',(3.80213364597656E-17,0.,-1.));
#7815=DIRECTION('',(0.,-1.,0.));
#7816=DIRECTION('',(3.80213364597656E-17,0.,-1.));
#7817=DIRECTION('center_axis',(0.,-1.,0.));
#7818=DIRECTION('ref_axis',(-3.80213364597656E-17,0.,1.));
#7819=DIRECTION('center_axis',(0.,1.,0.));
#7820=DIRECTION('ref_axis',(0.707106781186545,0.,-0.70710678118655));
#7821=DIRECTION('',(-3.80213364597656E-17,0.,1.));
#7822=DIRECTION('center_axis',(0.,1.,0.));
#7823=DIRECTION('ref_axis',(-0.707106781186545,0.,0.70710678118655));
#7824=DIRECTION('',(3.80213364597656E-17,0.,-1.));
#7825=DIRECTION('center_axis',(0.,-1.,0.));
#7826=DIRECTION('ref_axis',(-0.707106781186548,0.,-0.707106781186547));
#7827=DIRECTION('',(0.,1.,0.));
#7828=DIRECTION('center_axis',(0.,1.,0.));
#7829=DIRECTION('ref_axis',(-0.707106781186548,0.,-0.707106781186547));
#7830=DIRECTION('center_axis',(0.,1.,0.));
#7831=DIRECTION('ref_axis',(0.707106781186545,0.,-0.70710678118655));
#7832=DIRECTION('',(0.,-1.,0.));
#7833=DIRECTION('center_axis',(0.,-1.,0.));
#7834=DIRECTION('ref_axis',(0.707106781186548,0.,-0.707106781186547));
#7835=DIRECTION('center_axis',(0.,1.,0.));
#7836=DIRECTION('ref_axis',(0.707106781186548,0.,-0.707106781186547));
#7837=DIRECTION('center_axis',(0.,1.,0.));
#7838=DIRECTION('ref_axis',(0.707106781186548,0.,-0.707106781186547));
#7839=DIRECTION('',(0.,-1.,0.));
#7840=DIRECTION('center_axis',(-1.,0.,-3.80213364597656E-17));
#7841=DIRECTION('ref_axis',(-3.80213364597656E-17,0.,1.));
#7842=DIRECTION('',(-3.80213364597656E-17,0.,1.));
#7843=DIRECTION('',(0.,1.,0.));
#7844=DIRECTION('',(-3.80213364597656E-17,0.,1.));
#7845=DIRECTION('center_axis',(0.,-1.,0.));
#7846=DIRECTION('ref_axis',(-3.80213364597656E-17,0.,1.));
#7847=DIRECTION('center_axis',(0.,1.,0.));
#7848=DIRECTION('ref_axis',(0.707106781186547,0.,0.707106781186547));
#7849=DIRECTION('center_axis',(0.,-1.,0.));
#7850=DIRECTION('ref_axis',(0.707106781186547,0.,0.707106781186547));
#7851=DIRECTION('center_axis',(0.,1.,0.));
#7852=DIRECTION('ref_axis',(0.707106781186547,0.,0.707106781186547));
#7853=DIRECTION('center_axis',(0.,-1.,0.));
#7854=DIRECTION('ref_axis',(0.707106781186547,0.,0.707106781186547));
#7855=DIRECTION('',(0.,1.,0.));
#7856=DIRECTION('center_axis',(0.,1.,0.));
#7857=DIRECTION('ref_axis',(0.707106781186547,0.,0.707106781186547));
#7858=DIRECTION('center_axis',(0.,1.,0.));
#7859=DIRECTION('ref_axis',(-0.707106781186545,0.,0.70710678118655));
#7860=DIRECTION('',(0.,-1.,0.));
#7861=DIRECTION('center_axis',(-1.,0.,-3.80213364597656E-17));
#7862=DIRECTION('ref_axis',(-3.80213364597656E-17,0.,1.));
#7863=DIRECTION('',(-3.80213364597656E-17,0.,1.));
#7864=DIRECTION('center_axis',(0.,-1.,0.));
#7865=DIRECTION('ref_axis',(0.707106781186547,0.,0.707106781186547));
#7866=DIRECTION('',(0.,1.,0.));
#7867=DIRECTION('center_axis',(0.,1.,0.));
#7868=DIRECTION('ref_axis',(0.707106781186547,0.,0.707106781186547));
#7869=DIRECTION('center_axis',(0.,1.,0.));
#7870=DIRECTION('ref_axis',(-0.707106781186547,0.,0.707106781186547));
#7871=DIRECTION('center_axis',(-1.,0.,-3.80213364597656E-17));
#7872=DIRECTION('ref_axis',(-3.80213364597656E-17,0.,1.));
#7873=DIRECTION('',(-3.80213364597656E-17,0.,1.));
#7874=DIRECTION('center_axis',(0.,-1.,0.));
#7875=DIRECTION('ref_axis',(0.707106781186545,0.,0.70710678118655));
#7876=DIRECTION('',(0.,1.,0.));
#7877=DIRECTION('center_axis',(0.,1.,0.));
#7878=DIRECTION('ref_axis',(0.707106781186545,0.,0.70710678118655));
#7879=DIRECTION('center_axis',(0.,1.,0.));
#7880=DIRECTION('ref_axis',(-0.707106781186547,0.,0.707106781186547));
#7881=DIRECTION('center_axis',(-1.,0.,-3.80213364597656E-17));
#7882=DIRECTION('ref_axis',(-3.80213364597656E-17,0.,1.));
#7883=DIRECTION('',(-3.80213364597656E-17,0.,1.));
#7884=DIRECTION('center_axis',(-1.,0.,-3.80213364597656E-17));
#7885=DIRECTION('ref_axis',(-3.80213364597656E-17,0.,1.));
#7886=DIRECTION('',(-3.80213364597656E-17,0.,1.));
#7887=DIRECTION('',(0.,1.,0.));
#7888=DIRECTION('center_axis',(0.,-1.,0.));
#7889=DIRECTION('ref_axis',(-0.70710678118655,0.,0.707106781186545));
#7890=DIRECTION('center_axis',(0.,1.,0.));
#7891=DIRECTION('ref_axis',(0.70710678118655,0.,0.707106781186545));
#7892=DIRECTION('center_axis',(0.,1.,0.));
#7893=DIRECTION('ref_axis',(-0.70710678118655,0.,0.707106781186545));
#7894=DIRECTION('center_axis',(0.,-1.,0.));
#7895=DIRECTION('ref_axis',(0.70710678118655,0.,0.707106781186545));
#7896=DIRECTION('',(0.,1.,0.));
#7897=DIRECTION('center_axis',(0.,1.,0.));
#7898=DIRECTION('ref_axis',(-0.70710678118655,0.,0.707106781186545));
#7899=DIRECTION('center_axis',(-1.,0.,-3.80213364597656E-17));
#7900=DIRECTION('ref_axis',(-3.80213364597656E-17,0.,1.));
#7901=DIRECTION('center_axis',(-1.,0.,-3.80213364597656E-17));
#7902=DIRECTION('ref_axis',(-3.80213364597656E-17,0.,1.));
#7903=DIRECTION('',(0.,1.,0.));
#7904=DIRECTION('',(-3.80213364597656E-17,0.,1.));
#7905=DIRECTION('',(0.,-1.,0.));
#7906=DIRECTION('center_axis',(0.,-1.,0.));
#7907=DIRECTION('ref_axis',(-0.70710678118655,0.,0.707106781186545));
#7908=DIRECTION('center_axis',(0.,1.,0.));
#7909=DIRECTION('ref_axis',(-0.70710678118655,0.,0.707106781186545));
#7910=DIRECTION('center_axis',(0.,1.,0.));
#7911=DIRECTION('ref_axis',(-0.70710678118655,0.,0.707106781186545));
#7912=DIRECTION('',(0.,-1.,0.));
#7913=DIRECTION('center_axis',(0.,-1.,0.));
#7914=DIRECTION('ref_axis',(-3.80213364597656E-17,0.,1.));
#7915=DIRECTION('',(3.80213364597656E-17,0.,-1.));
#7916=DIRECTION('center_axis',(0.,1.,0.));
#7917=DIRECTION('ref_axis',(0.70710678118655,0.,-0.707106781186545));
#7918=DIRECTION('center_axis',(-1.,0.,-3.80213364597656E-17));
#7919=DIRECTION('ref_axis',(-3.80213364597656E-17,0.,1.));
#7920=DIRECTION('',(0.,1.,0.));
#7921=DIRECTION('',(-3.80213364597656E-17,0.,1.));
#7922=DIRECTION('',(0.,-1.,0.));
#7923=DIRECTION('',(-3.80213364597656E-17,0.,1.));
#7924=DIRECTION('center_axis',(0.,-1.,0.));
#7925=DIRECTION('ref_axis',(-0.70710678118655,0.,0.707106781186545));
#7926=DIRECTION('center_axis',(0.,1.,0.));
#7927=DIRECTION('ref_axis',(-0.70710678118655,0.,0.707106781186545));
#7928=DIRECTION('center_axis',(0.,1.,0.));
#7929=DIRECTION('ref_axis',(0.707106781186551,0.,0.707106781186544));
#7930=DIRECTION('center_axis',(0.,1.,0.));
#7931=DIRECTION('ref_axis',(-0.70710678118655,0.,0.707106781186545));
#7932=DIRECTION('',(0.,-1.,0.));
#7933=DIRECTION('center_axis',(0.,-1.,0.));
#7934=DIRECTION('ref_axis',(-3.80213364597656E-17,0.,1.));
#7935=DIRECTION('',(3.80213364597656E-17,0.,-1.));
#7936=DIRECTION('center_axis',(0.,1.,0.));
#7937=DIRECTION('ref_axis',(0.70710678118655,0.,-0.707106781186545));
#7938=DIRECTION('center_axis',(-1.,0.,-3.80213364597656E-17));
#7939=DIRECTION('ref_axis',(-3.80213364597656E-17,0.,1.));
#7940=DIRECTION('',(0.,1.,0.));
#7941=DIRECTION('',(-3.80213364597656E-17,0.,1.));
#7942=DIRECTION('',(0.,-1.,0.));
#7943=DIRECTION('',(-3.80213364597656E-17,0.,1.));
#7944=DIRECTION('center_axis',(0.,-1.,0.));
#7945=DIRECTION('ref_axis',(-0.707106781186548,0.,0.707106781186547));
#7946=DIRECTION('center_axis',(0.,1.,0.));
#7947=DIRECTION('ref_axis',(-0.707106781186548,0.,0.707106781186547));
#7948=DIRECTION('center_axis',(0.,1.,0.));
#7949=DIRECTION('ref_axis',(0.707106781186545,0.,0.70710678118655));
#7950=DIRECTION('center_axis',(0.,1.,0.));
#7951=DIRECTION('ref_axis',(-0.707106781186548,0.,0.707106781186547));
#7952=DIRECTION('',(0.,-1.,0.));
#7953=DIRECTION('center_axis',(0.,-1.,0.));
#7954=DIRECTION('ref_axis',(-3.80213364597656E-17,0.,1.));
#7955=DIRECTION('',(3.80213364597656E-17,0.,-1.));
#7956=DIRECTION('center_axis',(0.,1.,0.));
#7957=DIRECTION('ref_axis',(0.707106781186545,0.,-0.70710678118655));
#7958=DIRECTION('center_axis',(-1.,0.,-3.80213364597656E-17));
#7959=DIRECTION('ref_axis',(-3.80213364597656E-17,0.,1.));
#7960=DIRECTION('',(0.,1.,0.));
#7961=DIRECTION('',(-3.80213364597656E-17,0.,1.));
#7962=DIRECTION('',(0.,-1.,0.));
#7963=DIRECTION('',(-3.80213364597656E-17,0.,1.));
#7964=DIRECTION('center_axis',(0.,-1.,0.));
#7965=DIRECTION('ref_axis',(-0.707106781186548,0.,0.707106781186547));
#7966=DIRECTION('center_axis',(0.,1.,0.));
#7967=DIRECTION('ref_axis',(-0.707106781186548,0.,0.707106781186547));
#7968=DIRECTION('center_axis',(0.,1.,0.));
#7969=DIRECTION('ref_axis',(0.707106781186548,0.,0.707106781186547));
#7970=DIRECTION('center_axis',(0.,1.,0.));
#7971=DIRECTION('ref_axis',(-0.707106781186548,0.,0.707106781186547));
#7972=DIRECTION('',(0.,-1.,0.));
#7973=DIRECTION('center_axis',(0.,-1.,0.));
#7974=DIRECTION('ref_axis',(-3.80213364597656E-17,0.,1.));
#7975=DIRECTION('',(3.80213364597656E-17,0.,-1.));
#7976=DIRECTION('center_axis',(0.,1.,0.));
#7977=DIRECTION('ref_axis',(0.707106781186547,0.,-0.707106781186547));
#7978=DIRECTION('center_axis',(-1.,0.,-3.80213364597656E-17));
#7979=DIRECTION('ref_axis',(-3.80213364597656E-17,0.,1.));
#7980=DIRECTION('',(0.,1.,0.));
#7981=DIRECTION('',(-3.80213364597656E-17,0.,1.));
#7982=DIRECTION('',(0.,-1.,0.));
#7983=DIRECTION('',(-3.80213364597656E-17,0.,1.));
#7984=DIRECTION('center_axis',(0.,-1.,0.));
#7985=DIRECTION('ref_axis',(-0.70710678118655,0.,0.707106781186545));
#7986=DIRECTION('center_axis',(0.,1.,0.));
#7987=DIRECTION('ref_axis',(-0.70710678118655,0.,0.707106781186545));
#7988=DIRECTION('center_axis',(0.,1.,0.));
#7989=DIRECTION('ref_axis',(0.707106781186548,0.,0.707106781186547));
#7990=DIRECTION('center_axis',(0.,1.,0.));
#7991=DIRECTION('ref_axis',(-0.70710678118655,0.,0.707106781186545));
#7992=DIRECTION('',(0.,-1.,0.));
#7993=DIRECTION('center_axis',(0.,-1.,0.));
#7994=DIRECTION('ref_axis',(-3.80213364597656E-17,0.,1.));
#7995=DIRECTION('',(3.80213364597656E-17,0.,-1.));
#7996=DIRECTION('center_axis',(0.,1.,0.));
#7997=DIRECTION('ref_axis',(0.70710678118655,0.,-0.707106781186545));
#7998=DIRECTION('center_axis',(0.,-1.,0.));
#7999=DIRECTION('ref_axis',(0.707106781186548,0.,0.707106781186547));
#8000=DIRECTION('center_axis',(0.,1.,0.));
#8001=DIRECTION('ref_axis',(0.707106781186548,0.,0.707106781186547));
#8002=DIRECTION('',(0.,1.,0.));
#8003=DIRECTION('center_axis',(0.,1.,0.));
#8004=DIRECTION('ref_axis',(0.707106781186548,0.,0.707106781186547));
#8005=DIRECTION('center_axis',(0.,-1.,0.));
#8006=DIRECTION('ref_axis',(0.707106781186547,0.,-0.707106781186547));
#8007=DIRECTION('center_axis',(0.,1.,0.));
#8008=DIRECTION('ref_axis',(0.707106781186547,0.,-0.707106781186547));
#8009=DIRECTION('center_axis',(0.,1.,0.));
#8010=DIRECTION('ref_axis',(0.707106781186547,0.,-0.707106781186547));
#8011=DIRECTION('',(0.,-1.,0.));
#8012=DIRECTION('center_axis',(0.,-1.,0.));
#8013=DIRECTION('ref_axis',(-3.80213364597656E-17,0.,1.));
#8014=DIRECTION('',(-3.80213364597656E-17,0.,1.));
#8015=DIRECTION('center_axis',(0.,-1.,0.));
#8016=DIRECTION('ref_axis',(-0.707106781186547,0.,-0.707106781186547));
#8017=DIRECTION('',(0.,1.,0.));
#8018=DIRECTION('center_axis',(0.,1.,0.));
#8019=DIRECTION('ref_axis',(-0.707106781186547,0.,-0.707106781186547));
#8020=DIRECTION('center_axis',(0.,1.,0.));
#8021=DIRECTION('ref_axis',(0.70710678118655,0.,-0.707106781186545));
#8022=DIRECTION('center_axis',(1.,0.,3.80213364597656E-17));
#8023=DIRECTION('ref_axis',(3.80213364597656E-17,0.,-1.));
#8024=DIRECTION('',(3.80213364597656E-17,0.,-1.));
#8025=DIRECTION('center_axis',(1.,0.,3.80213364597656E-17));
#8026=DIRECTION('ref_axis',(3.80213364597656E-17,0.,-1.));
#8027=DIRECTION('',(3.80213364597656E-17,0.,-1.));
#8028=DIRECTION('',(0.,1.,0.));
#8029=DIRECTION('center_axis',(0.,-1.,0.));
#8030=DIRECTION('ref_axis',(0.707106781186547,0.,-0.707106781186547));
#8031=DIRECTION('center_axis',(0.,1.,0.));
#8032=DIRECTION('ref_axis',(-0.707106781186547,0.,-0.707106781186547));
#8033=DIRECTION('center_axis',(0.,1.,0.));
#8034=DIRECTION('ref_axis',(0.707106781186547,0.,-0.707106781186547));
#8035=DIRECTION('center_axis',(0.,-1.,0.));
#8036=DIRECTION('ref_axis',(-0.707106781186547,0.,-0.707106781186547));
#8037=DIRECTION('',(0.,1.,0.));
#8038=DIRECTION('center_axis',(0.,1.,0.));
#8039=DIRECTION('ref_axis',(-0.707106781186547,0.,-0.707106781186547));
#8040=DIRECTION('center_axis',(0.,1.,0.));
#8041=DIRECTION('ref_axis',(0.707106781186545,0.,-0.70710678118655));
#8042=DIRECTION('center_axis',(1.,0.,3.80213364597656E-17));
#8043=DIRECTION('ref_axis',(3.80213364597656E-17,0.,-1.));
#8044=DIRECTION('',(3.80213364597656E-17,0.,-1.));
#8045=DIRECTION('center_axis',(1.,0.,3.80213364597656E-17));
#8046=DIRECTION('ref_axis',(3.80213364597656E-17,0.,-1.));
#8047=DIRECTION('',(3.80213364597656E-17,0.,-1.));
#8048=DIRECTION('',(0.,1.,0.));
#8049=DIRECTION('center_axis',(0.,-1.,0.));
#8050=DIRECTION('ref_axis',(0.70710678118655,0.,-0.707106781186545));
#8051=DIRECTION('center_axis',(0.,1.,0.));
#8052=DIRECTION('ref_axis',(-0.70710678118655,0.,-0.707106781186545));
#8053=DIRECTION('center_axis',(0.,1.,0.));
#8054=DIRECTION('ref_axis',(0.70710678118655,0.,-0.707106781186545));
#8055=DIRECTION('center_axis',(0.,-1.,0.));
#8056=DIRECTION('ref_axis',(-0.70710678118655,0.,-0.707106781186545));
#8057=DIRECTION('',(0.,1.,0.));
#8058=DIRECTION('center_axis',(0.,1.,0.));
#8059=DIRECTION('ref_axis',(-0.70710678118655,0.,-0.707106781186545));
#8060=DIRECTION('center_axis',(1.,0.,3.80213364597656E-17));
#8061=DIRECTION('ref_axis',(3.80213364597656E-17,0.,-1.));
#8062=DIRECTION('',(3.80213364597656E-17,0.,-1.));
#8063=DIRECTION('center_axis',(0.,1.,0.));
#8064=DIRECTION('ref_axis',(0.707106781186547,0.,-0.707106781186548));
#8065=DIRECTION('',(0.,1.,0.));
#8066=DIRECTION('center_axis',(0.,-1.,0.));
#8067=DIRECTION('ref_axis',(0.707106781186547,0.,-0.707106781186548));
#8068=DIRECTION('',(0.,-1.,0.));
#8069=DIRECTION('center_axis',(-3.80213364597656E-17,0.,1.));
#8070=DIRECTION('ref_axis',(-1.,0.,-3.80213364597656E-17));
#8071=DIRECTION('',(-1.,0.,-3.80213364597656E-17));
#8072=DIRECTION('center_axis',(0.,1.,0.));
#8073=DIRECTION('ref_axis',(0.707106781186547,0.,0.707106781186548));
#8074=DIRECTION('',(0.,1.,0.));
#8075=DIRECTION('center_axis',(0.,-1.,0.));
#8076=DIRECTION('ref_axis',(0.707106781186547,0.,0.707106781186548));
#8077=DIRECTION('',(0.,-1.,0.));
#8078=DIRECTION('center_axis',(-1.,0.,-3.80213364597656E-17));
#8079=DIRECTION('ref_axis',(3.80213364597656E-17,0.,-1.));
#8080=DIRECTION('',(3.80213364597656E-17,0.,-1.));
#8081=DIRECTION('center_axis',(1.,0.,3.80213364597656E-17));
#8082=DIRECTION('ref_axis',(3.80213364597656E-17,0.,-1.));
#8083=DIRECTION('',(3.80213364597656E-17,0.,-1.));
#8084=DIRECTION('center_axis',(-1.,0.,-3.80213364597656E-17));
#8085=DIRECTION('ref_axis',(-3.80213364597656E-17,0.,1.));
#8086=DIRECTION('',(-3.80213364597656E-17,0.,1.));
#8087=DIRECTION('center_axis',(0.,-1.,0.));
#8088=DIRECTION('ref_axis',(-3.80213364597656E-17,0.,1.));
#8089=DIRECTION('center_axis',(0.,-1.,0.));
#8090=DIRECTION('ref_axis',(-3.80213364597656E-17,0.,1.));
#8091=DIRECTION('center_axis',(0.,-1.,0.));
#8092=DIRECTION('ref_axis',(-3.80213364597656E-17,0.,1.));
#8093=DIRECTION('center_axis',(0.,-1.,0.));
#8094=DIRECTION('ref_axis',(-3.80213364597656E-17,0.,1.));
#8095=DIRECTION('center_axis',(0.,-1.,0.));
#8096=DIRECTION('ref_axis',(-3.80213364597656E-17,0.,1.));
#8097=DIRECTION('center_axis',(0.,-1.,0.));
#8098=DIRECTION('ref_axis',(-3.80213364597656E-17,0.,1.));
#8099=DIRECTION('center_axis',(0.,-1.,0.));
#8100=DIRECTION('ref_axis',(-3.80213364597656E-17,0.,1.));
#8101=DIRECTION('center_axis',(0.,-1.,0.));
#8102=DIRECTION('ref_axis',(-3.80213364597656E-17,0.,1.));
#8103=DIRECTION('center_axis',(0.,-1.,0.));
#8104=DIRECTION('ref_axis',(-3.80213364597656E-17,0.,1.));
#8105=DIRECTION('center_axis',(0.,-1.,0.));
#8106=DIRECTION('ref_axis',(-3.80213364597656E-17,0.,1.));
#8107=DIRECTION('center_axis',(0.,0.,-1.));
#8108=DIRECTION('ref_axis',(-1.,0.,0.));
#8109=DIRECTION('',(1.,0.,3.80213364597656E-17));
#8110=DIRECTION('',(1.,0.,0.));
#8111=DIRECTION('',(0.,1.,0.));
#8112=DIRECTION('',(1.,0.,0.));
#8113=DIRECTION('',(0.,-1.,0.));
#8114=DIRECTION('center_axis',(0.,1.,0.));
#8115=DIRECTION('ref_axis',(-0.707106781186547,0.,-0.707106781186548));
#8116=DIRECTION('center_axis',(0.,1.,0.));
#8117=DIRECTION('ref_axis',(-0.707106781186547,0.,-0.707106781186548));
#8118=DIRECTION('center_axis',(0.,-1.,0.));
#8119=DIRECTION('ref_axis',(-0.707106781186546,0.,-0.707106781186549));
#8120=DIRECTION('',(0.,-1.,0.));
#8121=DIRECTION('center_axis',(0.,-1.,0.));
#8122=DIRECTION('ref_axis',(-0.707106781186546,0.,-0.707106781186549));
#8123=DIRECTION('',(0.,1.,0.));
#8124=DIRECTION('center_axis',(-1.,0.,0.));
#8125=DIRECTION('ref_axis',(0.,0.,1.));
#8126=DIRECTION('',(0.,-1.69499698416058E-16,1.));
#8127=DIRECTION('',(0.,0.,-1.));
#8128=DIRECTION('',(0.,1.,0.));
#8129=DIRECTION('',(0.,0.,-1.));
#8130=DIRECTION('',(0.,-1.,0.));
#8131=DIRECTION('',(0.,0.,-1.));
#8132=DIRECTION('',(0.,-1.,0.));
#8133=DIRECTION('center_axis',(0.,1.,0.));
#8134=DIRECTION('ref_axis',(-0.707106781186549,0.,0.707106781186546));
#8135=DIRECTION('center_axis',(0.,1.,0.));
#8136=DIRECTION('ref_axis',(-0.707106781186549,0.,0.707106781186546));
#8137=DIRECTION('center_axis',(0.,-1.,0.));
#8138=DIRECTION('ref_axis',(-0.707106781186549,0.,0.707106781186546));
#8139=DIRECTION('',(0.,1.,0.));
#8140=DIRECTION('center_axis',(0.,-1.,0.));
#8141=DIRECTION('ref_axis',(-0.707106781186549,0.,0.707106781186546));
#8142=DIRECTION('',(0.,1.,0.));
#8143=DIRECTION('center_axis',(0.,0.,1.));
#8144=DIRECTION('ref_axis',(1.,0.,0.));
#8145=DIRECTION('',(1.,-1.58105147675432E-16,0.));
#8146=DIRECTION('',(-1.,0.,0.));
#8147=DIRECTION('',(0.,-1.,0.));
#8148=DIRECTION('',(0.,1.,0.));
#8149=DIRECTION('center_axis',(0.,-1.,0.));
#8150=DIRECTION('ref_axis',(1.,0.,-1.01064309961486E-15));
#8151=DIRECTION('center_axis',(0.,1.,0.));
#8152=DIRECTION('ref_axis',(-1.,0.,0.));
#8153=DIRECTION('',(0.,-1.,0.));
#8154=DIRECTION('center_axis',(0.,0.,1.));
#8155=DIRECTION('ref_axis',(-1.,0.,0.));
#8156=DIRECTION('',(-1.,0.,0.));
#8157=DIRECTION('',(0.,1.,0.));
#8158=DIRECTION('',(-1.,0.,0.));
#8159=DIRECTION('',(0.,-1.,0.));
#8160=DIRECTION('center_axis',(0.,-1.,0.));
#8161=DIRECTION('ref_axis',(0.25603819159562,0.,0.966666666666667));
#8162=DIRECTION('center_axis',(0.,-0.707106781186548,0.707106781186548));
#8163=DIRECTION('ref_axis',(6.5420519111824E-17,0.707106781186548,0.707106781186548));
#8164=DIRECTION('',(0.,1.,0.));
#8165=DIRECTION('center_axis',(0.,1.,0.));
#8166=DIRECTION('ref_axis',(0.25603819159562,0.,0.966666666666667));
#8167=DIRECTION('center_axis',(0.,-1.,0.));
#8168=DIRECTION('ref_axis',(-0.105409255338945,0.,-0.994428926011753));
#8169=DIRECTION('center_axis',(0.,0.707106781186548,-0.707106781186548));
#8170=DIRECTION('ref_axis',(-1.6355129777956E-17,-0.707106781186548,-0.707106781186548));
#8171=DIRECTION('',(0.,-1.,0.));
#8172=DIRECTION('center_axis',(0.,-1.,0.));
#8173=DIRECTION('ref_axis',(-0.105409255338945,0.,-0.994428926011753));
#8174=DIRECTION('center_axis',(0.,0.,1.));
#8175=DIRECTION('ref_axis',(-1.,0.,0.));
#8176=DIRECTION('',(-1.,0.,0.));
#8177=DIRECTION('',(-1.,0.,0.));
#8178=DIRECTION('center_axis',(0.,-1.,0.));
#8179=DIRECTION('ref_axis',(-0.707106781186548,0.,0.707106781186548));
#8180=DIRECTION('center_axis',(0.,-1.,0.));
#8181=DIRECTION('ref_axis',(-0.707106781186548,0.,0.707106781186548));
#8182=DIRECTION('center_axis',(0.,1.,0.));
#8183=DIRECTION('ref_axis',(-0.707106781186548,0.,0.707106781186548));
#8184=DIRECTION('',(0.,1.,0.));
#8185=DIRECTION('center_axis',(-1.,0.,0.));
#8186=DIRECTION('ref_axis',(0.,0.,-1.));
#8187=DIRECTION('',(0.,0.,-1.));
#8188=DIRECTION('',(0.,0.,-1.));
#8189=DIRECTION('',(0.,-1.,0.));
#8190=DIRECTION('center_axis',(0.,-1.,0.));
#8191=DIRECTION('ref_axis',(-0.707106781186548,0.,-0.707106781186548));
#8192=DIRECTION('center_axis',(0.,-1.,0.));
#8193=DIRECTION('ref_axis',(-0.707106781186548,0.,-0.707106781186548));
#8194=DIRECTION('center_axis',(0.,1.,0.));
#8195=DIRECTION('ref_axis',(-0.707106781186548,0.,-0.707106781186548));
#8196=DIRECTION('',(0.,1.,0.));
#8197=DIRECTION('center_axis',(0.,0.,1.));
#8198=DIRECTION('ref_axis',(-1.,0.,0.));
#8199=DIRECTION('',(1.,0.,0.));
#8200=DIRECTION('',(0.,1.,0.));
#8201=DIRECTION('',(-1.,0.,0.));
#8202=DIRECTION('center_axis',(0.,-1.,0.));
#8203=DIRECTION('ref_axis',(-0.223606797749978,0.,0.974679434480897));
#8204=DIRECTION('center_axis',(0.,0.707106781186548,0.707106781186548));
#8205=DIRECTION('ref_axis',(-3.2710259555912E-17,-0.707106781186548,0.707106781186548));
#8206=DIRECTION('',(0.,-1.,0.));
#8207=DIRECTION('center_axis',(0.,-1.,0.));
#8208=DIRECTION('ref_axis',(-0.223606797749978,0.,0.974679434480897));
#8209=DIRECTION('center_axis',(0.,1.,0.));
#8210=DIRECTION('ref_axis',(0.599999999999995,0.,-0.800000000000004));
#8211=DIRECTION('center_axis',(0.,-0.707106781186548,-0.707106781186548));
#8212=DIRECTION('ref_axis',(6.5420519111824E-17,0.707106781186548,-0.707106781186548));
#8213=DIRECTION('',(0.,-1.,0.));
#8214=DIRECTION('center_axis',(0.,1.,0.));
#8215=DIRECTION('ref_axis',(0.599999999999995,0.,-0.800000000000003));
#8216=DIRECTION('center_axis',(9.76020241428709E-17,0.,-1.));
#8217=DIRECTION('ref_axis',(1.,0.,9.76020241428709E-17));
#8218=DIRECTION('',(1.,-9.76020241428709E-17,9.76020241428709E-17));
#8219=DIRECTION('',(1.,0.,9.76020241428709E-17));
#8220=DIRECTION('',(0.816496580927728,-0.577350269189623,7.96917190042796E-17));
#8221=DIRECTION('',(0.,1.,0.));
#8222=DIRECTION('',(-1.,0.,-9.76020241428709E-17));
#8223=DIRECTION('center_axis',(0.,0.707106781186548,-0.707106781186548));
#8224=DIRECTION('ref_axis',(-1.,0.,0.));
#8225=DIRECTION('',(0.,0.707106781186548,0.707106781186548));
#8226=DIRECTION('',(-1.,0.,0.));
#8227=DIRECTION('center_axis',(0.,-1.,0.));
#8228=DIRECTION('ref_axis',(6.832141690001E-15,0.,-1.));
#8229=DIRECTION('',(0.70710678118654,0.707106781186555,-1.57009245868379E-14));
#8230=DIRECTION('center_axis',(0.,1.,0.));
#8231=DIRECTION('ref_axis',(6.832141690001E-15,0.,-1.));
#8232=DIRECTION('center_axis',(-0.707106781186555,0.70710678118654,1.19854386159068E-16));
#8233=DIRECTION('ref_axis',(1.69499698416054E-16,0.,1.));
#8234=DIRECTION('',(0.70710678118654,0.707106781186555,0.));
#8235=DIRECTION('',(1.69499698416054E-16,0.,1.));
#8236=DIRECTION('center_axis',(0.,-1.,0.));
#8237=DIRECTION('ref_axis',(-1.,0.,-3.41607084500048E-15));
#8238=DIRECTION('',(0.,0.707106781186555,-0.70710678118654));
#8239=DIRECTION('center_axis',(0.,1.,0.));
#8240=DIRECTION('ref_axis',(-1.,0.,-3.41607084500048E-15));
#8241=DIRECTION('center_axis',(1.11797222061798E-16,0.70710678118654,0.707106781186555));
#8242=DIRECTION('ref_axis',(1.,0.,-1.58105147675429E-16));
#8243=DIRECTION('',(0.,0.707106781186548,-0.707106781186548));
#8244=DIRECTION('',(1.,0.,-1.58105147675429E-16));
#8245=DIRECTION('center_axis',(0.,-1.,0.));
#8246=DIRECTION('ref_axis',(0.,0.,1.));
#8247=DIRECTION('',(0.,0.707106781186548,0.707106781186548));
#8248=DIRECTION('center_axis',(0.,1.,0.));
#8249=DIRECTION('ref_axis',(0.,0.,1.));
#8250=DIRECTION('center_axis',(0.,0.707106781186548,-0.707106781186548));
#8251=DIRECTION('ref_axis',(-1.,0.,0.));
#8252=DIRECTION('',(0.,0.707106781186548,0.707106781186548));
#8253=DIRECTION('',(-1.,0.,0.));
#8254=DIRECTION('center_axis',(0.,1.,0.));
#8255=DIRECTION('ref_axis',(-1.,0.,0.));
#8256=DIRECTION('',(-0.70710678118654,0.707106781186555,0.));
#8257=DIRECTION('center_axis',(0.,-1.,0.));
#8258=DIRECTION('ref_axis',(-1.,0.,0.));
#8259=DIRECTION('center_axis',(0.707106781186555,0.70710678118654,0.));
#8260=DIRECTION('ref_axis',(0.,0.,-1.));
#8261=DIRECTION('',(-0.70710678118654,0.707106781186555,0.));
#8262=DIRECTION('',(0.,0.,-1.));
#8263=DIRECTION('center_axis',(0.,1.,0.));
#8264=DIRECTION('ref_axis',(0.,0.,-1.));
#8265=DIRECTION('',(0.,0.707106781186555,-0.70710678118654));
#8266=DIRECTION('center_axis',(0.,-1.,0.));
#8267=DIRECTION('ref_axis',(0.,0.,-1.));
#8268=DIRECTION('center_axis',(0.,0.707106781186548,0.707106781186548));
#8269=DIRECTION('ref_axis',(1.,0.,0.));
#8270=DIRECTION('',(-1.,0.,-3.80213364597656E-17));
#8271=DIRECTION('center_axis',(0.,1.,0.));
#8272=DIRECTION('ref_axis',(1.,0.,0.));
#8273=DIRECTION('center_axis',(0.707106781186547,0.707106781186548,0.));
#8274=DIRECTION('ref_axis',(0.,0.,-1.));
#8275=DIRECTION('center_axis',(0.707106781186547,0.707106781186548,0.));
#8276=DIRECTION('ref_axis',(0.707106781186548,-0.707106781186547,0.));
#8277=DIRECTION('',(0.,0.,1.));
#8278=DIRECTION('',(0.707106781186548,-0.707106781186547,0.));
#8279=DIRECTION('',(0.,0.,-1.));
#8280=DIRECTION('center_axis',(0.,1.,0.));
#8281=DIRECTION('ref_axis',(-0.707106781186547,0.,0.707106781186548));
#8282=DIRECTION('',(0.,-0.707106781186549,-0.707106781186546));
#8283=DIRECTION('center_axis',(0.,-1.,0.));
#8284=DIRECTION('ref_axis',(-0.707106781186547,0.,0.707106781186548));
#8285=DIRECTION('center_axis',(0.,1.,0.));
#8286=DIRECTION('ref_axis',(-0.707106781186547,0.,0.707106781186548));
#8287=DIRECTION('center_axis',(0.,0.707106781186548,-0.707106781186547));
#8288=DIRECTION('ref_axis',(-1.,0.,0.));
#8289=DIRECTION('',(-1.,0.,0.));
#8290=DIRECTION('',(1.,0.,0.));
#8291=DIRECTION('center_axis',(0.,-1.,0.));
#8292=DIRECTION('ref_axis',(0.,0.,-1.));
#8293=DIRECTION('center_axis',(0.,-1.,0.));
#8294=DIRECTION('ref_axis',(0.707106781186548,0.,0.707106781186548));
#8295=DIRECTION('',(1.,0.,0.));
#8296=DIRECTION('center_axis',(0.,1.,0.));
#8297=DIRECTION('ref_axis',(-0.707106781186547,0.,-0.707106781186548));
#8298=DIRECTION('',(0.,0.,-1.));
#8299=DIRECTION('center_axis',(0.,1.,0.));
#8300=DIRECTION('ref_axis',(-0.707106781186547,0.,0.707106781186548));
#8301=DIRECTION('',(-1.,0.,0.));
#8302=DIRECTION('center_axis',(-0.707106781186547,-0.707106781186548,0.));
#8303=DIRECTION('ref_axis',(0.,0.,1.));
#8304=DIRECTION('center_axis',(-0.707106781186547,-0.707106781186548,0.));
#8305=DIRECTION('ref_axis',(-0.707106781186548,0.707106781186547,-6.1331736667335E-17));
#8306=DIRECTION('',(0.,0.,1.));
#8307=DIRECTION('',(-0.707106781186548,0.707106781186547,0.));
#8308=DIRECTION('center_axis',(0.,1.,0.));
#8309=DIRECTION('ref_axis',(-0.707106781186549,0.,0.707106781186547));
#8310=DIRECTION('center_axis',(0.,1.,0.));
#8311=DIRECTION('ref_axis',(-0.707106781186549,0.,0.707106781186546));
#8312=DIRECTION('center_axis',(0.,1.,0.));
#8313=DIRECTION('ref_axis',(0.,0.,1.));
#8314=DIRECTION('center_axis',(0.,1.,0.));
#8315=DIRECTION('ref_axis',(-0.707106781186548,0.,0.707106781186547));
#8316=DIRECTION('',(-1.,0.,0.));
#8317=DIRECTION('center_axis',(0.,-1.,0.));
#8318=DIRECTION('ref_axis',(-0.70710678118655,0.,-0.707106781186545));
#8319=DIRECTION('',(0.,0.,1.));
#8320=DIRECTION('center_axis',(0.,-1.,0.));
#8321=DIRECTION('ref_axis',(-0.70710678118655,0.,0.707106781186545));
#8322=DIRECTION('',(1.,0.,0.));
#8323=DIRECTION('center_axis',(0.,1.,0.));
#8324=DIRECTION('ref_axis',(-0.929320377284581,0.,-0.369274472938009));
#8325=DIRECTION('center_axis',(0.,1.,0.));
#8326=DIRECTION('ref_axis',(-0.707106781186547,0.,-0.707106781186548));
#8327=DIRECTION('center_axis',(0.,1.,0.));
#8328=DIRECTION('ref_axis',(-0.707106781186547,0.,-0.707106781186549));
#8329=DIRECTION('',(-0.70710678118654,0.707106781186555,0.));
#8330=DIRECTION('center_axis',(-0.707106781186555,-0.70710678118654,0.));
#8331=DIRECTION('ref_axis',(0.,0.,1.));
#8332=DIRECTION('center_axis',(-0.707106781186555,-0.70710678118654,0.));
#8333=DIRECTION('ref_axis',(-0.70710678118654,0.707106781186555,-6.13317366673343E-17));
#8334=DIRECTION('',(0.,0.,1.));
#8335=DIRECTION('center_axis',(0.,1.,0.));
#8336=DIRECTION('ref_axis',(0.,0.,1.));
#8337=DIRECTION('center_axis',(0.,1.,0.));
#8338=DIRECTION('ref_axis',(-0.929320377284586,0.,0.369274472937996));
#8339=DIRECTION('',(-1.,0.,0.));
#8340=DIRECTION('center_axis',(0.,-1.,0.));
#8341=DIRECTION('ref_axis',(-0.70710678118655,0.,-0.707106781186545));
#8342=DIRECTION('',(0.,0.,1.));
#8343=DIRECTION('center_axis',(0.,-1.,0.));
#8344=DIRECTION('ref_axis',(-0.70710678118655,0.,0.707106781186545));
#8345=DIRECTION('',(1.,0.,-6.66133814775094E-17));
#8346=DIRECTION('center_axis',(0.,1.,0.));
#8347=DIRECTION('ref_axis',(-0.707106781186548,0.,-0.707106781186547));
#8348=DIRECTION('center_axis',(0.499999999999998,0.707106781186549,-0.500000000000001));
#8349=DIRECTION('ref_axis',(-0.70710678118655,0.,-0.707106781186545));
#8350=DIRECTION('',(0.70710678118655,0.,0.707106781186545));
#8351=DIRECTION('',(0.500000000000004,-0.707106781186545,-0.5));
#8352=DIRECTION('',(-0.70710678118655,0.,-0.707106781186545));
#8353=DIRECTION('center_axis',(0.,-1.,0.));
#8354=DIRECTION('ref_axis',(0.923879532511286,0.,-0.382683432365092));
#8355=DIRECTION('',(0.707106781186548,-0.707106781186548,0.));
#8356=DIRECTION('center_axis',(0.,1.,0.));
#8357=DIRECTION('ref_axis',(0.923879532511286,0.,-0.382683432365092));
#8358=DIRECTION('center_axis',(0.,-1.,0.));
#8359=DIRECTION('ref_axis',(0.923879532511286,0.,-0.382683432365092));
#8360=DIRECTION('center_axis',(0.707106781186548,0.707106781186548,0.));
#8361=DIRECTION('ref_axis',(0.,0.,-1.));
#8362=DIRECTION('',(0.707106781186548,-0.707106781186548,0.));
#8363=DIRECTION('',(0.,0.,-1.));
#8364=DIRECTION('',(0.,0.,1.));
#8365=DIRECTION('center_axis',(0.,-1.,0.));
#8366=DIRECTION('ref_axis',(0.707106781186547,0.,0.707106781186547));
#8367=DIRECTION('',(0.,-0.707106781186548,0.707106781186548));
#8368=DIRECTION('center_axis',(0.,1.,0.));
#8369=DIRECTION('ref_axis',(0.707106781186548,0.,0.707106781186548));
#8370=DIRECTION('center_axis',(0.,-1.,0.));
#8371=DIRECTION('ref_axis',(0.707106781186548,0.,0.707106781186548));
#8372=DIRECTION('center_axis',(0.,0.707106781186548,0.707106781186548));
#8373=DIRECTION('ref_axis',(1.,0.,0.));
#8374=DIRECTION('',(-1.,0.,0.));
#8375=DIRECTION('',(0.,-0.707106781186548,0.707106781186548));
#8376=DIRECTION('',(1.,0.,0.));
#8377=DIRECTION('center_axis',(0.,1.,0.));
#8378=DIRECTION('ref_axis',(-0.707106781186547,0.,-0.707106781186548));
#8379=DIRECTION('',(0.707106781186548,-0.707106781186548,0.));
#8380=DIRECTION('center_axis',(0.,-1.,0.));
#8381=DIRECTION('ref_axis',(-0.707106781186547,0.,-0.707106781186548));
#8382=DIRECTION('center_axis',(0.,1.,0.));
#8383=DIRECTION('ref_axis',(-0.707106781186547,0.,-0.707106781186548));
#8384=DIRECTION('center_axis',(0.707106781186548,0.707106781186548,0.));
#8385=DIRECTION('ref_axis',(0.,0.,-1.));
#8386=DIRECTION('',(0.,0.,1.));
#8387=DIRECTION('',(0.707106781186548,-0.707106781186548,0.));
#8388=DIRECTION('',(0.,0.,-1.));
#8389=DIRECTION('center_axis',(0.,1.,0.));
#8390=DIRECTION('ref_axis',(-0.707106781186547,0.,0.707106781186548));
#8391=DIRECTION('',(-3.92523114670943E-15,-0.707106781186548,-0.707106781186548));
#8392=DIRECTION('center_axis',(0.,-1.,0.));
#8393=DIRECTION('ref_axis',(-0.707106781186547,0.,0.707106781186548));
#8394=DIRECTION('center_axis',(0.,1.,0.));
#8395=DIRECTION('ref_axis',(-0.707106781186547,0.,0.707106781186548));
#8396=DIRECTION('center_axis',(0.,0.707106781186548,-0.707106781186548));
#8397=DIRECTION('ref_axis',(-1.,0.,0.));
#8398=DIRECTION('',(-1.,0.,0.));
#8399=DIRECTION('',(1.,0.,0.));
#8400=DIRECTION('center_axis',(0.,1.,0.));
#8401=DIRECTION('ref_axis',(-1.,0.,0.));
#8402=DIRECTION('center_axis',(0.,-1.,0.));
#8403=DIRECTION('ref_axis',(0.382683432365089,0.,0.923879532511287));
#8404=DIRECTION('',(-0.707106781186548,0.,0.707106781186547));
#8405=DIRECTION('center_axis',(0.,1.,0.));
#8406=DIRECTION('ref_axis',(-0.382683432365089,0.,-0.923879532511287));
#8407=DIRECTION('',(-1.,0.,0.));
#8408=DIRECTION('center_axis',(0.,1.,0.));
#8409=DIRECTION('ref_axis',(1.,0.,0.));
#8410=DIRECTION('center_axis',(0.,1.,0.));
#8411=DIRECTION('ref_axis',(1.,0.,0.));
#8412=DIRECTION('center_axis',(-6.90150531289572E-17,-0.707106781186547,
0.707106781186548));
#8413=DIRECTION('ref_axis',(1.,0.,9.76020241428709E-17));
#8414=DIRECTION('',(0.577350269189628,0.577350269189625,0.577350269189624));
#8415=DIRECTION('',(1.,0.,9.76020241428709E-17));
#8416=DIRECTION('',(9.81307786677358E-16,0.707106781186548,0.707106781186547));
#8417=DIRECTION('center_axis',(0.,-1.,0.));
#8418=DIRECTION('ref_axis',(0.599999999999995,0.,-0.800000000000003));
#8419=DIRECTION('',(-0.308220700148448,0.707106781186548,0.636396103067893));
#8420=DIRECTION('center_axis',(0.,-1.,0.));
#8421=DIRECTION('ref_axis',(0.599999999999995,0.,-0.800000000000003));
#8422=DIRECTION('center_axis',(0.,1.,0.));
#8423=DIRECTION('ref_axis',(-0.223606797749978,0.,0.974679434480897));
#8424=DIRECTION('',(4.90653893338682E-16,0.707106781186552,0.707106781186543));
#8425=DIRECTION('center_axis',(0.,1.,0.));
#8426=DIRECTION('ref_axis',(-0.223606797749978,0.,0.974679434480897));
#8427=DIRECTION('center_axis',(0.,-0.707106781186547,0.707106781186548));
#8428=DIRECTION('ref_axis',(1.,0.,0.));
#8429=DIRECTION('',(1.,0.,0.));
#8430=DIRECTION('center_axis',(0.,1.,0.));
#8431=DIRECTION('ref_axis',(0.,0.,1.));
#8432=DIRECTION('',(0.70710678118655,0.,0.707106781186545));
#8433=DIRECTION('center_axis',(0.,1.,0.));
#8434=DIRECTION('ref_axis',(0.382683432365088,0.,-0.923879532511287));
#8435=DIRECTION('',(-1.,0.,0.));
#8436=DIRECTION('center_axis',(0.,-1.,0.));
#8437=DIRECTION('ref_axis',(1.,0.,0.));
#8438=DIRECTION('center_axis',(0.,1.,0.));
#8439=DIRECTION('ref_axis',(1.,0.,0.));
#8440=DIRECTION('',(-0.707106781186548,-0.707106781186547,8.65956056235494E-17));
#8441=DIRECTION('center_axis',(0.,-1.,0.));
#8442=DIRECTION('ref_axis',(1.,0.,0.));
#8443=DIRECTION('center_axis',(0.,1.,0.));
#8444=DIRECTION('ref_axis',(1.,0.,0.));
#8445=DIRECTION('',(-1.,0.,0.));
#8446=DIRECTION('',(1.,0.,0.));
#8447=DIRECTION('center_axis',(0.,-1.,0.));
#8448=DIRECTION('ref_axis',(-0.382683432365089,0.,-0.923879532511287));
#8449=DIRECTION('',(0.707106781186548,0.,-0.707106781186547));
#8450=DIRECTION('center_axis',(0.,1.,0.));
#8451=DIRECTION('ref_axis',(0.382683432365089,0.,0.923879532511287));
#8452=DIRECTION('',(1.,0.,0.));
#8453=DIRECTION('center_axis',(0.,1.,0.));
#8454=DIRECTION('ref_axis',(-0.707106781186549,0.,0.707106781186546));
#8455=DIRECTION('center_axis',(0.,1.,0.));
#8456=DIRECTION('ref_axis',(-0.929320377284581,0.,-0.369274472938009));
#8457=DIRECTION('',(-1.,0.,0.));
#8458=DIRECTION('center_axis',(0.,-1.,0.));
#8459=DIRECTION('ref_axis',(0.707106781186547,0.,0.707106781186547));
#8460=DIRECTION('',(3.5527136788005E-16,0.,1.));
#8461=DIRECTION('center_axis',(0.,-1.,0.));
#8462=DIRECTION('ref_axis',(0.707106781186548,0.,-0.707106781186547));
#8463=DIRECTION('',(1.,0.,0.));
#8464=DIRECTION('center_axis',(0.,1.,0.));
#8465=DIRECTION('ref_axis',(-0.707106781186548,0.,0.707106781186547));
#8466=DIRECTION('',(0.,0.,1.));
#8467=DIRECTION('center_axis',(0.,1.,0.));
#8468=DIRECTION('ref_axis',(-0.707106781186548,0.,-0.707106781186547));
#8469=DIRECTION('',(-1.,0.,6.66133814775094E-17));
#8470=DIRECTION('center_axis',(0.,-1.,0.));
#8471=DIRECTION('ref_axis',(0.707106781186548,0.,0.707106781186547));
#8472=DIRECTION('',(-3.5527136788005E-16,0.,1.));
#8473=DIRECTION('center_axis',(0.,-1.,0.));
#8474=DIRECTION('ref_axis',(0.707106781186547,0.,-0.707106781186547));
#8475=DIRECTION('',(1.,0.,0.));
#8476=DIRECTION('center_axis',(0.,1.,0.));
#8477=DIRECTION('ref_axis',(-0.929320377284586,0.,0.369274472937995));
#8478=DIRECTION('center_axis',(0.,1.,0.));
#8479=DIRECTION('ref_axis',(-0.707106781186546,0.,-0.707106781186548));
#8480=DIRECTION('',(-1.,0.,0.));
#8481=DIRECTION('center_axis',(0.,1.,0.));
#8482=DIRECTION('ref_axis',(0.382683432365088,0.,-0.923879532511287));
#8483=DIRECTION('',(-0.70710678118655,0.,-0.707106781186545));
#8484=DIRECTION('center_axis',(0.,1.,0.));
#8485=DIRECTION('ref_axis',(0.923879532511286,0.,-0.382683432365092));
#8486=DIRECTION('',(0.,0.,-1.));
#8487=DIRECTION('center_axis',(0.,-1.,0.));
#8488=DIRECTION('ref_axis',(-0.707106781186547,0.,0.707106781186548));
#8489=DIRECTION('center_axis',(0.,-1.,0.));
#8490=DIRECTION('ref_axis',(1.,0.,0.));
#8491=DIRECTION('center_axis',(0.,1.,0.));
#8492=DIRECTION('ref_axis',(1.,0.,0.));
#8493=DIRECTION('center_axis',(0.,-1.,0.));
#8494=DIRECTION('ref_axis',(1.,0.,0.));
#8495=DIRECTION('',(0.,-1.,0.));
#8496=DIRECTION('center_axis',(0.,-1.,0.));
#8497=DIRECTION('ref_axis',(1.,0.,0.));
#8498=DIRECTION('center_axis',(0.,1.,0.));
#8499=DIRECTION('ref_axis',(1.,0.,0.));
#8500=DIRECTION('',(-0.707106781186548,-0.707106781186547,8.65956056235494E-17));
#8501=DIRECTION('center_axis',(0.,1.,0.));
#8502=DIRECTION('ref_axis',(1.,0.,0.));
#8503=DIRECTION('center_axis',(0.,-1.,0.));
#8504=DIRECTION('ref_axis',(1.,0.,0.));
#8505=DIRECTION('',(0.,-1.,0.));
#8506=DIRECTION('center_axis',(0.,-0.707106781186548,-0.707106781186547));
#8507=DIRECTION('ref_axis',(-1.,0.,0.));
#8508=DIRECTION('',(0.,0.707106781186547,-0.707106781186548));
#8509=DIRECTION('',(1.,0.,0.));
#8510=DIRECTION('center_axis',(0.,-1.,0.));
#8511=DIRECTION('ref_axis',(-0.707106781186547,0.,0.707106781186548));
#8512=DIRECTION('',(0.707106781186546,0.707106781186549,0.));
#8513=DIRECTION('center_axis',(0.,1.,0.));
#8514=DIRECTION('ref_axis',(-0.707106781186547,0.,0.707106781186548));
#8515=DIRECTION('center_axis',(0.707106781186547,-0.707106781186548,0.));
#8516=DIRECTION('ref_axis',(0.,0.,-1.));
#8517=DIRECTION('',(0.707106781186548,0.707106781186547,0.));
#8518=DIRECTION('',(0.,0.,1.));
#8519=DIRECTION('center_axis',(0.,1.,0.));
#8520=DIRECTION('ref_axis',(0.923879532511286,0.,-0.382683432365092));
#8521=DIRECTION('',(0.500000000000001,0.707106781186546,-0.500000000000001));
#8522=DIRECTION('center_axis',(0.,-1.,0.));
#8523=DIRECTION('ref_axis',(0.923879532511286,0.,-0.382683432365092));
#8524=DIRECTION('center_axis',(0.499999999999999,-0.707106781186548,-0.500000000000001));
#8525=DIRECTION('ref_axis',(-0.70710678118655,0.,-0.707106781186545));
#8526=DIRECTION('',(0.499999999999995,0.707106781186549,-0.500000000000003));
#8527=DIRECTION('',(0.70710678118655,0.,0.707106781186545));
#8528=DIRECTION('center_axis',(0.,1.,0.));
#8529=DIRECTION('ref_axis',(0.382683432365088,0.,-0.923879532511287));
#8530=DIRECTION('',(0.,0.707106781186551,-0.707106781186544));
#8531=DIRECTION('center_axis',(0.,-1.,0.));
#8532=DIRECTION('ref_axis',(0.382683432365088,0.,-0.923879532511287));
#8533=DIRECTION('center_axis',(0.,-0.707106781186548,-0.707106781186547));
#8534=DIRECTION('ref_axis',(-1.,0.,0.));
#8535=DIRECTION('',(0.,0.707106781186547,-0.707106781186548));
#8536=DIRECTION('center_axis',(0.,1.,0.));
#8537=DIRECTION('ref_axis',(-0.707106781186546,0.,-0.707106781186549));
#8538=DIRECTION('',(-0.485321738728695,0.70710678118655,-0.514259477226577));
#8539=DIRECTION('center_axis',(0.,1.,0.));
#8540=DIRECTION('ref_axis',(-0.929320377284586,0.,0.369274472937995));
#8541=DIRECTION('',(0.,0.707106781186543,0.707106781186552));
#8542=DIRECTION('center_axis',(0.,-1.,0.));
#8543=DIRECTION('ref_axis',(-0.929320377284586,0.,0.369274472937996));
#8544=DIRECTION('center_axis',(0.,-0.707106781186548,0.707106781186547));
#8545=DIRECTION('ref_axis',(1.,0.,0.));
#8546=DIRECTION('',(0.,0.707106781186547,0.707106781186548));
#8547=DIRECTION('',(-1.,0.,0.));
#8548=DIRECTION('center_axis',(0.,-1.,0.));
#8549=DIRECTION('ref_axis',(0.707106781186547,0.,-0.707106781186547));
#8550=DIRECTION('',(-0.707106781186548,0.707106781186547,0.));
#8551=DIRECTION('center_axis',(0.,1.,0.));
#8552=DIRECTION('ref_axis',(0.707106781186547,0.,-0.707106781186547));
#8553=DIRECTION('center_axis',(-0.707106781186547,-0.707106781186548,-2.51214793389404E-16));
#8554=DIRECTION('ref_axis',(-3.5527136788005E-16,0.,1.));
#8555=DIRECTION('',(-0.707106781186548,0.707106781186547,0.));
#8556=DIRECTION('',(3.5527136788005E-16,0.,-1.));
#8557=DIRECTION('center_axis',(0.,-1.,0.));
#8558=DIRECTION('ref_axis',(0.707106781186548,0.,0.707106781186547));
#8559=DIRECTION('',(0.,0.707106781186547,-0.707106781186548));
#8560=DIRECTION('center_axis',(0.,1.,0.));
#8561=DIRECTION('ref_axis',(0.707106781186548,0.,0.707106781186547));
#8562=DIRECTION('center_axis',(-4.71027737605133E-17,-0.707106781186548,
-0.707106781186548));
#8563=DIRECTION('ref_axis',(-1.,0.,6.66133814775094E-17));
#8564=DIRECTION('',(0.,0.707106781186547,-0.707106781186547));
#8565=DIRECTION('',(1.,0.,-6.66133814775094E-17));
#8566=DIRECTION('center_axis',(0.,1.,0.));
#8567=DIRECTION('ref_axis',(-0.707106781186548,0.,-0.707106781186547));
#8568=DIRECTION('',(-0.707106781186556,0.707106781186539,0.));
#8569=DIRECTION('center_axis',(0.,-1.,0.));
#8570=DIRECTION('ref_axis',(-0.707106781186548,0.,-0.707106781186547));
#8571=DIRECTION('center_axis',(-0.707106781186547,-0.707106781186548,0.));
#8572=DIRECTION('ref_axis',(0.,0.,1.));
#8573=DIRECTION('',(-0.707106781186548,0.707106781186547,0.));
#8574=DIRECTION('center_axis',(0.,1.,0.));
#8575=DIRECTION('ref_axis',(-0.707106781186548,0.,0.707106781186547));
#8576=DIRECTION('',(0.,0.707106781186548,0.707106781186547));
#8577=DIRECTION('center_axis',(0.,-1.,0.));
#8578=DIRECTION('ref_axis',(-0.707106781186548,0.,0.707106781186547));
#8579=DIRECTION('center_axis',(0.,-0.707106781186548,0.707106781186548));
#8580=DIRECTION('ref_axis',(1.,0.,0.));
#8581=DIRECTION('',(0.,0.707106781186547,0.707106781186547));
#8582=DIRECTION('',(-1.,0.,0.));
#8583=DIRECTION('center_axis',(0.,-1.,0.));
#8584=DIRECTION('ref_axis',(0.707106781186548,0.,-0.707106781186547));
#8585=DIRECTION('',(-0.707106781186548,0.707106781186547,9.81307786677359E-16));
#8586=DIRECTION('center_axis',(0.,1.,0.));
#8587=DIRECTION('ref_axis',(0.707106781186548,0.,-0.707106781186547));
#8588=DIRECTION('center_axis',(-0.707106781186547,-0.707106781186548,2.51214793389404E-16));
#8589=DIRECTION('ref_axis',(3.5527136788005E-16,0.,1.));
#8590=DIRECTION('',(-0.707106781186548,0.707106781186547,0.));
#8591=DIRECTION('',(-3.5527136788005E-16,0.,-1.));
#8592=DIRECTION('center_axis',(0.,-1.,0.));
#8593=DIRECTION('ref_axis',(0.707106781186547,0.,0.707106781186547));
#8594=DIRECTION('',(0.,0.707106781186547,-0.707106781186548));
#8595=DIRECTION('center_axis',(0.,1.,0.));
#8596=DIRECTION('ref_axis',(0.707106781186547,0.,0.707106781186547));
#8597=DIRECTION('center_axis',(0.,-0.707106781186548,-0.707106781186547));
#8598=DIRECTION('ref_axis',(-1.,0.,0.));
#8599=DIRECTION('',(0.,0.707106781186547,-0.707106781186548));
#8600=DIRECTION('',(1.,0.,0.));
#8601=DIRECTION('center_axis',(0.,1.,0.));
#8602=DIRECTION('ref_axis',(-0.929320377284581,0.,-0.369274472938009));
#8603=DIRECTION('',(-0.485321738728693,0.707106781186547,0.514259477226583));
#8604=DIRECTION('center_axis',(0.,-1.,0.));
#8605=DIRECTION('ref_axis',(-0.929320377284581,0.,-0.369274472938009));
#8606=DIRECTION('center_axis',(0.,1.,0.));
#8607=DIRECTION('ref_axis',(-0.707106781186549,0.,0.707106781186546));
#8608=DIRECTION('',(0.,0.707106781186551,0.707106781186544));
#8609=DIRECTION('center_axis',(0.,-0.707106781186548,0.707106781186547));
#8610=DIRECTION('ref_axis',(1.,0.,0.));
#8611=DIRECTION('',(0.,0.707106781186547,0.707106781186548));
#8612=DIRECTION('center_axis',(0.,1.,0.));
#8613=DIRECTION('ref_axis',(0.382683432365089,0.,0.923879532511287));
#8614=DIRECTION('',(0.499999999999998,0.707106781186547,0.500000000000002));
#8615=DIRECTION('center_axis',(0.,-1.,0.));
#8616=DIRECTION('ref_axis',(0.382683432365089,0.,0.923879532511287));
#8617=DIRECTION('center_axis',(0.499999999999998,-0.707106781186549,0.5));
#8618=DIRECTION('ref_axis',(0.707106781186548,0.,-0.707106781186547));
#8619=DIRECTION('',(0.500000000000001,0.707106781186546,0.500000000000001));
#8620=DIRECTION('',(-0.707106781186548,0.,0.707106781186547));
#8621=DIRECTION('center_axis',(0.,-1.,0.));
#8622=DIRECTION('ref_axis',(-0.382683432365089,0.,-0.923879532511287));
#8623=DIRECTION('',(0.,0.707106781186547,0.707106781186548));
#8624=DIRECTION('center_axis',(0.,1.,0.));
#8625=DIRECTION('ref_axis',(-0.382683432365089,0.,-0.923879532511287));
#8626=DIRECTION('center_axis',(0.,-0.707106781186548,0.707106781186547));
#8627=DIRECTION('ref_axis',(1.,0.,0.));
#8628=DIRECTION('',(1.,0.,3.80213364597656E-17));
#8629=DIRECTION('center_axis',(0.,0.,-1.));
#8630=DIRECTION('ref_axis',(-1.,0.,0.));
#8631=DIRECTION('',(0.,-1.,0.));
#8632=DIRECTION('center_axis',(0.,1.,0.));
#8633=DIRECTION('ref_axis',(-0.707106781186547,0.,0.707106781186548));
#8634=DIRECTION('',(0.,1.,0.));
#8635=DIRECTION('center_axis',(1.,0.,0.));
#8636=DIRECTION('ref_axis',(0.,0.,-1.));
#8637=DIRECTION('',(0.,-1.,0.));
#8638=DIRECTION('',(0.,1.,0.));
#8639=DIRECTION('center_axis',(0.,1.,0.));
#8640=DIRECTION('ref_axis',(0.923879532511286,0.,-0.382683432365092));
#8641=DIRECTION('',(0.,1.,0.));
#8642=DIRECTION('center_axis',(0.707106781186545,0.,-0.70710678118655));
#8643=DIRECTION('ref_axis',(-0.70710678118655,0.,-0.707106781186545));
#8644=DIRECTION('',(0.,-1.,0.));
#8645=DIRECTION('center_axis',(0.,1.,0.));
#8646=DIRECTION('ref_axis',(0.382683432365088,0.,-0.923879532511287));
#8647=DIRECTION('center_axis',(0.,-0.707106781186548,-0.707106781186547));
#8648=DIRECTION('ref_axis',(-6.5420519111824E-17,0.707106781186547,-0.707106781186548));
#8649=DIRECTION('center_axis',(0.,1.,0.));
#8650=DIRECTION('ref_axis',(-0.929320377284586,0.,0.369274472937996));
#8651=DIRECTION('',(0.,1.,0.));
#8652=DIRECTION('center_axis',(0.,0.,-1.));
#8653=DIRECTION('ref_axis',(-1.,0.,0.));
#8654=DIRECTION('',(0.,-1.,0.));
#8655=DIRECTION('',(-1.,0.,0.));
#8656=DIRECTION('',(0.,1.,0.));
#8657=DIRECTION('',(-1.,0.,0.));
#8658=DIRECTION('',(-1.,0.,0.));
#8659=DIRECTION('',(-1.,0.,0.));
#8660=DIRECTION('',(-1.,0.,0.));
#8661=DIRECTION('',(-1.,0.,0.));
#8662=DIRECTION('center_axis',(0.,1.,0.));
#8663=DIRECTION('ref_axis',(0.707106781186547,0.,-0.707106781186547));
#8664=DIRECTION('',(0.,1.,0.));
#8665=DIRECTION('center_axis',(0.,-1.,0.));
#8666=DIRECTION('ref_axis',(0.707106781186547,0.,-0.707106781186547));
#8667=DIRECTION('center_axis',(1.,0.,3.5527136788005E-16));
#8668=DIRECTION('ref_axis',(3.5527136788005E-16,0.,-1.));
#8669=DIRECTION('',(0.,-1.,0.));
#8670=DIRECTION('',(3.5527136788005E-16,0.,-1.));
#8671=DIRECTION('center_axis',(0.,1.,0.));
#8672=DIRECTION('ref_axis',(0.707106781186548,0.,0.707106781186547));
#8673=DIRECTION('',(0.,1.,0.));
#8674=DIRECTION('center_axis',(0.,-1.,0.));
#8675=DIRECTION('ref_axis',(0.707106781186548,0.,0.707106781186547));
#8676=DIRECTION('center_axis',(6.66133814775094E-17,0.,1.));
#8677=DIRECTION('ref_axis',(1.,0.,-6.66133814775094E-17));
#8678=DIRECTION('',(0.,-1.,0.));
#8679=DIRECTION('',(1.,0.,-6.66133814775094E-17));
#8680=DIRECTION('',(1.,0.,-6.66133814775094E-17));
#8681=DIRECTION('',(1.,0.,-6.66133814775094E-17));
#8682=DIRECTION('',(1.,0.,-6.66133814775094E-17));
#8683=DIRECTION('',(1.,0.,-6.66133814775094E-17));
#8684=DIRECTION('',(0.,-1.,0.));
#8685=DIRECTION('',(1.,0.,-6.66133814775094E-17));
#8686=DIRECTION('center_axis',(0.,-1.,0.));
#8687=DIRECTION('ref_axis',(-0.707106781186548,0.,-0.707106781186547));
#8688=DIRECTION('center_axis',(0.,1.,0.));
#8689=DIRECTION('ref_axis',(-0.707106781186548,0.,0.707106781186547));
#8690=DIRECTION('',(0.,1.,0.));
#8691=DIRECTION('center_axis',(0.,0.,-1.));
#8692=DIRECTION('ref_axis',(-1.,0.,0.));
#8693=DIRECTION('',(0.,-1.,0.));
#8694=DIRECTION('',(-1.,0.,0.));
#8695=DIRECTION('',(0.,1.,0.));
#8696=DIRECTION('',(-1.,0.,0.));
#8697=DIRECTION('',(-1.,0.,0.));
#8698=DIRECTION('',(-1.,0.,0.));
#8699=DIRECTION('',(-1.,0.,0.));
#8700=DIRECTION('',(-1.,0.,0.));
#8701=DIRECTION('center_axis',(0.,1.,0.));
#8702=DIRECTION('ref_axis',(0.707106781186548,0.,-0.707106781186547));
#8703=DIRECTION('',(0.,1.,0.));
#8704=DIRECTION('center_axis',(0.,-1.,0.));
#8705=DIRECTION('ref_axis',(0.707106781186548,0.,-0.707106781186547));
#8706=DIRECTION('center_axis',(1.,0.,-3.5527136788005E-16));
#8707=DIRECTION('ref_axis',(-3.5527136788005E-16,0.,-1.));
#8708=DIRECTION('',(0.,-1.,0.));
#8709=DIRECTION('',(-3.5527136788005E-16,0.,-1.));
#8710=DIRECTION('center_axis',(0.,1.,0.));
#8711=DIRECTION('ref_axis',(0.707106781186547,0.,0.707106781186547));
#8712=DIRECTION('',(0.,1.,0.));
#8713=DIRECTION('center_axis',(0.,-1.,0.));
#8714=DIRECTION('ref_axis',(0.707106781186547,0.,0.707106781186547));
#8715=DIRECTION('center_axis',(0.,0.,1.));
#8716=DIRECTION('ref_axis',(1.,0.,0.));
#8717=DIRECTION('',(0.,-1.,0.));
#8718=DIRECTION('',(1.,0.,0.));
#8719=DIRECTION('',(1.,0.,0.));
#8720=DIRECTION('',(1.,0.,0.));
#8721=DIRECTION('',(1.,0.,0.));
#8722=DIRECTION('',(1.,0.,0.));
#8723=DIRECTION('',(0.,-1.,0.));
#8724=DIRECTION('',(1.,0.,0.));
#8725=DIRECTION('center_axis',(0.,-1.,0.));
#8726=DIRECTION('ref_axis',(-0.929320377284581,0.,-0.369274472938009));
#8727=DIRECTION('center_axis',(0.,1.,0.));
#8728=DIRECTION('ref_axis',(0.382683432365089,0.,0.923879532511287));
#8729=DIRECTION('',(0.,1.,0.));
#8730=DIRECTION('center_axis',(0.,1.,0.));
#8731=DIRECTION('ref_axis',(0.382683432365089,0.,0.923879532511287));
#8732=DIRECTION('center_axis',(0.707106781186547,0.,0.707106781186548));
#8733=DIRECTION('ref_axis',(0.707106781186548,0.,-0.707106781186547));
#8734=DIRECTION('',(0.,-1.,0.));
#8735=DIRECTION('',(0.707106781186548,0.,-0.707106781186547));
#8736=DIRECTION('center_axis',(0.,1.,0.));
#8737=DIRECTION('ref_axis',(-0.382683432365089,0.,-0.923879532511287));
#8738=DIRECTION('',(0.,1.,0.));
#8739=DIRECTION('center_axis',(0.,-1.,0.));
#8740=DIRECTION('ref_axis',(-0.382683432365089,0.,-0.923879532511287));
#8741=DIRECTION('center_axis',(0.,0.,1.));
#8742=DIRECTION('ref_axis',(1.,0.,0.));
#8743=DIRECTION('',(1.,0.,0.));
#8744=DIRECTION('center_axis',(0.,1.,0.));
#8745=DIRECTION('ref_axis',(1.,0.,0.));
#8746=DIRECTION('',(-0.707106781186548,0.707106781186548,-8.65956056235493E-17));
#8747=DIRECTION('center_axis',(0.,1.,0.));
#8748=DIRECTION('ref_axis',(1.,0.,0.));
#8749=DIRECTION('',(-0.707106781186548,0.707106781186548,-8.65956056235494E-17));
#8750=DIRECTION('center_axis',(0.,0.707106781186548,0.707106781186548));
#8751=DIRECTION('ref_axis',(1.,0.,0.));
#8752=DIRECTION('',(0.,-0.707106781186548,0.707106781186548));
#8753=DIRECTION('center_axis',(0.,1.,0.));
#8754=DIRECTION('ref_axis',(-0.382683432365089,0.,-0.923879532511287));
#8755=DIRECTION('',(0.499999999999997,-0.707106781186552,0.499999999999997));
#8756=DIRECTION('center_axis',(0.499999999999999,0.707106781186549,0.5));
#8757=DIRECTION('ref_axis',(0.707106781186548,0.,-0.707106781186547));
#8758=DIRECTION('',(0.500000000000004,-0.707106781186545,0.5));
#8759=DIRECTION('center_axis',(0.,-1.,0.));
#8760=DIRECTION('ref_axis',(0.382683432365089,0.,0.923879532511287));
#8761=DIRECTION('center_axis',(0.,-0.707106781186548,-0.707106781186547));
#8762=DIRECTION('ref_axis',(-1.,0.,0.));
#8763=DIRECTION('center_axis',(0.,-1.,0.));
#8764=DIRECTION('ref_axis',(0.707106781186548,0.,0.707106781186548));
#8765=DIRECTION('',(0.,-1.,0.));
#8766=DIRECTION('center_axis',(0.,1.,0.));
#8767=DIRECTION('ref_axis',(0.,0.,1.));
#8768=DIRECTION('center_axis',(0.,-1.,0.));
#8769=DIRECTION('ref_axis',(-0.70710678118655,0.,-0.707106781186545));
#8770=DIRECTION('',(0.,0.,-1.));
#8771=DIRECTION('center_axis',(0.,-1.,0.));
#8772=DIRECTION('ref_axis',(0.70710678118655,0.,0.707106781186545));
#8773=DIRECTION('',(0.,0.,1.));
#8774=DIRECTION('center_axis',(0.,1.,0.));
#8775=DIRECTION('ref_axis',(0.707106781186551,0.,-0.707106781186544));
#8776=DIRECTION('',(0.,-1.,0.));
#8777=DIRECTION('center_axis',(0.,-1.,0.));
#8778=DIRECTION('ref_axis',(0.707106781186551,0.,-0.707106781186544));
#8779=DIRECTION('',(0.,1.,0.));
#8780=DIRECTION('center_axis',(1.,0.,0.));
#8781=DIRECTION('ref_axis',(0.,0.,-1.));
#8782=DIRECTION('',(0.,0.,-1.));
#8783=DIRECTION('',(0.,-1.,0.));
#8784=DIRECTION('center_axis',(0.,1.,0.));
#8785=DIRECTION('ref_axis',(0.,0.,1.));
#8786=DIRECTION('center_axis',(0.,-1.,0.));
#8787=DIRECTION('ref_axis',(-0.70710678118655,0.,-0.707106781186545));
#8788=DIRECTION('',(0.,0.,-1.));
#8789=DIRECTION('center_axis',(0.,-1.,0.));
#8790=DIRECTION('ref_axis',(0.70710678118655,0.,0.707106781186545));
#8791=DIRECTION('',(0.,0.,1.));
#8792=DIRECTION('center_axis',(0.,1.,0.));
#8793=DIRECTION('ref_axis',(0.707106781186551,0.,-0.707106781186544));
#8794=DIRECTION('',(0.,-1.,0.));
#8795=DIRECTION('center_axis',(0.,-1.,0.));
#8796=DIRECTION('ref_axis',(-0.70710678118655,0.,-0.707106781186545));
#8797=DIRECTION('center_axis',(0.,-1.,0.));
#8798=DIRECTION('ref_axis',(0.707106781186551,0.,-0.707106781186544));
#8799=DIRECTION('',(0.,1.,0.));
#8800=DIRECTION('center_axis',(1.,0.,0.));
#8801=DIRECTION('ref_axis',(0.,0.,-1.));
#8802=DIRECTION('',(0.,0.,-1.));
#8803=DIRECTION('',(0.,-1.,0.));
#8804=DIRECTION('center_axis',(0.,1.,0.));
#8805=DIRECTION('ref_axis',(0.,0.,1.));
#8806=DIRECTION('center_axis',(0.,-1.,0.));
#8807=DIRECTION('ref_axis',(-0.707106781186545,0.,-0.70710678118655));
#8808=DIRECTION('',(0.,0.,-1.));
#8809=DIRECTION('center_axis',(0.,-1.,0.));
#8810=DIRECTION('ref_axis',(0.707106781186547,0.,0.707106781186547));
#8811=DIRECTION('',(0.,0.,1.));
#8812=DIRECTION('center_axis',(0.,1.,0.));
#8813=DIRECTION('ref_axis',(0.707106781186548,0.,-0.707106781186547));
#8814=DIRECTION('',(0.,-1.,0.));
#8815=DIRECTION('center_axis',(0.,-1.,0.));
#8816=DIRECTION('ref_axis',(-0.707106781186545,0.,-0.70710678118655));
#8817=DIRECTION('center_axis',(0.,-1.,0.));
#8818=DIRECTION('ref_axis',(0.707106781186548,0.,-0.707106781186547));
#8819=DIRECTION('',(0.,1.,0.));
#8820=DIRECTION('center_axis',(1.,0.,0.));
#8821=DIRECTION('ref_axis',(0.,0.,-1.));
#8822=DIRECTION('',(0.,0.,-1.));
#8823=DIRECTION('',(0.,-1.,0.));
#8824=DIRECTION('center_axis',(0.,1.,0.));
#8825=DIRECTION('ref_axis',(0.,0.,1.));
#8826=DIRECTION('center_axis',(0.,-1.,0.));
#8827=DIRECTION('ref_axis',(-0.707106781186548,0.,-0.707106781186547));
#8828=DIRECTION('',(0.,0.,-1.));
#8829=DIRECTION('center_axis',(0.,-1.,0.));
#8830=DIRECTION('ref_axis',(0.707106781186547,0.,0.707106781186547));
#8831=DIRECTION('',(0.,0.,1.));
#8832=DIRECTION('center_axis',(0.,1.,0.));
#8833=DIRECTION('ref_axis',(0.707106781186548,0.,-0.707106781186547));
#8834=DIRECTION('',(0.,-1.,0.));
#8835=DIRECTION('center_axis',(0.,-1.,0.));
#8836=DIRECTION('ref_axis',(-0.707106781186548,0.,-0.707106781186547));
#8837=DIRECTION('center_axis',(0.,-1.,0.));
#8838=DIRECTION('ref_axis',(0.707106781186548,0.,-0.707106781186547));
#8839=DIRECTION('',(0.,1.,0.));
#8840=DIRECTION('center_axis',(1.,0.,0.));
#8841=DIRECTION('ref_axis',(0.,0.,-1.));
#8842=DIRECTION('',(0.,0.,-1.));
#8843=DIRECTION('',(0.,-1.,0.));
#8844=DIRECTION('center_axis',(0.,1.,0.));
#8845=DIRECTION('ref_axis',(0.,0.,1.));
#8846=DIRECTION('center_axis',(0.,-1.,0.));
#8847=DIRECTION('ref_axis',(-0.707106781186545,0.,-0.70710678118655));
#8848=DIRECTION('',(0.,0.,-1.));
#8849=DIRECTION('center_axis',(0.,-1.,0.));
#8850=DIRECTION('ref_axis',(0.707106781186545,0.,0.70710678118655));
#8851=DIRECTION('',(0.,0.,1.));
#8852=DIRECTION('center_axis',(0.,1.,0.));
#8853=DIRECTION('ref_axis',(0.707106781186548,0.,-0.707106781186547));
#8854=DIRECTION('',(0.,-1.,0.));
#8855=DIRECTION('center_axis',(0.,-1.,0.));
#8856=DIRECTION('ref_axis',(-0.707106781186545,0.,-0.70710678118655));
#8857=DIRECTION('center_axis',(0.,-1.,0.));
#8858=DIRECTION('ref_axis',(0.707106781186548,0.,-0.707106781186547));
#8859=DIRECTION('',(0.,1.,0.));
#8860=DIRECTION('center_axis',(0.,1.,0.));
#8861=DIRECTION('ref_axis',(-0.707106781186548,0.,-0.707106781186547));
#8862=DIRECTION('center_axis',(0.,-1.,0.));
#8863=DIRECTION('ref_axis',(-0.707106781186548,0.,-0.707106781186547));
#8864=DIRECTION('',(0.,-1.,0.));
#8865=DIRECTION('center_axis',(0.,-1.,0.));
#8866=DIRECTION('ref_axis',(-0.707106781186548,0.,-0.707106781186547));
#8867=DIRECTION('center_axis',(-1.,0.,0.));
#8868=DIRECTION('ref_axis',(0.,0.,1.));
#8869=DIRECTION('',(0.,0.,1.));
#8870=DIRECTION('',(0.,1.,0.));
#8871=DIRECTION('',(0.,0.,1.));
#8872=DIRECTION('center_axis',(0.,1.,0.));
#8873=DIRECTION('ref_axis',(0.,0.,1.));
#8874=DIRECTION('center_axis',(0.,-1.,0.));
#8875=DIRECTION('ref_axis',(-0.707106781186547,0.,0.707106781186547));
#8876=DIRECTION('center_axis',(0.,1.,0.));
#8877=DIRECTION('ref_axis',(-0.707106781186547,0.,0.707106781186547));
#8878=DIRECTION('center_axis',(0.,-1.,0.));
#8879=DIRECTION('ref_axis',(-0.707106781186547,0.,0.707106781186547));
#8880=DIRECTION('center_axis',(0.,1.,0.));
#8881=DIRECTION('ref_axis',(-0.707106781186547,0.,0.707106781186547));
#8882=DIRECTION('',(0.,-1.,0.));
#8883=DIRECTION('center_axis',(0.,-1.,0.));
#8884=DIRECTION('ref_axis',(0.707106781186545,0.,0.70710678118655));
#8885=DIRECTION('center_axis',(0.,-1.,0.));
#8886=DIRECTION('ref_axis',(-0.707106781186547,0.,0.707106781186547));
#8887=DIRECTION('',(0.,1.,0.));
#8888=DIRECTION('center_axis',(-1.,0.,0.));
#8889=DIRECTION('ref_axis',(0.,0.,1.));
#8890=DIRECTION('',(0.,0.,1.));
#8891=DIRECTION('center_axis',(0.,1.,0.));
#8892=DIRECTION('ref_axis',(-0.707106781186547,0.,0.707106781186547));
#8893=DIRECTION('center_axis',(0.,-1.,0.));
#8894=DIRECTION('ref_axis',(0.707106781186547,0.,0.707106781186547));
#8895=DIRECTION('center_axis',(0.,-1.,0.));
#8896=DIRECTION('ref_axis',(-0.707106781186547,0.,0.707106781186547));
#8897=DIRECTION('',(0.,1.,0.));
#8898=DIRECTION('center_axis',(-1.,0.,0.));
#8899=DIRECTION('ref_axis',(0.,0.,1.));
#8900=DIRECTION('',(0.,0.,1.));
#8901=DIRECTION('center_axis',(0.,1.,0.));
#8902=DIRECTION('ref_axis',(-0.707106781186545,0.,0.70710678118655));
#8903=DIRECTION('center_axis',(0.,-1.,0.));
#8904=DIRECTION('ref_axis',(0.707106781186547,0.,0.707106781186547));
#8905=DIRECTION('center_axis',(0.,-1.,0.));
#8906=DIRECTION('ref_axis',(-0.707106781186545,0.,0.70710678118655));
#8907=DIRECTION('',(0.,1.,0.));
#8908=DIRECTION('center_axis',(-1.,0.,0.));
#8909=DIRECTION('ref_axis',(0.,0.,1.));
#8910=DIRECTION('',(0.,0.,1.));
#8911=DIRECTION('center_axis',(-1.,0.,0.));
#8912=DIRECTION('ref_axis',(0.,0.,1.));
#8913=DIRECTION('',(0.,1.,0.));
#8914=DIRECTION('',(0.,0.,1.));
#8915=DIRECTION('center_axis',(0.,1.,0.));
#8916=DIRECTION('ref_axis',(0.70710678118655,0.,0.707106781186545));
#8917=DIRECTION('center_axis',(0.,-1.,0.));
#8918=DIRECTION('ref_axis',(0.70710678118655,0.,0.707106781186545));
#8919=DIRECTION('center_axis',(0.,-1.,0.));
#8920=DIRECTION('ref_axis',(-0.70710678118655,0.,0.707106781186545));
#8921=DIRECTION('center_axis',(0.,1.,0.));
#8922=DIRECTION('ref_axis',(-0.70710678118655,0.,0.707106781186545));
#8923=DIRECTION('center_axis',(0.,-1.,0.));
#8924=DIRECTION('ref_axis',(0.70710678118655,0.,0.707106781186545));
#8925=DIRECTION('',(0.,1.,0.));
#8926=DIRECTION('center_axis',(-1.,0.,0.));
#8927=DIRECTION('ref_axis',(0.,0.,1.));
#8928=DIRECTION('center_axis',(-1.,0.,0.));
#8929=DIRECTION('ref_axis',(0.,0.,1.));
#8930=DIRECTION('',(0.,1.,0.));
#8931=DIRECTION('',(0.,-1.,0.));
#8932=DIRECTION('',(0.,0.,1.));
#8933=DIRECTION('center_axis',(0.,1.,0.));
#8934=DIRECTION('ref_axis',(0.70710678118655,0.,0.707106781186545));
#8935=DIRECTION('center_axis',(0.,-1.,0.));
#8936=DIRECTION('ref_axis',(0.70710678118655,0.,0.707106781186545));
#8937=DIRECTION('',(0.,-1.,0.));
#8938=DIRECTION('center_axis',(0.,-1.,0.));
#8939=DIRECTION('ref_axis',(0.70710678118655,0.,0.707106781186545));
#8940=DIRECTION('center_axis',(0.,1.,0.));
#8941=DIRECTION('ref_axis',(0.,0.,1.));
#8942=DIRECTION('center_axis',(0.,-1.,0.));
#8943=DIRECTION('ref_axis',(-0.70710678118655,0.,-0.707106781186545));
#8944=DIRECTION('',(0.,0.,-1.));
#8945=DIRECTION('center_axis',(-1.,0.,0.));
#8946=DIRECTION('ref_axis',(0.,0.,1.));
#8947=DIRECTION('',(0.,1.,0.));
#8948=DIRECTION('',(0.,0.,1.));
#8949=DIRECTION('',(0.,-1.,0.));
#8950=DIRECTION('',(0.,0.,1.));
#8951=DIRECTION('center_axis',(0.,1.,0.));
#8952=DIRECTION('ref_axis',(0.70710678118655,0.,0.707106781186545));
#8953=DIRECTION('center_axis',(0.,-1.,0.));
#8954=DIRECTION('ref_axis',(0.70710678118655,0.,0.707106781186545));
#8955=DIRECTION('',(0.,-1.,0.));
#8956=DIRECTION('center_axis',(0.,-1.,0.));
#8957=DIRECTION('ref_axis',(0.70710678118655,0.,0.707106781186545));
#8958=DIRECTION('center_axis',(0.,-1.,0.));
#8959=DIRECTION('ref_axis',(-0.707106781186551,0.,0.707106781186544));
#8960=DIRECTION('center_axis',(0.,1.,0.));
#8961=DIRECTION('ref_axis',(0.,0.,1.));
#8962=DIRECTION('center_axis',(0.,-1.,0.));
#8963=DIRECTION('ref_axis',(-0.70710678118655,0.,-0.707106781186545));
#8964=DIRECTION('',(0.,0.,-1.));
#8965=DIRECTION('center_axis',(-1.,0.,0.));
#8966=DIRECTION('ref_axis',(0.,0.,1.));
#8967=DIRECTION('',(0.,1.,0.));
#8968=DIRECTION('',(0.,0.,1.));
#8969=DIRECTION('',(0.,-1.,0.));
#8970=DIRECTION('',(0.,0.,1.));
#8971=DIRECTION('center_axis',(0.,1.,0.));
#8972=DIRECTION('ref_axis',(0.707106781186548,0.,0.707106781186547));
#8973=DIRECTION('center_axis',(0.,-1.,0.));
#8974=DIRECTION('ref_axis',(0.707106781186548,0.,0.707106781186547));
#8975=DIRECTION('',(0.,-1.,0.));
#8976=DIRECTION('center_axis',(0.,-1.,0.));
#8977=DIRECTION('ref_axis',(0.707106781186548,0.,0.707106781186547));
#8978=DIRECTION('center_axis',(0.,-1.,0.));
#8979=DIRECTION('ref_axis',(-0.707106781186545,0.,0.70710678118655));
#8980=DIRECTION('center_axis',(0.,1.,0.));
#8981=DIRECTION('ref_axis',(0.,0.,1.));
#8982=DIRECTION('center_axis',(0.,-1.,0.));
#8983=DIRECTION('ref_axis',(-0.707106781186545,0.,-0.70710678118655));
#8984=DIRECTION('',(0.,0.,-1.));
#8985=DIRECTION('center_axis',(-1.,0.,0.));
#8986=DIRECTION('ref_axis',(0.,0.,1.));
#8987=DIRECTION('',(0.,1.,0.));
#8988=DIRECTION('',(0.,0.,1.));
#8989=DIRECTION('',(0.,-1.,0.));
#8990=DIRECTION('',(0.,0.,1.));
#8991=DIRECTION('center_axis',(0.,1.,0.));
#8992=DIRECTION('ref_axis',(0.707106781186548,0.,0.707106781186547));
#8993=DIRECTION('center_axis',(0.,-1.,0.));
#8994=DIRECTION('ref_axis',(0.707106781186548,0.,0.707106781186547));
#8995=DIRECTION('',(0.,-1.,0.));
#8996=DIRECTION('center_axis',(0.,-1.,0.));
#8997=DIRECTION('ref_axis',(0.707106781186548,0.,0.707106781186547));
#8998=DIRECTION('center_axis',(0.,-1.,0.));
#8999=DIRECTION('ref_axis',(-0.707106781186548,0.,0.707106781186547));
#9000=DIRECTION('center_axis',(0.,1.,0.));
#9001=DIRECTION('ref_axis',(0.,0.,1.));
#9002=DIRECTION('center_axis',(0.,-1.,0.));
#9003=DIRECTION('ref_axis',(-0.707106781186547,0.,-0.707106781186547));
#9004=DIRECTION('',(0.,0.,-1.));
#9005=DIRECTION('center_axis',(-1.,0.,0.));
#9006=DIRECTION('ref_axis',(0.,0.,1.));
#9007=DIRECTION('',(0.,1.,0.));
#9008=DIRECTION('',(0.,0.,1.));
#9009=DIRECTION('',(0.,-1.,0.));
#9010=DIRECTION('',(0.,0.,1.));
#9011=DIRECTION('center_axis',(0.,1.,0.));
#9012=DIRECTION('ref_axis',(0.70710678118655,0.,0.707106781186545));
#9013=DIRECTION('center_axis',(0.,-1.,0.));
#9014=DIRECTION('ref_axis',(0.70710678118655,0.,0.707106781186545));
#9015=DIRECTION('',(0.,-1.,0.));
#9016=DIRECTION('center_axis',(0.,-1.,0.));
#9017=DIRECTION('ref_axis',(0.70710678118655,0.,0.707106781186545));
#9018=DIRECTION('center_axis',(0.,-1.,0.));
#9019=DIRECTION('ref_axis',(-0.707106781186548,0.,0.707106781186547));
#9020=DIRECTION('center_axis',(0.,1.,0.));
#9021=DIRECTION('ref_axis',(0.,0.,1.));
#9022=DIRECTION('center_axis',(0.,-1.,0.));
#9023=DIRECTION('ref_axis',(-0.70710678118655,0.,-0.707106781186545));
#9024=DIRECTION('',(0.,0.,-1.));
#9025=DIRECTION('center_axis',(0.,1.,0.));
#9026=DIRECTION('ref_axis',(-0.707106781186548,0.,0.707106781186547));
#9027=DIRECTION('center_axis',(0.,-1.,0.));
#9028=DIRECTION('ref_axis',(-0.707106781186548,0.,0.707106781186547));
#9029=DIRECTION('center_axis',(0.,-1.,0.));
#9030=DIRECTION('ref_axis',(-0.707106781186548,0.,0.707106781186547));
#9031=DIRECTION('',(0.,1.,0.));
#9032=DIRECTION('center_axis',(0.,1.,0.));
#9033=DIRECTION('ref_axis',(-0.707106781186547,0.,-0.707106781186547));
#9034=DIRECTION('center_axis',(0.,-1.,0.));
#9035=DIRECTION('ref_axis',(-0.707106781186547,0.,-0.707106781186547));
#9036=DIRECTION('',(0.,-1.,0.));
#9037=DIRECTION('center_axis',(0.,-1.,0.));
#9038=DIRECTION('ref_axis',(-0.707106781186547,0.,-0.707106781186547));
#9039=DIRECTION('center_axis',(0.,1.,0.));
#9040=DIRECTION('ref_axis',(0.,0.,1.));
#9041=DIRECTION('',(0.,0.,1.));
#9042=DIRECTION('center_axis',(0.,1.,0.));
#9043=DIRECTION('ref_axis',(0.707106781186547,0.,-0.707106781186547));
#9044=DIRECTION('center_axis',(0.,-1.,0.));
#9045=DIRECTION('ref_axis',(-0.70710678118655,0.,-0.707106781186545));
#9046=DIRECTION('center_axis',(0.,-1.,0.));
#9047=DIRECTION('ref_axis',(0.707106781186547,0.,-0.707106781186547));
#9048=DIRECTION('',(0.,1.,0.));
#9049=DIRECTION('center_axis',(1.,0.,0.));
#9050=DIRECTION('ref_axis',(0.,0.,-1.));
#9051=DIRECTION('',(0.,0.,-1.));
#9052=DIRECTION('center_axis',(1.,0.,0.));
#9053=DIRECTION('ref_axis',(0.,0.,-1.));
#9054=DIRECTION('',(0.,1.,0.));
#9055=DIRECTION('',(0.,0.,-1.));
#9056=DIRECTION('center_axis',(0.,1.,0.));
#9057=DIRECTION('ref_axis',(-0.707106781186547,0.,-0.707106781186547));
#9058=DIRECTION('center_axis',(0.,-1.,0.));
#9059=DIRECTION('ref_axis',(-0.707106781186547,0.,-0.707106781186547));
#9060=DIRECTION('center_axis',(0.,-1.,0.));
#9061=DIRECTION('ref_axis',(0.707106781186547,0.,-0.707106781186547));
#9062=DIRECTION('center_axis',(0.,1.,0.));
#9063=DIRECTION('ref_axis',(0.707106781186547,0.,-0.707106781186547));
#9064=DIRECTION('center_axis',(0.,-1.,0.));
#9065=DIRECTION('ref_axis',(-0.707106781186545,0.,-0.70710678118655));
#9066=DIRECTION('center_axis',(0.,-1.,0.));
#9067=DIRECTION('ref_axis',(0.707106781186547,0.,-0.707106781186547));
#9068=DIRECTION('',(0.,1.,0.));
#9069=DIRECTION('center_axis',(1.,0.,0.));
#9070=DIRECTION('ref_axis',(0.,0.,-1.));
#9071=DIRECTION('',(0.,0.,-1.));
#9072=DIRECTION('center_axis',(1.,0.,0.));
#9073=DIRECTION('ref_axis',(0.,0.,-1.));
#9074=DIRECTION('',(0.,1.,0.));
#9075=DIRECTION('',(0.,0.,-1.));
#9076=DIRECTION('center_axis',(0.,1.,0.));
#9077=DIRECTION('ref_axis',(-0.70710678118655,0.,-0.707106781186545));
#9078=DIRECTION('center_axis',(0.,-1.,0.));
#9079=DIRECTION('ref_axis',(-0.70710678118655,0.,-0.707106781186545));
#9080=DIRECTION('center_axis',(0.,-1.,0.));
#9081=DIRECTION('ref_axis',(0.70710678118655,0.,-0.707106781186545));
#9082=DIRECTION('center_axis',(0.,1.,0.));
#9083=DIRECTION('ref_axis',(0.70710678118655,0.,-0.707106781186545));
#9084=DIRECTION('center_axis',(0.,-1.,0.));
#9085=DIRECTION('ref_axis',(0.70710678118655,0.,-0.707106781186545));
#9086=DIRECTION('',(0.,1.,0.));
#9087=DIRECTION('center_axis',(1.,0.,0.));
#9088=DIRECTION('ref_axis',(0.,0.,-1.));
#9089=DIRECTION('',(0.,0.,-1.));
#9090=DIRECTION('center_axis',(0.,-1.,0.));
#9091=DIRECTION('ref_axis',(-0.707106781186547,0.,-0.707106781186548));
#9092=DIRECTION('',(0.,-1.,0.));
#9093=DIRECTION('',(0.,1.,0.));
#9094=DIRECTION('center_axis',(0.,0.,-1.));
#9095=DIRECTION('ref_axis',(1.,0.,0.));
#9096=DIRECTION('center_axis',(0.,-1.,0.));
#9097=DIRECTION('ref_axis',(-0.707106781186547,0.,0.707106781186548));
#9098=DIRECTION('',(0.,-1.,0.));
#9099=DIRECTION('',(0.,1.,0.));
#9100=DIRECTION('center_axis',(0.,0.,1.));
#9101=DIRECTION('ref_axis',(-1.,0.,0.));
#9102=DIRECTION('center_axis',(-1.,0.,0.));
#9103=DIRECTION('ref_axis',(0.,0.,-1.));
#9104=DIRECTION('center_axis',(1.,0.,0.));
#9105=DIRECTION('ref_axis',(0.,0.,-1.));
#9106=DIRECTION('',(0.,0.,-1.));
#9107=DIRECTION('center_axis',(-1.,0.,0.));
#9108=DIRECTION('ref_axis',(0.,0.,1.));
#9109=DIRECTION('',(0.,0.,1.));
#9110=DIRECTION('center_axis',(0.,1.,0.));
#9111=DIRECTION('ref_axis',(0.,0.,1.));
#9112=DIRECTION('center_axis',(0.,1.,0.));
#9113=DIRECTION('ref_axis',(0.,0.,1.));
#9114=DIRECTION('center_axis',(0.,1.,0.));
#9115=DIRECTION('ref_axis',(0.,0.,1.));
#9116=DIRECTION('center_axis',(0.,1.,0.));
#9117=DIRECTION('ref_axis',(0.,0.,1.));
#9118=DIRECTION('center_axis',(0.,1.,0.));
#9119=DIRECTION('ref_axis',(0.,0.,1.));
#9120=DIRECTION('center_axis',(0.,1.,0.));
#9121=DIRECTION('ref_axis',(0.,0.,1.));
#9122=DIRECTION('center_axis',(0.,1.,0.));
#9123=DIRECTION('ref_axis',(0.,0.,1.));
#9124=DIRECTION('center_axis',(0.,1.,0.));
#9125=DIRECTION('ref_axis',(0.,0.,1.));
#9126=DIRECTION('center_axis',(0.,1.,0.));
#9127=DIRECTION('ref_axis',(0.,0.,1.));
#9128=DIRECTION('center_axis',(0.,1.,0.));
#9129=DIRECTION('ref_axis',(0.,0.,1.));
#9130=CARTESIAN_POINT('',(0.,0.,0.));
#9131=CARTESIAN_POINT('Origin',(23.75,0.,-13.1));
#9132=CARTESIAN_POINT('',(23.75,4.8,-14.6));
#9133=CARTESIAN_POINT('',(25.25,4.8,-13.1));
#9134=CARTESIAN_POINT('Origin',(23.75,4.79999999999999,-13.1));
#9135=CARTESIAN_POINT('',(25.25,1.,-13.1));
#9136=CARTESIAN_POINT('',(25.25,0.,-13.1));
#9137=CARTESIAN_POINT('',(24.7795228775369,1.,-14.1909090909091));
#9138=CARTESIAN_POINT('Origin',(23.75,1.,-13.1));
#9139=CARTESIAN_POINT('',(24.7795228775369,0.2,-14.1909090909091));
#9140=CARTESIAN_POINT('',(24.7795228775369,0.,-14.1909090909091));
#9141=CARTESIAN_POINT('',(23.75,0.2,-14.6));
#9142=CARTESIAN_POINT('Origin',(23.75,0.2,-13.1));
#9143=CARTESIAN_POINT('',(23.75,0.,-14.6));
#9144=CARTESIAN_POINT('Origin',(25.25,0.,-14.6));
#9145=CARTESIAN_POINT('',(25.25,4.8,13.1));
#9146=CARTESIAN_POINT('',(25.25,4.8,-10.575));
#9147=CARTESIAN_POINT('',(25.25,1.,13.1));
#9148=CARTESIAN_POINT('',(25.25,0.,13.1));
#9149=CARTESIAN_POINT('',(25.25,1.,0.600000000000002));
#9150=CARTESIAN_POINT('',(25.25,1.,-3.675));
#9151=CARTESIAN_POINT('',(25.25,0.2,0.600000000000002));
#9152=CARTESIAN_POINT('',(25.25,0.,0.600000000000002));
#9153=CARTESIAN_POINT('',(25.25,0.2,-0.599999999999998));
#9154=CARTESIAN_POINT('',(25.25,0.2,-7.3));
#9155=CARTESIAN_POINT('',(25.25,1.,-0.599999999999997));
#9156=CARTESIAN_POINT('',(25.25,0.,-0.599999999999998));
#9157=CARTESIAN_POINT('',(25.25,1.,-10.925));
#9158=CARTESIAN_POINT('Origin',(23.75,0.,13.1));
#9159=CARTESIAN_POINT('',(23.75,4.8,14.6));
#9160=CARTESIAN_POINT('Origin',(23.75,4.79999999999999,13.1));
#9161=CARTESIAN_POINT('',(23.75,0.2,14.6));
#9162=CARTESIAN_POINT('',(23.75,0.,14.6));
#9163=CARTESIAN_POINT('',(24.7795228775369,0.2,14.1909090909091));
#9164=CARTESIAN_POINT('Origin',(23.75,0.2,13.1));
#9165=CARTESIAN_POINT('',(24.7795228775369,1.,14.1909090909091));
#9166=CARTESIAN_POINT('',(24.7795228775369,0.,14.1909090909091));
#9167=CARTESIAN_POINT('Origin',(23.75,1.,13.1));
#9168=CARTESIAN_POINT('Origin',(25.25,0.,14.6));
#9169=CARTESIAN_POINT('',(9.70589026923008,4.8,14.6));
#9170=CARTESIAN_POINT('',(21.71875,4.8,14.6));
#9171=CARTESIAN_POINT('',(9.70588745030458,2.04,14.6));
#9172=CARTESIAN_POINT('',(9.70589020739035,5.,14.6));
#9173=CARTESIAN_POINT('',(9.70588745030458,0.2,14.6));
#9174=CARTESIAN_POINT('',(9.70588745030458,0.,14.6));
#9175=CARTESIAN_POINT('',(18.9375,0.2,14.6));
#9176=CARTESIAN_POINT('Origin',(9.70589020739035,5.,14.05));
#9177=CARTESIAN_POINT('',(9.70589026923008,4.70000000000005,13.5));
#9178=CARTESIAN_POINT('Ctrl Pts',(9.70589026923008,4.8,14.6));
#9179=CARTESIAN_POINT('Ctrl Pts',(9.64273912615032,4.79999999289955,14.6000000071005));
#9180=CARTESIAN_POINT('Ctrl Pts',(9.57504573739306,4.79884004511059,14.5884428131633));
#9181=CARTESIAN_POINT('Ctrl Pts',(9.44892629463841,4.79412177504094,14.5409281881134));
#9182=CARTESIAN_POINT('Ctrl Pts',(9.39049924422871,4.79056978449671,14.5049727732937));
#9183=CARTESIAN_POINT('Ctrl Pts',(9.2929460391018,4.78223424139106,14.4193705703333));
#9184=CARTESIAN_POINT('Ctrl Pts',(9.24785992100151,4.77676813949904,14.3626419380505));
#9185=CARTESIAN_POINT('Ctrl Pts',(9.18350001943623,4.7648153997732,14.2361322528306));
#9186=CARTESIAN_POINT('Ctrl Pts',(9.16422468149898,4.75833441226893,14.166351456928));
#9187=CARTESIAN_POINT('Ctrl Pts',(9.15166465639203,4.74577438716198,14.0287632754497));
#9188=CARTESIAN_POINT('Ctrl Pts',(9.15947844325398,4.73885679671984,13.9515872488971));
#9189=CARTESIAN_POINT('Ctrl Pts',(9.20649891657048,4.72615216866878,13.8073908013046));
#9190=CARTESIAN_POINT('Ctrl Pts',(9.24570735719712,4.72035864140177,13.740371524137));
#9191=CARTESIAN_POINT('Ctrl Pts',(9.34253213664226,4.71094628876529,13.6303888705005));
#9192=CARTESIAN_POINT('Ctrl Pts',(9.40718964090832,4.70682015867085,13.5814519340518));
#9193=CARTESIAN_POINT('Ctrl Pts',(9.55136622156302,4.70135001383674,13.5162569379899));
#9194=CARTESIAN_POINT('Ctrl Pts',(9.63088557332936,4.69999999156683,13.4999999915668));
#9195=CARTESIAN_POINT('Ctrl Pts',(9.70589026923008,4.70000000000005,13.5));
#9196=CARTESIAN_POINT('',(9.70589020739035,2.24,13.5));
#9197=CARTESIAN_POINT('',(9.70589020739035,5.,13.5));
#9198=CARTESIAN_POINT('',(9.21871467598572,2.24,14.3052645717694));
#9199=CARTESIAN_POINT('Origin',(9.70589020739035,2.24,14.05));
#9200=CARTESIAN_POINT('Ctrl Pts',(9.21871467598572,2.24,14.3052645717694));
#9201=CARTESIAN_POINT('Ctrl Pts',(9.23975509003663,2.21065526987617,14.3454204571912));
#9202=CARTESIAN_POINT('Ctrl Pts',(9.26846512598706,2.18103807523667,14.3874224372101));
#9203=CARTESIAN_POINT('Ctrl Pts',(9.34017494751047,2.1283600323611,14.4642205387677));
#9204=CARTESIAN_POINT('Ctrl Pts',(9.38359446376898,2.10546537068966,14.4987336481191));
#9205=CARTESIAN_POINT('Ctrl Pts',(9.46719680129364,2.07355595407968,14.5474970845089));
#9206=CARTESIAN_POINT('Ctrl Pts',(9.51263873961311,2.06081437460237,14.5673267349561));
#9207=CARTESIAN_POINT('Ctrl Pts',(9.60856595600762,2.04403541533725,14.5936001010862));
#9208=CARTESIAN_POINT('Ctrl Pts',(9.6590635360029,2.039999999996,14.6000001359025));
#9209=CARTESIAN_POINT('Ctrl Pts',(9.70589180359791,2.039999999996,14.5999999999977));
#9210=CARTESIAN_POINT('Origin',(15.,5.,13.6));
#9211=CARTESIAN_POINT('',(15.7681145747869,4.8,13.6));
#9212=CARTESIAN_POINT('',(22.65,4.8,13.6));
#9213=CARTESIAN_POINT('',(13.0827225673075,4.8,13.6));
#9214=CARTESIAN_POINT('',(22.65,2.24,13.6));
#9215=CARTESIAN_POINT('',(22.65,5.,13.6));
#9216=CARTESIAN_POINT('',(15.7681145747869,2.24,13.6));
#9217=CARTESIAN_POINT('',(24.25,2.24,13.6));
#9218=CARTESIAN_POINT('',(15.7681145747869,5.,13.6));
#9219=CARTESIAN_POINT('Origin',(15.7681145747869,5.,10.6));
#9220=CARTESIAN_POINT('',(15.1391824993164,4.73333333333333,13.5333333333333));
#9221=CARTESIAN_POINT('Origin',(15.7681145747869,1.8,10.6));
#9222=CARTESIAN_POINT('',(15.1391824993164,2.24,13.5333333333333));
#9223=CARTESIAN_POINT('Origin',(15.7681145747869,2.24,10.6));
#9224=CARTESIAN_POINT('',(15.1391824993164,5.,13.5333333333333));
#9225=CARTESIAN_POINT('Origin',(14.8247164615812,5.,15.));
#9226=CARTESIAN_POINT('',(14.8247164615812,4.7,13.5));
#9227=CARTESIAN_POINT('Origin',(14.8247164615812,6.2,15.));
#9228=CARTESIAN_POINT('',(14.8247164615812,2.24,13.5));
#9229=CARTESIAN_POINT('Origin',(14.8247164615812,2.24,15.));
#9230=CARTESIAN_POINT('',(14.8247164615812,5.,13.5));
#9231=CARTESIAN_POINT('Origin',(9.70589020739035,5.,13.5));
#9232=CARTESIAN_POINT('',(10.4356676710027,4.7,13.5));
#9233=CARTESIAN_POINT('',(24.25,2.24,13.5));
#9234=CARTESIAN_POINT('Origin',(22.65,5.,12.));
#9235=CARTESIAN_POINT('',(24.25,4.8,12.));
#9236=CARTESIAN_POINT('Origin',(22.65,4.8,12.));
#9237=CARTESIAN_POINT('',(24.25,2.24,12.));
#9238=CARTESIAN_POINT('',(24.25,5.,12.));
#9239=CARTESIAN_POINT('Origin',(22.65,2.24,12.));
#9240=CARTESIAN_POINT('Origin',(24.25,5.,13.6));
#9241=CARTESIAN_POINT('',(24.25,4.8,-12.));
#9242=CARTESIAN_POINT('',(24.25,4.8,9.8));
#9243=CARTESIAN_POINT('',(24.25,2.24,-12.));
#9244=CARTESIAN_POINT('',(24.25,5.,-12.));
#9245=CARTESIAN_POINT('',(24.25,2.24,-13.6));
#9246=CARTESIAN_POINT('Origin',(22.65,5.,-12.));
#9247=CARTESIAN_POINT('',(22.65,4.8,-13.6));
#9248=CARTESIAN_POINT('Origin',(22.65,4.8,-12.));
#9249=CARTESIAN_POINT('',(22.65,2.24,-13.6));
#9250=CARTESIAN_POINT('',(22.65,5.,-13.6));
#9251=CARTESIAN_POINT('Origin',(22.65,2.24,-12.));
#9252=CARTESIAN_POINT('Origin',(1.0923303169378,5.,-14.8));
#9253=CARTESIAN_POINT('',(1.7461651584689,4.65,-13.45));
#9254=CARTESIAN_POINT('',(1.0923303169378,4.5,-13.3));
#9255=CARTESIAN_POINT('Origin',(1.0923303169378,6.,-14.8));
#9256=CARTESIAN_POINT('',(1.0923303169378,1.74,-13.3));
#9257=CARTESIAN_POINT('',(1.0923303169378,5.,-13.3));
#9258=CARTESIAN_POINT('',(1.7461651584689,1.74,-13.45));
#9259=CARTESIAN_POINT('Origin',(1.0923303169378,1.74,-14.8));
#9260=CARTESIAN_POINT('',(1.7461651584689,5.,-13.45));
#9261=CARTESIAN_POINT('Origin',(2.39999999999999,5.,-12.1));
#9262=CARTESIAN_POINT('',(2.39999999999999,4.8,-13.6));
#9263=CARTESIAN_POINT('Origin',(2.39999999999999,3.3,-12.1));
#9264=CARTESIAN_POINT('',(2.39999999999999,1.74,-13.6));
#9265=CARTESIAN_POINT('Origin',(2.39999999999999,1.74,-12.1));
#9266=CARTESIAN_POINT('',(2.39999999999999,5.,-13.6));
#9267=CARTESIAN_POINT('Origin',(24.25,5.,-13.6));
#9268=CARTESIAN_POINT('',(20.94375,4.8,-13.6));
#9269=CARTESIAN_POINT('',(8.08456710674493,1.74,-13.6));
#9270=CARTESIAN_POINT('',(12.5,1.74,-13.6));
#9271=CARTESIAN_POINT('',(8.08456710674493,2.04,-13.6));
#9272=CARTESIAN_POINT('',(8.08456710674493,2.5,-13.6));
#9273=CARTESIAN_POINT('',(8.36740981921955,2.24,-13.6));
#9274=CARTESIAN_POINT('',(13.1988054373269,5.65631260415866,-13.6));
#9275=CARTESIAN_POINT('',(24.25,2.24,-13.6));
#9276=CARTESIAN_POINT('Origin',(23.75,4.95,-13.1));
#9277=CARTESIAN_POINT('',(23.75,5.,-14.4));
#9278=CARTESIAN_POINT('',(23.75,4.9,-14.5));
#9279=CARTESIAN_POINT('',(25.05,5.,-13.1));
#9280=CARTESIAN_POINT('Origin',(23.75,5.,-13.1));
#9281=CARTESIAN_POINT('',(25.15,4.9,-13.1));
#9282=CARTESIAN_POINT('Origin',(25.1,4.95,-6.55));
#9283=CARTESIAN_POINT('',(25.05,5.,13.1));
#9284=CARTESIAN_POINT('',(25.05,5.,-6.55));
#9285=CARTESIAN_POINT('',(25.15,4.9,13.1));
#9286=CARTESIAN_POINT('Origin',(23.75,4.95,13.1));
#9287=CARTESIAN_POINT('',(23.75,5.,14.4));
#9288=CARTESIAN_POINT('Origin',(23.75,5.,13.1));
#9289=CARTESIAN_POINT('',(23.75,4.9,14.5));
#9290=CARTESIAN_POINT('Origin',(18.1875,4.95,14.45));
#9291=CARTESIAN_POINT('',(9.70589026923008,5.,14.4));
#9292=CARTESIAN_POINT('',(18.1875,5.,14.4));
#9293=CARTESIAN_POINT('',(9.70589026923008,4.9,14.5));
#9294=CARTESIAN_POINT('Origin',(9.70589026923008,4.95,14.1));
#9295=CARTESIAN_POINT('',(9.70589026923008,5.,13.8));
#9296=CARTESIAN_POINT('Origin',(9.70589026923008,5.,14.1));
#9297=CARTESIAN_POINT('',(9.70589026923008,4.9,13.6999999999999));
#9298=CARTESIAN_POINT('Origin',(11.165445134615,4.95,13.75));
#9299=CARTESIAN_POINT('',(22.65,5.,13.8));
#9300=CARTESIAN_POINT('',(11.165445134615,5.,13.8));
#9301=CARTESIAN_POINT('',(22.65,4.9,13.7));
#9302=CARTESIAN_POINT('Origin',(22.65,4.95,12.));
#9303=CARTESIAN_POINT('',(24.45,5.,12.));
#9304=CARTESIAN_POINT('Origin',(22.65,5.,12.));
#9305=CARTESIAN_POINT('',(24.35,4.9,12.));
#9306=CARTESIAN_POINT('Origin',(24.4,4.95,6.));
#9307=CARTESIAN_POINT('',(24.45,5.,-12.));
#9308=CARTESIAN_POINT('',(24.45,5.,6.));
#9309=CARTESIAN_POINT('',(24.35,4.9,-12.));
#9310=CARTESIAN_POINT('Origin',(22.65,4.95,-12.));
#9311=CARTESIAN_POINT('',(22.65,5.,-13.8));
#9312=CARTESIAN_POINT('Origin',(22.65,5.,-12.));
#9313=CARTESIAN_POINT('',(22.65,4.9,-13.7));
#9314=CARTESIAN_POINT('Origin',(7.1,1.14,1.3));
#9315=CARTESIAN_POINT('',(7.,1.04,-6.6));
#9316=CARTESIAN_POINT('',(7.2,1.24,-6.25358983848622));
#9317=CARTESIAN_POINT('Origin',(7.4,1.44,-6.6));
#9318=CARTESIAN_POINT('',(7.,1.04,1.4));
#9319=CARTESIAN_POINT('',(7.,1.04,1.3));
#9320=CARTESIAN_POINT('',(7.2,1.24,1.4));
#9321=CARTESIAN_POINT('',(7.2,1.24,1.4));
#9322=CARTESIAN_POINT('',(7.2,1.24,1.3));
#9323=CARTESIAN_POINT('Origin',(5.8,1.14,1.4));
#9324=CARTESIAN_POINT('',(5.8,1.24,2.8));
#9325=CARTESIAN_POINT('',(5.8,1.04,2.6));
#9326=CARTESIAN_POINT('',(5.8,1.24,2.8));
#9327=CARTESIAN_POINT('Origin',(5.8,1.24,1.4));
#9328=CARTESIAN_POINT('Origin',(5.8,1.04,1.4));
#9329=CARTESIAN_POINT('Origin',(25.15,0.9,-3.675));
#9330=CARTESIAN_POINT('',(25.05,0.8,0.946410161513777));
#9331=CARTESIAN_POINT('Origin',(24.85,0.599999999999998,0.600000000000002));
#9332=CARTESIAN_POINT('',(25.05,0.8,13.1));
#9333=CARTESIAN_POINT('',(25.05,0.8,13.1));
#9334=CARTESIAN_POINT('',(25.05,0.8,-3.675));
#9335=CARTESIAN_POINT('Origin',(23.75,0.9,13.1));
#9336=CARTESIAN_POINT('',(24.8758097042503,0.8,13.7500403909112));
#9337=CARTESIAN_POINT('Ctrl Pts',(24.8758097042503,0.800000000000004,13.7500403909112));
#9338=CARTESIAN_POINT('Ctrl Pts',(24.8870395381672,0.823610779330497,13.7778099839721));
#9339=CARTESIAN_POINT('Ctrl Pts',(24.8952665985984,0.845815529898622,13.80718187165));
#9340=CARTESIAN_POINT('Ctrl Pts',(24.9093843985113,0.905793034766469,13.8962819051063));
#9341=CARTESIAN_POINT('Ctrl Pts',(24.9041904141783,0.945364802190402,13.9723540669615));
#9342=CARTESIAN_POINT('Ctrl Pts',(24.8714007362039,0.977864331011104,14.0629453188106));
#9343=CARTESIAN_POINT('Ctrl Pts',(24.8575643197336,0.986270246971339,14.0916190786348));
#9344=CARTESIAN_POINT('Ctrl Pts',(24.8225684042154,0.997338688168142,14.1452765349973));
#9345=CARTESIAN_POINT('Ctrl Pts',(24.8014052230297,1.,14.1702580802184));
#9346=CARTESIAN_POINT('Ctrl Pts',(24.7795228775369,1.,14.1909090909091));
#9347=CARTESIAN_POINT('Origin',(23.75,0.8,13.1));
#9348=CARTESIAN_POINT('Origin',(13.05,0.8,7.25));
#9349=CARTESIAN_POINT('',(24.5049834435271,0.8,13.5));
#9350=CARTESIAN_POINT('Origin',(24.5049834435271,0.8,13.9));
#9351=CARTESIAN_POINT('',(23.95,0.8,13.5));
#9352=CARTESIAN_POINT('',(25.25,0.8,13.5));
#9353=CARTESIAN_POINT('',(24.55,0.8,12.9));
#9354=CARTESIAN_POINT('Origin',(23.95,0.8,12.9));
#9355=CARTESIAN_POINT('',(24.55,0.8,1.6));
#9356=CARTESIAN_POINT('',(24.55,0.8,4.125));
#9357=CARTESIAN_POINT('',(23.95,0.8,1.));
#9358=CARTESIAN_POINT('Origin',(23.95,0.8,1.6));
#9359=CARTESIAN_POINT('',(24.85,0.8,1.));
#9360=CARTESIAN_POINT('',(12.75,0.8,1.));
#9361=CARTESIAN_POINT('Origin',(24.85,0.8,0.600000000000002));
#9362=CARTESIAN_POINT('Origin',(23.75,0.9,-13.1));
#9363=CARTESIAN_POINT('',(24.8758097042503,0.8,-13.7500403909112));
#9364=CARTESIAN_POINT('Ctrl Pts',(24.7795228775369,1.,-14.1909090909091));
#9365=CARTESIAN_POINT('Ctrl Pts',(24.8014052230296,1.,-14.1702580802184));
#9366=CARTESIAN_POINT('Ctrl Pts',(24.8225684042154,0.997338688168144,-14.1452765349973));
#9367=CARTESIAN_POINT('Ctrl Pts',(24.8575643197336,0.98627024697134,-14.0916190786348));
#9368=CARTESIAN_POINT('Ctrl Pts',(24.8714007362039,0.977864331011104,-14.0629453188106));
#9369=CARTESIAN_POINT('Ctrl Pts',(24.9041904141783,0.945364802190402,-13.9723540669615));
#9370=CARTESIAN_POINT('Ctrl Pts',(24.9093843985113,0.905793034766467,-13.8962819051063));
#9371=CARTESIAN_POINT('Ctrl Pts',(24.8952665985984,0.845815529898621,-13.80718187165));
#9372=CARTESIAN_POINT('Ctrl Pts',(24.8870395381672,0.823610779330495,-13.7778099839721));
#9373=CARTESIAN_POINT('Ctrl Pts',(24.8758097042503,0.800000000000001,-13.7500403909112));
#9374=CARTESIAN_POINT('',(25.05,0.8,-13.1));
#9375=CARTESIAN_POINT('',(25.05,0.8,-13.1));
#9376=CARTESIAN_POINT('Origin',(23.75,0.8,-13.1));
#9377=CARTESIAN_POINT('Origin',(25.15,0.9,-10.925));
#9378=CARTESIAN_POINT('',(25.05,0.8,-0.946410161513771));
#9379=CARTESIAN_POINT('Origin',(24.85,0.599999999999991,-0.599999999999998));
#9380=CARTESIAN_POINT('',(25.05,0.8,-10.925));
#9381=CARTESIAN_POINT('Origin',(24.9,0.8,-7.25));
#9382=CARTESIAN_POINT('',(24.85,0.8,-0.999999999999998));
#9383=CARTESIAN_POINT('Origin',(24.85,0.8,-0.599999999999998));
#9384=CARTESIAN_POINT('',(23.95,0.8,-0.999999999999998));
#9385=CARTESIAN_POINT('',(25.075,0.8,-0.999999999999998));
#9386=CARTESIAN_POINT('',(24.55,0.8,-1.6));
#9387=CARTESIAN_POINT('Origin',(23.95,0.8,-1.6));
#9388=CARTESIAN_POINT('',(24.55,0.8,-12.9));
#9389=CARTESIAN_POINT('',(24.55,0.8,-10.375));
#9390=CARTESIAN_POINT('',(23.95,0.8,-13.5));
#9391=CARTESIAN_POINT('Origin',(23.95,0.8,-12.9));
#9392=CARTESIAN_POINT('',(24.5049834435271,0.8,-13.5));
#9393=CARTESIAN_POINT('',(25.25,0.8,-13.5));
#9394=CARTESIAN_POINT('Origin',(24.5049834435271,0.8,-13.9));
#9395=CARTESIAN_POINT('Origin',(5.09810245480489,2.14,-10.4721139918227));
#9396=CARTESIAN_POINT('',(7.43933982822018,2.04,-12.9547727214753));
#9397=CARTESIAN_POINT('',(5.02739177668624,2.04,-10.5428246699413));
#9398=CARTESIAN_POINT('',(7.58076118445749,2.24,-12.8133513652379));
#9399=CARTESIAN_POINT('',(7.58076118445749,2.24,-12.8133513652379));
#9400=CARTESIAN_POINT('',(5.16881313292355,2.24,-10.401403313704));
#9401=CARTESIAN_POINT('Origin',(8.5,2.14,-11.8941125496954));
#9402=CARTESIAN_POINT('',(7.2,2.24,-11.8941125496954));
#9403=CARTESIAN_POINT('',(7.,2.04,-11.8941125496954));
#9404=CARTESIAN_POINT('',(7.2,2.24,-11.8941125496954));
#9405=CARTESIAN_POINT('Origin',(8.5,2.24,-11.8941125496954));
#9406=CARTESIAN_POINT('Origin',(8.5,2.04,-11.8941125496954));
#9407=CARTESIAN_POINT('Origin',(7.1,2.14,1.55));
#9408=CARTESIAN_POINT('',(7.2,2.24,-6.6));
#9409=CARTESIAN_POINT('',(7.,2.04,-6.6));
#9410=CARTESIAN_POINT('',(7.2,2.24,-6.6));
#9411=CARTESIAN_POINT('',(7.2,2.24,1.55));
#9412=CARTESIAN_POINT('',(7.,2.04,1.55));
#9413=CARTESIAN_POINT('Origin',(7.4,2.14,-6.6));
#9414=CARTESIAN_POINT('',(7.4,2.24,-6.4));
#9415=CARTESIAN_POINT('',(7.4,2.04,-6.2));
#9416=CARTESIAN_POINT('',(7.4,2.24,-6.4));
#9417=CARTESIAN_POINT('Origin',(7.4,2.24,-6.6));
#9418=CARTESIAN_POINT('Origin',(7.4,2.04,-6.6));
#9419=CARTESIAN_POINT('Origin',(11.6875,2.14,-6.3));
#9420=CARTESIAN_POINT('',(9.65,2.04,-6.2));
#9421=CARTESIAN_POINT('',(11.6875,2.04,-6.2));
#9422=CARTESIAN_POINT('',(9.65,2.24,-6.4));
#9423=CARTESIAN_POINT('',(9.65,2.24,-6.4));
#9424=CARTESIAN_POINT('',(11.6875,2.24,-6.4));
#9425=CARTESIAN_POINT('Origin',(9.65,2.14,-4.6));
#9426=CARTESIAN_POINT('',(11.45,2.24,-4.6));
#9427=CARTESIAN_POINT('',(11.25,2.04,-4.6));
#9428=CARTESIAN_POINT('',(11.45,2.24,-4.6));
#9429=CARTESIAN_POINT('Origin',(9.65,2.24,-4.6));
#9430=CARTESIAN_POINT('Origin',(9.65,2.04,-4.6));
#9431=CARTESIAN_POINT('Origin',(11.35,2.14,3.35));
#9432=CARTESIAN_POINT('',(11.25,2.04,4.6));
#9433=CARTESIAN_POINT('',(11.25,2.04,3.35));
#9434=CARTESIAN_POINT('',(11.45,2.24,4.6));
#9435=CARTESIAN_POINT('',(11.45,2.24,4.6));
#9436=CARTESIAN_POINT('',(11.45,2.24,3.35));
#9437=CARTESIAN_POINT('Origin',(9.65,2.14,4.6));
#9438=CARTESIAN_POINT('',(9.65,2.24,6.4));
#9439=CARTESIAN_POINT('',(9.65,2.04,6.2));
#9440=CARTESIAN_POINT('',(9.65,2.24,6.4));
#9441=CARTESIAN_POINT('Origin',(9.65,2.24,4.6));
#9442=CARTESIAN_POINT('Origin',(9.65,2.04,4.6));
#9443=CARTESIAN_POINT('Origin',(12.5,1.64,-13.7));
#9444=CARTESIAN_POINT('',(8.28456710674493,1.54,-13.8));
#9445=CARTESIAN_POINT('',(8.78228355337247,1.04228355337246,-14.2977164466275));
#9446=CARTESIAN_POINT('',(2.39999999999999,1.54,-13.8));
#9447=CARTESIAN_POINT('',(2.39999999999999,1.54,-13.8));
#9448=CARTESIAN_POINT('',(12.5,1.54,-13.8));
#9449=CARTESIAN_POINT('Origin',(2.39999999999999,1.64,-12.1));
#9450=CARTESIAN_POINT('',(1.65898717959808,1.54,-13.63));
#9451=CARTESIAN_POINT('',(1.65898717959808,1.54,-13.63));
#9452=CARTESIAN_POINT('Origin',(2.39999999999999,1.54,-12.1));
#9453=CARTESIAN_POINT('Origin',(1.0923303169378,1.64,-14.8));
#9454=CARTESIAN_POINT('',(1.0923303169378,1.54,-13.5));
#9455=CARTESIAN_POINT('',(1.0923303169378,1.54,-13.5));
#9456=CARTESIAN_POINT('Origin',(1.0923303169378,1.54,-14.8));
#9457=CARTESIAN_POINT('Origin',(10.,0.1,10.));
#9458=CARTESIAN_POINT('',(11.55,0.2,10.));
#9459=CARTESIAN_POINT('Origin',(10.,0.2,10.));
#9460=CARTESIAN_POINT('',(11.75,0.,10.));
#9461=CARTESIAN_POINT('',(11.65,0.1,10.));
#9462=CARTESIAN_POINT('Origin',(10.,0.,10.));
#9463=CARTESIAN_POINT('Origin',(10.,0.,10.));
#9464=CARTESIAN_POINT('',(11.55,2.04,10.));
#9465=CARTESIAN_POINT('Origin',(10.,2.04,10.));
#9466=CARTESIAN_POINT('',(11.55,0.,10.));
#9467=CARTESIAN_POINT('Origin',(10.,0.1,-10.));
#9468=CARTESIAN_POINT('',(11.55,0.2,-10.));
#9469=CARTESIAN_POINT('Origin',(10.,0.2,-10.));
#9470=CARTESIAN_POINT('',(11.75,0.,-10.));
#9471=CARTESIAN_POINT('',(11.65,0.1,-10.));
#9472=CARTESIAN_POINT('Origin',(10.,0.,-10.));
#9473=CARTESIAN_POINT('Origin',(10.,0.,-10.));
#9474=CARTESIAN_POINT('',(11.55,2.04,-10.));
#9475=CARTESIAN_POINT('Origin',(10.,2.04,-10.));
#9476=CARTESIAN_POINT('',(11.55,0.,-10.));
#9477=CARTESIAN_POINT('Origin',(5.8,0.1,1.4));
#9478=CARTESIAN_POINT('',(7.2,0.,1.4));
#9479=CARTESIAN_POINT('',(7.,0.2,1.4));
#9480=CARTESIAN_POINT('',(7.2,0.,1.4));
#9481=CARTESIAN_POINT('',(5.8,0.,2.8));
#9482=CARTESIAN_POINT('Origin',(5.8,0.,1.4));
#9483=CARTESIAN_POINT('',(5.8,0.2,2.6));
#9484=CARTESIAN_POINT('',(5.8,0.,2.8));
#9485=CARTESIAN_POINT('Origin',(5.8,0.2,1.4));
#9486=CARTESIAN_POINT('Origin',(7.1,0.1,1.3));
#9487=CARTESIAN_POINT('',(7.2,0.,-11.8941125496954));
#9488=CARTESIAN_POINT('',(7.,0.2,-11.8941125496954));
#9489=CARTESIAN_POINT('',(7.2,0.,-11.8941125496954));
#9490=CARTESIAN_POINT('',(7.2,0.,1.3));
#9491=CARTESIAN_POINT('',(7.,0.2,1.3));
#9492=CARTESIAN_POINT('Origin',(8.5,0.1,-11.8941125496954));
#9493=CARTESIAN_POINT('',(7.58076118445749,0.,-12.8133513652379));
#9494=CARTESIAN_POINT('',(7.43933982822018,0.2,-12.9547727214753));
#9495=CARTESIAN_POINT('',(7.58076118445749,0.,-12.8133513652379));
#9496=CARTESIAN_POINT('Origin',(8.5,0.,-11.8941125496954));
#9497=CARTESIAN_POINT('Origin',(8.5,0.2,-11.8941125496954));
#9498=CARTESIAN_POINT('Origin',(5.34810245480489,0.1,-10.7221139918227));
#9499=CARTESIAN_POINT('',(8.78664863476207,0.,-14.0192388155425));
#9500=CARTESIAN_POINT('',(8.64522727852476,0.2,-14.1606601717798));
#9501=CARTESIAN_POINT('',(8.78664863476207,0.,-14.0192388155425));
#9502=CARTESIAN_POINT('',(5.41881313292355,0.,-10.651403313704));
#9503=CARTESIAN_POINT('',(5.27739177668624,0.2,-10.7928246699413));
#9504=CARTESIAN_POINT('Origin',(9.70588745030458,0.1,-13.1));
#9505=CARTESIAN_POINT('',(9.70588745030458,0.,-14.4));
#9506=CARTESIAN_POINT('',(9.70588745030458,0.2,-14.6));
#9507=CARTESIAN_POINT('',(9.70588745030458,0.,-14.4));
#9508=CARTESIAN_POINT('Origin',(9.70588745030458,0.,-13.1));
#9509=CARTESIAN_POINT('Origin',(9.70588745030458,0.2,-13.1));
#9510=CARTESIAN_POINT('Origin',(10.8547835533725,0.1,-14.5));
#9511=CARTESIAN_POINT('',(23.75,0.,-14.4));
#9512=CARTESIAN_POINT('',(23.75,0.,-14.4));
#9513=CARTESIAN_POINT('',(10.8547835533725,0.,-14.4));
#9514=CARTESIAN_POINT('',(10.8547835533725,0.2,-14.6));
#9515=CARTESIAN_POINT('Origin',(23.75,0.1,-13.1));
#9516=CARTESIAN_POINT('',(24.642253160532,0.,-14.0454545454546));
#9517=CARTESIAN_POINT('',(24.642253160532,0.,-14.0454545454546));
#9518=CARTESIAN_POINT('Origin',(23.75,0.,-13.1));
#9519=CARTESIAN_POINT('Origin',(24.5049834435271,0.1,-13.9));
#9520=CARTESIAN_POINT('',(24.5049834435271,0.,-13.7));
#9521=CARTESIAN_POINT('',(24.5049834435271,0.2,-13.5));
#9522=CARTESIAN_POINT('',(24.5049834435271,0.,-13.7));
#9523=CARTESIAN_POINT('Origin',(24.5049834435271,0.,-13.9));
#9524=CARTESIAN_POINT('Origin',(24.5049834435271,0.2,-13.9));
#9525=CARTESIAN_POINT('Origin',(12.6875,0.1,-13.6));
#9526=CARTESIAN_POINT('',(13.35,0.2,-13.5));
#9527=CARTESIAN_POINT('',(12.6875,0.2,-13.5));
#9528=CARTESIAN_POINT('',(13.35,0.,-13.7));
#9529=CARTESIAN_POINT('',(13.35,0.,-13.7));
#9530=CARTESIAN_POINT('',(12.6875,0.,-13.7));
#9531=CARTESIAN_POINT('Origin',(13.35,0.1,-12.9));
#9532=CARTESIAN_POINT('',(12.55,0.,-12.9));
#9533=CARTESIAN_POINT('',(12.75,0.2,-12.9));
#9534=CARTESIAN_POINT('',(12.55,0.,-12.9));
#9535=CARTESIAN_POINT('Origin',(13.35,0.,-12.9));
#9536=CARTESIAN_POINT('Origin',(13.35,0.2,-12.9));
#9537=CARTESIAN_POINT('Origin',(12.65,0.1,-0.5));
#9538=CARTESIAN_POINT('',(12.75,0.2,-1.6));
#9539=CARTESIAN_POINT('',(12.75,0.2,-0.5));
#9540=CARTESIAN_POINT('',(12.55,0.,-1.6));
#9541=CARTESIAN_POINT('',(12.55,0.,-1.6));
#9542=CARTESIAN_POINT('',(12.55,0.,-0.5));
#9543=CARTESIAN_POINT('Origin',(13.35,0.1,-1.6));
#9544=CARTESIAN_POINT('',(13.35,0.,-0.799999999999999));
#9545=CARTESIAN_POINT('',(13.35,0.2,-1.));
#9546=CARTESIAN_POINT('',(13.35,0.,-0.799999999999999));
#9547=CARTESIAN_POINT('Origin',(13.35,0.,-1.6));
#9548=CARTESIAN_POINT('Origin',(13.35,0.2,-1.6));
#9549=CARTESIAN_POINT('Origin',(18.9375,0.1,-0.899999999999999));
#9550=CARTESIAN_POINT('',(24.85,0.2,-0.999999999999998));
#9551=CARTESIAN_POINT('',(18.9375,0.2,-0.999999999999999));
#9552=CARTESIAN_POINT('',(24.85,0.,-0.799999999999998));
#9553=CARTESIAN_POINT('',(24.85,0.,-0.799999999999998));
#9554=CARTESIAN_POINT('',(18.9375,0.,-0.799999999999999));
#9555=CARTESIAN_POINT('Origin',(24.85,0.1,-0.599999999999998));
#9556=CARTESIAN_POINT('',(25.05,0.,-0.599999999999998));
#9557=CARTESIAN_POINT('',(25.05,0.,-0.599999999999998));
#9558=CARTESIAN_POINT('Origin',(24.85,0.,-0.599999999999998));
#9559=CARTESIAN_POINT('Origin',(24.85,0.2,-0.599999999999998));
#9560=CARTESIAN_POINT('Origin',(25.15,0.1,-7.3));
#9561=CARTESIAN_POINT('',(25.05,0.,0.600000000000002));
#9562=CARTESIAN_POINT('',(25.05,0.,0.600000000000002));
#9563=CARTESIAN_POINT('',(25.05,0.,-7.3));
#9564=CARTESIAN_POINT('Origin',(24.85,0.1,0.600000000000002));
#9565=CARTESIAN_POINT('',(24.85,0.,0.800000000000001));
#9566=CARTESIAN_POINT('',(24.85,0.2,1.));
#9567=CARTESIAN_POINT('',(24.85,0.,0.800000000000001));
#9568=CARTESIAN_POINT('Origin',(24.85,0.,0.600000000000002));
#9569=CARTESIAN_POINT('Origin',(24.85,0.2,0.600000000000002));
#9570=CARTESIAN_POINT('Origin',(12.6875,0.1,0.9));
#9571=CARTESIAN_POINT('',(13.35,0.2,1.));
#9572=CARTESIAN_POINT('',(12.6875,0.2,1.));
#9573=CARTESIAN_POINT('',(13.35,0.,0.800000000000001));
#9574=CARTESIAN_POINT('',(13.35,0.,0.800000000000001));
#9575=CARTESIAN_POINT('',(12.6875,0.,0.8));
#9576=CARTESIAN_POINT('Origin',(13.35,0.1,1.6));
#9577=CARTESIAN_POINT('',(12.55,0.,1.6));
#9578=CARTESIAN_POINT('',(12.75,0.2,1.6));
#9579=CARTESIAN_POINT('',(12.55,0.,1.6));
#9580=CARTESIAN_POINT('Origin',(13.35,0.,1.6));
#9581=CARTESIAN_POINT('Origin',(13.35,0.2,1.6));
#9582=CARTESIAN_POINT('Origin',(12.65,0.1,6.75));
#9583=CARTESIAN_POINT('',(12.75,0.2,12.9));
#9584=CARTESIAN_POINT('',(12.75,0.2,6.75));
#9585=CARTESIAN_POINT('',(12.55,0.,12.9));
#9586=CARTESIAN_POINT('',(12.55,0.,12.9));
#9587=CARTESIAN_POINT('',(12.55,0.,6.75));
#9588=CARTESIAN_POINT('Origin',(13.35,0.1,12.9));
#9589=CARTESIAN_POINT('',(13.35,0.,13.7));
#9590=CARTESIAN_POINT('',(13.35,0.2,13.5));
#9591=CARTESIAN_POINT('',(13.35,0.,13.7));
#9592=CARTESIAN_POINT('Origin',(13.35,0.,12.9));
#9593=CARTESIAN_POINT('Origin',(13.35,0.2,12.9));
#9594=CARTESIAN_POINT('Origin',(18.9375,0.1,13.6));
#9595=CARTESIAN_POINT('',(24.5049834435271,0.2,13.5));
#9596=CARTESIAN_POINT('',(18.9375,0.2,13.5));
#9597=CARTESIAN_POINT('',(24.5049834435271,0.,13.7));
#9598=CARTESIAN_POINT('',(24.5049834435271,0.,13.7));
#9599=CARTESIAN_POINT('',(18.9375,0.,13.7));
#9600=CARTESIAN_POINT('Origin',(24.5049834435271,0.1,13.9));
#9601=CARTESIAN_POINT('',(24.642253160532,0.,14.0454545454545));
#9602=CARTESIAN_POINT('',(24.642253160532,0.,14.0454545454545));
#9603=CARTESIAN_POINT('Origin',(24.5049834435271,0.,13.9));
#9604=CARTESIAN_POINT('Origin',(24.5049834435271,0.2,13.9));
#9605=CARTESIAN_POINT('Origin',(23.75,0.1,13.1));
#9606=CARTESIAN_POINT('',(23.75,0.,14.4));
#9607=CARTESIAN_POINT('',(23.75,0.,14.4));
#9608=CARTESIAN_POINT('Origin',(23.75,0.,13.1));
#9609=CARTESIAN_POINT('Origin',(18.9375,0.1,14.5));
#9610=CARTESIAN_POINT('',(9.70588745030458,0.,14.4));
#9611=CARTESIAN_POINT('',(9.70588745030458,0.,14.4));
#9612=CARTESIAN_POINT('',(18.9375,0.,14.4));
#9613=CARTESIAN_POINT('Origin',(9.70588745030458,0.1,13.1));
#9614=CARTESIAN_POINT('',(8.78664863476206,0.,14.0192388155425));
#9615=CARTESIAN_POINT('',(8.64522727852476,0.2,14.1606601717798));
#9616=CARTESIAN_POINT('',(8.78664863476206,0.,14.0192388155425));
#9617=CARTESIAN_POINT('Origin',(9.70588745030458,0.,13.1));
#9618=CARTESIAN_POINT('Origin',(9.70588745030458,0.2,13.1));
#9619=CARTESIAN_POINT('Origin',(6.39038600817736,0.1,11.7643975451951));
#9620=CARTESIAN_POINT('',(7.76324676318529,0.2,13.2786796564404));
#9621=CARTESIAN_POINT('',(6.3196753300587,0.2,11.8351082233138));
#9622=CARTESIAN_POINT('',(7.9046681194226,0.,13.137258300203));
#9623=CARTESIAN_POINT('',(7.9046681194226,0.,13.137258300203));
#9624=CARTESIAN_POINT('',(6.46109668629601,0.,11.6936868670765));
#9625=CARTESIAN_POINT('Origin',(5.64192641962565,0.1,15.4));
#9626=CARTESIAN_POINT('',(5.64192641962565,0.,12.2));
#9627=CARTESIAN_POINT('',(5.64192641962565,0.2,12.4));
#9628=CARTESIAN_POINT('',(5.64192641962565,0.,12.2));
#9629=CARTESIAN_POINT('Origin',(5.64192641962565,0.,15.4));
#9630=CARTESIAN_POINT('Origin',(5.64192641962565,0.2,15.4));
#9631=CARTESIAN_POINT('Origin',(5.8,0.,1.4));
#9632=CARTESIAN_POINT('',(7.,0.,1.4));
#9633=CARTESIAN_POINT('',(5.8,0.,2.6));
#9634=CARTESIAN_POINT('Origin',(7.,0.,2.6));
#9635=CARTESIAN_POINT('',(7.,1.12,-6.6));
#9636=CARTESIAN_POINT('',(7.,0.,-11.8941125496954));
#9637=CARTESIAN_POINT('Origin',(8.5,0.,-11.8941125496954));
#9638=CARTESIAN_POINT('',(7.43933982822018,0.,-12.9547727214753));
#9639=CARTESIAN_POINT('Origin',(7.,0.,-12.5154328932551));
#9640=CARTESIAN_POINT('',(8.64522727852476,1.54,-14.1606601717798));
#9641=CARTESIAN_POINT('',(5.67114177668622,1.54,-11.1865746699413));
#9642=CARTESIAN_POINT('',(8.64522727852476,0.,-14.1606601717798));
#9643=CARTESIAN_POINT('Origin',(9.70588745030458,0.,-13.1));
#9644=CARTESIAN_POINT('',(8.95755597294979,1.54,-14.4));
#9645=CARTESIAN_POINT('Origin',(9.70588745030458,1.54,-13.1));
#9646=CARTESIAN_POINT('',(9.70588745030458,1.74,-14.6));
#9647=CARTESIAN_POINT('Origin',(9.70588745030458,0.240000000000003,-13.1));
#9648=CARTESIAN_POINT('',(9.70588745030458,0.,-14.6));
#9649=CARTESIAN_POINT('Origin',(24.5049834435271,0.,-13.9));
#9650=CARTESIAN_POINT('',(24.5049834435271,0.,-13.5));
#9651=CARTESIAN_POINT('Origin',(12.75,0.,-13.5));
#9652=CARTESIAN_POINT('',(21.95,0.8,-13.5));
#9653=CARTESIAN_POINT('',(25.25,0.8,-13.5));
#9654=CARTESIAN_POINT('',(19.95,0.8,-13.5));
#9655=CARTESIAN_POINT('',(18.825,0.8,-13.5));
#9656=CARTESIAN_POINT('',(17.95,0.8,-13.5));
#9657=CARTESIAN_POINT('',(25.25,0.8,-13.5));
#9658=CARTESIAN_POINT('',(15.95,0.8,-13.5));
#9659=CARTESIAN_POINT('',(18.825,0.8,-13.5));
#9660=CARTESIAN_POINT('',(13.95,0.8,-13.5));
#9661=CARTESIAN_POINT('',(25.25,0.8,-13.5));
#9662=CARTESIAN_POINT('',(13.95,1.6,-13.5));
#9663=CARTESIAN_POINT('',(13.95,0.,-13.5));
#9664=CARTESIAN_POINT('',(13.35,1.6,-13.5));
#9665=CARTESIAN_POINT('',(25.25,1.6,-13.5));
#9666=CARTESIAN_POINT('',(13.35,0.,-13.5));
#9667=CARTESIAN_POINT('Origin',(13.35,0.,-12.9));
#9668=CARTESIAN_POINT('',(12.75,1.6,-12.9));
#9669=CARTESIAN_POINT('Origin',(13.35,1.6,-12.9));
#9670=CARTESIAN_POINT('',(12.75,0.,-12.9));
#9671=CARTESIAN_POINT('Origin',(12.75,0.,-1.));
#9672=CARTESIAN_POINT('',(12.75,1.6,-1.6));
#9673=CARTESIAN_POINT('',(12.75,1.6,-13.5));
#9674=CARTESIAN_POINT('',(12.75,0.,-1.6));
#9675=CARTESIAN_POINT('Origin',(13.35,0.,-1.6));
#9676=CARTESIAN_POINT('',(13.35,1.6,-1.));
#9677=CARTESIAN_POINT('Origin',(13.35,1.6,-1.6));
#9678=CARTESIAN_POINT('',(13.35,0.,-1.));
#9679=CARTESIAN_POINT('Origin',(25.25,0.,-0.999999999999998));
#9680=CARTESIAN_POINT('',(13.95,1.6,-0.999999999999999));
#9681=CARTESIAN_POINT('',(12.75,1.6,-1.));
#9682=CARTESIAN_POINT('',(13.95,0.8,-1.));
#9683=CARTESIAN_POINT('',(13.95,0.,-1.));
#9684=CARTESIAN_POINT('',(15.95,0.8,-0.999999999999999));
#9685=CARTESIAN_POINT('',(12.75,0.8,-1.));
#9686=CARTESIAN_POINT('',(17.95,0.8,-0.999999999999999));
#9687=CARTESIAN_POINT('',(25.075,0.8,-0.999999999999998));
#9688=CARTESIAN_POINT('',(19.95,0.8,-0.999999999999999));
#9689=CARTESIAN_POINT('',(25.075,0.8,-0.999999999999998));
#9690=CARTESIAN_POINT('',(21.95,0.8,-0.999999999999999));
#9691=CARTESIAN_POINT('',(25.075,0.8,-0.999999999999998));
#9692=CARTESIAN_POINT('',(25.075,0.8,-0.999999999999998));
#9693=CARTESIAN_POINT('',(24.85,0.,-0.999999999999998));
#9694=CARTESIAN_POINT('Origin',(24.85,0.,-0.599999999999998));
#9695=CARTESIAN_POINT('Origin',(24.85,0.,0.600000000000002));
#9696=CARTESIAN_POINT('',(24.85,0.,1.));
#9697=CARTESIAN_POINT('Origin',(12.75,0.,1.));
#9698=CARTESIAN_POINT('',(21.95,0.8,1.));
#9699=CARTESIAN_POINT('',(12.75,0.8,1.));
#9700=CARTESIAN_POINT('',(19.95,0.8,1.));
#9701=CARTESIAN_POINT('',(12.75,0.8,1.));
#9702=CARTESIAN_POINT('',(17.95,0.8,1.));
#9703=CARTESIAN_POINT('',(12.75,0.8,1.));
#9704=CARTESIAN_POINT('',(15.95,0.8,1.));
#9705=CARTESIAN_POINT('',(12.75,0.8,1.));
#9706=CARTESIAN_POINT('',(13.95,0.8,1.));
#9707=CARTESIAN_POINT('',(12.75,0.8,1.));
#9708=CARTESIAN_POINT('',(13.95,1.6,1.));
#9709=CARTESIAN_POINT('',(13.95,0.,1.));
#9710=CARTESIAN_POINT('',(13.35,1.6,1.));
#9711=CARTESIAN_POINT('',(12.75,1.6,1.));
#9712=CARTESIAN_POINT('',(13.35,0.,1.));
#9713=CARTESIAN_POINT('Origin',(13.35,0.,1.6));
#9714=CARTESIAN_POINT('',(12.75,1.6,1.6));
#9715=CARTESIAN_POINT('Origin',(13.35,1.6,1.6));
#9716=CARTESIAN_POINT('',(12.75,0.,1.6));
#9717=CARTESIAN_POINT('Origin',(12.75,0.,13.5));
#9718=CARTESIAN_POINT('',(12.75,1.6,12.9));
#9719=CARTESIAN_POINT('',(12.75,1.6,13.5));
#9720=CARTESIAN_POINT('',(12.75,0.,12.9));
#9721=CARTESIAN_POINT('Origin',(13.35,0.,12.9));
#9722=CARTESIAN_POINT('',(13.35,1.6,13.5));
#9723=CARTESIAN_POINT('Origin',(13.35,1.6,12.9));
#9724=CARTESIAN_POINT('',(13.35,0.,13.5));
#9725=CARTESIAN_POINT('Origin',(25.25,0.,13.5));
#9726=CARTESIAN_POINT('',(13.95,1.6,13.5));
#9727=CARTESIAN_POINT('',(25.25,1.6,13.5));
#9728=CARTESIAN_POINT('',(13.95,0.8,13.5));
#9729=CARTESIAN_POINT('',(13.95,0.,13.5));
#9730=CARTESIAN_POINT('',(15.95,0.8,13.5));
#9731=CARTESIAN_POINT('',(25.25,0.8,13.5));
#9732=CARTESIAN_POINT('',(17.95,0.8,13.5));
#9733=CARTESIAN_POINT('',(25.25,0.8,13.5));
#9734=CARTESIAN_POINT('',(19.95,0.8,13.5));
#9735=CARTESIAN_POINT('',(25.25,0.8,13.5));
#9736=CARTESIAN_POINT('',(21.95,0.8,13.5));
#9737=CARTESIAN_POINT('',(25.25,0.8,13.5));
#9738=CARTESIAN_POINT('',(19.15,0.8,13.5));
#9739=CARTESIAN_POINT('',(24.5049834435271,0.,13.5));
#9740=CARTESIAN_POINT('Origin',(24.5049834435271,0.,13.9));
#9741=CARTESIAN_POINT('Origin',(9.70588745030458,0.,13.1));
#9742=CARTESIAN_POINT('',(8.64522727852476,2.04,14.1606601717798));
#9743=CARTESIAN_POINT('Origin',(9.70588745030458,2.04,13.1));
#9744=CARTESIAN_POINT('',(8.64522727852476,0.,14.1606601717798));
#9745=CARTESIAN_POINT('Origin',(9.08456710674493,0.,14.6));
#9746=CARTESIAN_POINT('',(7.76324676318529,2.04,13.2786796564404));
#9747=CARTESIAN_POINT('',(6.3196753300587,2.04,11.8351082233138));
#9748=CARTESIAN_POINT('',(7.76324676318529,0.,13.2786796564404));
#9749=CARTESIAN_POINT('Origin',(5.64192641962565,0.,15.4));
#9750=CARTESIAN_POINT('',(5.64192641962565,2.04,12.4));
#9751=CARTESIAN_POINT('Origin',(5.64192641962565,2.04,15.4));
#9752=CARTESIAN_POINT('',(5.64192641962565,0.,12.4));
#9753=CARTESIAN_POINT('Origin',(10.,2.14,-10.));
#9754=CARTESIAN_POINT('',(11.75,2.24,-10.));
#9755=CARTESIAN_POINT('',(11.65,2.14,-10.));
#9756=CARTESIAN_POINT('Origin',(10.,2.24,-10.));
#9757=CARTESIAN_POINT('Origin',(10.,2.14,10.));
#9758=CARTESIAN_POINT('',(11.75,2.24,10.));
#9759=CARTESIAN_POINT('',(11.65,2.14,10.));
#9760=CARTESIAN_POINT('Origin',(10.,2.24,10.));
#9761=CARTESIAN_POINT('Origin',(5.64192641962565,2.14,15.4));
#9762=CARTESIAN_POINT('',(7.9046681194226,2.24,13.137258300203));
#9763=CARTESIAN_POINT('',(7.9046681194226,2.24,13.137258300203));
#9764=CARTESIAN_POINT('',(5.64192641962565,2.24,12.2));
#9765=CARTESIAN_POINT('Origin',(5.64192641962565,2.24,15.4));
#9766=CARTESIAN_POINT('',(5.64192641962565,2.24,12.2));
#9767=CARTESIAN_POINT('Origin',(6.39038600817736,2.14,11.7643975451951));
#9768=CARTESIAN_POINT('',(8.78664863476207,2.24,14.0192388155425));
#9769=CARTESIAN_POINT('',(8.78664863476207,2.24,14.0192388155425));
#9770=CARTESIAN_POINT('',(6.46109668629601,2.24,11.6936868670765));
#9771=CARTESIAN_POINT('Origin',(9.70588745030458,2.14,13.1));
#9772=CARTESIAN_POINT('Origin',(9.70588745030458,2.24,13.1));
#9773=CARTESIAN_POINT('Origin',(7.4,1.12,-6.6));
#9774=CARTESIAN_POINT('',(7.4,1.24,-6.2));
#9775=CARTESIAN_POINT('Origin',(7.4,1.24,-6.6));
#9776=CARTESIAN_POINT('',(7.4,1.12,-6.2));
#9777=CARTESIAN_POINT('Origin',(23.95,1.6,7.25));
#9778=CARTESIAN_POINT('',(24.55,1.6,1.6));
#9779=CARTESIAN_POINT('',(23.35,1.6,1.6));
#9780=CARTESIAN_POINT('Origin',(23.95,1.6,1.6));
#9781=CARTESIAN_POINT('',(24.55,1.6,12.9));
#9782=CARTESIAN_POINT('',(24.55,1.6,-13.5));
#9783=CARTESIAN_POINT('',(23.35,1.6,12.9));
#9784=CARTESIAN_POINT('Origin',(23.95,1.6,12.9));
#9785=CARTESIAN_POINT('',(23.35,1.6,-13.5));
#9786=CARTESIAN_POINT('Origin',(23.95,0.,1.6));
#9787=CARTESIAN_POINT('',(23.35,0.8,1.6));
#9788=CARTESIAN_POINT('',(23.35,0.,1.6));
#9789=CARTESIAN_POINT('Origin',(23.95,0.8,1.6));
#9790=CARTESIAN_POINT('',(24.55,0.,1.6));
#9791=CARTESIAN_POINT('Origin',(23.35,0.,13.5));
#9792=CARTESIAN_POINT('',(23.35,0.8,12.9));
#9793=CARTESIAN_POINT('',(23.35,0.,12.9));
#9794=CARTESIAN_POINT('',(23.35,0.8,10.375));
#9795=CARTESIAN_POINT('Origin',(21.95,1.6,7.25));
#9796=CARTESIAN_POINT('',(22.55,1.6,1.6));
#9797=CARTESIAN_POINT('',(21.35,1.6,1.6));
#9798=CARTESIAN_POINT('Origin',(21.95,1.6,1.6));
#9799=CARTESIAN_POINT('',(22.55,1.6,12.9));
#9800=CARTESIAN_POINT('',(22.55,1.6,-13.5));
#9801=CARTESIAN_POINT('',(21.35,1.6,12.9));
#9802=CARTESIAN_POINT('Origin',(21.95,1.6,12.9));
#9803=CARTESIAN_POINT('',(21.35,1.6,-13.5));
#9804=CARTESIAN_POINT('Origin',(21.95,0.,1.6));
#9805=CARTESIAN_POINT('',(21.35,0.8,1.6));
#9806=CARTESIAN_POINT('',(21.35,0.,1.6));
#9807=CARTESIAN_POINT('Origin',(21.95,0.8,1.6));
#9808=CARTESIAN_POINT('',(22.55,0.8,1.6));
#9809=CARTESIAN_POINT('Origin',(21.95,0.8,1.6));
#9810=CARTESIAN_POINT('',(22.55,0.,1.6));
#9811=CARTESIAN_POINT('Origin',(21.35,0.,13.5));
#9812=CARTESIAN_POINT('',(21.35,0.8,12.9));
#9813=CARTESIAN_POINT('',(21.35,0.,12.9));
#9814=CARTESIAN_POINT('',(21.35,0.8,10.375));
#9815=CARTESIAN_POINT('Origin',(19.95,1.6,7.25));
#9816=CARTESIAN_POINT('',(20.55,1.6,1.6));
#9817=CARTESIAN_POINT('',(19.35,1.6,1.6));
#9818=CARTESIAN_POINT('Origin',(19.95,1.6,1.6));
#9819=CARTESIAN_POINT('',(20.55,1.6,12.9));
#9820=CARTESIAN_POINT('',(20.55,1.6,-13.5));
#9821=CARTESIAN_POINT('',(19.35,1.6,12.9));
#9822=CARTESIAN_POINT('Origin',(19.95,1.6,12.9));
#9823=CARTESIAN_POINT('',(19.35,1.6,-13.5));
#9824=CARTESIAN_POINT('Origin',(19.95,0.,1.6));
#9825=CARTESIAN_POINT('',(19.35,0.8,1.6));
#9826=CARTESIAN_POINT('',(19.35,0.,1.6));
#9827=CARTESIAN_POINT('Origin',(19.95,0.8,1.6));
#9828=CARTESIAN_POINT('',(20.55,0.8,1.6));
#9829=CARTESIAN_POINT('Origin',(19.95,0.8,1.6));
#9830=CARTESIAN_POINT('',(20.55,0.,1.6));
#9831=CARTESIAN_POINT('Origin',(19.35,0.,13.5));
#9832=CARTESIAN_POINT('',(19.35,0.8,12.9));
#9833=CARTESIAN_POINT('',(19.35,0.,12.9));
#9834=CARTESIAN_POINT('',(19.35,0.8,10.375));
#9835=CARTESIAN_POINT('Origin',(17.95,1.6,7.25));
#9836=CARTESIAN_POINT('',(18.55,1.6,1.6));
#9837=CARTESIAN_POINT('',(17.35,1.6,1.6));
#9838=CARTESIAN_POINT('Origin',(17.95,1.6,1.6));
#9839=CARTESIAN_POINT('',(18.55,1.6,12.9));
#9840=CARTESIAN_POINT('',(18.55,1.6,-13.5));
#9841=CARTESIAN_POINT('',(17.35,1.6,12.9));
#9842=CARTESIAN_POINT('Origin',(17.95,1.6,12.9));
#9843=CARTESIAN_POINT('',(17.35,1.6,-13.5));
#9844=CARTESIAN_POINT('Origin',(17.95,0.,1.6));
#9845=CARTESIAN_POINT('',(17.35,0.8,1.6));
#9846=CARTESIAN_POINT('',(17.35,0.,1.6));
#9847=CARTESIAN_POINT('Origin',(17.95,0.8,1.6));
#9848=CARTESIAN_POINT('',(18.55,0.8,1.6));
#9849=CARTESIAN_POINT('Origin',(17.95,0.8,1.6));
#9850=CARTESIAN_POINT('',(18.55,0.,1.6));
#9851=CARTESIAN_POINT('Origin',(17.35,0.,13.5));
#9852=CARTESIAN_POINT('',(17.35,0.8,12.9));
#9853=CARTESIAN_POINT('',(17.35,0.,12.9));
#9854=CARTESIAN_POINT('',(17.35,0.8,10.375));
#9855=CARTESIAN_POINT('Origin',(15.95,1.6,7.25));
#9856=CARTESIAN_POINT('',(16.55,1.6,1.6));
#9857=CARTESIAN_POINT('',(15.35,1.6,1.6));
#9858=CARTESIAN_POINT('Origin',(15.95,1.6,1.6));
#9859=CARTESIAN_POINT('',(16.55,1.6,12.9));
#9860=CARTESIAN_POINT('',(16.55,1.6,-13.5));
#9861=CARTESIAN_POINT('',(15.35,1.6,12.9));
#9862=CARTESIAN_POINT('Origin',(15.95,1.6,12.9));
#9863=CARTESIAN_POINT('',(15.35,1.6,-13.5));
#9864=CARTESIAN_POINT('Origin',(15.95,0.,1.6));
#9865=CARTESIAN_POINT('',(15.35,0.8,1.6));
#9866=CARTESIAN_POINT('',(15.35,0.,1.6));
#9867=CARTESIAN_POINT('Origin',(15.95,0.8,1.6));
#9868=CARTESIAN_POINT('',(16.55,0.8,1.6));
#9869=CARTESIAN_POINT('Origin',(15.95,0.8,1.6));
#9870=CARTESIAN_POINT('',(16.55,0.,1.6));
#9871=CARTESIAN_POINT('Origin',(13.95,0.,1.6));
#9872=CARTESIAN_POINT('',(14.55,1.6,1.6));
#9873=CARTESIAN_POINT('Origin',(13.95,1.6,1.6));
#9874=CARTESIAN_POINT('',(14.55,0.8,1.6));
#9875=CARTESIAN_POINT('Origin',(13.95,0.8,1.6));
#9876=CARTESIAN_POINT('',(14.55,0.,1.6));
#9877=CARTESIAN_POINT('Origin',(14.55,0.,1.));
#9878=CARTESIAN_POINT('',(14.55,0.8,12.9));
#9879=CARTESIAN_POINT('',(14.55,0.8,4.125));
#9880=CARTESIAN_POINT('',(14.55,1.6,12.9));
#9881=CARTESIAN_POINT('',(14.55,0.,12.9));
#9882=CARTESIAN_POINT('',(14.55,1.6,-13.5));
#9883=CARTESIAN_POINT('Origin',(13.65,1.6,7.25));
#9884=CARTESIAN_POINT('Origin',(13.95,1.6,12.9));
#9885=CARTESIAN_POINT('Origin',(13.95,0.,12.9));
#9886=CARTESIAN_POINT('Origin',(13.95,0.8,12.9));
#9887=CARTESIAN_POINT('Origin',(15.95,0.,12.9));
#9888=CARTESIAN_POINT('',(16.55,0.8,12.9));
#9889=CARTESIAN_POINT('',(16.55,0.,12.9));
#9890=CARTESIAN_POINT('Origin',(15.95,0.8,12.9));
#9891=CARTESIAN_POINT('',(15.35,0.8,12.9));
#9892=CARTESIAN_POINT('Origin',(15.95,0.8,12.9));
#9893=CARTESIAN_POINT('',(15.35,0.,12.9));
#9894=CARTESIAN_POINT('Origin',(16.55,0.,1.));
#9895=CARTESIAN_POINT('',(16.55,0.8,4.125));
#9896=CARTESIAN_POINT('Origin',(17.95,0.,12.9));
#9897=CARTESIAN_POINT('',(18.55,0.8,12.9));
#9898=CARTESIAN_POINT('',(18.55,0.,12.9));
#9899=CARTESIAN_POINT('Origin',(17.95,0.8,12.9));
#9900=CARTESIAN_POINT('Origin',(17.95,0.8,12.9));
#9901=CARTESIAN_POINT('Origin',(18.55,0.,1.));
#9902=CARTESIAN_POINT('',(18.55,0.8,4.125));
#9903=CARTESIAN_POINT('Origin',(19.95,0.,12.9));
#9904=CARTESIAN_POINT('',(20.55,0.8,12.9));
#9905=CARTESIAN_POINT('',(20.55,0.,12.9));
#9906=CARTESIAN_POINT('Origin',(19.95,0.8,12.9));
#9907=CARTESIAN_POINT('Origin',(19.95,0.8,12.9));
#9908=CARTESIAN_POINT('Origin',(20.55,0.,1.));
#9909=CARTESIAN_POINT('',(20.55,0.8,4.125));
#9910=CARTESIAN_POINT('Origin',(22.55,0.,1.));
#9911=CARTESIAN_POINT('',(22.55,0.8,12.9));
#9912=CARTESIAN_POINT('',(22.55,0.8,4.125));
#9913=CARTESIAN_POINT('',(22.55,0.,12.9));
#9914=CARTESIAN_POINT('Origin',(21.95,0.,12.9));
#9915=CARTESIAN_POINT('Origin',(21.95,0.8,12.9));
#9916=CARTESIAN_POINT('Origin',(21.95,0.8,12.9));
#9917=CARTESIAN_POINT('Origin',(23.95,0.,12.9));
#9918=CARTESIAN_POINT('',(24.55,0.,12.9));
#9919=CARTESIAN_POINT('Origin',(23.95,0.8,12.9));
#9920=CARTESIAN_POINT('Origin',(24.55,0.,1.));
#9921=CARTESIAN_POINT('Origin',(24.55,0.,-13.5));
#9922=CARTESIAN_POINT('',(24.55,1.6,-1.6));
#9923=CARTESIAN_POINT('',(24.55,0.,-1.6));
#9924=CARTESIAN_POINT('',(24.55,1.6,-12.9));
#9925=CARTESIAN_POINT('',(24.55,1.6,-13.5));
#9926=CARTESIAN_POINT('',(24.55,0.,-12.9));
#9927=CARTESIAN_POINT('Origin',(23.95,0.,-1.6));
#9928=CARTESIAN_POINT('',(23.35,1.6,-1.6));
#9929=CARTESIAN_POINT('Origin',(23.95,1.6,-1.6));
#9930=CARTESIAN_POINT('',(23.35,0.8,-1.6));
#9931=CARTESIAN_POINT('Origin',(23.95,0.8,-1.6));
#9932=CARTESIAN_POINT('',(23.35,0.,-1.6));
#9933=CARTESIAN_POINT('Origin',(23.95,1.6,-7.25));
#9934=CARTESIAN_POINT('',(23.35,1.6,-12.9));
#9935=CARTESIAN_POINT('',(23.35,1.6,-13.5));
#9936=CARTESIAN_POINT('Origin',(23.95,1.6,-12.9));
#9937=CARTESIAN_POINT('Origin',(22.55,0.,-13.5));
#9938=CARTESIAN_POINT('',(22.55,0.8,-1.6));
#9939=CARTESIAN_POINT('',(22.55,1.6,-1.6));
#9940=CARTESIAN_POINT('',(22.55,0.,-1.6));
#9941=CARTESIAN_POINT('',(22.55,1.6,-12.9));
#9942=CARTESIAN_POINT('',(22.55,1.6,-13.5));
#9943=CARTESIAN_POINT('',(22.55,0.8,-12.9));
#9944=CARTESIAN_POINT('',(22.55,0.,-12.9));
#9945=CARTESIAN_POINT('',(22.55,0.8,-10.375));
#9946=CARTESIAN_POINT('Origin',(21.95,0.,-1.6));
#9947=CARTESIAN_POINT('',(21.35,1.6,-1.6));
#9948=CARTESIAN_POINT('Origin',(21.95,1.6,-1.6));
#9949=CARTESIAN_POINT('Origin',(21.95,0.8,-1.6));
#9950=CARTESIAN_POINT('',(21.35,0.8,-1.6));
#9951=CARTESIAN_POINT('Origin',(21.95,0.8,-1.6));
#9952=CARTESIAN_POINT('',(21.35,0.,-1.6));
#9953=CARTESIAN_POINT('Origin',(21.95,1.6,-7.25));
#9954=CARTESIAN_POINT('',(21.35,1.6,-12.9));
#9955=CARTESIAN_POINT('',(21.35,1.6,-13.5));
#9956=CARTESIAN_POINT('Origin',(21.95,1.6,-12.9));
#9957=CARTESIAN_POINT('Origin',(20.55,0.,-13.5));
#9958=CARTESIAN_POINT('',(20.55,0.8,-1.6));
#9959=CARTESIAN_POINT('',(20.55,1.6,-1.6));
#9960=CARTESIAN_POINT('',(20.55,0.,-1.6));
#9961=CARTESIAN_POINT('',(20.55,1.6,-12.9));
#9962=CARTESIAN_POINT('',(20.55,1.6,-13.5));
#9963=CARTESIAN_POINT('',(20.55,0.8,-12.9));
#9964=CARTESIAN_POINT('',(20.55,0.,-12.9));
#9965=CARTESIAN_POINT('',(20.55,0.8,-10.375));
#9966=CARTESIAN_POINT('Origin',(19.95,0.,-1.6));
#9967=CARTESIAN_POINT('',(19.35,1.6,-1.6));
#9968=CARTESIAN_POINT('Origin',(19.95,1.6,-1.6));
#9969=CARTESIAN_POINT('Origin',(19.95,0.8,-1.6));
#9970=CARTESIAN_POINT('',(19.35,0.8,-1.6));
#9971=CARTESIAN_POINT('Origin',(19.95,0.8,-1.6));
#9972=CARTESIAN_POINT('',(19.35,0.,-1.6));
#9973=CARTESIAN_POINT('Origin',(19.95,1.6,-7.25));
#9974=CARTESIAN_POINT('',(19.35,1.6,-12.9));
#9975=CARTESIAN_POINT('',(19.35,1.6,-13.5));
#9976=CARTESIAN_POINT('Origin',(19.95,1.6,-12.9));
#9977=CARTESIAN_POINT('Origin',(18.55,0.,-13.5));
#9978=CARTESIAN_POINT('',(18.55,0.8,-1.6));
#9979=CARTESIAN_POINT('',(18.55,1.6,-1.6));
#9980=CARTESIAN_POINT('',(18.55,0.,-1.6));
#9981=CARTESIAN_POINT('',(18.55,1.6,-12.9));
#9982=CARTESIAN_POINT('',(18.55,1.6,-13.5));
#9983=CARTESIAN_POINT('',(18.55,0.8,-12.9));
#9984=CARTESIAN_POINT('',(18.55,0.,-12.9));
#9985=CARTESIAN_POINT('',(18.55,0.8,-10.375));
#9986=CARTESIAN_POINT('Origin',(17.95,0.,-1.6));
#9987=CARTESIAN_POINT('',(17.35,1.6,-1.6));
#9988=CARTESIAN_POINT('Origin',(17.95,1.6,-1.6));
#9989=CARTESIAN_POINT('Origin',(17.95,0.8,-1.6));
#9990=CARTESIAN_POINT('',(17.35,0.8,-1.6));
#9991=CARTESIAN_POINT('Origin',(17.95,0.8,-1.6));
#9992=CARTESIAN_POINT('',(17.35,0.,-1.6));
#9993=CARTESIAN_POINT('Origin',(17.95,1.6,-7.25));
#9994=CARTESIAN_POINT('',(17.35,1.6,-12.9));
#9995=CARTESIAN_POINT('',(17.35,1.6,-13.5));
#9996=CARTESIAN_POINT('Origin',(17.95,1.6,-12.9));
#9997=CARTESIAN_POINT('Origin',(16.55,0.,-13.5));
#9998=CARTESIAN_POINT('',(16.55,0.8,-1.6));
#9999=CARTESIAN_POINT('',(16.55,1.6,-1.6));
#10000=CARTESIAN_POINT('',(16.55,0.,-1.6));
#10001=CARTESIAN_POINT('',(16.55,1.6,-12.9));
#10002=CARTESIAN_POINT('',(16.55,1.6,-13.5));
#10003=CARTESIAN_POINT('',(16.55,0.8,-12.9));
#10004=CARTESIAN_POINT('',(16.55,0.,-12.9));
#10005=CARTESIAN_POINT('',(16.55,0.8,-10.375));
#10006=CARTESIAN_POINT('Origin',(15.95,0.,-1.6));
#10007=CARTESIAN_POINT('',(15.35,1.6,-1.6));
#10008=CARTESIAN_POINT('Origin',(15.95,1.6,-1.6));
#10009=CARTESIAN_POINT('Origin',(15.95,0.8,-1.6));
#10010=CARTESIAN_POINT('',(15.35,0.8,-1.6));
#10011=CARTESIAN_POINT('Origin',(15.95,0.8,-1.6));
#10012=CARTESIAN_POINT('',(15.35,0.,-1.6));
#10013=CARTESIAN_POINT('Origin',(15.95,1.6,-7.25));
#10014=CARTESIAN_POINT('',(15.35,1.6,-12.9));
#10015=CARTESIAN_POINT('',(15.35,1.6,-13.5));
#10016=CARTESIAN_POINT('Origin',(15.95,1.6,-12.9));
#10017=CARTESIAN_POINT('Origin',(13.95,0.,-1.6));
#10018=CARTESIAN_POINT('',(14.55,1.6,-1.6));
#10019=CARTESIAN_POINT('Origin',(13.95,1.6,-1.6));
#10020=CARTESIAN_POINT('',(14.55,0.8,-1.6));
#10021=CARTESIAN_POINT('',(14.55,0.,-1.6));
#10022=CARTESIAN_POINT('Origin',(13.95,0.8,-1.6));
#10023=CARTESIAN_POINT('Origin',(13.95,0.,-12.9));
#10024=CARTESIAN_POINT('',(14.55,1.6,-12.9));
#10025=CARTESIAN_POINT('Origin',(13.95,1.6,-12.9));
#10026=CARTESIAN_POINT('',(14.55,0.8,-12.9));
#10027=CARTESIAN_POINT('Origin',(13.95,0.8,-12.9));
#10028=CARTESIAN_POINT('',(14.55,0.,-12.9));
#10029=CARTESIAN_POINT('Origin',(13.65,1.6,-7.25));
#10030=CARTESIAN_POINT('',(14.55,1.6,-13.5));
#10031=CARTESIAN_POINT('Origin',(15.95,0.,-12.9));
#10032=CARTESIAN_POINT('',(15.35,0.8,-12.9));
#10033=CARTESIAN_POINT('',(15.35,0.,-12.9));
#10034=CARTESIAN_POINT('Origin',(15.95,0.8,-12.9));
#10035=CARTESIAN_POINT('Origin',(15.95,0.8,-12.9));
#10036=CARTESIAN_POINT('Origin',(15.35,0.,-1.));
#10037=CARTESIAN_POINT('',(15.35,0.8,-4.125));
#10038=CARTESIAN_POINT('Origin',(17.35,0.,-1.));
#10039=CARTESIAN_POINT('',(17.35,0.8,-12.9));
#10040=CARTESIAN_POINT('',(17.35,0.8,-4.125));
#10041=CARTESIAN_POINT('',(17.35,0.,-12.9));
#10042=CARTESIAN_POINT('Origin',(17.95,0.,-12.9));
#10043=CARTESIAN_POINT('Origin',(17.95,0.8,-12.9));
#10044=CARTESIAN_POINT('Origin',(17.95,0.8,-12.9));
#10045=CARTESIAN_POINT('Origin',(19.95,0.,-12.9));
#10046=CARTESIAN_POINT('',(19.35,0.8,-12.9));
#10047=CARTESIAN_POINT('',(19.35,0.,-12.9));
#10048=CARTESIAN_POINT('Origin',(19.95,0.8,-12.9));
#10049=CARTESIAN_POINT('Origin',(19.95,0.8,-12.9));
#10050=CARTESIAN_POINT('Origin',(19.35,0.,-0.999999999999998));
#10051=CARTESIAN_POINT('',(19.35,0.8,-4.125));
#10052=CARTESIAN_POINT('Origin',(21.35,0.,-0.999999999999998));
#10053=CARTESIAN_POINT('',(21.35,0.8,-12.9));
#10054=CARTESIAN_POINT('',(21.35,0.8,-4.125));
#10055=CARTESIAN_POINT('',(21.35,0.,-12.9));
#10056=CARTESIAN_POINT('Origin',(21.95,0.,-12.9));
#10057=CARTESIAN_POINT('Origin',(21.95,0.8,-12.9));
#10058=CARTESIAN_POINT('Origin',(21.95,0.8,-12.9));
#10059=CARTESIAN_POINT('Origin',(23.95,0.,-12.9));
#10060=CARTESIAN_POINT('',(23.35,0.8,-12.9));
#10061=CARTESIAN_POINT('',(23.35,0.,-12.9));
#10062=CARTESIAN_POINT('Origin',(23.95,0.8,-12.9));
#10063=CARTESIAN_POINT('Origin',(23.35,0.,-0.999999999999998));
#10064=CARTESIAN_POINT('',(23.35,0.8,-4.125));
#10065=CARTESIAN_POINT('Origin',(9.65,2.24,-4.6));
#10066=CARTESIAN_POINT('',(9.65,1.24,-6.2));
#10067=CARTESIAN_POINT('',(9.65,2.24,-6.2));
#10068=CARTESIAN_POINT('',(11.25,1.24,-4.6));
#10069=CARTESIAN_POINT('Origin',(9.65,1.24,-4.6));
#10070=CARTESIAN_POINT('',(11.25,2.24,-4.6));
#10071=CARTESIAN_POINT('Origin',(11.25,2.24,-6.2));
#10072=CARTESIAN_POINT('',(-11.25,1.24,-6.2));
#10073=CARTESIAN_POINT('Origin',(9.65,2.24,4.6));
#10074=CARTESIAN_POINT('',(11.25,1.24,4.6));
#10075=CARTESIAN_POINT('',(11.25,2.24,4.6));
#10076=CARTESIAN_POINT('',(9.65,1.24,6.2));
#10077=CARTESIAN_POINT('Origin',(9.65,1.24,4.6));
#10078=CARTESIAN_POINT('',(9.65,2.24,6.2));
#10079=CARTESIAN_POINT('Origin',(11.25,2.24,6.2));
#10080=CARTESIAN_POINT('',(11.25,1.24,-6.2));
#10081=CARTESIAN_POINT('Origin',(15.35,0.,13.5));
#10082=CARTESIAN_POINT('',(15.35,0.8,10.375));
#10083=CARTESIAN_POINT('Origin',(14.55,0.,-13.5));
#10084=CARTESIAN_POINT('',(14.55,0.8,-10.375));
#10085=CARTESIAN_POINT('Origin',(13.05,0.8,7.25));
#10086=CARTESIAN_POINT('Origin',(13.05,0.8,7.25));
#10087=CARTESIAN_POINT('Origin',(13.05,0.8,7.25));
#10088=CARTESIAN_POINT('Origin',(13.05,0.8,7.25));
#10089=CARTESIAN_POINT('Origin',(13.05,0.8,7.25));
#10090=CARTESIAN_POINT('Origin',(24.9,0.8,-7.25));
#10091=CARTESIAN_POINT('Origin',(24.9,0.8,-7.25));
#10092=CARTESIAN_POINT('Origin',(24.9,0.8,-7.25));
#10093=CARTESIAN_POINT('Origin',(24.9,0.8,-7.25));
#10094=CARTESIAN_POINT('Origin',(24.9,0.8,-7.25));
#10095=CARTESIAN_POINT('Origin',(-9.08456710674494,0.,-14.6));
#10096=CARTESIAN_POINT('',(-23.75,4.8,-14.6));
#10097=CARTESIAN_POINT('',(7.69853355337247,4.8,-14.6));
#10098=CARTESIAN_POINT('',(-9.70588745030458,1.74,-14.6));
#10099=CARTESIAN_POINT('',(-4.91728355337247,1.74,-14.6));
#10100=CARTESIAN_POINT('',(-9.70588745030458,0.2,-14.6));
#10101=CARTESIAN_POINT('',(-9.70588745030458,0.,-14.6));
#10102=CARTESIAN_POINT('',(-23.75,0.2,-14.6));
#10103=CARTESIAN_POINT('',(-10.8547835533725,0.2,-14.6));
#10104=CARTESIAN_POINT('',(-23.75,0.,-14.6));
#10105=CARTESIAN_POINT('Origin',(-23.75,0.,-13.1));
#10106=CARTESIAN_POINT('',(-25.25,4.8,-13.1));
#10107=CARTESIAN_POINT('Origin',(-23.75,4.79999999999999,-13.1));
#10108=CARTESIAN_POINT('',(-24.7795228775369,0.2,-14.1909090909091));
#10109=CARTESIAN_POINT('Origin',(-23.75,0.2,-13.1));
#10110=CARTESIAN_POINT('',(-24.7795228775369,1.,-14.1909090909091));
#10111=CARTESIAN_POINT('',(-24.7795228775369,0.,-14.1909090909091));
#10112=CARTESIAN_POINT('',(-25.25,1.,-13.1));
#10113=CARTESIAN_POINT('Origin',(-23.75,1.,-13.1));
#10114=CARTESIAN_POINT('',(-25.25,0.,-13.1));
#10115=CARTESIAN_POINT('Origin',(-25.25,0.,-14.6));
#10116=CARTESIAN_POINT('',(-25.25,4.8,13.1));
#10117=CARTESIAN_POINT('',(-25.25,4.8,-10.575));
#10118=CARTESIAN_POINT('',(-25.25,1.,-0.599999999999998));
#10119=CARTESIAN_POINT('',(-25.25,1.,-10.925));
#10120=CARTESIAN_POINT('',(-25.25,0.2,-0.599999999999999));
#10121=CARTESIAN_POINT('',(-25.25,0.,-0.599999999999999));
#10122=CARTESIAN_POINT('',(-25.25,0.2,0.600000000000001));
#10123=CARTESIAN_POINT('',(-25.25,0.2,-7.3));
#10124=CARTESIAN_POINT('',(-25.25,1.,0.600000000000001));
#10125=CARTESIAN_POINT('',(-25.25,0.,0.600000000000001));
#10126=CARTESIAN_POINT('',(-25.25,1.,13.1));
#10127=CARTESIAN_POINT('',(-25.25,1.,-3.675));
#10128=CARTESIAN_POINT('',(-25.25,0.,13.1));
#10129=CARTESIAN_POINT('Origin',(-23.75,0.,13.1));
#10130=CARTESIAN_POINT('',(-23.75,4.8,14.6));
#10131=CARTESIAN_POINT('Origin',(-23.75,4.79999999999999,13.1));
#10132=CARTESIAN_POINT('',(-24.7795228775369,1.,14.1909090909091));
#10133=CARTESIAN_POINT('Origin',(-23.75,1.,13.1));
#10134=CARTESIAN_POINT('',(-24.7795228775369,0.2,14.1909090909091));
#10135=CARTESIAN_POINT('',(-24.7795228775369,0.,14.1909090909091));
#10136=CARTESIAN_POINT('',(-23.75,0.2,14.6));
#10137=CARTESIAN_POINT('Origin',(-23.75,0.2,13.1));
#10138=CARTESIAN_POINT('',(-23.75,0.,14.6));
#10139=CARTESIAN_POINT('Origin',(-25.25,0.,14.6));
#10140=CARTESIAN_POINT('',(-9.70589026923008,4.8,14.6));
#10141=CARTESIAN_POINT('',(-21.71875,4.8,14.6));
#10142=CARTESIAN_POINT('',(-9.70588745030458,0.2,14.6));
#10143=CARTESIAN_POINT('',(-18.9375,0.2,14.6));
#10144=CARTESIAN_POINT('',(-9.70588745030458,2.04,14.6));
#10145=CARTESIAN_POINT('',(-9.70588745030458,0.,14.6));
#10146=CARTESIAN_POINT('',(-9.70589020739035,5.,14.6));
#10147=CARTESIAN_POINT('Origin',(-9.70589020739035,5.,14.05));
#10148=CARTESIAN_POINT('',(-9.70589026923008,4.70000000000005,13.5));
#10149=CARTESIAN_POINT('Ctrl Pts',(-9.70589026923008,4.8,14.6));
#10150=CARTESIAN_POINT('Ctrl Pts',(-9.64273912615032,4.79999999289955,14.6000000071005));
#10151=CARTESIAN_POINT('Ctrl Pts',(-9.57504573739306,4.79884004511059,14.5884428131633));
#10152=CARTESIAN_POINT('Ctrl Pts',(-9.44892629463841,4.79412177504094,14.5409281881134));
#10153=CARTESIAN_POINT('Ctrl Pts',(-9.39049924422871,4.79056978449671,14.5049727732937));
#10154=CARTESIAN_POINT('Ctrl Pts',(-9.2929460391018,4.78223424139106,14.4193705703333));
#10155=CARTESIAN_POINT('Ctrl Pts',(-9.24785992100151,4.77676813949904,14.3626419380505));
#10156=CARTESIAN_POINT('Ctrl Pts',(-9.18350001943623,4.7648153997732,14.2361322528306));
#10157=CARTESIAN_POINT('Ctrl Pts',(-9.16422468149898,4.75833441226893,14.166351456928));
#10158=CARTESIAN_POINT('Ctrl Pts',(-9.15166465639203,4.74577438716198,14.0287632754497));
#10159=CARTESIAN_POINT('Ctrl Pts',(-9.15947844325398,4.73885679671984,13.9515872488971));
#10160=CARTESIAN_POINT('Ctrl Pts',(-9.20649891657048,4.72615216866878,13.8073908013046));
#10161=CARTESIAN_POINT('Ctrl Pts',(-9.24570735719712,4.72035864140177,13.740371524137));
#10162=CARTESIAN_POINT('Ctrl Pts',(-9.34253213664226,4.71094628876529,13.6303888705005));
#10163=CARTESIAN_POINT('Ctrl Pts',(-9.40718964090832,4.70682015867085,13.5814519340518));
#10164=CARTESIAN_POINT('Ctrl Pts',(-9.55136622156302,4.70135001383674,13.5162569379899));
#10165=CARTESIAN_POINT('Ctrl Pts',(-9.63088557332936,4.69999999156683,13.4999999915668));
#10166=CARTESIAN_POINT('Ctrl Pts',(-9.70589026923008,4.70000000000005,13.5));
#10167=CARTESIAN_POINT('',(-9.21871467598572,2.24,14.3052645717694));
#10168=CARTESIAN_POINT('Ctrl Pts',(-9.21871467598572,2.24,14.3052645717694));
#10169=CARTESIAN_POINT('Ctrl Pts',(-9.23975509003663,2.21065526987617,14.3454204571912));
#10170=CARTESIAN_POINT('Ctrl Pts',(-9.26846512598706,2.18103807523667,14.3874224372101));
#10171=CARTESIAN_POINT('Ctrl Pts',(-9.34017494751047,2.1283600323611,14.4642205387677));
#10172=CARTESIAN_POINT('Ctrl Pts',(-9.38359446376898,2.10546537068966,14.4987336481191));
#10173=CARTESIAN_POINT('Ctrl Pts',(-9.46719680129364,2.07355595407968,14.5474970845089));
#10174=CARTESIAN_POINT('Ctrl Pts',(-9.51263873961311,2.06081437460237,14.5673267349561));
#10175=CARTESIAN_POINT('Ctrl Pts',(-9.60856595600762,2.04403541533725,14.5936001010862));
#10176=CARTESIAN_POINT('Ctrl Pts',(-9.6590635360029,2.039999999996,14.6000001359025));
#10177=CARTESIAN_POINT('Ctrl Pts',(-9.70589180359791,2.039999999996,14.5999999999977));
#10178=CARTESIAN_POINT('',(-9.70589020739035,2.24,13.5));
#10179=CARTESIAN_POINT('Origin',(-9.70589020739035,2.24,14.05));
#10180=CARTESIAN_POINT('',(-9.70589020739035,5.,13.5));
#10181=CARTESIAN_POINT('Origin',(-15.,5.,13.6));
#10182=CARTESIAN_POINT('',(-15.7681145747869,4.8,13.6));
#10183=CARTESIAN_POINT('',(-22.65,4.8,13.6));
#10184=CARTESIAN_POINT('',(-13.0827225673075,4.8,13.6));
#10185=CARTESIAN_POINT('',(-15.7681145747869,2.24,13.6));
#10186=CARTESIAN_POINT('',(-15.7681145747869,5.,13.6));
#10187=CARTESIAN_POINT('',(-22.65,2.24,13.6));
#10188=CARTESIAN_POINT('',(-24.25,2.24,13.6));
#10189=CARTESIAN_POINT('',(-22.65,5.,13.6));
#10190=CARTESIAN_POINT('Origin',(-15.7681145747869,5.,10.6));
#10191=CARTESIAN_POINT('',(-15.1391824993164,4.73333333333333,13.5333333333333));
#10192=CARTESIAN_POINT('Origin',(-15.7681145747869,1.8,10.6));
#10193=CARTESIAN_POINT('',(-15.1391824993164,2.24,13.5333333333333));
#10194=CARTESIAN_POINT('',(-15.1391824993164,5.,13.5333333333333));
#10195=CARTESIAN_POINT('Origin',(-15.7681145747869,2.24,10.6));
#10196=CARTESIAN_POINT('Origin',(-14.8247164615812,5.,15.));
#10197=CARTESIAN_POINT('',(-14.8247164615812,4.7,13.5));
#10198=CARTESIAN_POINT('Origin',(-14.8247164615812,6.2,15.));
#10199=CARTESIAN_POINT('',(-14.8247164615812,2.24,13.5));
#10200=CARTESIAN_POINT('',(-14.8247164615812,5.,13.5));
#10201=CARTESIAN_POINT('Origin',(-14.8247164615812,2.24,15.));
#10202=CARTESIAN_POINT('Origin',(-9.70589020739035,5.,13.5));
#10203=CARTESIAN_POINT('',(-10.4356676710027,4.7,13.5));
#10204=CARTESIAN_POINT('',(-24.25,2.24,13.5));
#10205=CARTESIAN_POINT('Origin',(-22.65,5.,12.));
#10206=CARTESIAN_POINT('',(-24.25,4.8,12.));
#10207=CARTESIAN_POINT('Origin',(-22.65,4.8,12.));
#10208=CARTESIAN_POINT('',(-24.25,2.24,12.));
#10209=CARTESIAN_POINT('Origin',(-22.65,2.24,12.));
#10210=CARTESIAN_POINT('',(-24.25,5.,12.));
#10211=CARTESIAN_POINT('Origin',(-24.25,5.,13.6));
#10212=CARTESIAN_POINT('',(-24.25,4.8,-12.));
#10213=CARTESIAN_POINT('',(-24.25,4.8,9.8));
#10214=CARTESIAN_POINT('',(-24.25,2.24,-12.));
#10215=CARTESIAN_POINT('',(-24.25,2.24,-13.6));
#10216=CARTESIAN_POINT('',(-24.25,5.,-12.));
#10217=CARTESIAN_POINT('Origin',(-22.65,5.,-12.));
#10218=CARTESIAN_POINT('',(-22.65,4.8,-13.6));
#10219=CARTESIAN_POINT('Origin',(-22.65,4.8,-12.));
#10220=CARTESIAN_POINT('',(-22.65,2.24,-13.6));
#10221=CARTESIAN_POINT('Origin',(-22.65,2.24,-12.));
#10222=CARTESIAN_POINT('',(-22.65,5.,-13.6));
#10223=CARTESIAN_POINT('Origin',(2.77555756156289E-16,5.,-13.3));
#10224=CARTESIAN_POINT('',(-1.0923303169378,4.5,-13.3));
#10225=CARTESIAN_POINT('',(-8.81875,4.5,-13.3));
#10226=CARTESIAN_POINT('',(-1.0923303169378,1.74,-13.3));
#10227=CARTESIAN_POINT('',(-1.0923303169378,5.,-13.3));
#10228=CARTESIAN_POINT('',(-0.375,1.74,-13.3));
#10229=CARTESIAN_POINT('Origin',(-1.0923303169378,5.,-14.8));
#10230=CARTESIAN_POINT('',(-1.7461651584689,4.65,-13.45));
#10231=CARTESIAN_POINT('Origin',(-1.0923303169378,6.,-14.8));
#10232=CARTESIAN_POINT('',(-1.7461651584689,1.74,-13.45));
#10233=CARTESIAN_POINT('',(-1.7461651584689,5.,-13.45));
#10234=CARTESIAN_POINT('Origin',(-1.0923303169378,1.74,-14.8));
#10235=CARTESIAN_POINT('Origin',(-2.39999999999999,5.,-12.1));
#10236=CARTESIAN_POINT('',(-2.39999999999999,4.8,-13.6));
#10237=CARTESIAN_POINT('Origin',(-2.39999999999999,3.3,-12.1));
#10238=CARTESIAN_POINT('',(-2.39999999999999,1.74,-13.6));
#10239=CARTESIAN_POINT('',(-2.39999999999999,5.,-13.6));
#10240=CARTESIAN_POINT('Origin',(-2.39999999999999,1.74,-12.1));
#10241=CARTESIAN_POINT('Origin',(-24.25,5.,-13.6));
#10242=CARTESIAN_POINT('',(-20.94375,4.8,-13.6));
#10243=CARTESIAN_POINT('',(-8.36740981921955,2.24,-13.6));
#10244=CARTESIAN_POINT('',(-24.25,2.24,-13.6));
#10245=CARTESIAN_POINT('',(-8.08456710674493,2.04,-13.6));
#10246=CARTESIAN_POINT('',(-13.1988054373269,5.65631260415866,-13.6));
#10247=CARTESIAN_POINT('',(-8.08456710674493,1.74,-13.6));
#10248=CARTESIAN_POINT('',(-8.08456710674493,2.5,-13.6));
#10249=CARTESIAN_POINT('',(-12.5,1.74,-13.6));
#10250=CARTESIAN_POINT('Origin',(-6.3125,4.95,-14.45));
#10251=CARTESIAN_POINT('',(-23.75,5.,-14.4));
#10252=CARTESIAN_POINT('',(-23.75,4.9,-14.5));
#10253=CARTESIAN_POINT('',(-6.3125,5.,-14.4));
#10254=CARTESIAN_POINT('Origin',(-23.75,4.95,-13.1));
#10255=CARTESIAN_POINT('',(-25.05,5.,-13.1));
#10256=CARTESIAN_POINT('',(-25.15,4.9,-13.1));
#10257=CARTESIAN_POINT('Origin',(-23.75,5.,-13.1));
#10258=CARTESIAN_POINT('Origin',(-25.1,4.95,-6.55));
#10259=CARTESIAN_POINT('',(-25.05,5.,13.1));
#10260=CARTESIAN_POINT('',(-25.15,4.9,13.1));
#10261=CARTESIAN_POINT('',(-25.05,5.,-6.55));
#10262=CARTESIAN_POINT('Origin',(-23.75,4.95,13.1));
#10263=CARTESIAN_POINT('',(-23.75,5.,14.4));
#10264=CARTESIAN_POINT('',(-23.75,4.9,14.5));
#10265=CARTESIAN_POINT('Origin',(-23.75,5.,13.1));
#10266=CARTESIAN_POINT('Origin',(-18.1875,4.95,14.45));
#10267=CARTESIAN_POINT('',(-9.70589026923008,5.,14.4));
#10268=CARTESIAN_POINT('',(-9.70589026923008,4.9,14.5));
#10269=CARTESIAN_POINT('',(-18.1875,5.,14.4));
#10270=CARTESIAN_POINT('Origin',(-9.70589026923008,4.95,14.1));
#10271=CARTESIAN_POINT('',(-9.70589026923008,5.,13.8));
#10272=CARTESIAN_POINT('',(-9.70589026923008,4.9,13.6999999999999));
#10273=CARTESIAN_POINT('Origin',(-9.70589026923008,5.,14.1));
#10274=CARTESIAN_POINT('Origin',(-11.165445134615,4.95,13.75));
#10275=CARTESIAN_POINT('',(-22.65,5.,13.8));
#10276=CARTESIAN_POINT('',(-22.65,4.9,13.7));
#10277=CARTESIAN_POINT('',(-11.165445134615,5.,13.8));
#10278=CARTESIAN_POINT('Origin',(-22.65,4.95,12.));
#10279=CARTESIAN_POINT('',(-24.45,5.,12.));
#10280=CARTESIAN_POINT('',(-24.35,4.9,12.));
#10281=CARTESIAN_POINT('Origin',(-22.65,5.,12.));
#10282=CARTESIAN_POINT('Origin',(-24.4,4.95,6.));
#10283=CARTESIAN_POINT('',(-24.45,5.,-12.));
#10284=CARTESIAN_POINT('',(-24.35,4.9,-12.));
#10285=CARTESIAN_POINT('',(-24.45,5.,6.));
#10286=CARTESIAN_POINT('Origin',(-22.65,4.95,-12.));
#10287=CARTESIAN_POINT('',(-22.65,5.,-13.8));
#10288=CARTESIAN_POINT('',(-22.65,4.9,-13.7));
#10289=CARTESIAN_POINT('Origin',(-22.65,5.,-12.));
#10290=CARTESIAN_POINT('Origin',(-17.6375,4.95,-13.75));
#10291=CARTESIAN_POINT('',(17.6375,5.,-13.8));
#10292=CARTESIAN_POINT('Origin',(-12.625,5.,0.));
#10293=CARTESIAN_POINT('Origin',(-7.1,1.14,1.3));
#10294=CARTESIAN_POINT('',(-7.,1.04,-6.6));
#10295=CARTESIAN_POINT('',(-7.2,1.24,-6.25358983848622));
#10296=CARTESIAN_POINT('Origin',(-7.4,1.44,-6.6));
#10297=CARTESIAN_POINT('',(-7.2,1.24,1.4));
#10298=CARTESIAN_POINT('',(-7.2,1.24,1.3));
#10299=CARTESIAN_POINT('',(-7.,1.04,1.4));
#10300=CARTESIAN_POINT('',(-7.2,1.24,1.4));
#10301=CARTESIAN_POINT('',(-7.,1.04,1.3));
#10302=CARTESIAN_POINT('Origin',(-5.8,1.14,1.4));
#10303=CARTESIAN_POINT('',(-5.8,1.24,2.8));
#10304=CARTESIAN_POINT('',(-5.8,1.04,2.6));
#10305=CARTESIAN_POINT('',(-5.8,1.24,2.8));
#10306=CARTESIAN_POINT('Origin',(-5.8,1.04,1.4));
#10307=CARTESIAN_POINT('Origin',(-5.8,1.24,1.4));
#10308=CARTESIAN_POINT('Origin',(-2.8125,1.14,2.7));
#10309=CARTESIAN_POINT('',(-2.8125,1.04,2.6));
#10310=CARTESIAN_POINT('',(-2.8125,1.24,2.8));
#10311=CARTESIAN_POINT('Origin',(-5.625,1.24,0.));
#10312=CARTESIAN_POINT('',(-7.4,1.24,-6.2));
#10313=CARTESIAN_POINT('Origin',(-7.4,1.24,-6.6));
#10314=CARTESIAN_POINT('',(-9.65,1.24,-6.2));
#10315=CARTESIAN_POINT('',(11.25,1.24,-6.2));
#10316=CARTESIAN_POINT('',(-11.25,1.24,-4.6));
#10317=CARTESIAN_POINT('Origin',(-9.65,1.24,-4.6));
#10318=CARTESIAN_POINT('',(-11.25,1.24,4.6));
#10319=CARTESIAN_POINT('',(-11.25,1.24,-6.2));
#10320=CARTESIAN_POINT('',(-9.65,1.24,6.2));
#10321=CARTESIAN_POINT('Origin',(-9.65,1.24,4.6));
#10322=CARTESIAN_POINT('',(-11.25,1.24,6.2));
#10323=CARTESIAN_POINT('Origin',(-25.15,0.9,-3.675));
#10324=CARTESIAN_POINT('',(-25.05,0.8,0.946410161513776));
#10325=CARTESIAN_POINT('Origin',(-24.85,0.599999999999998,0.600000000000001));
#10326=CARTESIAN_POINT('',(-25.05,0.8,13.1));
#10327=CARTESIAN_POINT('',(-25.05,0.8,-3.675));
#10328=CARTESIAN_POINT('',(-25.05,0.8,13.1));
#10329=CARTESIAN_POINT('Origin',(-23.75,0.9,13.1));
#10330=CARTESIAN_POINT('',(-24.8758097042503,0.8,13.7500403909112));
#10331=CARTESIAN_POINT('Ctrl Pts',(-24.8758097042503,0.800000000000004,
13.7500403909112));
#10332=CARTESIAN_POINT('Ctrl Pts',(-24.8870395381672,0.823610779330497,
13.7778099839721));
#10333=CARTESIAN_POINT('Ctrl Pts',(-24.8952665985984,0.845815529898622,
13.80718187165));
#10334=CARTESIAN_POINT('Ctrl Pts',(-24.9093843985113,0.905793034766469,
13.8962819051063));
#10335=CARTESIAN_POINT('Ctrl Pts',(-24.9041904141783,0.945364802190402,
13.9723540669615));
#10336=CARTESIAN_POINT('Ctrl Pts',(-24.8714007362039,0.977864331011104,
14.0629453188106));
#10337=CARTESIAN_POINT('Ctrl Pts',(-24.8575643197336,0.986270246971339,
14.0916190786348));
#10338=CARTESIAN_POINT('Ctrl Pts',(-24.8225684042154,0.997338688168142,
14.1452765349973));
#10339=CARTESIAN_POINT('Ctrl Pts',(-24.8014052230297,1.,14.1702580802184));
#10340=CARTESIAN_POINT('Ctrl Pts',(-24.7795228775369,1.,14.1909090909091));
#10341=CARTESIAN_POINT('Origin',(-23.75,0.8,13.1));
#10342=CARTESIAN_POINT('Origin',(-13.05,0.8,7.25));
#10343=CARTESIAN_POINT('',(-24.85,0.8,1.));
#10344=CARTESIAN_POINT('Origin',(-24.85,0.8,0.600000000000001));
#10345=CARTESIAN_POINT('',(-23.95,0.8,1.));
#10346=CARTESIAN_POINT('',(-12.75,0.8,1.));
#10347=CARTESIAN_POINT('',(-24.55,0.8,1.6));
#10348=CARTESIAN_POINT('Origin',(-23.95,0.8,1.6));
#10349=CARTESIAN_POINT('',(-24.55,0.8,12.9));
#10350=CARTESIAN_POINT('',(-24.55,0.8,4.125));
#10351=CARTESIAN_POINT('',(-23.95,0.8,13.5));
#10352=CARTESIAN_POINT('Origin',(-23.95,0.8,12.9));
#10353=CARTESIAN_POINT('',(-24.5049834435271,0.8,13.5));
#10354=CARTESIAN_POINT('',(-25.25,0.8,13.5));
#10355=CARTESIAN_POINT('Origin',(-24.5049834435271,0.8,13.9));
#10356=CARTESIAN_POINT('Origin',(-23.75,0.9,-13.1));
#10357=CARTESIAN_POINT('',(-24.8758097042503,0.8,-13.7500403909112));
#10358=CARTESIAN_POINT('Ctrl Pts',(-24.7795228775369,1.,-14.1909090909091));
#10359=CARTESIAN_POINT('Ctrl Pts',(-24.8014052230296,1.,-14.1702580802184));
#10360=CARTESIAN_POINT('Ctrl Pts',(-24.8225684042154,0.997338688168144,
-14.1452765349973));
#10361=CARTESIAN_POINT('Ctrl Pts',(-24.8575643197336,0.98627024697134,-14.0916190786348));
#10362=CARTESIAN_POINT('Ctrl Pts',(-24.8714007362039,0.977864331011104,
-14.0629453188106));
#10363=CARTESIAN_POINT('Ctrl Pts',(-24.9041904141783,0.945364802190402,
-13.9723540669615));
#10364=CARTESIAN_POINT('Ctrl Pts',(-24.9093843985113,0.905793034766467,
-13.8962819051063));
#10365=CARTESIAN_POINT('Ctrl Pts',(-24.8952665985984,0.845815529898621,
-13.80718187165));
#10366=CARTESIAN_POINT('Ctrl Pts',(-24.8870395381672,0.823610779330495,
-13.7778099839721));
#10367=CARTESIAN_POINT('Ctrl Pts',(-24.8758097042503,0.800000000000001,
-13.7500403909112));
#10368=CARTESIAN_POINT('',(-25.05,0.8,-13.1));
#10369=CARTESIAN_POINT('Origin',(-23.75,0.8,-13.1));
#10370=CARTESIAN_POINT('',(-25.05,0.8,-13.1));
#10371=CARTESIAN_POINT('Origin',(-25.15,0.9,-10.925));
#10372=CARTESIAN_POINT('',(-25.05,0.8,-0.946410161513772));
#10373=CARTESIAN_POINT('Origin',(-24.85,0.599999999999991,-0.599999999999999));
#10374=CARTESIAN_POINT('',(-25.05,0.8,-10.925));
#10375=CARTESIAN_POINT('Origin',(-24.9,0.8,-7.25));
#10376=CARTESIAN_POINT('',(-24.5049834435271,0.8,-13.5));
#10377=CARTESIAN_POINT('Origin',(-24.5049834435271,0.8,-13.9));
#10378=CARTESIAN_POINT('',(-23.95,0.8,-13.5));
#10379=CARTESIAN_POINT('',(-25.25,0.8,-13.5));
#10380=CARTESIAN_POINT('',(-24.55,0.8,-12.9));
#10381=CARTESIAN_POINT('Origin',(-23.95,0.8,-12.9));
#10382=CARTESIAN_POINT('',(-24.55,0.8,-1.6));
#10383=CARTESIAN_POINT('',(-24.55,0.8,-10.375));
#10384=CARTESIAN_POINT('',(-23.95,0.8,-0.999999999999999));
#10385=CARTESIAN_POINT('Origin',(-23.95,0.8,-1.6));
#10386=CARTESIAN_POINT('',(-24.85,0.8,-0.999999999999999));
#10387=CARTESIAN_POINT('',(-25.075,0.8,-0.999999999999999));
#10388=CARTESIAN_POINT('Origin',(-24.85,0.8,-0.599999999999999));
#10389=CARTESIAN_POINT('Origin',(-5.09810245480489,2.14,-10.4721139918227));
#10390=CARTESIAN_POINT('',(-7.58076118445749,2.24,-12.8133513652379));
#10391=CARTESIAN_POINT('',(-5.16881313292355,2.24,-10.401403313704));
#10392=CARTESIAN_POINT('',(-7.43933982822018,2.04,-12.9547727214753));
#10393=CARTESIAN_POINT('',(-7.58076118445749,2.24,-12.8133513652379));
#10394=CARTESIAN_POINT('',(-5.02739177668624,2.04,-10.5428246699413));
#10395=CARTESIAN_POINT('Origin',(-8.5,2.14,-11.8941125496954));
#10396=CARTESIAN_POINT('',(-7.2,2.24,-11.8941125496954));
#10397=CARTESIAN_POINT('',(-7.,2.04,-11.8941125496954));
#10398=CARTESIAN_POINT('',(-7.2,2.24,-11.8941125496954));
#10399=CARTESIAN_POINT('Origin',(-8.5,2.04,-11.8941125496954));
#10400=CARTESIAN_POINT('Origin',(-8.5,2.24,-11.8941125496954));
#10401=CARTESIAN_POINT('Origin',(-7.1,2.14,1.55));
#10402=CARTESIAN_POINT('',(-7.2,2.24,-6.6));
#10403=CARTESIAN_POINT('',(-7.,2.04,-6.6));
#10404=CARTESIAN_POINT('',(-7.2,2.24,-6.6));
#10405=CARTESIAN_POINT('',(-7.,2.04,1.55));
#10406=CARTESIAN_POINT('',(-7.2,2.24,1.55));
#10407=CARTESIAN_POINT('Origin',(-7.4,2.14,-6.6));
#10408=CARTESIAN_POINT('',(-7.4,2.24,-6.4));
#10409=CARTESIAN_POINT('',(-7.4,2.04,-6.2));
#10410=CARTESIAN_POINT('',(-7.4,2.24,-6.4));
#10411=CARTESIAN_POINT('Origin',(-7.4,2.04,-6.6));
#10412=CARTESIAN_POINT('Origin',(-7.4,2.24,-6.6));
#10413=CARTESIAN_POINT('Origin',(-11.6875,2.14,-6.3));
#10414=CARTESIAN_POINT('',(-9.65,2.24,-6.4));
#10415=CARTESIAN_POINT('',(-11.6875,2.24,-6.4));
#10416=CARTESIAN_POINT('',(-9.65,2.04,-6.2));
#10417=CARTESIAN_POINT('',(-9.65,2.24,-6.4));
#10418=CARTESIAN_POINT('',(-11.6875,2.04,-6.2));
#10419=CARTESIAN_POINT('Origin',(-9.65,2.14,-4.6));
#10420=CARTESIAN_POINT('',(-11.45,2.24,-4.6));
#10421=CARTESIAN_POINT('',(-11.25,2.04,-4.6));
#10422=CARTESIAN_POINT('',(-11.45,2.24,-4.6));
#10423=CARTESIAN_POINT('Origin',(-9.65,2.04,-4.6));
#10424=CARTESIAN_POINT('Origin',(-9.65,2.24,-4.6));
#10425=CARTESIAN_POINT('Origin',(-11.35,2.14,3.35));
#10426=CARTESIAN_POINT('',(-11.45,2.24,4.6));
#10427=CARTESIAN_POINT('',(-11.45,2.24,3.35));
#10428=CARTESIAN_POINT('',(-11.25,2.04,4.6));
#10429=CARTESIAN_POINT('',(-11.45,2.24,4.6));
#10430=CARTESIAN_POINT('',(-11.25,2.04,3.35));
#10431=CARTESIAN_POINT('Origin',(-9.65,2.14,4.6));
#10432=CARTESIAN_POINT('',(-9.65,2.24,6.4));
#10433=CARTESIAN_POINT('',(-9.65,2.04,6.2));
#10434=CARTESIAN_POINT('',(-9.65,2.24,6.4));
#10435=CARTESIAN_POINT('Origin',(-9.65,2.04,4.6));
#10436=CARTESIAN_POINT('Origin',(-9.65,2.24,4.6));
#10437=CARTESIAN_POINT('Origin',(-6.0625,2.14,6.3));
#10438=CARTESIAN_POINT('',(-6.0625,2.04,6.2));
#10439=CARTESIAN_POINT('',(-6.0625,2.24,6.4));
#10440=CARTESIAN_POINT('Origin',(-12.125,2.24,0.500000000000003));
#10441=CARTESIAN_POINT('',(-8.78664863476207,2.24,14.0192388155425));
#10442=CARTESIAN_POINT('Origin',(-9.70588745030458,2.24,13.1));
#10443=CARTESIAN_POINT('',(-7.9046681194226,2.24,13.137258300203));
#10444=CARTESIAN_POINT('',(-6.46109668629601,2.24,11.6936868670765));
#10445=CARTESIAN_POINT('',(-5.64192641962565,2.24,12.2));
#10446=CARTESIAN_POINT('Origin',(-5.64192641962565,2.24,15.4));
#10447=CARTESIAN_POINT('',(-9.50478355337247,2.24,12.2));
#10448=CARTESIAN_POINT('',(-11.75,2.24,-10.));
#10449=CARTESIAN_POINT('Origin',(-10.,2.24,-10.));
#10450=CARTESIAN_POINT('',(-11.75,2.24,10.));
#10451=CARTESIAN_POINT('Origin',(-10.,2.24,10.));
#10452=CARTESIAN_POINT('Origin',(-12.5,1.64,-13.7));
#10453=CARTESIAN_POINT('',(-8.28456710674493,1.54,-13.8));
#10454=CARTESIAN_POINT('',(-8.78228355337247,1.04228355337246,-14.2977164466275));
#10455=CARTESIAN_POINT('',(-2.39999999999999,1.54,-13.8));
#10456=CARTESIAN_POINT('',(-12.5,1.54,-13.8));
#10457=CARTESIAN_POINT('',(-2.39999999999999,1.54,-13.8));
#10458=CARTESIAN_POINT('Origin',(-2.39999999999999,1.64,-12.1));
#10459=CARTESIAN_POINT('',(-1.65898717959808,1.54,-13.63));
#10460=CARTESIAN_POINT('',(-1.65898717959808,1.54,-13.63));
#10461=CARTESIAN_POINT('Origin',(-2.39999999999999,1.54,-12.1));
#10462=CARTESIAN_POINT('Origin',(-1.0923303169378,1.64,-14.8));
#10463=CARTESIAN_POINT('',(-1.0923303169378,1.54,-13.5));
#10464=CARTESIAN_POINT('',(-1.0923303169378,1.54,-13.5));
#10465=CARTESIAN_POINT('Origin',(-1.0923303169378,1.54,-14.8));
#10466=CARTESIAN_POINT('Origin',(-0.375,1.64,-13.4));
#10467=CARTESIAN_POINT('',(-0.375,1.54,-13.5));
#10468=CARTESIAN_POINT('Origin',(-0.75,1.54,-13.45));
#10469=CARTESIAN_POINT('',(-8.64522727852476,1.54,-14.1606601717798));
#10470=CARTESIAN_POINT('',(-5.67114177668622,1.54,-11.1865746699413));
#10471=CARTESIAN_POINT('',(-8.95755597294979,1.54,-14.4));
#10472=CARTESIAN_POINT('Origin',(-9.70588745030458,1.54,-13.1));
#10473=CARTESIAN_POINT('',(-4.91728355337247,1.54,-14.4));
#10474=CARTESIAN_POINT('Origin',(-10.,0.1,10.));
#10475=CARTESIAN_POINT('',(-11.55,0.2,10.));
#10476=CARTESIAN_POINT('Origin',(-10.,0.2,10.));
#10477=CARTESIAN_POINT('',(-11.75,0.,10.));
#10478=CARTESIAN_POINT('',(-11.65,0.1,10.));
#10479=CARTESIAN_POINT('Origin',(-10.,0.,10.));
#10480=CARTESIAN_POINT('Origin',(-12.625,0.,0.));
#10481=CARTESIAN_POINT('',(-5.8,0.,2.8));
#10482=CARTESIAN_POINT('',(-6.3125,0.,2.8));
#10483=CARTESIAN_POINT('',(-5.64192641962565,0.,12.2));
#10484=CARTESIAN_POINT('',(-9.75478355337247,0.,12.2));
#10485=CARTESIAN_POINT('',(-7.9046681194226,0.,13.137258300203));
#10486=CARTESIAN_POINT('Origin',(-5.64192641962565,0.,15.4));
#10487=CARTESIAN_POINT('',(-8.78664863476206,0.,14.0192388155425));
#10488=CARTESIAN_POINT('',(-6.46109668629601,0.,11.6936868670765));
#10489=CARTESIAN_POINT('',(-9.70588745030458,0.,14.4));
#10490=CARTESIAN_POINT('Origin',(-9.70588745030458,0.,13.1));
#10491=CARTESIAN_POINT('',(-23.75,0.,14.4));
#10492=CARTESIAN_POINT('',(-18.9375,0.,14.4));
#10493=CARTESIAN_POINT('',(-24.642253160532,0.,14.0454545454545));
#10494=CARTESIAN_POINT('Origin',(-23.75,0.,13.1));
#10495=CARTESIAN_POINT('',(-24.5049834435271,0.,13.7));
#10496=CARTESIAN_POINT('Origin',(-24.5049834435271,0.,13.9));
#10497=CARTESIAN_POINT('',(-13.35,0.,13.7));
#10498=CARTESIAN_POINT('',(-18.9375,0.,13.7));
#10499=CARTESIAN_POINT('',(-12.55,0.,12.9));
#10500=CARTESIAN_POINT('Origin',(-13.35,0.,12.9));
#10501=CARTESIAN_POINT('',(-12.55,0.,1.6));
#10502=CARTESIAN_POINT('',(-12.55,0.,6.75));
#10503=CARTESIAN_POINT('',(-13.35,0.,0.8));
#10504=CARTESIAN_POINT('Origin',(-13.35,0.,1.6));
#10505=CARTESIAN_POINT('',(-24.85,0.,0.8));
#10506=CARTESIAN_POINT('',(-12.6875,0.,0.8));
#10507=CARTESIAN_POINT('',(-25.05,0.,0.600000000000001));
#10508=CARTESIAN_POINT('Origin',(-24.85,0.,0.600000000000001));
#10509=CARTESIAN_POINT('',(-25.05,0.,-0.599999999999999));
#10510=CARTESIAN_POINT('',(-25.05,0.,-7.3));
#10511=CARTESIAN_POINT('',(-24.85,0.,-0.799999999999999));
#10512=CARTESIAN_POINT('Origin',(-24.85,0.,-0.599999999999999));
#10513=CARTESIAN_POINT('',(-13.35,0.,-0.8));
#10514=CARTESIAN_POINT('',(-18.9375,0.,-0.8));
#10515=CARTESIAN_POINT('',(-12.55,0.,-1.6));
#10516=CARTESIAN_POINT('Origin',(-13.35,0.,-1.6));
#10517=CARTESIAN_POINT('',(-12.55,0.,-12.9));
#10518=CARTESIAN_POINT('',(-12.55,0.,-0.5));
#10519=CARTESIAN_POINT('',(-13.35,0.,-13.7));
#10520=CARTESIAN_POINT('Origin',(-13.35,0.,-12.9));
#10521=CARTESIAN_POINT('',(-24.5049834435271,0.,-13.7));
#10522=CARTESIAN_POINT('',(-12.6875,0.,-13.7));
#10523=CARTESIAN_POINT('',(-24.642253160532,0.,-14.0454545454546));
#10524=CARTESIAN_POINT('Origin',(-24.5049834435271,0.,-13.9));
#10525=CARTESIAN_POINT('',(-23.75,0.,-14.4));
#10526=CARTESIAN_POINT('Origin',(-23.75,0.,-13.1));
#10527=CARTESIAN_POINT('',(-9.70588745030458,0.,-14.4));
#10528=CARTESIAN_POINT('',(-10.8547835533725,0.,-14.4));
#10529=CARTESIAN_POINT('',(-8.78664863476207,0.,-14.0192388155425));
#10530=CARTESIAN_POINT('Origin',(-9.70588745030458,0.,-13.1));
#10531=CARTESIAN_POINT('',(-7.58076118445749,0.,-12.8133513652379));
#10532=CARTESIAN_POINT('',(-5.41881313292355,0.,-10.651403313704));
#10533=CARTESIAN_POINT('',(-7.2,0.,-11.8941125496954));
#10534=CARTESIAN_POINT('Origin',(-8.5,0.,-11.8941125496954));
#10535=CARTESIAN_POINT('',(-7.2,0.,1.4));
#10536=CARTESIAN_POINT('',(-7.2,0.,1.3));
#10537=CARTESIAN_POINT('Origin',(-5.8,0.,1.4));
#10538=CARTESIAN_POINT('',(-11.75,0.,-10.));
#10539=CARTESIAN_POINT('Origin',(-10.,0.,-10.));
#10540=CARTESIAN_POINT('Origin',(-10.,0.,10.));
#10541=CARTESIAN_POINT('',(-11.55,2.04,10.));
#10542=CARTESIAN_POINT('Origin',(-10.,2.04,10.));
#10543=CARTESIAN_POINT('',(-11.55,0.,10.));
#10544=CARTESIAN_POINT('Origin',(-10.,0.1,-10.));
#10545=CARTESIAN_POINT('',(-11.55,0.2,-10.));
#10546=CARTESIAN_POINT('Origin',(-10.,0.2,-10.));
#10547=CARTESIAN_POINT('',(-11.65,0.1,-10.));
#10548=CARTESIAN_POINT('Origin',(-10.,0.,-10.));
#10549=CARTESIAN_POINT('',(-11.55,2.04,-10.));
#10550=CARTESIAN_POINT('Origin',(-10.,2.04,-10.));
#10551=CARTESIAN_POINT('',(-11.55,0.,-10.));
#10552=CARTESIAN_POINT('Origin',(-6.3125,0.1,2.7));
#10553=CARTESIAN_POINT('',(-5.8,0.2,2.6));
#10554=CARTESIAN_POINT('',(-5.8,0.,2.8));
#10555=CARTESIAN_POINT('',(-6.3125,0.2,2.6));
#10556=CARTESIAN_POINT('Origin',(-5.8,0.1,1.4));
#10557=CARTESIAN_POINT('',(-7.,0.2,1.4));
#10558=CARTESIAN_POINT('',(-7.2,0.,1.4));
#10559=CARTESIAN_POINT('Origin',(-5.8,0.2,1.4));
#10560=CARTESIAN_POINT('Origin',(-7.1,0.1,1.3));
#10561=CARTESIAN_POINT('',(-7.,0.2,-11.8941125496954));
#10562=CARTESIAN_POINT('',(-7.2,0.,-11.8941125496954));
#10563=CARTESIAN_POINT('',(-7.,0.2,1.3));
#10564=CARTESIAN_POINT('Origin',(-8.5,0.1,-11.8941125496954));
#10565=CARTESIAN_POINT('',(-7.43933982822018,0.2,-12.9547727214753));
#10566=CARTESIAN_POINT('',(-7.58076118445749,0.,-12.8133513652379));
#10567=CARTESIAN_POINT('Origin',(-8.5,0.2,-11.8941125496954));
#10568=CARTESIAN_POINT('Origin',(-5.34810245480489,0.1,-10.7221139918227));
#10569=CARTESIAN_POINT('',(-8.64522727852476,0.2,-14.1606601717798));
#10570=CARTESIAN_POINT('',(-8.78664863476207,0.,-14.0192388155425));
#10571=CARTESIAN_POINT('',(-5.27739177668624,0.2,-10.7928246699413));
#10572=CARTESIAN_POINT('Origin',(-9.70588745030458,0.1,-13.1));
#10573=CARTESIAN_POINT('',(-9.70588745030458,0.,-14.4));
#10574=CARTESIAN_POINT('Origin',(-9.70588745030458,0.2,-13.1));
#10575=CARTESIAN_POINT('Origin',(-10.8547835533725,0.1,-14.5));
#10576=CARTESIAN_POINT('',(-23.75,0.,-14.4));
#10577=CARTESIAN_POINT('Origin',(-23.75,0.1,-13.1));
#10578=CARTESIAN_POINT('',(-24.642253160532,0.,-14.0454545454546));
#10579=CARTESIAN_POINT('Origin',(-24.5049834435271,0.1,-13.9));
#10580=CARTESIAN_POINT('',(-24.5049834435271,0.2,-13.5));
#10581=CARTESIAN_POINT('',(-24.5049834435271,0.,-13.7));
#10582=CARTESIAN_POINT('Origin',(-24.5049834435271,0.2,-13.9));
#10583=CARTESIAN_POINT('Origin',(-12.6875,0.1,-13.6));
#10584=CARTESIAN_POINT('',(-13.35,0.2,-13.5));
#10585=CARTESIAN_POINT('',(-13.35,0.,-13.7));
#10586=CARTESIAN_POINT('',(-12.6875,0.2,-13.5));
#10587=CARTESIAN_POINT('Origin',(-13.35,0.1,-12.9));
#10588=CARTESIAN_POINT('',(-12.75,0.2,-12.9));
#10589=CARTESIAN_POINT('',(-12.55,0.,-12.9));
#10590=CARTESIAN_POINT('Origin',(-13.35,0.2,-12.9));
#10591=CARTESIAN_POINT('Origin',(-12.65,0.1,-0.5));
#10592=CARTESIAN_POINT('',(-12.75,0.2,-1.6));
#10593=CARTESIAN_POINT('',(-12.55,0.,-1.6));
#10594=CARTESIAN_POINT('',(-12.75,0.2,-0.5));
#10595=CARTESIAN_POINT('Origin',(-13.35,0.1,-1.6));
#10596=CARTESIAN_POINT('',(-13.35,0.2,-1.));
#10597=CARTESIAN_POINT('',(-13.35,0.,-0.8));
#10598=CARTESIAN_POINT('Origin',(-13.35,0.2,-1.6));
#10599=CARTESIAN_POINT('Origin',(-18.9375,0.1,-0.9));
#10600=CARTESIAN_POINT('',(-24.85,0.2,-0.999999999999999));
#10601=CARTESIAN_POINT('',(-24.85,0.,-0.799999999999999));
#10602=CARTESIAN_POINT('',(-18.9375,0.2,-1.));
#10603=CARTESIAN_POINT('Origin',(-24.85,0.1,-0.599999999999999));
#10604=CARTESIAN_POINT('',(-25.05,0.,-0.599999999999999));
#10605=CARTESIAN_POINT('Origin',(-24.85,0.2,-0.599999999999999));
#10606=CARTESIAN_POINT('Origin',(-25.15,0.1,-7.3));
#10607=CARTESIAN_POINT('',(-25.05,0.,0.600000000000001));
#10608=CARTESIAN_POINT('Origin',(-24.85,0.1,0.600000000000001));
#10609=CARTESIAN_POINT('',(-24.85,0.2,1.));
#10610=CARTESIAN_POINT('',(-24.85,0.,0.8));
#10611=CARTESIAN_POINT('Origin',(-24.85,0.2,0.600000000000001));
#10612=CARTESIAN_POINT('Origin',(-12.6875,0.1,0.9));
#10613=CARTESIAN_POINT('',(-13.35,0.2,1.));
#10614=CARTESIAN_POINT('',(-13.35,0.,0.8));
#10615=CARTESIAN_POINT('',(-12.6875,0.2,1.));
#10616=CARTESIAN_POINT('Origin',(-13.35,0.1,1.6));
#10617=CARTESIAN_POINT('',(-12.75,0.2,1.6));
#10618=CARTESIAN_POINT('',(-12.55,0.,1.6));
#10619=CARTESIAN_POINT('Origin',(-13.35,0.2,1.6));
#10620=CARTESIAN_POINT('Origin',(-12.65,0.1,6.75));
#10621=CARTESIAN_POINT('',(-12.75,0.2,12.9));
#10622=CARTESIAN_POINT('',(-12.55,0.,12.9));
#10623=CARTESIAN_POINT('',(-12.75,0.2,6.75));
#10624=CARTESIAN_POINT('Origin',(-13.35,0.1,12.9));
#10625=CARTESIAN_POINT('',(-13.35,0.2,13.5));
#10626=CARTESIAN_POINT('',(-13.35,0.,13.7));
#10627=CARTESIAN_POINT('Origin',(-13.35,0.2,12.9));
#10628=CARTESIAN_POINT('Origin',(-18.9375,0.1,13.6));
#10629=CARTESIAN_POINT('',(-24.5049834435271,0.2,13.5));
#10630=CARTESIAN_POINT('',(-24.5049834435271,0.,13.7));
#10631=CARTESIAN_POINT('',(-18.9375,0.2,13.5));
#10632=CARTESIAN_POINT('Origin',(-24.5049834435271,0.1,13.9));
#10633=CARTESIAN_POINT('',(-24.642253160532,0.,14.0454545454545));
#10634=CARTESIAN_POINT('Origin',(-24.5049834435271,0.2,13.9));
#10635=CARTESIAN_POINT('Origin',(-23.75,0.1,13.1));
#10636=CARTESIAN_POINT('',(-23.75,0.,14.4));
#10637=CARTESIAN_POINT('Origin',(-18.9375,0.1,14.5));
#10638=CARTESIAN_POINT('',(-9.70588745030458,0.,14.4));
#10639=CARTESIAN_POINT('Origin',(-9.70588745030458,0.1,13.1));
#10640=CARTESIAN_POINT('',(-8.64522727852476,0.2,14.1606601717798));
#10641=CARTESIAN_POINT('',(-8.78664863476206,0.,14.0192388155425));
#10642=CARTESIAN_POINT('Origin',(-9.70588745030458,0.2,13.1));
#10643=CARTESIAN_POINT('Origin',(-6.39038600817736,0.1,11.7643975451951));
#10644=CARTESIAN_POINT('',(-7.76324676318529,0.2,13.2786796564404));
#10645=CARTESIAN_POINT('',(-7.9046681194226,0.,13.137258300203));
#10646=CARTESIAN_POINT('',(-6.3196753300587,0.2,11.8351082233138));
#10647=CARTESIAN_POINT('Origin',(-5.64192641962565,0.1,15.4));
#10648=CARTESIAN_POINT('',(-5.64192641962565,0.2,12.4));
#10649=CARTESIAN_POINT('',(-5.64192641962565,0.,12.2));
#10650=CARTESIAN_POINT('Origin',(-5.64192641962565,0.2,15.4));
#10651=CARTESIAN_POINT('Origin',(-9.75478355337247,0.1,12.3));
#10652=CARTESIAN_POINT('',(9.75478355337247,0.2,12.4));
#10653=CARTESIAN_POINT('Origin',(8.93501406804492E-17,0.,2.6));
#10654=CARTESIAN_POINT('',(-5.8,0.,2.6));
#10655=CARTESIAN_POINT('Origin',(-5.8,0.,1.4));
#10656=CARTESIAN_POINT('',(-7.,0.,1.4));
#10657=CARTESIAN_POINT('Origin',(-7.,0.,2.6));
#10658=CARTESIAN_POINT('',(-7.,0.,-11.8941125496954));
#10659=CARTESIAN_POINT('',(-7.,1.12,-6.6));
#10660=CARTESIAN_POINT('Origin',(-8.5,0.,-11.8941125496954));
#10661=CARTESIAN_POINT('',(-7.43933982822018,0.,-12.9547727214753));
#10662=CARTESIAN_POINT('Origin',(-7.,0.,-12.5154328932551));
#10663=CARTESIAN_POINT('',(-8.64522727852476,0.,-14.1606601717798));
#10664=CARTESIAN_POINT('Origin',(-9.70588745030458,0.,-13.1));
#10665=CARTESIAN_POINT('Origin',(-9.70588745030458,0.240000000000003,-13.1));
#10666=CARTESIAN_POINT('Origin',(-24.5049834435271,0.,-13.9));
#10667=CARTESIAN_POINT('',(-24.5049834435271,0.,-13.5));
#10668=CARTESIAN_POINT('Origin',(-12.75,0.,-13.5));
#10669=CARTESIAN_POINT('',(-13.35,1.6,-13.5));
#10670=CARTESIAN_POINT('',(-13.35,0.,-13.5));
#10671=CARTESIAN_POINT('',(-13.95,1.6,-13.5));
#10672=CARTESIAN_POINT('',(-25.25,1.6,-13.5));
#10673=CARTESIAN_POINT('',(-13.95,0.8,-13.5));
#10674=CARTESIAN_POINT('',(-13.95,0.,-13.5));
#10675=CARTESIAN_POINT('',(-15.95,0.8,-13.5));
#10676=CARTESIAN_POINT('',(-25.25,0.8,-13.5));
#10677=CARTESIAN_POINT('',(-17.95,0.8,-13.5));
#10678=CARTESIAN_POINT('',(-18.825,0.8,-13.5));
#10679=CARTESIAN_POINT('',(-19.95,0.8,-13.5));
#10680=CARTESIAN_POINT('',(-25.25,0.8,-13.5));
#10681=CARTESIAN_POINT('',(-21.95,0.8,-13.5));
#10682=CARTESIAN_POINT('',(-18.825,0.8,-13.5));
#10683=CARTESIAN_POINT('',(-25.25,0.8,-13.5));
#10684=CARTESIAN_POINT('Origin',(-13.35,0.,-12.9));
#10685=CARTESIAN_POINT('',(-12.75,1.6,-12.9));
#10686=CARTESIAN_POINT('',(-12.75,0.,-12.9));
#10687=CARTESIAN_POINT('Origin',(-13.35,1.6,-12.9));
#10688=CARTESIAN_POINT('Origin',(-12.75,0.,-1.));
#10689=CARTESIAN_POINT('',(-12.75,1.6,-1.6));
#10690=CARTESIAN_POINT('',(-12.75,0.,-1.6));
#10691=CARTESIAN_POINT('',(-12.75,1.6,-13.5));
#10692=CARTESIAN_POINT('Origin',(-13.35,0.,-1.6));
#10693=CARTESIAN_POINT('',(-13.35,1.6,-1.));
#10694=CARTESIAN_POINT('',(-13.35,0.,-1.));
#10695=CARTESIAN_POINT('Origin',(-13.35,1.6,-1.6));
#10696=CARTESIAN_POINT('Origin',(-25.25,0.,-0.999999999999999));
#10697=CARTESIAN_POINT('',(-24.85,0.,-0.999999999999999));
#10698=CARTESIAN_POINT('',(-21.95,0.8,-1.));
#10699=CARTESIAN_POINT('',(-25.075,0.8,-0.999999999999999));
#10700=CARTESIAN_POINT('',(-19.95,0.8,-1.));
#10701=CARTESIAN_POINT('',(-25.075,0.8,-0.999999999999999));
#10702=CARTESIAN_POINT('',(-17.95,0.8,-1.));
#10703=CARTESIAN_POINT('',(-25.075,0.8,-0.999999999999999));
#10704=CARTESIAN_POINT('',(-15.95,0.8,-1.));
#10705=CARTESIAN_POINT('',(-25.075,0.8,-0.999999999999999));
#10706=CARTESIAN_POINT('',(-13.95,0.8,-1.));
#10707=CARTESIAN_POINT('',(-12.75,0.8,-1.));
#10708=CARTESIAN_POINT('',(-13.95,1.6,-1.));
#10709=CARTESIAN_POINT('',(-13.95,0.,-1.));
#10710=CARTESIAN_POINT('',(-12.75,1.6,-1.));
#10711=CARTESIAN_POINT('Origin',(-24.85,0.,-0.599999999999999));
#10712=CARTESIAN_POINT('Origin',(-24.85,0.,0.600000000000001));
#10713=CARTESIAN_POINT('',(-24.85,0.,1.));
#10714=CARTESIAN_POINT('Origin',(-12.75,0.,1.));
#10715=CARTESIAN_POINT('',(-13.35,1.6,1.));
#10716=CARTESIAN_POINT('',(-13.35,0.,1.));
#10717=CARTESIAN_POINT('',(-13.95,1.6,1.));
#10718=CARTESIAN_POINT('',(-12.75,1.6,1.));
#10719=CARTESIAN_POINT('',(-13.95,0.8,1.));
#10720=CARTESIAN_POINT('',(-13.95,0.,1.));
#10721=CARTESIAN_POINT('',(-15.95,0.8,1.));
#10722=CARTESIAN_POINT('',(-12.75,0.8,1.));
#10723=CARTESIAN_POINT('',(-17.95,0.8,1.));
#10724=CARTESIAN_POINT('',(-12.75,0.8,1.));
#10725=CARTESIAN_POINT('',(-19.95,0.8,1.));
#10726=CARTESIAN_POINT('',(-12.75,0.8,1.));
#10727=CARTESIAN_POINT('',(-21.95,0.8,1.));
#10728=CARTESIAN_POINT('',(-12.75,0.8,1.));
#10729=CARTESIAN_POINT('',(-12.75,0.8,1.));
#10730=CARTESIAN_POINT('Origin',(-13.35,0.,1.6));
#10731=CARTESIAN_POINT('',(-12.75,1.6,1.6));
#10732=CARTESIAN_POINT('',(-12.75,0.,1.6));
#10733=CARTESIAN_POINT('Origin',(-13.35,1.6,1.6));
#10734=CARTESIAN_POINT('Origin',(-12.75,0.,13.5));
#10735=CARTESIAN_POINT('',(-12.75,1.6,12.9));
#10736=CARTESIAN_POINT('',(-12.75,0.,12.9));
#10737=CARTESIAN_POINT('',(-12.75,1.6,13.5));
#10738=CARTESIAN_POINT('Origin',(-13.35,0.,12.9));
#10739=CARTESIAN_POINT('',(-13.35,1.6,13.5));
#10740=CARTESIAN_POINT('',(-13.35,0.,13.5));
#10741=CARTESIAN_POINT('Origin',(-13.35,1.6,12.9));
#10742=CARTESIAN_POINT('Origin',(-25.25,0.,13.5));
#10743=CARTESIAN_POINT('',(-24.5049834435271,0.,13.5));
#10744=CARTESIAN_POINT('',(-21.95,0.8,13.5));
#10745=CARTESIAN_POINT('',(-19.15,0.8,13.5));
#10746=CARTESIAN_POINT('',(-19.95,0.8,13.5));
#10747=CARTESIAN_POINT('',(-25.25,0.8,13.5));
#10748=CARTESIAN_POINT('',(-17.95,0.8,13.5));
#10749=CARTESIAN_POINT('',(-25.25,0.8,13.5));
#10750=CARTESIAN_POINT('',(-15.95,0.8,13.5));
#10751=CARTESIAN_POINT('',(-25.25,0.8,13.5));
#10752=CARTESIAN_POINT('',(-13.95,0.8,13.5));
#10753=CARTESIAN_POINT('',(-25.25,0.8,13.5));
#10754=CARTESIAN_POINT('',(-13.95,1.6,13.5));
#10755=CARTESIAN_POINT('',(-13.95,0.,13.5));
#10756=CARTESIAN_POINT('',(-25.25,1.6,13.5));
#10757=CARTESIAN_POINT('Origin',(-24.5049834435271,0.,13.9));
#10758=CARTESIAN_POINT('Origin',(-9.70588745030458,0.,13.1));
#10759=CARTESIAN_POINT('',(-8.64522727852476,2.04,14.1606601717798));
#10760=CARTESIAN_POINT('',(-8.64522727852476,0.,14.1606601717798));
#10761=CARTESIAN_POINT('Origin',(-9.70588745030458,2.04,13.1));
#10762=CARTESIAN_POINT('Origin',(-9.08456710674493,0.,14.6));
#10763=CARTESIAN_POINT('',(-7.76324676318529,2.04,13.2786796564404));
#10764=CARTESIAN_POINT('',(-7.76324676318529,0.,13.2786796564404));
#10765=CARTESIAN_POINT('',(-6.3196753300587,2.04,11.8351082233138));
#10766=CARTESIAN_POINT('Origin',(-5.64192641962565,0.,15.4));
#10767=CARTESIAN_POINT('',(-5.64192641962565,2.04,12.4));
#10768=CARTESIAN_POINT('',(-5.64192641962565,0.,12.4));
#10769=CARTESIAN_POINT('Origin',(-5.64192641962565,2.04,15.4));
#10770=CARTESIAN_POINT('Origin',(-6.88456710674493,0.,12.4));
#10771=CARTESIAN_POINT('',(-9.50478355337247,2.04,12.4));
#10772=CARTESIAN_POINT('Origin',(-10.,2.14,-10.));
#10773=CARTESIAN_POINT('',(-11.65,2.14,-10.));
#10774=CARTESIAN_POINT('Origin',(-10.,2.14,10.));
#10775=CARTESIAN_POINT('',(-11.65,2.14,10.));
#10776=CARTESIAN_POINT('Origin',(-9.50478355337247,2.14,12.3));
#10777=CARTESIAN_POINT('',(-5.64192641962565,2.24,12.2));
#10778=CARTESIAN_POINT('Origin',(-5.64192641962565,2.14,15.4));
#10779=CARTESIAN_POINT('',(-7.9046681194226,2.24,13.137258300203));
#10780=CARTESIAN_POINT('Origin',(-6.39038600817736,2.14,11.7643975451951));
#10781=CARTESIAN_POINT('',(-8.78664863476207,2.24,14.0192388155425));
#10782=CARTESIAN_POINT('Origin',(-9.70588745030458,2.14,13.1));
#10783=CARTESIAN_POINT('Origin',(-4.91728355337247,1.64,-14.5));
#10784=CARTESIAN_POINT('Origin',(-7.4,1.12,-6.6));
#10785=CARTESIAN_POINT('',(-7.4,1.12,-6.2));
#10786=CARTESIAN_POINT('Origin',(-23.95,1.6,7.25));
#10787=CARTESIAN_POINT('',(-24.55,1.6,1.6));
#10788=CARTESIAN_POINT('',(-23.35,1.6,1.6));
#10789=CARTESIAN_POINT('Origin',(-23.95,1.6,1.6));
#10790=CARTESIAN_POINT('',(-23.35,1.6,12.9));
#10791=CARTESIAN_POINT('',(-23.35,1.6,-13.5));
#10792=CARTESIAN_POINT('',(-24.55,1.6,12.9));
#10793=CARTESIAN_POINT('Origin',(-23.95,1.6,12.9));
#10794=CARTESIAN_POINT('',(-24.55,1.6,-13.5));
#10795=CARTESIAN_POINT('Origin',(-23.95,0.,1.6));
#10796=CARTESIAN_POINT('',(-24.55,0.,1.6));
#10797=CARTESIAN_POINT('',(-23.35,0.8,1.6));
#10798=CARTESIAN_POINT('Origin',(-23.95,0.8,1.6));
#10799=CARTESIAN_POINT('',(-23.35,0.,1.6));
#10800=CARTESIAN_POINT('Origin',(-23.35,0.,13.5));
#10801=CARTESIAN_POINT('',(-23.35,0.8,12.9));
#10802=CARTESIAN_POINT('',(-23.35,0.8,10.375));
#10803=CARTESIAN_POINT('',(-23.35,0.,12.9));
#10804=CARTESIAN_POINT('Origin',(-21.95,1.6,7.25));
#10805=CARTESIAN_POINT('',(-22.55,1.6,1.6));
#10806=CARTESIAN_POINT('',(-21.35,1.6,1.6));
#10807=CARTESIAN_POINT('Origin',(-21.95,1.6,1.6));
#10808=CARTESIAN_POINT('',(-21.35,1.6,12.9));
#10809=CARTESIAN_POINT('',(-21.35,1.6,-13.5));
#10810=CARTESIAN_POINT('',(-22.55,1.6,12.9));
#10811=CARTESIAN_POINT('Origin',(-21.95,1.6,12.9));
#10812=CARTESIAN_POINT('',(-22.55,1.6,-13.5));
#10813=CARTESIAN_POINT('Origin',(-21.95,0.,1.6));
#10814=CARTESIAN_POINT('',(-22.55,0.8,1.6));
#10815=CARTESIAN_POINT('',(-22.55,0.,1.6));
#10816=CARTESIAN_POINT('Origin',(-21.95,0.8,1.6));
#10817=CARTESIAN_POINT('',(-21.35,0.8,1.6));
#10818=CARTESIAN_POINT('Origin',(-21.95,0.8,1.6));
#10819=CARTESIAN_POINT('',(-21.35,0.,1.6));
#10820=CARTESIAN_POINT('Origin',(-21.35,0.,13.5));
#10821=CARTESIAN_POINT('',(-21.35,0.8,12.9));
#10822=CARTESIAN_POINT('',(-21.35,0.8,10.375));
#10823=CARTESIAN_POINT('',(-21.35,0.,12.9));
#10824=CARTESIAN_POINT('Origin',(-19.95,1.6,7.25));
#10825=CARTESIAN_POINT('',(-20.55,1.6,1.6));
#10826=CARTESIAN_POINT('',(-19.35,1.6,1.6));
#10827=CARTESIAN_POINT('Origin',(-19.95,1.6,1.6));
#10828=CARTESIAN_POINT('',(-19.35,1.6,12.9));
#10829=CARTESIAN_POINT('',(-19.35,1.6,-13.5));
#10830=CARTESIAN_POINT('',(-20.55,1.6,12.9));
#10831=CARTESIAN_POINT('Origin',(-19.95,1.6,12.9));
#10832=CARTESIAN_POINT('',(-20.55,1.6,-13.5));
#10833=CARTESIAN_POINT('Origin',(-19.95,0.,1.6));
#10834=CARTESIAN_POINT('',(-20.55,0.8,1.6));
#10835=CARTESIAN_POINT('',(-20.55,0.,1.6));
#10836=CARTESIAN_POINT('Origin',(-19.95,0.8,1.6));
#10837=CARTESIAN_POINT('',(-19.35,0.8,1.6));
#10838=CARTESIAN_POINT('Origin',(-19.95,0.8,1.6));
#10839=CARTESIAN_POINT('',(-19.35,0.,1.6));
#10840=CARTESIAN_POINT('Origin',(-19.35,0.,13.5));
#10841=CARTESIAN_POINT('',(-19.35,0.8,12.9));
#10842=CARTESIAN_POINT('',(-19.35,0.8,10.375));
#10843=CARTESIAN_POINT('',(-19.35,0.,12.9));
#10844=CARTESIAN_POINT('Origin',(-17.95,1.6,7.25));
#10845=CARTESIAN_POINT('',(-18.55,1.6,1.6));
#10846=CARTESIAN_POINT('',(-17.35,1.6,1.6));
#10847=CARTESIAN_POINT('Origin',(-17.95,1.6,1.6));
#10848=CARTESIAN_POINT('',(-17.35,1.6,12.9));
#10849=CARTESIAN_POINT('',(-17.35,1.6,-13.5));
#10850=CARTESIAN_POINT('',(-18.55,1.6,12.9));
#10851=CARTESIAN_POINT('Origin',(-17.95,1.6,12.9));
#10852=CARTESIAN_POINT('',(-18.55,1.6,-13.5));
#10853=CARTESIAN_POINT('Origin',(-17.95,0.,1.6));
#10854=CARTESIAN_POINT('',(-18.55,0.8,1.6));
#10855=CARTESIAN_POINT('',(-18.55,0.,1.6));
#10856=CARTESIAN_POINT('Origin',(-17.95,0.8,1.6));
#10857=CARTESIAN_POINT('',(-17.35,0.8,1.6));
#10858=CARTESIAN_POINT('Origin',(-17.95,0.8,1.6));
#10859=CARTESIAN_POINT('',(-17.35,0.,1.6));
#10860=CARTESIAN_POINT('Origin',(-17.35,0.,13.5));
#10861=CARTESIAN_POINT('',(-17.35,0.8,12.9));
#10862=CARTESIAN_POINT('',(-17.35,0.8,10.375));
#10863=CARTESIAN_POINT('',(-17.35,0.,12.9));
#10864=CARTESIAN_POINT('Origin',(-15.95,1.6,7.25));
#10865=CARTESIAN_POINT('',(-16.55,1.6,1.6));
#10866=CARTESIAN_POINT('',(-15.35,1.6,1.6));
#10867=CARTESIAN_POINT('Origin',(-15.95,1.6,1.6));
#10868=CARTESIAN_POINT('',(-15.35,1.6,12.9));
#10869=CARTESIAN_POINT('',(-15.35,1.6,-13.5));
#10870=CARTESIAN_POINT('',(-16.55,1.6,12.9));
#10871=CARTESIAN_POINT('Origin',(-15.95,1.6,12.9));
#10872=CARTESIAN_POINT('',(-16.55,1.6,-13.5));
#10873=CARTESIAN_POINT('Origin',(-15.95,0.,1.6));
#10874=CARTESIAN_POINT('',(-16.55,0.8,1.6));
#10875=CARTESIAN_POINT('',(-16.55,0.,1.6));
#10876=CARTESIAN_POINT('Origin',(-15.95,0.8,1.6));
#10877=CARTESIAN_POINT('',(-15.35,0.8,1.6));
#10878=CARTESIAN_POINT('Origin',(-15.95,0.8,1.6));
#10879=CARTESIAN_POINT('',(-15.35,0.,1.6));
#10880=CARTESIAN_POINT('Origin',(-13.95,0.,1.6));
#10881=CARTESIAN_POINT('',(-14.55,1.6,1.6));
#10882=CARTESIAN_POINT('Origin',(-13.95,1.6,1.6));
#10883=CARTESIAN_POINT('',(-14.55,0.8,1.6));
#10884=CARTESIAN_POINT('',(-14.55,0.,1.6));
#10885=CARTESIAN_POINT('Origin',(-13.95,0.8,1.6));
#10886=CARTESIAN_POINT('Origin',(-14.55,0.,1.));
#10887=CARTESIAN_POINT('',(-14.55,1.6,12.9));
#10888=CARTESIAN_POINT('',(-14.55,1.6,-13.5));
#10889=CARTESIAN_POINT('',(-14.55,0.8,12.9));
#10890=CARTESIAN_POINT('',(-14.55,0.,12.9));
#10891=CARTESIAN_POINT('',(-14.55,0.8,4.125));
#10892=CARTESIAN_POINT('Origin',(-13.65,1.6,7.25));
#10893=CARTESIAN_POINT('Origin',(-13.95,1.6,12.9));
#10894=CARTESIAN_POINT('Origin',(-13.95,0.,12.9));
#10895=CARTESIAN_POINT('Origin',(-13.95,0.8,12.9));
#10896=CARTESIAN_POINT('Origin',(-15.95,0.,12.9));
#10897=CARTESIAN_POINT('',(-15.35,0.8,12.9));
#10898=CARTESIAN_POINT('',(-15.35,0.,12.9));
#10899=CARTESIAN_POINT('Origin',(-15.95,0.8,12.9));
#10900=CARTESIAN_POINT('',(-16.55,0.8,12.9));
#10901=CARTESIAN_POINT('Origin',(-15.95,0.8,12.9));
#10902=CARTESIAN_POINT('',(-16.55,0.,12.9));
#10903=CARTESIAN_POINT('Origin',(-16.55,0.,1.));
#10904=CARTESIAN_POINT('',(-16.55,0.8,4.125));
#10905=CARTESIAN_POINT('Origin',(-17.95,0.,12.9));
#10906=CARTESIAN_POINT('Origin',(-17.95,0.8,12.9));
#10907=CARTESIAN_POINT('',(-18.55,0.8,12.9));
#10908=CARTESIAN_POINT('Origin',(-17.95,0.8,12.9));
#10909=CARTESIAN_POINT('',(-18.55,0.,12.9));
#10910=CARTESIAN_POINT('Origin',(-18.55,0.,1.));
#10911=CARTESIAN_POINT('',(-18.55,0.8,4.125));
#10912=CARTESIAN_POINT('Origin',(-19.95,0.,12.9));
#10913=CARTESIAN_POINT('Origin',(-19.95,0.8,12.9));
#10914=CARTESIAN_POINT('',(-20.55,0.8,12.9));
#10915=CARTESIAN_POINT('Origin',(-19.95,0.8,12.9));
#10916=CARTESIAN_POINT('',(-20.55,0.,12.9));
#10917=CARTESIAN_POINT('Origin',(-20.55,0.,1.));
#10918=CARTESIAN_POINT('',(-20.55,0.8,4.125));
#10919=CARTESIAN_POINT('Origin',(-22.55,0.,1.));
#10920=CARTESIAN_POINT('',(-22.55,0.8,12.9));
#10921=CARTESIAN_POINT('',(-22.55,0.,12.9));
#10922=CARTESIAN_POINT('',(-22.55,0.8,4.125));
#10923=CARTESIAN_POINT('Origin',(-21.95,0.,12.9));
#10924=CARTESIAN_POINT('Origin',(-21.95,0.8,12.9));
#10925=CARTESIAN_POINT('Origin',(-21.95,0.8,12.9));
#10926=CARTESIAN_POINT('Origin',(-23.95,0.,12.9));
#10927=CARTESIAN_POINT('Origin',(-23.95,0.8,12.9));
#10928=CARTESIAN_POINT('',(-24.55,0.,12.9));
#10929=CARTESIAN_POINT('Origin',(-24.55,0.,1.));
#10930=CARTESIAN_POINT('Origin',(-24.55,0.,-13.5));
#10931=CARTESIAN_POINT('',(-24.55,1.6,-1.6));
#10932=CARTESIAN_POINT('',(-24.55,0.,-1.6));
#10933=CARTESIAN_POINT('',(-24.55,1.6,-12.9));
#10934=CARTESIAN_POINT('',(-24.55,0.,-12.9));
#10935=CARTESIAN_POINT('',(-24.55,1.6,-13.5));
#10936=CARTESIAN_POINT('Origin',(-23.95,0.,-1.6));
#10937=CARTESIAN_POINT('',(-23.35,1.6,-1.6));
#10938=CARTESIAN_POINT('Origin',(-23.95,1.6,-1.6));
#10939=CARTESIAN_POINT('',(-23.35,0.8,-1.6));
#10940=CARTESIAN_POINT('',(-23.35,0.,-1.6));
#10941=CARTESIAN_POINT('Origin',(-23.95,0.8,-1.6));
#10942=CARTESIAN_POINT('Origin',(-23.95,1.6,-7.25));
#10943=CARTESIAN_POINT('',(-23.35,1.6,-12.9));
#10944=CARTESIAN_POINT('Origin',(-23.95,1.6,-12.9));
#10945=CARTESIAN_POINT('',(-23.35,1.6,-13.5));
#10946=CARTESIAN_POINT('Origin',(-22.55,0.,-13.5));
#10947=CARTESIAN_POINT('',(-22.55,0.8,-1.6));
#10948=CARTESIAN_POINT('',(-22.55,1.6,-1.6));
#10949=CARTESIAN_POINT('',(-22.55,0.,-1.6));
#10950=CARTESIAN_POINT('',(-22.55,0.8,-12.9));
#10951=CARTESIAN_POINT('',(-22.55,0.8,-10.375));
#10952=CARTESIAN_POINT('',(-22.55,1.6,-12.9));
#10953=CARTESIAN_POINT('',(-22.55,0.,-12.9));
#10954=CARTESIAN_POINT('',(-22.55,1.6,-13.5));
#10955=CARTESIAN_POINT('Origin',(-21.95,0.,-1.6));
#10956=CARTESIAN_POINT('',(-21.35,1.6,-1.6));
#10957=CARTESIAN_POINT('Origin',(-21.95,1.6,-1.6));
#10958=CARTESIAN_POINT('',(-21.35,0.8,-1.6));
#10959=CARTESIAN_POINT('',(-21.35,0.,-1.6));
#10960=CARTESIAN_POINT('Origin',(-21.95,0.8,-1.6));
#10961=CARTESIAN_POINT('Origin',(-21.95,0.8,-1.6));
#10962=CARTESIAN_POINT('Origin',(-21.95,1.6,-7.25));
#10963=CARTESIAN_POINT('',(-21.35,1.6,-12.9));
#10964=CARTESIAN_POINT('Origin',(-21.95,1.6,-12.9));
#10965=CARTESIAN_POINT('',(-21.35,1.6,-13.5));
#10966=CARTESIAN_POINT('Origin',(-20.55,0.,-13.5));
#10967=CARTESIAN_POINT('',(-20.55,0.8,-1.6));
#10968=CARTESIAN_POINT('',(-20.55,1.6,-1.6));
#10969=CARTESIAN_POINT('',(-20.55,0.,-1.6));
#10970=CARTESIAN_POINT('',(-20.55,0.8,-12.9));
#10971=CARTESIAN_POINT('',(-20.55,0.8,-10.375));
#10972=CARTESIAN_POINT('',(-20.55,1.6,-12.9));
#10973=CARTESIAN_POINT('',(-20.55,0.,-12.9));
#10974=CARTESIAN_POINT('',(-20.55,1.6,-13.5));
#10975=CARTESIAN_POINT('Origin',(-19.95,0.,-1.6));
#10976=CARTESIAN_POINT('',(-19.35,1.6,-1.6));
#10977=CARTESIAN_POINT('Origin',(-19.95,1.6,-1.6));
#10978=CARTESIAN_POINT('',(-19.35,0.8,-1.6));
#10979=CARTESIAN_POINT('',(-19.35,0.,-1.6));
#10980=CARTESIAN_POINT('Origin',(-19.95,0.8,-1.6));
#10981=CARTESIAN_POINT('Origin',(-19.95,0.8,-1.6));
#10982=CARTESIAN_POINT('Origin',(-19.95,1.6,-7.25));
#10983=CARTESIAN_POINT('',(-19.35,1.6,-12.9));
#10984=CARTESIAN_POINT('Origin',(-19.95,1.6,-12.9));
#10985=CARTESIAN_POINT('',(-19.35,1.6,-13.5));
#10986=CARTESIAN_POINT('Origin',(-18.55,0.,-13.5));
#10987=CARTESIAN_POINT('',(-18.55,0.8,-1.6));
#10988=CARTESIAN_POINT('',(-18.55,1.6,-1.6));
#10989=CARTESIAN_POINT('',(-18.55,0.,-1.6));
#10990=CARTESIAN_POINT('',(-18.55,0.8,-12.9));
#10991=CARTESIAN_POINT('',(-18.55,0.8,-10.375));
#10992=CARTESIAN_POINT('',(-18.55,1.6,-12.9));
#10993=CARTESIAN_POINT('',(-18.55,0.,-12.9));
#10994=CARTESIAN_POINT('',(-18.55,1.6,-13.5));
#10995=CARTESIAN_POINT('Origin',(-17.95,0.,-1.6));
#10996=CARTESIAN_POINT('',(-17.35,1.6,-1.6));
#10997=CARTESIAN_POINT('Origin',(-17.95,1.6,-1.6));
#10998=CARTESIAN_POINT('',(-17.35,0.8,-1.6));
#10999=CARTESIAN_POINT('',(-17.35,0.,-1.6));
#11000=CARTESIAN_POINT('Origin',(-17.95,0.8,-1.6));
#11001=CARTESIAN_POINT('Origin',(-17.95,0.8,-1.6));
#11002=CARTESIAN_POINT('Origin',(-17.95,1.6,-7.25));
#11003=CARTESIAN_POINT('',(-17.35,1.6,-12.9));
#11004=CARTESIAN_POINT('Origin',(-17.95,1.6,-12.9));
#11005=CARTESIAN_POINT('',(-17.35,1.6,-13.5));
#11006=CARTESIAN_POINT('Origin',(-16.55,0.,-13.5));
#11007=CARTESIAN_POINT('',(-16.55,0.8,-1.6));
#11008=CARTESIAN_POINT('',(-16.55,1.6,-1.6));
#11009=CARTESIAN_POINT('',(-16.55,0.,-1.6));
#11010=CARTESIAN_POINT('',(-16.55,0.8,-12.9));
#11011=CARTESIAN_POINT('',(-16.55,0.8,-10.375));
#11012=CARTESIAN_POINT('',(-16.55,1.6,-12.9));
#11013=CARTESIAN_POINT('',(-16.55,0.,-12.9));
#11014=CARTESIAN_POINT('',(-16.55,1.6,-13.5));
#11015=CARTESIAN_POINT('Origin',(-15.95,0.,-1.6));
#11016=CARTESIAN_POINT('',(-15.35,1.6,-1.6));
#11017=CARTESIAN_POINT('Origin',(-15.95,1.6,-1.6));
#11018=CARTESIAN_POINT('',(-15.35,0.8,-1.6));
#11019=CARTESIAN_POINT('',(-15.35,0.,-1.6));
#11020=CARTESIAN_POINT('Origin',(-15.95,0.8,-1.6));
#11021=CARTESIAN_POINT('Origin',(-15.95,0.8,-1.6));
#11022=CARTESIAN_POINT('Origin',(-15.95,1.6,-7.25));
#11023=CARTESIAN_POINT('',(-15.35,1.6,-12.9));
#11024=CARTESIAN_POINT('Origin',(-15.95,1.6,-12.9));
#11025=CARTESIAN_POINT('',(-15.35,1.6,-13.5));
#11026=CARTESIAN_POINT('Origin',(-13.95,0.,-1.6));
#11027=CARTESIAN_POINT('',(-14.55,1.6,-1.6));
#11028=CARTESIAN_POINT('Origin',(-13.95,1.6,-1.6));
#11029=CARTESIAN_POINT('',(-14.55,0.8,-1.6));
#11030=CARTESIAN_POINT('Origin',(-13.95,0.8,-1.6));
#11031=CARTESIAN_POINT('',(-14.55,0.,-1.6));
#11032=CARTESIAN_POINT('Origin',(-13.95,0.,-12.9));
#11033=CARTESIAN_POINT('',(-14.55,1.6,-12.9));
#11034=CARTESIAN_POINT('Origin',(-13.95,1.6,-12.9));
#11035=CARTESIAN_POINT('',(-14.55,0.8,-12.9));
#11036=CARTESIAN_POINT('',(-14.55,0.,-12.9));
#11037=CARTESIAN_POINT('Origin',(-13.95,0.8,-12.9));
#11038=CARTESIAN_POINT('Origin',(-13.65,1.6,-7.25));
#11039=CARTESIAN_POINT('',(-14.55,1.6,-13.5));
#11040=CARTESIAN_POINT('Origin',(-15.95,0.,-12.9));
#11041=CARTESIAN_POINT('Origin',(-15.95,0.8,-12.9));
#11042=CARTESIAN_POINT('',(-15.35,0.8,-12.9));
#11043=CARTESIAN_POINT('Origin',(-15.95,0.8,-12.9));
#11044=CARTESIAN_POINT('',(-15.35,0.,-12.9));
#11045=CARTESIAN_POINT('Origin',(-15.35,0.,-1.));
#11046=CARTESIAN_POINT('',(-15.35,0.8,-4.125));
#11047=CARTESIAN_POINT('Origin',(-17.35,0.,-1.));
#11048=CARTESIAN_POINT('',(-17.35,0.8,-12.9));
#11049=CARTESIAN_POINT('',(-17.35,0.,-12.9));
#11050=CARTESIAN_POINT('',(-17.35,0.8,-4.125));
#11051=CARTESIAN_POINT('Origin',(-17.95,0.,-12.9));
#11052=CARTESIAN_POINT('Origin',(-17.95,0.8,-12.9));
#11053=CARTESIAN_POINT('Origin',(-17.95,0.8,-12.9));
#11054=CARTESIAN_POINT('Origin',(-19.95,0.,-12.9));
#11055=CARTESIAN_POINT('Origin',(-19.95,0.8,-12.9));
#11056=CARTESIAN_POINT('',(-19.35,0.8,-12.9));
#11057=CARTESIAN_POINT('Origin',(-19.95,0.8,-12.9));
#11058=CARTESIAN_POINT('',(-19.35,0.,-12.9));
#11059=CARTESIAN_POINT('Origin',(-19.35,0.,-0.999999999999999));
#11060=CARTESIAN_POINT('',(-19.35,0.8,-4.125));
#11061=CARTESIAN_POINT('Origin',(-21.35,0.,-0.999999999999999));
#11062=CARTESIAN_POINT('',(-21.35,0.8,-12.9));
#11063=CARTESIAN_POINT('',(-21.35,0.,-12.9));
#11064=CARTESIAN_POINT('',(-21.35,0.8,-4.125));
#11065=CARTESIAN_POINT('Origin',(-21.95,0.,-12.9));
#11066=CARTESIAN_POINT('Origin',(-21.95,0.8,-12.9));
#11067=CARTESIAN_POINT('Origin',(-21.95,0.8,-12.9));
#11068=CARTESIAN_POINT('Origin',(-23.95,0.,-12.9));
#11069=CARTESIAN_POINT('',(-23.35,0.8,-12.9));
#11070=CARTESIAN_POINT('Origin',(-23.95,0.8,-12.9));
#11071=CARTESIAN_POINT('',(-23.35,0.,-12.9));
#11072=CARTESIAN_POINT('Origin',(-23.35,0.,-0.999999999999999));
#11073=CARTESIAN_POINT('',(-23.35,0.8,-4.125));
#11074=CARTESIAN_POINT('Origin',(-9.65,2.24,-4.6));
#11075=CARTESIAN_POINT('',(-11.25,2.24,-4.6));
#11076=CARTESIAN_POINT('',(-9.65,2.24,-6.2));
#11077=CARTESIAN_POINT('Origin',(-11.25,2.24,-6.2));
#11078=CARTESIAN_POINT('Origin',(-9.65,2.24,4.6));
#11079=CARTESIAN_POINT('',(-9.65,2.24,6.2));
#11080=CARTESIAN_POINT('',(-11.25,2.24,4.6));
#11081=CARTESIAN_POINT('Origin',(0.,2.24,6.2));
#11082=CARTESIAN_POINT('Origin',(-11.25,2.24,6.2));
#11083=CARTESIAN_POINT('Origin',(-15.35,0.,13.5));
#11084=CARTESIAN_POINT('',(-15.35,0.8,10.375));
#11085=CARTESIAN_POINT('Origin',(-14.55,0.,-13.5));
#11086=CARTESIAN_POINT('',(-14.55,0.8,-10.375));
#11087=CARTESIAN_POINT('Origin',(-13.05,0.8,7.25));
#11088=CARTESIAN_POINT('Origin',(-13.05,0.8,7.25));
#11089=CARTESIAN_POINT('Origin',(-13.05,0.8,7.25));
#11090=CARTESIAN_POINT('Origin',(-13.05,0.8,7.25));
#11091=CARTESIAN_POINT('Origin',(-13.05,0.8,7.25));
#11092=CARTESIAN_POINT('Origin',(-24.9,0.8,-7.25));
#11093=CARTESIAN_POINT('Origin',(-24.9,0.8,-7.25));
#11094=CARTESIAN_POINT('Origin',(-24.9,0.8,-7.25));
#11095=CARTESIAN_POINT('Origin',(-24.9,0.8,-7.25));
#11096=CARTESIAN_POINT('Origin',(-24.9,0.8,-7.25));
#11097=UNCERTAINTY_MEASURE_WITH_UNIT(LENGTH_MEASURE(0.01),#11101,
'DISTANCE_ACCURACY_VALUE',
'Maximum model space distance between geometric entities at asserted c
onnectivities');
#11098=UNCERTAINTY_MEASURE_WITH_UNIT(LENGTH_MEASURE(0.01),#11101,
'DISTANCE_ACCURACY_VALUE',
'Maximum model space distance between geometric entities at asserted c
onnectivities');
#11099=(
GEOMETRIC_REPRESENTATION_CONTEXT(3)
GLOBAL_UNCERTAINTY_ASSIGNED_CONTEXT((#11097))
GLOBAL_UNIT_ASSIGNED_CONTEXT((#11101,#11103,#11104))
REPRESENTATION_CONTEXT('','3D')
);
#11100=(
GEOMETRIC_REPRESENTATION_CONTEXT(3)
GLOBAL_UNCERTAINTY_ASSIGNED_CONTEXT((#11098))
GLOBAL_UNIT_ASSIGNED_CONTEXT((#11101,#11103,#11104))
REPRESENTATION_CONTEXT('','3D')
);
#11101=(
LENGTH_UNIT()
NAMED_UNIT(*)
SI_UNIT(.MILLI.,.METRE.)
);
#11102=(
LENGTH_UNIT()
NAMED_UNIT(*)
SI_UNIT($,.METRE.)
);
#11103=(
NAMED_UNIT(*)
PLANE_ANGLE_UNIT()
SI_UNIT($,.RADIAN.)
);
#11104=(
NAMED_UNIT(*)
SI_UNIT($,.STERADIAN.)
SOLID_ANGLE_UNIT()
);
#11105=SHAPE_DEFINITION_REPRESENTATION(#11106,#11107);
#11106=PRODUCT_DEFINITION_SHAPE('',$,#11109);
#11107=SHAPE_REPRESENTATION('',(#6447),#11099);
#11108=PRODUCT_DEFINITION_CONTEXT('part definition',#11113,'design');
#11109=PRODUCT_DEFINITION('Monolith Belt Clamp',
'Monolith Milled Belt Clamp',#11110,#11108);
#11110=PRODUCT_DEFINITION_FORMATION('',$,#11115);
#11111=PRODUCT_RELATED_PRODUCT_CATEGORY('Monolith Milled Belt Clamp',
'Monolith Milled Belt Clamp',(#11115));
#11112=APPLICATION_PROTOCOL_DEFINITION('international standard',
'automotive_design',2009,#11113);
#11113=APPLICATION_CONTEXT(
'Core Data for Automotive Mechanical Design Process');
#11114=PRODUCT_CONTEXT('part definition',#11113,'mechanical');
#11115=PRODUCT('Monolith Belt Clamp','Monolith Milled Belt Clamp',
'Anodized Black',(#11114));
#11116=PRESENTATION_STYLE_ASSIGNMENT((#11118));
#11117=PRESENTATION_STYLE_ASSIGNMENT((#11119));
#11118=SURFACE_STYLE_USAGE(.BOTH.,#11120);
#11119=SURFACE_STYLE_USAGE(.BOTH.,#11121);
#11120=SURFACE_SIDE_STYLE('',(#11122));
#11121=SURFACE_SIDE_STYLE('',(#11123));
#11122=SURFACE_STYLE_FILL_AREA(#11124);
#11123=SURFACE_STYLE_FILL_AREA(#11125);
#11124=FILL_AREA_STYLE('Aluminum - Satin',(#11126));
#11125=FILL_AREA_STYLE('Aluminum - Anodized Rough (Black)',(#11127));
#11126=FILL_AREA_STYLE_COLOUR('Aluminum - Satin',#11128);
#11127=FILL_AREA_STYLE_COLOUR('Aluminum - Anodized Rough (Black)',#11129);
#11128=COLOUR_RGB('Aluminum - Satin',0.96078431372549,0.96078431372549,
0.964705882352941);
#11129=COLOUR_RGB('Aluminum - Anodized Rough (Black)',0.235294117647059,
0.235294117647059,0.235294117647059);
ENDSEC;
END-ISO-10303-21;
